Country;month;year;status;net_gen_nuclear;net_gen_nuclear_rep;prod_fossil_fuels;prod_fossil_fuels_rep;-> of which lignite;lignite_rep;-> of which hard coal;hard_coal_rep;-> of which gas;gas_rep;-> of which oil;fuel_oil_rep;-> of which mixed fuels;mixed_fuel_rep;-> of_which_other_fossil_fuels;other_fossil_fuels_rep;net_gen_renewable;net_gen_renewable_rep;-> of which wind;wind_rep;-> of which solar;solar_rep;-> of which biomass;biomass_rep;-> of_which_other_renewable;other_renewable_rep;net_gen_hydro;net_gen_hydro_rep;-> of_which_renew;renew_rep;-> of_which_other_hydro;other_hydro_rep;net_gen_not_clearly;net_gen_not_clearly_rep;losses_trans;losses_trans_repr;Sum;pump;exg_saldo;consumption
ME;1;2014;P;0;100;137;100;137;100;0;100;0;100;0;100;0;100;0;100;0;100;0;100;0;100;0;100;0;100;186;100;0;100;186;100;0;100;12;100;323;0;-10;313
HR;1;2014;P;0;100;321;100;0;100;196;100;40;100;0;100;85;100;0;100;59;100;59;100;0;100;0;100;0;100;738;100;738;100;0;100;0;100;41;100;1118;9;380;1489
PT;1;2014;P;0;100;1196;100;0;100;691;100;473;100;11;100;0;100;21;100;1879;100;1633;100;22;100;224;100;0;100;2410;100;2304;100;106;100;0;100;90;100;5485;136;-773;4576
ES;1;2014;P;4535;100;7354;100;168;100;2151;100;3884;100;1151;100;0;100;0;100;7452;100;6570;100;457;100;422;100;3;100;4704;100;4103;100;601;100;26;100;355;100;24071;858;28;23241
FR;1;2014;P;42697;100;3155;100;0;100;961;100;1934;100;260;100;0;100;0;100;3050;100;2194;100;176;100;680;100;0;100;7046;100;6504;100;542;100;0;100;906;100;55948;775;-5823;49350
UA_W;1;2014;P;0;100;838;100;0;100;0;100;0;100;0;100;838;100;0;100;0;100;0;100;0;100;0;100;0;100;11;100;11;100;0;100;0;100;19;100;849;0;-394;455
NI;1;2014;P;0;100;1084;100;0;100;193;100;349;100;0;100;542;100;0;100;164;100;160;100;0;100;4;100;0;100;1;100;1;100;0;100;0;100;13;100;1249;0;125;1374
IE;1;2014;P;0;100;1473;100;232;100;247;100;982;100;6;100;0;100;6;100;600;100;579;100;0;100;0;100;21;100;135;100;110;100;25;100;0;100;0;100;2208;45;273;2436
DK;1;2014;P;0;100;1837;100;0;100;1278;100;545;100;14;100;0;100;0;100;2243;100;2022;100;5;100;216;100;0;100;2;100;2;100;0;100;0;100;0;100;4082;0;-810;3272
BA;1;2014;P;0;100;854;100;854;100;0;100;0;100;0;100;0;100;0;100;0;100;0;100;0;100;0;100;0;100;570;100;570;100;0;100;0;100;30;100;1424;0;-349;1075
GR;1;2014;P;0;100;3136;100;2280;100;0;100;856;100;0;100;0;100;0;100;510;100;279;100;213;100;18;100;0;100;337;100;67;100;270;100;0;100;102;100;3983;27;459;4415
RO;1;2014;D;970;100;2693;100;1330;100;256;100;420;100;0;100;687;100;0;100;575;100;516;100;23;100;36;100;0;100;1195;100;1195;100;0;100;0;100;92;100;5433;8;-540;4885
SE;1;2014;P;6375;100;568;100;0;100;64;100;306;100;22;100;176;100;0;100;2301;100;1214;100;0;100;1087;100;0;100;6915;100;6915;100;0;100;0;100;349;100;16159;0;-1342;14817
HU;1;2014;P;1294;100;891;100;537;100;60;100;290;100;4;100;0;100;0;100;169;100;60;100;0;100;109;100;0;100;24;100;24;100;0;100;0;100;36;100;2378;0;1121;3499
RS;1;2014;P;0;100;3178;100;3137;100;0;100;41;100;0;100;0;100;0;100;0;100;0;100;0;100;0;100;0;100;771;100;713;100;58;100;0;100;88;100;3949;80;26;3895
PT;2;2014;P;0;100;758;100;0;100;252;100;478;100;11;100;0;100;17;100;1665;100;1456;100;24;100;185;100;0;100;2487;100;2439;100;48;100;0;100;89;100;4910;61;-664;4185
FI;1;2014;P;2058;100;2326;100;0;100;1057;100;818;100;23;100;428;100;0;100;1374;100;91;100;0;100;1283;100;0;100;1412;100;1412;100;0;100;78;100;0;100;7248;0;1660;8908
DK;2;2014;P;0;100;1462;100;0;100;1035;100;419;100;8;100;0;100;0;100;1628;100;1410;100;24;100;194;100;0;100;2;100;2;100;0;100;0;100;0;100;3092;0;-248;2844
PL;1;2014;P;0;100;11936;100;4341;100;6512;100;239;100;0;100;0;100;844;100;1406;100;896;100;0;100;476;100;34;100;246;100;164;100;82;100;0;100;130;100;13588;117;-53;13418
EE;1;2014;P;0;100;830;100;0;100;0;100;0;100;0;100;0;100;830;100;104;100;45;100;0;100;59;100;0;100;4;100;4;100;0;100;0;100;46;100;938;0;-81;857
ES;2;2014;P;4724;100;4913;100;0;100;921;100;3013;100;979;100;0;100;0;100;6788;100;5918;100;538;100;330;100;2;100;6129;100;5686;100;443;100;19;100;371;100;22573;633;-491;21449
CH;1;2014;D;2469;100;172;100;0;100;0;100;0;100;0;100;0;100;172;100;154;100;11;100;0;100;0;100;143;100;2509;100;0;100;2509;100;0;100;108;100;5304;154;966;6116
SI;1;2014;P;517;100;393;100;281;100;101;100;1;100;0;100;0;100;10;100;30;100;0;100;5;100;14;100;11;100;519;100;492;100;27;100;17;100;12;100;1476;35;-256;1185
LT;1;2014;P;0;100;188;100;0;100;0;100;49;100;0;100;121;100;18;100;129;100;94;100;2;100;33;100;0;100;103;100;44;100;59;100;0;100;21;100;420;78;676;1018
MK;1;2014;P;0;100;410;100;348;100;0;100;62;100;0;100;0;100;0;100;0;100;0;100;0;100;0;100;0;100;64;100;0;100;64;100;0;100;18;100;474;0;375;849
UA_W;2;2014;P;0;100;783;100;0;100;0;100;0;100;0;100;783;100;0;100;1;100;0;100;1;100;0;100;0;100;13;100;13;100;0;100;0;100;17;100;797;0;-396;401
CY;1;2014;P;0;100;316;100;0;100;0;100;0;100;316;100;0;100;0;100;26;100;26;100;0;100;0;100;0;100;0;100;0;100;0;100;0;100;0;100;342;0;0;342
CZ;1;2014;P;2881;100;4088;100;3123;100;524;100;435;100;6;100;0;100;0;100;409;100;40;100;46;100;130;100;193;100;278;100;166;100;112;100;0;100;82;100;7656;144;-1555;5957
BG;1;2014;D;1426;100;2372;100;1880;100;265;100;227;100;0;100;0;100;0;100;164;100;107;100;49;100;8;100;0;100;227;100;147;100;80;100;0;100;0;100;4189;114;-778;3297
BE;1;2014;P;4234;100;1752;100;0;100;166;100;1582;100;4;100;0;100;0;100;1068;100;580;100;67;100;421;100;0;100;176;100;46;100;130;100;0;100;0;100;7230;174;741;7797
GB;1;2014;P;5693;100;20398;90;0;100;12189;100;6167;100;2;100;0;100;0;100;4253;100;2552;100;0;100;0;100;0;100;933;87;516;100;296;100;0;100;542;100;31277;383;1651;32545
BA;2;2014;P;0;100;786;100;786;100;0;100;0;100;0;100;0;100;0;100;0;100;0;100;0;100;0;100;0;100;629;100;629;100;0;100;0;100;25;100;1415;0;-457;958
BA;3;2014;P;0;100;842;100;842;100;0;100;0;100;0;100;0;100;0;100;0;100;0;100;0;100;0;100;0;100;478;100;478;100;0;100;0;100;25;100;1320;0;-313;1007
SK;2;2014;P;1203;100;439;100;147;100;116;100;154;100;22;100;0;100;0;100;119;100;1;100;21;100;74;100;23;100;308;100;288;100;20;100;7;100;22;100;2076;28;143;2191
SK;1;2014;P;1343;100;506;100;186;100;114;100;182;100;24;100;0;100;0;100;115;100;1;100;10;100;78;100;26;100;314;100;283;100;31;100;5;100;28;100;2283;43;160;2400
IT;1;2014;P;0;100;15574;100;0;100;3080;100;9152;100;2355;100;987;100;0;100;3121;100;1717;100;779;100;162;100;463;100;4158;100;3929;100;229;100;0;100;363;100;22853;223;4256;26886
ME;2;2014;P;0;100;126;100;126;100;0;100;0;100;0;100;0;100;0;100;0;100;0;100;0;100;0;100;0;100;210;100;0;100;210;100;0;100;10;100;336;0;-61;275
ME;3;2014;P;0;100;124;100;124;100;0;100;0;100;0;100;0;100;0;100;0;100;0;100;0;100;0;100;0;100;111;100;0;100;111;100;0;100;10;100;235;0;47;282
PT;3;2014;P;0;100;1075;100;0;100;585;100;459;100;12;100;0;100;19;100;1430;100;1158;100;44;100;228;100;0;100;2209;100;2155;100;54;100;0;100;79;100;4714;67;-497;4150
RS;2;2014;P;0;100;2937;100;2925;100;0;100;12;100;0;100;0;100;0;100;0;100;0;100;0;100;0;100;0;100;790;100;731;100;59;100;0;100;78;100;3727;95;-196;3436
LV;1;2014;P;0;100;256;100;0;100;0;100;198;100;0;100;58;100;0;100;74;100;17;100;0;100;29;100;28;100;257;100;257;100;0;100;0;100;23;100;587;0;137;724
LV;2;2014;P;0;100;256;100;0;100;0;100;204;100;0;100;52;100;0;100;65;100;13;100;0;100;26;100;26;100;165;100;165;100;0;100;0;100;18;100;486;0;143;629
HR;2;2014;P;0;100;264;100;0;100;153;100;32;100;0;100;79;100;0;100;73;100;73;100;0;100;0;100;0;100;851;100;851;100;0;100;0;100;38;100;1188;2;168;1354
HR;3;2014;P;0;100;297;100;0;100;189;100;43;100;0;100;65;100;0;100;65;100;65;100;0;100;0;100;0;100;756;100;756;100;0;100;0;100;40;100;1118;13;285;1390
NL;1;2014;D;382;100;6665;100;0;100;0;100;0;100;0;100;0;100;6665;100;1397;100;626;100;8;100;763;100;0;100;10;100;10;100;0;100;0;100;38;100;8454;0;1744;10198
IS;1;2014;P;0;100;0;100;0;100;0;100;0;100;0;100;0;100;0;100;434;100;1;100;0;100;0;100;433;100;1115;100;1115;100;0;100;0;100;33;100;1549;0;0;1549
IS;2;2014;P;0;100;0;100;0;100;0;100;0;100;0;100;0;100;0;100;391;100;1;100;0;100;0;100;390;100;997;100;997;100;0;100;0;100;30;100;1388;0;0;1388
IS;3;2014;P;0;100;0;100;0;100;0;100;0;100;0;100;0;100;0;100;434;100;1;100;0;100;0;100;433;100;1009;100;1009;100;0;100;0;100;28;100;1443;0;0;1443
IE;2;2014;P;0;100;1258;100;215;100;216;100;823;100;1;100;0;100;3;100;635;100;619;100;0;100;0;100;16;100;126;100;100;100;26;100;0;100;0;100;2019;46;240;2213
AT;1;2014;P;0;100;1470;100;0;100;414;100;792;100;55;100;0;100;209;100;489;100;256;100;;100;;100;233;100;2429;100;2062;100;367;100;503;100;53;100;4891;524;2041;6408
NL;2;2014;D;300;100;5979;100;0;100;0;100;0;100;0;100;0;100;5979;100;1188;100;783;100;5;100;400;100;0;100;4;100;4;100;0;100;0;100;34;100;7471;0;1625;9096
NL;3;2014;D;383;100;6020;100;0;100;0;100;0;100;0;100;0;100;6020;100;1304;100;868;100;4;100;432;100;0;100;4;100;4;100;0;100;0;100;27;100;7711;0;1682;9393
FR;2;2014;P;36396;100;2638;100;0;100;704;100;1680;100;254;100;0;100;0;100;3382;100;2485;100;263;100;634;100;0;100;7083;100;6609;100;474;100;0;100;842;100;49499;677;-4282;44540
SE;2;2014;P;5876;100;505;100;0;100;85;100;241;100;8;100;171;100;0;100;1826;100;872;100;0;100;954;100;0;100;6386;100;6386;100;0;100;0;100;279;100;14593;0;-2241;12352
FR;3;2014;P;35798;100;2980;100;0;100;1027;100;1667;100;286;100;0;100;0;100;2513;100;1295;100;534;100;684;100;0;100;7031;100;6575;100;456;100;0;100;809;100;48322;651;-4533;43138
FI;2;2014;P;1862;100;1650;100;0;100;720;100;586;100;17;100;327;100;0;100;1148;100;81;100;0;100;1067;100;0;100;1220;100;1220;100;0;100;68;100;0;100;5948;0;1416;7364
RO;2;2014;D;878;100;2424;100;1070;100;243;100;368;100;0;100;743;100;0;100;457;100;353;100;61;100;43;100;0;100;1153;100;1153;100;0;100;0;100;83;100;4912;8;-272;4632
GB;2;2014;P;4763;100;17757;90;0;100;10496;100;5483;100;2;100;0;100;0;100;4587;100;2752;100;0;100;0;100;0;100;811;87;461;100;245;100;0;100;516;100;27918;324;1561;29155
DE;1;2014;P;8430;100;33730;100;13394;100;10724;100;8111;100;645;100;856;100;0;100;10382;100;6418;100;719;100;3109;100;136;100;2045;100;1346;100;699;100;0;100;670;100;54587;740;-4332;49515
PL;2;2014;P;0;100;10415;100;3811;100;5647;100;212;100;0;100;0;100;745;100;1268;100;734;100;0;100;502;100;32;100;227;100;163;100;64;100;0;100;106;100;11910;92;131;11949
BE;2;2014;P;4005;100;1518;100;0;100;335;100;1180;100;3;100;0;100;0;100;1138;100;609;100;110;100;419;100;0;100;150;100;38;100;112;100;0;100;0;100;6811;150;397;7058
NI;3;2014;P;0;100;458;100;0;100;195;100;263;100;0;100;0;100;0;100;168;100;160;100;0;100;5;100;3;100;1;100;0;100;1;100;0;100;12;100;627;0;157;784
EE;2;2014;P;0;100;758;100;0;100;0;100;0;100;0;100;0;100;758;100;104;100;50;100;0;100;54;100;0;100;3;100;3;100;0;100;0;100;36;100;865;0;-140;725
BG;2;2014;D;1292;100;1888;100;1454;100;257;100;177;100;0;100;0;100;0;100;196;100;113;100;74;100;9;100;0;100;200;100;124;100;76;100;0;100;0;100;3576;111;-569;2896
MK;2;2014;P;0;100;345;100;336;100;0;100;9;100;0;100;0;100;0;100;0;100;0;100;0;100;0;100;0;100;65;100;0;100;65;100;0;100;15;100;410;0;312;722
CZ;2;2014;P;2247;100;3973;100;3099;100;489;100;378;100;7;100;0;100;0;100;461;100;45;100;111;100;127;100;178;100;225;100;122;100;103;100;0;100;68;100;6906;135;-1325;5446
LT;2;2014;P;0;100;162;100;0;100;0;100;49;100;0;100;97;100;16;100;94;100;62;100;3;100;29;100;0;100;80;100;42;100;38;100;0;100;17;100;336;57;612;891
CY;2;2014;P;0;100;273;100;0;100;0;100;0;100;273;100;0;100;0;100;11;100;11;100;0;100;0;100;0;100;0;100;0;100;0;100;0;100;0;100;284;0;0;284
CH;2;2014;D;2233;100;161;100;0;100;0;100;0;100;0;100;0;100;161;100;143;100;11;100;0;100;0;100;132;100;2518;100;0;100;2518;100;0;100;102;100;5055;122;603;5536
UA_W;3;2014;P;0;100;814;100;0;100;0;100;0;100;0;100;814;100;0;100;2;100;0;100;2;100;0;100;0;100;12;100;12;100;0;100;0;100;17;100;828;0;-434;394
IE;3;2014;P;0;100;1558;100;232;100;368;100;951;100;2;100;0;100;5;100;503;100;483;100;0;100;0;100;20;100;116;100;89;100;27;100;0;100;0;100;2177;48;206;2335
SI;2;2014;P;466;100;292;100;224;100;59;100;0;100;0;100;0;100;9;100;29;100;0;100;8;100;11;100;10;100;541;100;518;100;23;100;19;100;11;100;1347;30;-253;1064
SK;3;2014;P;1296;100;414;100;141;100;96;100;155;100;22;100;0;100;0;100;162;100;1;100;51;100;82;100;28;100;314;100;294;100;20;100;7;100;24;100;2193;28;120;2285
GR;2;2014;P;0;100;2840;100;1943;100;0;100;897;100;0;100;0;100;0;100;736;100;228;100;490;100;18;100;0;100;295;100;28;100;267;100;0;100;88;100;3871;1;175;4045
AT;2;2014;P;0;100;1155;100;0;100;283;100;652;100;53;100;0;100;167;100;489;100;256;100;;100;;100;233;100;2176;100;1856;100;320;100;454;100;47;100;4274;457;1954;5771
DE;2;2014;P;8007;100;28777;100;11865;100;9373;100;6265;100;429;100;845;100;0;100;11329;100;6731;100;1623;100;2852;100;123;100;1765;100;1158;100;607;100;0;100;623;100;49878;627;-4567;44684
NO;1;2014;P;0;100;313;100;0;100;0;100;313;100;0;100;0;100;0;100;357;100;357;100;0;100;0;100;0;100;14072;100;14072;100;0;100;0;100;1187;100;14742;57;-689;13996
IT;2;2014;P;0;100;13081;100;0;100;3037;100;7427;100;1373;100;185;100;1059;100;3323;100;1549;100;1187;100;173;100;414;100;4286;100;4050;100;236;100;0;100;332;100;20690;248;4448;24890
NI;2;2014;P;0;100;476;100;0;100;195;100;281;100;0;100;0;100;0;100;184;100;181;100;0;100;3;100;0;100;1;100;1;100;0;100;0;100;11;100;661;0;82;743
BG;3;2014;D;1386;100;1491;100;1128;100;192;100;171;100;0;100;0;100;0;100;249;100;143;100;97;100;9;100;0;100;259;100;175;100;84;100;0;100;0;100;3385;123;-442;2820
NO;2;2014;P;0;100;275;100;;100;0;100;275;100;0;100;0;100;0;100;245;100;245;100;0;100;0;100;0;100;11343;100;11343;100;0;100;0;100;980;100;11863;57;-171;11635
PT;4;2014;P;0;100;861;100;0;100;432;100;398;100;12;100;0;100;19;100;983;100;715;100;43;100;225;100;0;100;2051;100;1975;100;76;100;0;100;79;100;3895;96;22;3821
ES;3;2014;P;5289;100;5291;100;50;100;1273;100;2967;100;1001;100;0;100;0;100;6584;100;5097;100;1121;100;364;100;2;100;5645;100;5278;100;367;100;18;100;328;100;22827;524;-226;22077
HR;4;2014;P;0;100;266;100;0;100;191;100;72;100;0;100;3;100;0;100;59;100;59;100;0;100;0;100;0;100;634;100;634;100;0;100;0;100;37;100;959;12;336;1283
IS;4;2014;P;0;100;0;100;;100;0;100;0;100;0;100;0;100;0;100;422;100;1;100;0;100;0;100;421;100;934;100;934;100;0;100;0;100;29;100;1356;0;0;1356
NI;4;2014;P;0;100;436;100;0;100;208;100;227;100;1;100;0;100;0;100;122;100;114;100;0;100;5;100;3;100;1;100;0;100;1;100;0;100;9;100;559;0;138;697
EE;3;2014;P;0;100;736;100;;100;0;100;0;100;0;100;0;100;736;100;123;100;66;100;0;100;57;100;0;100;4;100;4;100;0;100;0;100;35;100;863;0;-137;726
HU;2;2014;P;1292;100;744;100;475;100;38;100;228;100;3;100;0;100;0;100;179;100;60;100;0;100;119;100;0;100;23;100;23;100;0;100;0;100;32;100;2238;0;975;3213
HU;3;2014;P;1383;100;732;100;541;100;50;100;138;100;3;100;0;100;0;100;184;100;65;100;1;100;118;100;0;100;28;100;28;100;0;100;0;100;32;100;2327;0;998;3325
BE;3;2014;P;3738;100;1728;100;0;100;384;100;1340;100;4;100;0;100;0;100;967;100;324;100;296;100;347;100;0;100;133;100;25;100;108;100;0;100;0;100;6566;144;883;7305
IE;4;2014;P;0;100;1492;100;192;100;457;100;836;100;1;100;0;100;6;100;385;100;364;100;0;100;0;100;21;100;72;100;53;100;19;100;0;100;0;100;1949;39;176;2086
PL;3;2014;P;0;100;10884;100;4025;100;5858;100;236;100;0;100;0;100;765;100;1293;100;692;100;0;100;566;100;35;100;268;100;204;100;64;100;0;100;107;100;12445;93;249;12601
FI;3;2014;P;2049;100;1447;100;;100;651;100;490;100;20;100;286;100;0;100;1150;100;107;100;0;100;1043;100;0;100;1297;100;1297;100;0;100;71;100;0;100;6014;0;1605;7619
LT;3;2014;P;0;100;146;100;0;100;0;100;46;100;0;100;81;100;19;100;101;100;62;100;6;100;33;100;0;100;94;100;57;100;37;100;0;100;16;100;341;54;610;897
BG;4;2014;D;1127;100;1452;100;1191;100;131;100;130;100;0;100;0;100;0;100;208;100;94;100;106;100;8;100;0;100;443;100;386;100;57;100;0;100;0;100;3230;80;-632;2518
RO;3;2014;D;970;100;1864;100;907;100;292;100;174;100;0;100;491;100;0;100;921;100;730;100;149;100;42;100;0;100;1249;100;1249;100;0;100;0;100;82;100;5004;12;-411;4581
NO;3;2014;P;0;100;321;100;;100;0;100;321;100;0;100;0;100;0;100;234;100;234;100;0;100;0;100;0;100;11702;100;11702;100;0;100;0;100;1002;100;12257;62;-282;11913
UA_W;4;2014;P;0;100;573;100;;100;0;100;0;100;0;100;573;100;0;100;2;100;0;100;2;100;0;100;0;100;9;100;9;100;0;100;0;100;12;100;584;0;-355;229
NL;4;2014;D;366;100;6531;100;;100;0;100;0;100;0;100;0;100;6531;100;946;100;510;100;6;100;430;100;0;100;22;100;22;100;0;100;0;100;44;100;7865;0;1002;8867
CH;3;2014;D;2459;100;200;100;;100;0;100;0;100;0;100;0;100;200;100;178;100;11;100;0;100;0;100;167;100;2776;100;0;100;2776;100;0;100;97;100;5613;126;178;5665
CY;3;2014;P;0;100;273;100;;100;0;100;0;100;273;100;0;100;0;100;20;100;20;100;0;100;0;100;0;100;0;100;0;100;0;100;0;100;0;100;293;0;0;293
CY;4;2014;P;0;100;263;100;;100;0;100;0;100;263;100;0;100;0;100;15;100;15;100;0;100;0;100;0;100;0;100;0;100;0;100;0;100;0;100;278;0;0;278
CY;5;2014;P;0;100;305;100;;100;0;100;0;100;305;100;0;100;0;100;15;100;15;100;0;100;0;100;0;100;0;100;0;100;0;100;0;100;0;100;320;0;0;320
AT;3;2014;P;0;100;948;100;0;100;206;100;480;100;58;100;0;100;204;100;522;100;289;100;;100;;100;233;100;2701;100;2391;100;310;100;581;100;43;100;4752;443;1670;5979
MK;3;2014;P;0;100;402;100;391;100;0;100;11;100;0;100;0;100;0;100;0;100;0;100;0;100;0;100;0;100;72;100;0;100;72;100;0;100;0;100;474;0;252;726
MK;4;2014;P;0;100;369;100;369;100;0;100;0;100;0;100;0;100;0;100;0;100;0;100;0;100;0;100;0;100;84;100;0;100;84;100;0;100;0;100;453;0;203;656
MK;5;2014;P;0;100;341;100;341;100;0;100;0;100;0;100;0;100;0;100;0;100;0;100;0;100;0;100;0;100;71;100;0;100;71;100;0;100;13;100;412;0;187;599
ES;4;2014;P;5058;100;5094;100;178;100;1231;100;2723;100;962;100;0;100;0;100;5544;100;3978;100;1227;100;337;100;2;100;5309;100;4953;100;356;100;17;100;270;100;21022;508;-652;19862
CZ;3;2014;P;2577;100;4125;100;3264;100;461;100;394;100;6;100;0;100;0;100;634;100;49;100;223;100;163;100;199;100;238;100;129;100;109;100;0;100;70;100;7574;142;-1960;5472
CZ;4;2014;P;2345;100;3639;100;2912;100;369;100;341;100;3;100;0;100;14;100;638;100;34;100;246;100;163;100;195;100;210;100;124;100;86;100;0;100;69;100;6832;111;-1659;5062
SI;3;2014;P;517;100;319;100;275;100;34;100;0;100;0;100;0;100;10;100;50;100;0;100;23;100;14;100;13;100;587;100;570;100;17;100;14;100;10;100;1487;24;-336;1127
DK;3;2014;P;0;100;1284;100;0;100;909;100;372;100;3;100;0;100;0;100;1467;100;1201;100;54;100;212;100;0;100;2;100;2;100;0;100;0;100;0;100;2753;0;218;2971
DK;4;2014;P;0;100;1069;100;0;100;701;100;365;100;3;100;0;100;0;100;1296;100;1027;100;71;100;198;100;0;100;1;100;1;100;0;100;0;100;0;100;2366;0;282;2648
FR;4;2014;P;31208;100;1543;100;0;100;767;100;543;100;233;100;0;100;0;100;2187;100;1058;100;584;100;545;100;0;100;5861;100;5512;100;349;100;0;100;707;100;40799;499;-3996;36304
SK;4;2014;P;962;100;367;100;133;100;74;100;143;100;17;100;0;100;0;100;155;100;0;100;51;100;75;100;29;100;283;100;268;100;15;100;6;100;26;100;1773;21;364;2116
IT;3;2014;P;0;100;12934;100;0;100;3281;100;7446;100;130;100;1005;100;1072;100;4357;100;1438;100;2097;100;348;100;474;100;4482;100;4235;100;247;100;0;100;336;100;21773;264;4718;26227
DE;3;2014;P;8302;100;29136;100;12926;100;9413;100;5474;100;361;100;962;100;0;100;11428;100;4848;100;3350;100;3099;100;131;100;1772;100;1171;100;601;100;0;100;633;100;50638;682;-4110;45846
GR;3;2014;P;0;100;2330;100;1857;100;0;100;473;100;0;100;0;100;0;100;635;100;317;100;299;100;19;100;0;100;349;100;83;100;266;100;0;100;96;100;3314;33;725;4006
RS;3;2014;P;0;100;2972;100;2972;100;0;100;0;100;0;100;0;100;0;100;0;100;0;100;0;100;0;100;0;100;904;100;809;100;95;100;0;100;83;100;3876;71;-315;3490
RS;4;2014;P;0;100;2356;100;2356;100;0;100;0;100;0;100;0;100;0;100;0;100;0;100;0;100;0;100;0;100;970;100;923;100;47;100;0;100;74;100;3326;114;-127;3085
PL;4;2014;P;0;100;10130;100;3822;100;5429;100;216;100;0;100;0;100;663;100;1077;100;473;100;0;100;569;100;35;100;229;100;193;100;36;100;0;100;112;100;11436;52;284;11668
BA;4;2014;P;0;100;579;100;579;100;0;100;0;100;0;100;0;100;0;100;0;100;0;100;0;100;0;100;0;100;486;100;486;100;0;100;0;100;27;100;1065;0;-123;942
BA;5;2014;P;0;100;471;100;471;100;0;100;0;100;0;100;0;100;0;100;0;100;0;100;0;100;0;100;0;100;587;100;587;100;0;100;0;100;18;100;1058;0;-152;906
PT;5;2014;P;0;100;1412;100;0;100;954;100;423;100;14;100;0;100;21;100;1311;100;1011;100;61;100;239;100;0;100;856;100;796;100;60;100;0;100;52;100;3579;74;387;3892
DK;5;2014;P;0;100;1122;100;0;100;820;100;299;100;3;100;0;100;0;100;919;100;652;100;85;100;182;100;0;100;1;100;1;100;0;100;0;100;0;100;2042;0;579;2621
CZ;5;2014;P;2127;100;3239;100;2511;100;371;100;340;100;3;100;0;100;14;100;680;100;48;100;260;100;173;100;199;100;263;100;153;100;110;100;0;100;0;100;6309;128;-1217;4964
FI;4;2014;P;1979;100;1214;100;0;100;558;100;386;100;14;100;256;100;0;100;1035;100;94;100;0;100;941;100;0;100;1032;100;1032;100;0;100;64;100;0;100;5324;0;1443;6767
LV;3;2014;P;0;100;138;100;0;100;0;100;81;100;0;100;57;100;0;100;68;100;14;100;0;100;25;100;29;100;298;100;298;100;0;100;0;100;17;100;504;0;129;633
LV;4;2014;P;0;100;151;100;0;100;0;100;103;100;0;100;48;100;0;100;58;100;9;100;0;100;21;100;28;100;331;100;331;100;0;100;0;100;18;100;540;0;30;570
LV;5;2014;P;0;100;131;100;0;100;0;100;90;100;0;100;41;100;0;100;54;100;8;100;0;100;17;100;29;100;304;100;304;100;0;100;0;100;19;100;489;0;151;640
EE;4;2014;P;0;100;698;100;0;100;0;100;0;100;0;100;0;100;698;100;106;100;44;100;0;100;62;100;0;100;3;100;3;100;0;100;0;100;32;100;807;0;-156;651
HR;5;2014;P;0;100;237;100;0;100;183;100;54;100;0;100;0;100;0;100;48;100;48;100;0;100;0;100;0;100;732;100;732;100;0;100;0;100;37;100;1017;16;297;1298
GB;3;2014;P;4946;100;19750;90;0;100;11365;100;6409;100;1;100;0;100;0;100;3435;100;2061;100;0;100;0;100;0;100;908;87;519;100;271;100;0;100;516;100;29039;340;1311;30010
SI;4;2014;P;500;100;241;100;207;100;28;100;0;100;0;100;0;100;6;100;46;100;0;100;23;100;14;100;9;100;570;100;547;100;23;100;8;100;12;100;1365;30;-276;1059
BE;4;2014;P;2482;100;1653;100;0;100;350;100;1301;100;2;100;0;100;0;100;865;100;239;100;342;100;284;100;0;100;104;100;11;100;93;100;0;100;0;100;5104;126;1760;6738
LU;1;2014;D;0;100;126;100;0;100;0;100;126;100;0;100;0;100;0;100;16;100;11;100;1;100;4;100;;100;109;100;17;100;92;100;6;100;2;100;257;128;423;552
LU;2;2014;D;0;100;98;100;0;100;0;100;98;100;0;100;0;100;0;100;18;100;12;100;2;100;4;100;0;100;108;100;16;100;92;100;5;100;2;100;229;127;416;518
SE;3;2014;P;6248;100;341;100;0;100;101;100;37;100;7;100;196;100;0;100;2202;100;1200;100;0;100;1002;100;0;100;6867;100;6867;100;0;100;0;100;271;100;15658;0;-3110;12548
SE;4;2014;P;4876;100;252;100;0;100;53;100;12;100;6;100;181;100;0;100;1724;100;902;100;0;100;822;100;0;100;6005;100;6005;100;0;100;0;100;256;100;12857;0;-1897;10960
LT;4;2014;P;0;100;71;100;0;100;0;100;32;100;0;100;21;100;18;100;81;100;39;100;10;100;32;100;0;100;78;100;42;100;36;100;0;100;18;100;230;53;671;848
RO;4;2014;D;936;100;1582;100;858;100;201;100;162;100;0;100;361;100;0;100;679;100;492;100;146;100;41;100;0;100;1518;100;1518;100;0;100;0;100;78;100;4715;28;-440;4247
RO;5;2014;D;612;100;1512;100;982;100;179;100;59;100;0;100;292;100;0;100;568;100;327;100;203;100;38;100;0;100;2047;100;2047;100;0;100;0;100;82;100;4739;47;-550;4142
ME;4;2014;P;0;100;136;100;136;100;0;100;0;100;0;100;0;100;0;100;0;100;0;100;0;100;0;100;0;100;135;100;0;100;135;100;0;100;10;100;271;0;-20;251
ME;5;2014;P;0;100;68;100;68;100;0;100;0;100;0;100;0;100;0;100;0;100;0;100;0;100;0;100;0;100;104;100;0;100;104;100;0;100;9;100;172;0;73;245
LU;3;2014;D;0;100;184;100;0;100;0;100;184;100;0;100;0;100;0;100;17;100;6;100;7;100;4;100;0;100;111;100;9;100;102;100;6;100;2;100;318;141;375;552
CH;4;2014;D;2257;100;169;100;0;100;0;100;0;100;0;100;0;100;169;100;150;100;11;100;0;100;0;100;139;100;2932;100;0;100;2932;100;0;100;50;100;5508;140;-444;4924
ES;5;2014;P;4341;100;7638;100;342;100;3045;100;3222;100;1029;100;0;100;0;100;6243;100;4178;100;1654;100;408;100;3;100;3096;100;2792;100;304;100;20;100;214;100;21338;435;-256;20647
GB;4;2014;P;5260;100;16516;90;0;100;9708;100;5155;100;1;100;0;100;0;100;2513;100;1508;100;0;100;0;100;0;100;666;87;357;100;222;100;0;100;408;100;24955;303;1651;26303
DE;4;2014;P;7334;100;25783;100;11519;100;8914;100;4081;100;269;100;1000;100;0;100;10552;100;3703;100;3715;100;3014;100;120;100;1676;100;1120;100;556;100;0;100;530;100;45345;644;-2987;41714
NI;5;2014;P;0;100;510;100;0;100;220;100;290;100;0;100;0;100;0;100;92;100;84;100;0;100;5;100;3;100;0;100;0;100;0;100;0;100;10;100;602;0;106;708
BA;6;2014;P;0;100;702;100;702;100;0;100;0;100;0;100;0;100;0;100;0;100;0;100;0;100;0;100;0;100;399;100;399;100;0;100;0;100;23;100;1101;0;-221;880
FI;5;2014;P;1655;100;1133;100;0;100;498;100;397;100;14;100;224;100;0;100;939;100;78;100;0;100;861;100;0;100;1389;100;1389;100;0;100;67;100;0;100;5183;0;1206;6389
IT;4;2014;P;0;100;11436;100;0;100;2633;100;6652;100;990;100;847;100;314;100;4564;100;1468;100;2215;100;431;100;450;100;5350;100;5056;100;294;100;0;100;298;100;21350;249;2850;23951
AT;4;2014;P;0;100;692;100;0;100;151;100;299;100;46;100;0;100;196;100;453;100;220;100;;100;;100;233;100;3316;100;3022;100;294;100;701;100;41;100;5162;422;909;5649
AT;5;2014;P;0;100;616;100;0;100;49;100;305;100;56;100;0;100;206;100;582;100;349;100;;100;;100;233;100;4325;100;4009;100;316;100;879;100;42;100;6402;452;-345;5605
HR;6;2014;P;0;100;222;100;0;100;204;100;18;100;0;100;0;100;0;100;52;100;52;100;0;100;0;100;0;100;478;100;478;100;0;100;0;100;36;100;752;18;547;1281
HU;4;2014;P;1037;100;518;100;271;100;67;100;176;100;4;100;0;100;0;100;165;100;50;100;1;100;114;100;0;100;25;100;25;100;0;100;0;100;27;100;1745;0;1395;3140
HU;5;2014;P;1061;100;575;100;411;100;67;100;94;100;3;100;0;100;0;100;243;100;79;100;1;100;163;100;0;100;28;100;28;100;0;100;0;100;31;100;1907;0;1290;3197
GR;4;2014;P;0;100;2257;100;1819;100;0;100;438;100;0;100;0;100;0;100;574;100;242;100;314;100;18;100;0;100;318;100;84;100;234;100;0;100;83;100;3149;11;443;3581
EE;5;2014;P;0;100;806;100;0;100;0;100;0;100;0;100;0;100;806;100;83;100;36;100;0;100;47;100;0;100;3;100;3;100;0;100;0;100;30;100;892;0;-271;621
NL;5;2014;D;325;100;6256;100;0;100;0;100;0;100;0;100;0;100;6256;100;852;100;400;100;7;100;445;100;0;100;3;100;3;100;0;100;0;100;46;100;7436;0;1559;8995
SK;5;2014;P;1174;100;319;100;132;100;41;100;135;100;11;100;0;100;0;100;161;100;1;100;58;100;73;100;29;100;514;100;499;100;15;100;5;100;21;100;2173;19;-67;2087
FR;5;2014;P;31713;100;1103;100;0;100;368;100;518;100;217;100;0;100;0;100;2824;100;1532;100;681;100;611;100;0;100;6207;100;5701;100;506;100;0;100;570;100;41847;723;-6454;34670
IS;5;2014;P;0;100;0;100;0;100;0;100;0;100;0;100;0;100;0;100;429;100;0;100;0;100;0;100;429;100;1056;100;1056;100;0;100;0;100;32;100;1485;0;0;1485
IS;6;2014;P;0;100;0;100;0;100;0;100;0;100;0;100;0;100;0;100;378;100;0;100;0;100;0;100;378;100;1027;100;1027;100;0;100;0;100;26;100;1405;0;0;1405
PT;6;2014;P;0;100;1696;100;0;100;1151;100;524;100;13;100;0;100;8;100;958;100;682;100;58;100;218;100;0;100;782;100;727;100;55;100;0;100;52;100;3436;69;444;3811
NI;6;2014;P;0;100;461;100;0;100;165;100;296;100;0;100;0;100;0;100;58;100;51;100;0;100;5;100;2;100;1;100;0;100;1;100;0;100;10;100;520;0;139;659
IE;5;2014;P;0;100;1510;100;178;100;302;100;1024;100;0;100;0;100;6;100;374;100;354;100;0;100;0;100;20;100;67;100;41;100;26;100;0;100;0;100;1951;47;200;2104
IE;6;2014;P;0;100;1571;100;156;100;284;100;1126;100;0;100;0;100;5;100;220;100;201;100;0;100;0;100;19;100;32;100;21;100;11;100;0;100;0;100;1823;22;173;1974
PL;5;2014;P;0;100;9901;100;4033;100;4986;100;212;100;0;100;0;100;670;100;1214;100;605;100;0;100;574;100;35;100;292;100;260;100;32;100;0;100;93;100;11407;54;302;11655
CH;5;2014;D;2449;100;168;100;0;100;0;100;0;100;0;100;0;100;168;100;161;100;11;100;0;100;0;100;150;100;3525;100;0;100;3525;100;0;100;43;100;6303;226;-1088;4989
CZ;6;2014;P;2371;100;2574;100;1917;100;307;100;334;100;2;100;0;100;14;100;684;100;25;100;307;100;158;100;194;100;184;100;133;100;51;100;0;100;56;100;5813;64;-1062;4687
BG;5;2014;D;798;100;1195;100;963;100;102;100;130;100;0;100;0;100;0;100;236;100;78;100;148;100;10;100;0;100;542;100;506;100;36;100;0;100;0;100;2771;55;-634;2082
BG;6;2014;D;1320;100;939;100;723;100;99;100;117;100;0;100;0;100;0;100;258;100;103;100;145;100;10;100;0;100;569;100;538;100;31;100;0;100;0;100;3086;45;-819;2222
DK;6;2014;P;0;100;798;100;0;100;661;100;136;100;1;100;0;100;0;100;907;100;638;100;95;100;174;100;0;100;1;100;1;100;0;100;0;100;0;100;1706;0;859;2565
EE;6;2014;P;0;100;848;100;0;100;0;100;0;100;0;100;0;100;848;100;85;100;33;100;0;100;52;100;0;100;2;100;2;100;0;100;0;100;28;100;935;0;-374;561
UA_W;5;2014;P;0;100;669;100;0;100;0;100;0;100;0;100;669;100;0;100;2;100;0;100;2;100;0;100;0;100;9;100;9;100;0;100;0;100;13;100;680;0;-351;329
UA_W;6;2014;P;0;100;733;100;0;100;0;100;0;100;0;100;733;100;0;100;3;100;0;100;3;100;0;100;0;100;6;100;6;100;0;100;0;100;15;100;742;0;-430;312
LT;5;2014;P;0;100;66;100;0;100;0;100;30;100;0;100;18;100;18;100;76;100;39;100;10;100;27;100;0;100;90;100;36;100;54;100;0;100;16;100;232;78;691;845
ES;6;2014;P;3439;100;9983;100;507;100;4723;100;3683;100;1070;100;0;100;0;100;5309;100;3311;100;1591;100;404;100;3;100;2690;100;2462;100;228;100;21;100;230;100;21442;325;-286;20831
SI;5;2014;P;515;100;301;100;277;100;22;100;0;100;0;100;0;100;2;100;47;100;0;100;31;100;12;100;4;100;592;100;569;100;23;100;5;100;12;100;1460;32;-359;1069
RO;6;2014;D;780;100;1558;100;1013;100;178;100;110;100;0;100;257;100;0;100;623;100;385;100;211;100;27;100;0;100;1667;100;1667;100;0;100;0;100;75;100;4628;30;-606;3992
IT;5;2014;P;0;100;11445;100;0;100;2638;100;6619;100;1263;100;745;100;180;100;4736;100;1169;100;2683;100;410;100;474;100;5985;100;5655;100;330;100;0;100;313;100;22166;221;2979;24924
DE;5;2014;P;6057;100;23697;100;10956;100;8040;100;3446;100;288;100;967;100;0;100;11522;100;4116;100;4207;100;3070;100;129;100;2149;100;1581;100;568;100;0;100;477;100;43425;649;-1006;41770
BE;5;2014;P;2867;100;1463;100;0;100;312;100;1149;100;2;100;0;100;0;100;969;100;320;100;371;100;278;100;0;100;113;100;11;100;102;100;0;100;0;100;5412;136;1475;6751
LU;4;2014;D;0;100;194;100;0;100;0;100;194;100;0;100;0;100;0;100;16;100;5;100;7;100;4;100;0;100;93;100;4;100;89;100;5;100;2;100;308;125;319;502
LU;5;2014;D;0;100;20;100;0;100;0;100;20;100;0;100;0;100;0;100;18;100;7;100;7;100;4;100;0;100;99;100;4;100;95;100;7;100;2;100;144;133;508;519
NO;4;2014;P;0;100;315;100;0;100;0;100;315;100;0;100;0;100;0;100;179;100;179;100;0;100;0;100;0;100;11046;100;11046;100;0;100;0;100;883;100;11540;74;-1312;10154
NO;5;2014;P;0;100;170;100;0;100;0;100;170;100;0;100;0;100;0;100;117;100;117;100;0;100;0;100;0;100;11035;100;11035;100;0;100;0;100;816;100;11322;320;-1662;9340
GB;5;2014;P;5379;100;16393;90;0;100;7818;100;6936;100;0;100;0;100;0;100;2040;100;1224;100;0;100;0;100;0;100;501;87;209;100;227;100;0;100;417;100;24313;311;1665;25667
SE;5;2014;P;3488;100;207;100;0;100;35;100;2;100;8;100;162;100;0;100;1416;100;682;100;0;100;734;100;0;100;5746;100;5746;100;0;100;0;100;252;100;10857;0;-572;10285
SE;6;2014;P;3395;100;157;100;0;100;2;100;2;100;6;100;147;100;0;100;1222;100;612;100;0;100;610;100;0;100;5410;100;5410;100;0;100;0;100;258;100;10184;0;-856;9328
GR;5;2014;P;0;100;2026;100;1764;100;0;100;262;100;0;100;0;100;0;100;617;100;233;100;366;100;18;100;0;100;423;100;82;100;341;100;0;100;85;100;3066;6;598;3658
SK;6;2014;P;1092;100;292;100;117;100;32;100;129;100;14;100;0;100;0;100;167;100;0;100;67;100;73;100;27;100;297;100;284;100;13;100;7;100;25;100;1855;19;214;2050
DK;7;2014;P;0;100;830;100;0;100;740;100;90;100;0;100;0;100;0;100;825;100;575;100;93;100;157;100;0;100;1;100;1;100;0;100;0;100;0;100;1656;0;883;2539
ME;6;2014;P;0;100;0;100;0;100;0;100;0;100;0;100;0;100;0;100;0;100;0;100;0;100;0;100;0;100;106;100;0;100;106;100;0;100;9;100;106;0;136;242
ME;7;2014;P;0;100;121;100;121;100;0;100;0;100;0;100;0;100;0;100;0;100;0;100;0;100;0;100;0;100;90;100;0;100;90;100;0;100;9;100;211;0;61;272
UA_W;7;2014;P;0;100;751;100;0;100;0;100;0;100;0;100;751;100;0;100;2;100;0;100;2;100;0;100;0;100;11;100;11;100;0;100;0;100;18;100;764;0;-430;334
RS;5;2014;P;0;100;1595;100;1595;100;0;100;0;100;0;100;0;100;0;100;0;100;0;100;0;100;0;100;0;100;1260;100;1178;100;82;100;0;100;69;100;2855;107;82;2830
PL;6;2014;P;0;100;9746;100;3992;100;5031;100;172;100;0;100;0;100;551;100;1029;100;417;100;1;100;577;100;34;100;203;100;171;100;32;100;0;100;114;100;10978;50;320;11248
FI;6;2014;P;1786;100;648;100;0;100;324;100;197;100;12;100;115;100;0;100;708;100;52;100;0;100;656;100;0;100;1278;100;1278;100;0;100;57;100;0;100;4477;0;1244;5721
SI;6;2014;P;494;100;279;100;266;100;12;100;0;100;0;100;0;100;1;100;46;100;0;100;32;100;11;100;3;100;505;100;482;100;23;100;0;100;14;100;1324;32;-233;1059
MK;6;2014;P;0;100;204;100;204;100;0;100;0;100;0;100;0;100;0;100;0;100;0;100;0;100;0;100;0;100;95;100;0;100;95;100;0;100;11;100;299;0;241;540
MK;7;2014;P;0;100;308;100;308;100;0;100;0;100;0;100;0;100;0;100;0;100;0;100;0;100;0;100;0;100;97;100;0;100;97;100;0;100;12;100;405;0;176;581
CH;6;2014;P;1659;100;163;100;0;100;0;100;0;100;0;100;0;100;163;100;157;100;11;100;0;100;0;100;146;100;3975;100;0;100;3975;100;0;100;39;100;5954;337;-940;4677
CZ;7;2014;P;1942;100;2693;100;2109;100;264;100;305;100;3;100;0;100;12;100;662;100;22;100;288;100;157;100;195;100;139;100;117;100;22;100;0;100;60;100;5436;30;-643;4763
NL;6;2014;D;97;100;6299;100;0;100;0;100;0;100;0;100;0;100;6299;100;982;100;393;100;7;100;582;100;0;100;4;100;4;100;0;100;0;100;53;100;7382;0;1203;8585
NL;7;2014;D;373;100;6479;100;0;100;0;100;0;100;0;100;0;100;6479;100;612;100;213;100;7;100;392;100;0;100;2;100;2;100;0;100;0;100;56;100;7466;0;1671;9137
LT;6;2014;P;0;100;153;100;0;100;0;100;114;100;0;100;22;100;17;100;63;100;36;100;9;100;18;100;0;100;84;100;31;100;53;100;0;100;16;100;300;70;570;800
ES;7;2014;P;4263;100;10595;100;496;100;5133;100;3823;100;1143;100;0;100;0;100;5813;100;3637;100;1763;100;410;100;3;100;2519;100;2354;100;165;100;25;100;248;100;23215;240;-482;22493
HU;6;2014;P;963;100;623;100;467;100;67;100;86;100;3;100;0;100;0;100;230;100;36;100;1;100;193;100;0;100;19;100;19;100;0;100;0;100;32;100;1835;0;1332;3167
CY;6;2014;P;0;100;347;100;0;100;0;100;0;100;347;100;0;100;0;100;22;100;22;100;0;100;0;100;0;100;0;100;0;100;0;100;0;100;0;100;369;0;0;369
FR;6;2014;P;30995;100;1034;100;0;100;354;100;471;100;209;100;0;100;0;100;2252;100;962;100;763;100;527;100;0;100;5060;100;4618;100;442;100;0;100;586;100;39341;631;-6126;32584
DE;6;2014;P;6644;100;23335;100;11288;100;7455;100;3309;100;325;100;958;100;0;100;10594;100;2618;100;5012;100;2846;100;118;100;1749;100;1269;100;480;100;0;100;441;100;42322;544;-1819;39959
BA;7;2014;P;0;100;732;100;732;100;0;100;0;100;0;100;0;100;0;100;0;100;0;100;0;100;0;100;0;100;340;100;340;100;0;100;0;100;22;100;1072;0;-132;940
BA;8;2014;P;0;100;760;100;760;100;0;100;0;100;0;100;0;100;0;100;0;100;0;100;0;100;0;100;0;100;325;100;325;100;0;100;0;100;26;100;1085;0;-153;932
SK;7;2014;P;1259;100;286;100;116;100;23;100;130;100;17;100;0;100;0;100;149;100;0;100;60;100;63;100;26;100;442;100;421;100;21;100;6;100;30;100;2142;28;-28;2086
PT;7;2014;P;0;100;1895;100;0;100;1237;100;626;100;14;100;0;100;18;100;1026;100;722;100;72;100;232;100;0;100;576;100;511;100;65;100;0;100;50;100;3497;82;706;4121
PT;8;2014;P;0;100;1788;100;0;100;1214;100;541;100;11;100;0;100;22;100;1086;100;765;100;80;100;241;100;0;100;521;100;463;100;58;100;0;100;47;100;3395;72;518;3841
AT;6;2014;P;0;100;514;100;0;100;27;100;224;100;52;100;0;100;211;100;387;100;154;100;;100;;100;233;100;3831;100;3510;100;321;100;766;100;56;100;5498;458;322;5362
AT;7;2014;P;0;100;535;100;0;100;51;100;181;100;57;100;0;100;246;100;430;100;197;100;;100;;100;233;100;3982;100;3710;100;272;100;749;100;61;100;5696;389;302;5609
LU;6;2014;D;0;100;15;100;0;100;0;100;15;100;0;100;0;100;0;100;18;100;4;100;10;100;4;100;0;100;83;100;2;100;81;100;7;100;2;100;123;133;478;468
GB;6;2014;P;5658;100;15607;90;0;100;5356;100;8690;100;0;100;0;100;0;100;1152;100;691;100;0;100;0;100;0;100;407;87;137;100;217;100;0;100;359;100;22824;302;1438;23960
IT;6;2014;P;0;100;12411;100;0;100;2643;100;7451;100;1337;100;805;100;175;100;4615;100;897;100;2819;100;440;100;459;100;6027;100;5695;100;332;100;0;100;383;100;23053;153;3033;25933
RS;6;2014;P;0;100;1426;100;1426;100;0;100;0;100;0;100;0;100;0;100;0;100;0;100;0;100;0;100;0;100;1009;100;969;100;40;100;0;100;66;100;2435;41;233;2627
RS;7;2014;P;0;100;1604;100;1604;100;0;100;0;100;0;100;0;100;0;100;0;100;0;100;0;100;0;100;0;100;735;100;719;100;16;100;0;100;72;100;2339;55;471;2755
CZ;8;2014;P;2122;100;2669;100;2169;100;223;100;265;100;2;100;0;100;10;100;613;100;25;100;231;100;160;100;197;100;193;100;129;100;64;100;0;100;48;100;5597;85;-997;4515
EE;7;2014;P;0;100;836;100;0;100;0;100;0;100;0;100;0;100;836;100;81;100;30;100;0;100;51;100;0;100;2;100;2;100;0;100;0;100;29;100;919;0;-267;652
HR;7;2014;P;0;100;214;100;0;100;206;100;8;100;0;100;0;100;0;100;41;100;41;100;0;100;0;100;0;100;505;100;505;100;0;100;0;100;40;100;760;15;684;1429
HR;8;2014;P;0;100;203;100;0;100;190;100;13;100;0;100;0;100;0;100;41;100;41;100;0;100;0;100;0;100;587;100;587;100;0;100;0;100;40;100;831;19;583;1395
GR;6;2014;P;0;100;2281;100;1847;100;0;100;434;100;0;100;0;100;0;100;583;100;223;100;344;100;16;100;0;100;408;100;54;100;354;100;0;100;98;100;3272;2;680;3950
GR;7;2014;P;0;100;2636;100;1965;100;0;100;671;100;0;100;0;100;0;100;598;100;188;100;393;100;17;100;0;100;562;100;39;100;523;100;0;100;117;100;3796;0;985;4781
DK;8;2014;P;0;100;1001;100;0;100;896;100;104;100;1;100;0;100;0;100;1245;100;1017;100;73;100;155;100;0;100;1;100;1;100;0;100;0;100;0;100;2247;0;391;2638
NO;6;2014;P;0;100;255;100;0;100;0;100;255;100;0;100;0;100;0;100;107;100;107;100;0;100;0;100;0;100;10356;100;10356;100;0;100;0;100;747;100;10718;463;-2110;8145
FI;7;2014;P;1838;100;818;100;0;100;625;100;91;100;13;100;89;100;0;100;698;100;37;100;0;100;661;100;0;100;805;100;805;100;0;100;57;100;0;100;4216;0;1627;5843
NI;7;2014;P;0;100;507;100;0;100;195;100;312;100;0;100;0;100;0;100;77;100;69;100;0;100;5;100;3;100;1;100;0;100;1;100;0;100;9;100;585;0;66;651
NI;8;2014;P;0;100;505;100;0;100;197;100;308;100;0;100;0;100;0;100;125;100;116;100;0;100;5;100;4;100;1;100;0;100;1;100;0;100;9;100;631;0;31;662
LV;6;2014;P;0;100;108;100;0;100;0;100;71;100;0;100;37;100;0;100;56;100;7;100;0;100;22;100;27;100;121;100;121;100;0;100;0;100;20;100;285;0;241;526
LV;7;2014;P;0;100;143;100;0;100;0;100;112;100;0;100;31;100;0;100;53;100;6;100;0;100;20;100;27;100;99;100;99;100;0;100;0;100;19;100;295;0;263;558
LV;8;2014;P;0;100;180;100;0;100;0;100;150;100;0;100;30;100;0;100;57;100;10;100;0;100;20;100;27;100;63;100;63;100;0;100;0;100;17;100;300;0;265;565
GB;7;2014;P;5446;100;15884;90;0;100;4619;100;9677;100;0;100;0;100;0;100;1667;100;1000;100;0;100;0;100;0;100;345;87;81;100;219;100;0;100;357;100;23342;301;1901;24942
SI;7;2014;P;511;100;274;100;241;100;32;100;0;100;0;100;0;100;1;100;43;100;0;100;29;100;11;100;3;100;478;100;458;100;20;100;5;100;14;100;1311;26;-195;1090
LT;7;2014;P;0;100;241;100;0;100;0;100;170;100;0;100;52;100;19;100;66;100;36;100;11;100;19;100;0;100;81;100;23;100;58;100;0;100;17;100;388;83;539;844
RO;7;2014;D;941;100;1750;100;1138;100;190;100;145;100;0;100;277;100;0;100;597;100;370;100;199;100;28;100;0;100;1737;100;1737;100;0;100;0;100;74;100;5025;35;-680;4310
HU;7;2014;P;1222;100;867;100;518;100;46;100;299;100;4;100;0;100;0;100;166;100;38;100;1;100;127;100;0;100;25;100;25;100;0;100;0;100;34;100;2280;0;1068;3348
CY;7;2014;P;0;100;450;100;0;100;0;100;0;100;450;100;0;100;0;100;22;100;22;100;0;100;0;100;0;100;0;100;0;100;0;100;0;100;0;100;472;0;0;472
CY;8;2014;P;0;100;463;100;0;100;0;100;0;100;463;100;0;100;0;100;10;100;10;100;0;100;0;100;0;100;0;100;0;100;0;100;0;100;0;100;473;0;0;473
UA_W;8;2014;P;0;100;589;100;0;100;0;100;0;100;0;100;589;100;0;100;2;100;0;100;2;100;0;100;0;100;12;100;12;100;0;100;0;100;14;100;603;0;-286;317
FR;7;2014;P;33394;100;859;100;;100;157;100;432;100;270;100;0;100;0;100;2243;100;957;100;690;100;596;100;0;100;6201;100;5735;100;466;100;0;100;608;100;42697;666;-8120;33911
IE;7;2014;P;0;100;1633;100;223;100;249;100;1153;100;2;100;0;100;6;100;256;100;234;100;0;100;0;100;22;100;18;100;8;100;10;100;0;100;0;100;1907;18;150;2039
IE;8;2014;P;0;100;1438;100;200;100;317;100;918;100;0;100;0;100;3;100;425;100;407;100;0;100;0;100;18;100;53;100;27;100;26;100;0;100;0;100;1916;47;168;2037
RO;8;2014;P;937;100;1616;100;1078;100;180;100;140;100;0;100;218;100;0;100;586;100;337;100;225;100;24;100;0;100;1929;100;1929;100;0;100;0;100;80;100;5068;27;-877;4164
ES;8;2014;P;4221;100;10499;100;617;100;4689;100;4059;100;1134;100;0;100;0;100;5110;100;2917;100;1747;100;443;100;3;100;2193;100;2040;100;153;100;21;100;222;100;22044;218;-237;21589
DE;7;2014;P;6189;100;24954;100;11241;100;8695;100;3695;100;292;100;1031;100;0;100;10188;100;2560;100;4605;100;2909;100;114;100;2202;100;1680;100;522;100;0;100;417;100;43533;533;542;43542
IS;7;2014;P;0;100;0;100;0;100;0;100;0;100;0;100;0;100;0;100;407;100;0;100;0;100;0;100;407;100;1076;100;1076;100;0;100;0;100;29;100;1483;0;0;1483
IS;8;2014;P;0;100;0;100;0;100;0;100;0;100;0;100;0;100;0;100;379;100;1;100;0;100;0;100;378;100;1098;100;1098;100;0;100;0;100;30;100;1477;0;0;1477
BG;7;2014;D;1386;100;1532;100;1186;100;265;100;81;100;0;100;0;100;0;100;250;100;78;100;161;100;11;100;0;100;370;100;339;100;31;100;0;100;0;100;3538;50;-1016;2472
BG;8;2014;D;1335;100;1448;100;1134;100;240;100;74;100;0;100;0;100;0;100;247;100;75;100;161;100;11;100;0;100;334;100;299;100;35;100;0;100;0;100;3364;50;-826;2488
BG;9;2014;D;904;100;1597;100;1295;100;233;100;69;100;0;100;0;100;0;100;241;100;113;100;116;100;12;100;0;100;400;100;372;100;28;100;0;100;0;100;3142;42;-744;2356
SE;7;2014;P;5607;100;132;100;0;100;0;100;2;100;7;100;123;100;0;100;1072;100;525;100;0;100;547;100;0;100;3547;100;3547;100;0;100;0;100;216;100;10358;0;-1631;8727
SE;8;2014;P;4599;100;101;100;0;100;6;100;3;100;8;100;84;100;0;100;1320;100;751;100;0;100;569;100;0;100;3835;100;3835;100;0;100;0;100;217;100;9855;0;-407;9448
CZ;9;2014;P;2500;100;3334;100;2639;100;343;100;337;100;3;100;0;100;12;100;564;100;33;100;187;100;150;100;194;100;308;100;231;100;77;100;0;100;64;100;6706;98;-1793;4815
SK;8;2014;P;1315;100;283;100;113;100;39;100;115;100;16;100;0;100;0;100;137;100;0;100;54;100;57;100;26;100;512;100;496;100;16;100;7;100;24;100;2254;21;-239;1994
CY;9;2014;P;0;100;382;100;0;100;0;100;0;100;382;100;0;100;0;100;18;100;18;100;0;100;0;100;0;100;0;100;0;100;0;100;0;100;0;100;400;0;0;400
HR;9;2014;P;0;100;125;100;0;100;88;100;37;100;0;100;0;100;0;100;52;100;52;100;0;100;0;100;0;100;771;100;771;100;0;100;0;100;38;100;948;7;373;1314
IT;7;2014;P;0;100;14205;100;0;100;2889;100;8340;100;1767;100;1209;100;0;100;5084;100;1272;100;2822;100;515;100;475;100;6145;100;5838;100;307;100;0;100;427;100;25434;100;3235;28569
NO;7;2014;P;0;100;319;100;0;100;0;100;319;100;0;100;0;100;0;100;76;100;76;100;0;100;0;100;0;100;9811;100;9811;100;0;100;0;100;702;100;10206;114;-2360;7732
FR;8;2014;P;30990;100;808;100;0;100;79;100;464;100;265;100;0;100;0;100;2266;100;977;100;694;100;595;100;0;100;5317;100;4863;100;454;100;0;100;541;100;39381;648;-7754;30979
PL;7;2014;P;0;100;10771;100;4478;100;5531;100;133;100;0;100;0;100;629;100;1025;100;418;100;1;100;570;100;36;100;259;100;203;100;56;100;0;100;136;100;12055;81;130;12104
LU;7;2014;D;0;100;14;100;0;100;0;100;14;100;0;100;0;100;0;100;16;100;4;100;8;100;4;100;0;100;76;100;3;100;73;100;7;100;2;100;113;102;522;533
EE;8;2014;P;0;100;748;100;0;100;0;100;0;100;0;100;0;100;748;100;105;100;42;100;0;100;63;100;0;100;1;100;1;100;0;100;0;100;27;100;854;0;-266;588
SI;8;2014;P;512;100;236;100;211;100;24;100;0;100;0;100;0;100;1;100;39;100;0;100;27;100;9;100;3;100;511;100;491;100;20;100;5;100;12;100;1303;27;-249;1027
NI;9;2014;P;0;100;474;100;0;100;135;100;339;100;0;100;0;100;0;100;56;100;47;100;0;100;5;100;4;100;1;100;0;100;1;100;0;100;10;100;531;0;159;690
CH;7;2014;D;2122;100;178;100;0;100;0;100;0;100;0;100;0;100;178;100;170;100;11;100;0;100;0;100;159;100;4430;100;0;100;4430;100;0;100;44;100;6900;313;-1800;4787
CH;8;2014;D;1466;100;167;100;0;100;0;100;0;100;0;100;0;100;167;100;159;100;11;100;0;100;0;100;148;100;4134;100;0;100;4134;100;0;100;32;100;5926;331;-889;4706
FI;8;2014;P;1636;100;1047;100;0;100;650;100;216;100;14;100;167;100;0;100;801;100;73;100;0;100;728;100;0;100;823;100;823;100;0;100;53;100;0;100;4360;0;1672;6032
LT;8;2014;P;0;100;223;100;0;100;0;100;134;100;0;100;71;100;18;100;73;100;46;100;8;100;19;100;0;100;75;100;18;100;57;100;0;100;15;100;371;86;556;841
NO;8;2014;P;0;100;313;100;0;100;0;100;313;100;0;100;0;100;0;100;111;100;111;100;0;100;0;100;0;100;9390;100;9390;100;0;100;0;100;693;100;9814;69;-1516;8229
BE;6;2014;P;2521;100;1762;100;0;100;311;100;1448;100;3;100;0;100;0;100;828;100;162;100;405;100;261;100;0;100;94;100;6;100;88;100;0;100;0;100;5205;117;1396;6484
BE;7;2014;P;2831;100;1704;100;0;100;231;100;1471;100;2;100;0;100;0;100;853;100;241;100;358;100;254;100;0;100;95;100;12;100;83;100;0;100;0;100;5483;113;1131;6501
BE;8;2014;P;2133;100;1852;100;0;100;264;100;1583;100;5;100;0;100;0;100;944;100;355;100;314;100;275;100;0;100;89;100;17;100;72;100;0;100;0;100;5018;96;1590;6512
IS;9;2014;P;0;100;0;100;0;100;0;100;0;100;0;100;0;100;0;100;387;100;0;100;0;100;0;100;387;100;1068;100;1068;100;0;100;0;100;31;100;1455;0;0;1455
IS;10;2014;P;0;100;0;100;0;100;0;100;0;100;0;100;0;100;0;100;422;100;1;100;0;100;0;100;421;100;1119;100;1119;100;0;100;0;100;30;100;1541;0;0;1541
MK;8;2014;P;0;100;147;100;147;100;0;100;0;100;0;100;0;100;0;100;9;100;9;100;0;100;0;100;0;100;81;100;0;100;81;100;0;100;12;100;237;0;347;584
DE;8;2014;P;7343;100;21447;100;10518;100;6268;100;3294;100;327;100;1040;100;0;100;12012;100;3858;100;4858;100;3134;100;162;100;2387;100;1780;100;607;100;0;100;423;100;43189;633;-127;42429
RS;8;2014;P;0;100;1525;100;1525;100;0;100;0;100;0;100;0;100;0;100;0;100;0;100;0;100;0;100;0;100;875;100;857;100;18;100;0;100;77;100;2400;45;376;2731
RS;9;2014;P;0;100;1504;100;1504;100;0;100;0;100;0;100;0;100;0;100;0;100;0;100;0;100;0;100;0;100;951;100;902;100;49;100;0;100;73;100;2455;90;337;2702
SK;9;2014;P;1156;100;357;100;137;100;84;100;119;100;17;100;0;100;0;100;135;100;0;100;43;100;63;100;29;100;422;100;406;100;16;100;4;100;22;100;2074;21;26;2079
AT;8;2014;P;0;100;505;100;0;100;107;100;117;100;46;100;0;100;235;100;425;100;192;100;;100;;100;233;100;4379;100;4118;100;261;100;794;100;56;100;6103;373;-345;5385
ME;8;2014;P;0;100;140;100;140;100;0;100;0;100;0;100;0;100;0;100;0;100;0;100;0;100;0;100;0;100;72;100;0;100;72;100;0;100;11;100;212;0;76;288
ME;9;2014;P;0;100;132;100;132;100;0;100;0;100;0;100;0;100;0;100;0;100;0;100;0;100;0;100;0;100;123;100;0;100;123;100;0;100;9;100;255;0;-12;243
IT;8;2014;P;0;100;11498;100;0;100;2449;100;6544;100;1418;100;1087;100;0;100;4691;100;966;100;2832;100;417;100;476;100;5724;100;5438;100;286;100;0;100;318;100;21913;119;1875;23669
ME;10;2014;P;0;100;127;100;127;100;0;100;0;100;0;100;0;100;0;100;0;100;0;100;0;100;0;100;0;100;165;100;0;100;165;100;0;100;8;100;292;0;-40;252
HR;10;2014;P;0;100;194;100;0;100;157;100;36;100;0;100;1;100;0;100;59;100;59;100;0;100;0;100;0;100;645;100;645;100;0;100;0;100;39;100;898;12;451;1337
BA;9;2014;P;0;100;718;100;718;100;0;100;0;100;0;100;0;100;0;100;0;100;0;100;0;100;0;100;0;100;403;100;403;100;0;100;0;100;24;100;1121;0;-220;901
BA;10;2014;P;0;100;831;100;831;100;0;100;0;100;0;100;0;100;0;100;0;100;0;100;0;100;0;100;0;100;372;100;372;100;0;100;0;100;26;100;1203;0;-218;985
PT;9;2014;P;0;100;1972;100;0;100;1186;100;753;100;12;100;0;100;21;100;811;100;528;100;52;100;231;100;0;100;733;100;664;100;69;100;0;100;54;100;3516;85;505;3936
PT;10;2014;P;0;100;1719;100;0;100;1159;100;546;100;10;100;0;100;4;100;1144;100;878;100;47;100;219;100;0;100;849;100;765;100;84;100;0;100;54;100;3712;105;408;4015
GB;8;2014;P;4984;100;15214;90;0;100;4984;100;8709;100;0;100;0;100;0;100;2765;100;1659;100;0;100;0;100;0;100;499;87;225;100;209;100;0;100;371;100;23462;273;1897;25086
HU;8;2014;P;1202;100;633;100;368;100;36;100;226;100;3;100;0;100;0;100;195;100;36;100;1;100;158;100;0;100;28;100;28;100;0;100;0;100;32;100;2058;0;1032;3090
HU;9;2014;P;1357;100;679;100;465;100;49;100;160;100;5;100;0;100;0;100;181;100;40;100;0;100;141;100;0;100;23;100;23;100;0;100;0;100;32;100;2240;0;990;3230
IE;9;2014;P;0;100;1719;100;241;100;309;100;1159;100;4;100;0;100;6;100;203;100;183;100;0;100;0;100;20;100;36;100;11;100;25;100;0;100;0;100;1958;46;144;2056
LU;8;2014;D;0;100;15;100;0;100;0;100;15;100;0;100;0;100;0;100;16;100;5;100;7;100;4;100;0;100;86;100;6;100;80;100;6;100;2;100;123;111;461;473
RO;9;2014;P;906;100;1557;100;1084;100;162;100;158;100;0;100;153;100;0;100;825;100;565;100;170;100;90;100;0;100;1562;100;1562;100;0;100;0;100;82;100;4850;13;-685;4152
NL;8;2014;D;372;100;6365;100;0;100;0;100;0;100;0;100;0;100;6365;100;781;100;315;100;10;100;456;100;0;100;6;100;6;100;0;100;0;100;44;100;7524;0;1239;8763
NL;9;2014;D;363;100;6525;100;0;100;0;100;0;100;0;100;0;100;6525;100;1014;100;415;100;8;100;591;100;0;100;8;100;8;100;0;100;0;100;50;100;7910;0;1062;8972
ES;9;2014;P;4806;100;11741;100;663;100;5266;100;4623;100;1189;100;0;100;0;100;3645;100;2145;100;1077;100;420;100;3;100;1958;100;1807;100;151;100;22;100;241;100;22172;216;-336;21620
NI;10;2014;P;0;100;486;100;0;100;97;100;389;100;0;100;0;100;0;100;174;100;164;100;0;100;6;100;4;100;1;100;0;100;1;100;0;100;9;100;661;0;96;757
CZ;10;2014;P;2873;100;3753;100;2989;100;367;100;384;100;3;100;0;100;10;100;508;100;38;100;114;100;151;100;205;100;339;100;238;100;101;100;0;100;83;100;7473;132;-2083;5258
PL;8;2014;P;0;100;10136;100;4449;100;4831;100;218;100;0;100;0;100;638;100;1035;100;451;100;0;100;547;100;37;100;229;100;195;100;34;100;0;100;115;100;11400;43;342;11699
BE;9;2014;P;1367;100;2349;100;0;100;438;100;1909;100;2;100;0;100;0;100;852;100;158;100;272;100;422;100;0;100;96;100;14;100;82;100;0;100;0;100;4664;107;2076;6633
LT;9;2014;P;0;100;231;100;0;100;0;100;217;100;0;100;4;100;10;100;67;100;37;100;8;100;22;100;0;100;86;100;21;100;65;100;0;100;17;100;384;89;540;835
CH;9;2014;D;1956;100;163;100;0;100;0;100;0;100;0;100;0;100;163;100;157;100;11;100;0;100;0;100;146;100;3174;100;0;100;3174;100;0;100;49;100;5450;227;-334;4889
GR;8;2014;P;0;100;2508;100;2012;100;0;100;496;100;0;100;0;100;0;100;617;100;200;100;400;100;17;100;0;100;434;100;33;100;401;100;0;100;118;100;3559;0;1045;4604
IE;10;2014;P;0;100;1443;100;234;100;324;100;878;100;1;100;0;100;6;100;585;100;564;100;0;100;0;100;21;100;66;100;39;100;27;100;0;100;0;100;2094;49;164;2209
EE;9;2014;P;0;100;771;100;0;100;0;100;0;100;0;100;0;100;771;100;102;100;39;100;0;100;63;100;0;100;1;100;1;100;0;100;0;100;25;100;874;0;-268;606
LV;9;2014;P;0;100;117;100;0;100;0;100;81;100;0;100;36;100;0;100;53;100;7;100;0;100;19;100;27;100;73;100;73;100;0;100;0;100;16;100;243;0;320;563
SE;9;2014;P;4388;100;162;100;0;100;5;100;4;100;11;100;142;100;0;100;1362;100;779;100;0;100;583;100;0;100;4188;100;4188;100;0;100;0;100;201;100;10100;0;-250;9850
UA_W;9;2014;P;0;100;614;100;0;100;0;100;0;100;0;100;614;100;0;100;2;100;0;100;2;100;0;100;0;100;4;100;4;100;0;100;0;100;14;100;620;0;-289;331
UA_W;10;2014;P;0;100;739;100;0;100;0;100;0;100;0;100;739;100;0;100;1;100;0;100;1;100;0;100;0;100;5;100;5;100;0;100;0;100;17;100;745;0;-354;391
FI;9;2014;P;1704;100;1325;100;0;100;763;100;355;100;16;100;191;100;0;100;857;100;100;100;0;100;757;100;0;100;785;100;785;100;0;100;57;100;0;100;4728;0;1423;6151
FR;9;2014;P;31939;100;1521;100;0;100;690;100;550;100;281;100;0;100;0;100;1920;100;728;100;640;100;552;100;0;100;3778;100;3357;100;421;100;0;100;586;100;39158;601;-5315;33242
AT;9;2014;P;0;100;807;100;0;100;330;100;247;100;27;100;0;100;203;100;455;100;222;100;;100;;100;233;100;4070;100;3831;100;239;100;798;100;0;100;6130;341;-191;5598
MK;9;2014;P;0;100;282;100;282;100;0;100;0;100;0;100;0;100;0;100;6;100;6;100;0;100;0;100;0;100;60;100;0;100;60;100;0;100;0;100;348;0;192;540
SI;9;2014;P;497;100;258;100;220;100;37;100;0;100;0;100;0;100;1;100;32;100;0;100;18;100;10;100;4;100;564;100;545;100;19;100;6;100;15;100;1357;26;-249;1082
HR;11;2014;P;0;100;277;100;0;100;192;100;44;100;0;100;41;100;0;100;74;100;74;100;0;100;0;100;0;100;784;100;784;100;0;100;0;100;38;100;1135;17;220;1338
DK;9;2014;P;0;100;1046;100;0;100;876;100;169;100;1;100;0;100;0;100;955;100;745;100;56;100;154;100;0;100;1;100;1;100;0;100;0;100;0;100;2002;0;597;2599
PL;9;2014;P;0;100;10506;100;4172;100;5455;100;260;100;0;100;0;100;619;100;1057;100;471;100;1;100;549;100;36;100;181;100;156;100;25;100;0;100;119;100;11744;41;124;11827
DE;9;2014;P;7492;100;27249;100;12219;100;9903;100;3844;100;324;100;959;100;0;100;9623;100;2896;100;3544;100;3052;100;131;100;2164;100;1504;100;660;100;0;100;464;100;46528;677;-3106;42745
BG;10;2014;D;964;100;1952;100;1641;100;218;100;93;100;0;100;0;100;0;100;234;100;133;100;90;100;11;100;0;100;486;100;465;100;21;100;0;100;0;100;3636;31;-932;2673
BG;11;2014;D;1385;100;1858;100;1496;100;215;100;147;100;0;100;0;100;0;100;158;100;104;100;40;100;14;100;0;100;434;100;409;100;25;100;0;100;0;100;3835;37;-1009;2789
IS;11;2014;P;0;100;0;100;0;100;0;100;0;100;0;100;0;100;0;100;405;100;1;100;0;100;0;100;404;100;1098;100;1098;100;0;100;0;100;30;100;1503;0;0;1503
CZ;11;2014;P;2282;100;3838;100;2989;100;415;100;418;100;4;100;0;100;12;100;439;100;43;100;44;100;149;100;203;100;305;100;201;100;104;100;0;100;72;100;6864;135;-1318;5411
LU;9;2014;D;0;100;102;100;0;100;0;100;102;100;0;100;0;100;0;100;13;100;3;100;6;100;4;100;0;100;90;100;4;100;86;100;6;100;2;100;211;119;426;518
GB;9;2014;P;4404;100;17873;90;0;100;8355;100;7731;100;0;100;0;100;0;100;1217;100;730;100;0;100;0;100;0;100;411;87;154;100;204;100;0;100;372;100;23905;284;1444;25065
LV;10;2014;P;0;100;242;100;0;100;0;100;188;100;0;100;54;100;0;100;70;100;12;100;0;100;29;100;29;100;133;100;133;100;0;100;0;100;20;100;445;0;192;637
DK;10;2014;P;0;100;1204;100;0;100;893;100;309;100;2;100;0;100;0;100;1349;100;1121;100;25;100;203;100;0;100;1;100;1;100;0;100;0;100;0;100;2554;0;83;2637
IT;9;2014;P;0;100;14679;100;0;100;3195;100;8667;100;1619;100;1198;100;0;100;4151;100;942;100;2218;100;532;100;459;100;4017;100;3816;100;201;100;0;100;361;100;22847;106;3435;26176
ES;10;2014;P;5130;100;9873;100;675;100;3888;100;4145;100;1165;100;0;100;0;100;4725;100;3399;100;937;100;386;100;3;100;1902;100;1616;100;286;100;22;100;223;100;21652;408;-304;20940
NI;11;2014;P;0;100;532;100;0;100;119;100;413;100;0;100;0;100;0;100;125;100;115;100;0;100;5;100;5;100;1;100;0;100;1;100;0;100;11;100;658;0;122;780
FR;10;2014;P;32803;100;2391;100;0;100;1080;100;993;100;318;100;0;100;0;100;2366;100;1277;100;480;100;609;100;0;100;3787;100;3294;100;493;100;0;100;663;100;41347;705;-4306;36336
DK;11;2014;P;0;100;1322;100;0;100;896;100;421;100;5;100;0;100;0;100;1444;100;1215;100;9;100;220;100;0;100;1;100;1;100;0;100;0;100;0;100;2767;0;128;2895
GB;10;2014;P;3856;100;18477;90;0;100;8844;100;7781;100;4;100;0;100;0;100;3973;100;2384;100;0;100;0;100;0;100;644;87;302;100;258;100;0;100;476;100;26950;327;1385;28008
GR;9;2014;P;0;100;2202;100;1767;100;0;100;434;100;1;100;0;100;0;100;588;100;210;100;361;100;17;100;0;100;275;100;29;100;246;100;0;100;97;100;3065;2;775;3838
GB;11;2014;P;3826;100;19969;90;0;100;9975;100;7995;100;2;100;0;100;0;100;3057;100;1834;100;0;100;0;100;0;100;787;87;424;100;261;100;0;100;388;100;27639;350;1768;29057
PT;11;2014;P;0;100;1659;100;0;100;1088;100;552;100;9;100;0;100;10;100;1469;100;1226;100;28;100;215;100;0;100;1265;100;1180;100;85;100;0;100;66;100;4393;107;-257;4029
RO;10;2014;P;967;100;2182;100;1286;100;212;100;411;100;0;100;273;100;0;100;818;100;650;100;124;100;44;100;0;100;1533;100;1533;100;0;100;0;100;96;100;5500;16;-845;4639
SK;10;2014;P;1025;100;432;100;159;100;125;100;134;100;14;100;0;100;0;100;138;100;1;100;31;100;76;100;30;100;413;100;390;100;23;100;8;100;22;100;2016;32;277;2261
LT;10;2014;P;0;100;147;100;0;100;0;100;120;100;0;100;6;100;21;100;96;100;60;100;5;100;31;100;0;100;96;100;25;100;71;100;0;100;21;100;339;93;693;939
BA;11;2014;P;0;100;728;100;728;100;0;100;0;100;0;100;0;100;0;100;0;100;0;100;0;100;0;100;0;100;458;100;458;100;0;100;0;100;24;100;1186;0;-183;1003
EE;10;2014;P;0;100;847;100;0;100;0;100;0;100;0;100;0;100;847;100;128;100;63;100;0;100;65;100;0;100;1;100;1;100;0;100;0;100;27;100;976;0;-281;695
FI;10;2014;P;2044;100;1670;100;0;100;834;100;498;100;20;100;318;100;0;100;1110;100;134;100;0;100;976;100;0;100;929;100;929;100;0;100;73;100;0;100;5826;0;1369;7195
UA_W;11;2014;P;0;100;749;100;0;100;0;100;0;100;0;100;749;100;0;100;1;100;0;100;1;100;0;100;0;100;4;100;4;100;0;100;0;100;17;100;754;0;-336;418
ME;11;2014;P;0;100;99;100;99;100;0;100;0;100;0;100;0;100;0;100;0;100;0;100;0;100;0;100;0;100;138;100;0;100;138;100;0;100;9;100;237;0;35;272
PL;10;2014;P;0;100;11288;100;4218;100;5900;100;417;100;0;100;0;100;753;100;1174;100;532;100;1;100;603;100;38;100;194;100;161;100;33;100;0;100;123;100;12656;52;198;12802
MK;10;2014;P;0;100;285;100;284;100;0;100;1;100;0;100;0;100;0;100;8;100;8;100;0;100;0;100;0;100;118;100;0;100;118;100;0;100;13;100;411;0;212;623
MK;11;2014;P;0;100;316;100;254;100;0;100;62;100;0;100;0;100;0;100;7;100;7;100;0;100;0;100;0;100;185;100;0;100;185;100;0;100;13;100;508;0;150;658
NO;9;2014;P;0;100;261;100;0;100;0;100;261;100;0;100;0;100;0;100;148;100;148;100;0;100;0;100;0;100;10142;100;10142;100;0;100;0;100;760;100;10551;64;-1758;8729
NO;10;2014;P;0;100;326;100;0;100;0;100;326;100;0;100;0;100;0;100;249;100;249;100;0;100;0;100;0;100;11293;100;11293;100;0;100;0;100;904;100;11868;176;-1244;10448
CH;10;2014;D;2441;100;182;100;0;100;0;100;0;100;0;100;0;100;182;100;173;100;11;100;0;100;0;100;162;100;2963;100;0;100;2963;100;0;100;80;100;5759;143;-335;5281
FR;11;2014;P;36291;100;3473;100;0;100;939;100;2231;100;303;100;0;100;0;100;2445;100;1503;100;245;100;697;100;0;100;4898;100;4401;100;497;100;0;100;737;100;47107;709;-5780;40618
NL;10;2014;D;379;100;7848;100;0;100;0;100;0;100;0;100;0;100;7848;100;601;100;202;100;10;100;389;100;0;100;5;100;5;100;0;100;0;100;52;100;8833;0;648;9481
SI;10;2014;P;515;100;284;100;258;100;19;100;4;100;0;100;0;100;3;100;37;100;1;100;16;100;13;100;7;100;369;100;346;100;23;100;10;100;13;100;1215;29;-56;1130
RS;10;2014;P;0;100;2030;100;2030;100;0;100;0;100;0;100;0;100;0;100;0;100;0;100;0;100;0;100;0;100;963;100;919;100;44;100;0;100;86;100;2993;80;293;3206
RS;11;2014;P;0;100;2068;100;2068;100;0;100;0;100;0;100;0;100;0;100;0;100;0;100;0;100;0;100;0;100;1033;100;985;100;48;100;0;100;87;100;3101;57;425;3469
DE;10;2014;P;8784;100;30124;100;13628;100;10295;100;4661;100;555;100;985;100;0;100;9491;100;4270;100;1956;100;3158;100;107;100;2077;100;1382;100;695;100;0;100;587;100;50476;739;-4845;44892
GB;12;2014;P;5676;100;18517;90;0;100;10130;100;6533;100;2;100;0;100;0;100;4632;100;2779;100;0;100;0;100;0;100;849;87;450;100;289;100;0;100;324;100;29674;375;1539;30838
PL;11;2014;P;0;100;11232;100;4035;100;5923;100;432;100;0;100;0;100;842;100;1191;100;543;100;0;100;611;100;37;100;181;100;135;100;46;100;0;100;114;100;12604;70;112;12646
CY;10;2014;P;0;100;326;100;0;100;0;100;0;100;326;100;0;100;0;100;12;100;12;100;0;100;0;100;0;100;0;100;0;100;0;100;0;100;0;100;338;0;0;338
CZ;12;2014;P;2369;100;3731;100;2856;100;429;100;430;100;3;100;0;100;13;100;475;100;68;100;37;100;159;100;211;100;302;100;190;100;112;100;0;100;86;100;6877;146;-1081;5650
SE;10;2014;P;5772;100;235;100;0;100;29;100;11;100;11;100;184;100;0;100;2119;100;1312;100;0;100;807;100;0;100;4262;100;4262;100;0;100;0;100;263;100;12388;0;-1149;11239
HU;10;2014;P;1087;100;886;100;529;100;67;100;286;100;4;100;0;100;0;100;186;100;42;100;1;100;143;100;0;100;25;100;25;100;0;100;0;100;35;100;2184;0;1234;3418
HU;11;2014;P;1319;100;852;100;452;100;44;100;352;100;4;100;0;100;0;100;203;100;60;100;0;100;143;100;0;100;22;100;22;100;0;100;0;100;33;100;2396;0;1050;3446
HR;12;2014;P;0;100;307;100;0;100;188;100;47;100;0;100;72;100;0;100;79;100;79;100;0;100;0;100;0;100;845;100;845;100;0;100;0;100;41;100;1231;28;296;1499
IS;12;2014;P;0;100;0;100;0;100;0;100;0;100;0;100;0;100;0;100;417;100;1;100;0;100;0;100;416;100;1180;100;1180;100;0;100;0;100;34;100;1597;0;0;1597
AT;10;2014;P;0;100;1123;100;0;100;482;100;409;100;23;100;0;100;209;100;435;100;202;100;;100;;100;233;100;3063;100;2690;100;373;100;668;100;56;100;5289;533;1087;5843
AT;11;2014;P;0;100;1319;100;0;100;486;100;577;100;59;100;0;100;197;100;533;100;300;100;;100;;100;233;100;3166;100;2793;100;373;100;780;100;48;100;5798;533;588;5853
LV;11;2014;P;0;100;257;100;0;100;0;100;198;100;0;100;59;100;0;100;68;100;8;100;0;100;30;100;30;100;111;100;111;100;0;100;0;100;15;100;436;0;202;638
DK;12;2014;P;0;100;1628;100;0;100;1098;100;522;100;8;100;0;100;0;100;1685;100;1438;100;6;100;241;100;0;100;2;100;2;100;0;100;0;100;0;100;3315;0;-195;3120
MK;12;2014;P;0;100;298;100;253;100;0;100;45;100;0;100;0;100;0;100;12;100;12;100;0;100;0;100;0;100;144;100;0;100;144;100;0;100;13;100;454;0;318;772
IT;10;2014;P;0;100;14843;100;0;100;3195;100;8667;100;1783;100;1198;100;0;100;3816;100;993;100;1811;100;538;100;474;100;3363;100;3195;100;168;100;0;100;351;100;22022;169;4525;26378
GR;10;2014;P;0;100;2151;100;1820;100;0;100;331;100;0;100;0;100;0;100;668;100;335;100;316;100;17;100;0;100;371;100;36;100;335;100;0;100;102;100;3190;17;695;3868
RS;12;2014;P;0;100;2165;100;2156;100;0;100;9;100;0;100;0;100;0;100;0;100;0;100;0;100;0;100;0;100;1211;100;1154;100;57;100;0;100;96;100;3376;68;677;3985
BE;10;2014;P;1618;100;2452;100;0;100;457;100;1992;100;3;100;0;100;0;100;1067;100;447;100;166;100;454;100;0;100;123;100;23;100;100;100;0;100;0;100;5260;134;2026;7152
EE;11;2014;P;0;100;835;100;0;100;0;100;0;100;0;100;0;100;835;100;113;100;44;100;0;100;69;100;0;100;1;100;1;100;0;100;0;100;29;100;949;0;-222;727
BE;11;2014;P;2064;100;2004;100;0;100;408;100;1593;100;3;100;0;100;0;100;943;100;374;100;97;100;472;100;0;100;128;100;27;100;101;100;0;100;0;100;5139;134;2032;7037
FI;11;2014;P;1991;100;1585;100;0;100;722;100;567;100;23;100;273;100;0;100;1063;100;94;100;0;100;969;100;0;100;1112;100;1112;100;0;100;75;100;0;100;5826;0;1577;7403
LT;11;2014;P;0;100;137;100;0;100;0;100;48;100;0;100;69;100;20;100;83;100;44;100;1;100;38;100;0;100;94;100;24;100;70;100;0;100;20;100;314;105;734;943
ES;11;2014;P;4369;100;8096;100;405;100;2844;100;3790;100;1057;100;0;100;0;100;5943;100;5093;100;476;100;371;100;3;100;2777;100;2414;100;363;100;21;100;272;100;21206;518;195;20883
CY;11;2014;P;0;100;289;100;0;100;0;100;0;100;289;100;0;100;0;100;12;100;12;100;0;100;0;100;0;100;0;100;0;100;0;100;0;100;0;100;301;0;0;301
ES;12;2014;P;4695;100;9209;100;508;100;3731;100;3881;100;1089;100;0;100;0;100;5772;100;4789;100;578;100;402;100;3;100;3608;100;3296;100;312;100;21;100;304;100;23305;445;-361;22499
SI;11;2014;P;499;100;210;100;161;100;40;100;1;100;0;100;0;100;8;100;36;100;0;100;8;100;15;100;13;100;580;100;556;100;24;100;14;100;14;100;1339;34;-174;1131
UA_W;12;2014;P;0;100;753;100;0;100;0;100;0;100;0;100;753;100;0;100;0;100;0;100;0;100;0;100;0;100;7;100;7;100;0;100;0;100;16;100;760;0;-272;488
SI;12;2014;P;518;100;220;100;159;100;50;100;0;100;0;100;0;100;11;100;39;100;1;100;7;100;15;100;16;100;504;100;473;100;31;100;15;100;13;100;1296;39;-99;1158
SK;11;2014;P;1291;100;446;100;154;100;127;100;145;100;20;100;0;100;0;100;137;100;1;100;14;100;89;100;33;100;361;100;336;100;25;100;8;100;24;100;2243;35;55;2263
RO;11;2014;P;934;100;2190;100;1325;100;206;100;317;100;0;100;342;100;0;100;590;100;488;100;58;100;44;100;0;100;1472;100;1472;100;0;100;0;100;93;100;5186;13;-538;4635
LV;12;2014;P;0;100;264;100;0;100;0;100;202;100;0;100;62;100;0;100;80;100;15;100;0;100;34;100;31;100;101;100;101;100;0;100;0;100;20;100;445;0;244;689
IE;11;2014;P;0;100;1603;100;236;100;429;100;932;100;0;100;0;100;6;100;446;100;425;100;0;100;0;100;21;100;125;100;100;100;25;100;0;100;0;100;2174;45;147;2276
IE;12;2014;P;0;100;1512;100;220;100;432;100;853;100;1;100;0;100;6;100;724;100;703;100;0;100;0;100;21;100;129;100;101;100;28;100;0;100;0;100;2365;50;108;2423
IT;11;2014;P;0;100;13228;100;0;100;2753;100;7982;100;1502;100;991;100;0;100;3059;100;1162;100;973;100;480;100;444;100;4560;100;4332;100;228;100;0;100;353;100;20847;210;4540;25177
DE;11;2014;P;8558;100;30861;100;13190;100;10263;100;5845;100;581;100;982;100;0;100;8768;100;4506;100;953;100;3206;100;103;100;2148;100;1444;100;704;100;0;100;545;100;50335;743;-3981;45611
HR;1;2015;P;0;100;318;100;0;100;194;100;52;100;0;100;72;100;0;100;81;100;81;100;0;100;0;100;0;100;676;100;676;100;0;100;0;100;44;100;1075;30;493;1538
NO;11;2014;P;0;100;295;100;0;100;0;100;295;100;0;100;0;100;0;100;226;100;226;100;0;100;0;100;0;100;12601;100;12601;100;0;100;0;100;1016;100;13122;116;-1474;11532
SE;11;2014;P;5690;100;331;100;0;100;57;100;56;100;10;100;208;100;0;100;1985;100;1019;100;0;100;966;100;0;100;5327;100;5327;100;0;100;0;100;253;100;13333;0;-1200;12133
RO;12;2014;P;909;100;2093;100;1245;100;213;100;255;100;0;100;380;100;0;100;1021;100;925;100;47;100;49;100;0;100;1584;100;1584;100;0;100;0;100;110;100;5607;14;-682;4911
NL;11;2014;D;369;100;7092;100;0;100;0;100;0;100;0;100;0;100;7092;100;870;100;512;100;6;100;352;100;0;100;6;100;6;100;0;100;0;100;49;100;8337;0;869;9206
NL;12;2014;D;382;100;8490;100;0;100;0;100;0;100;0;100;0;100;8490;100;948;100;420;100;8;100;520;100;0;100;8;100;8;100;0;100;0;100;58;100;9828;0;420;10248
CZ;1;2015;P;2901;100;3957;100;3007;100;437;100;508;100;5;100;0;100;0;100;465;100;71;100;41;100;144;100;209;100;380;100;264;100;116;100;0;100;85;100;7703;150;-1534;6019
DK;1;2015;P;0;100;1637;100;0;100;1082;100;547;100;8;100;0;100;0;100;1792;100;1568;100;8;100;216;100;0;100;3;100;3;100;0;100;0;100;0;100;3432;0;-244;3188
NI;12;2014;P;0;100;516;100;0;100;145;100;369;100;2;100;0;100;0;100;196;100;186;100;0;100;5;100;5;100;1;100;0;100;1;100;0;100;10;100;713;0;125;838
NI;1;2015;P;0;100;510;100;0;100;188;100;322;100;0;100;0;100;0;100;233;100;223;100;0;100;5;100;5;100;1;100;0;100;1;100;0;100;10;100;744;0;108;852
FI;12;2014;P;2052;100;1710;100;0;100;773;100;633;100;25;100;279;100;0;100;1263;100;172;100;0;100;1091;100;0;100;1118;100;1118;100;0;100;87;100;0;100;6230;0;1724;7954
GR;11;2014;P;0;100;2249;100;1664;100;0;100;585;100;0;100;0;100;0;100;462;100;250;100;196;100;16;100;0;100;369;100;47;100;322;100;0;100;109;100;3080;29;996;4047
CH;11;2014;D;2385;100;176;100;0;100;0;100;0;100;0;100;0;100;176;100;167;100;11;100;0;100;0;100;156;100;3246;100;0;100;3246;100;0;100;84;100;5974;119;-339;5516
CH;12;2014;D;2474;100;193;100;0;100;0;100;0;100;0;100;0;100;193;100;182;100;11;100;0;100;0;100;171;100;3126;100;0;100;3126;100;0;100;92;100;5975;117;88;5946
EE;12;2014;P;0;100;869;100;0;100;0;100;0;100;0;100;0;100;869;100;148;100;83;100;0;100;65;100;0;100;2;100;2;100;0;100;0;100;35;100;1019;0;-235;784
FR;12;2014;P;41634;100;4327;100;0;100;1232;100;2785;100;310;100;0;100;0;100;3032;100;2119;100;190;100;723;100;0;100;5747;100;5308;100;439;100;0;100;876;100;54740;626;-4735;49379
BE;12;2014;P;2233;100;2151;100;0;100;362;100;1786;100;3;100;0;100;0;100;1279;100;628;100;36;100;615;100;0;100;131;100;36;100;95;100;0;100;0;100;5794;131;2097;7760
LT;12;2014;P;0;100;165;100;0;100;0;100;51;100;0;100;91;100;23;100;121;100;82;100;1;100;38;100;0;100;112;100;30;100;82;100;0;100;25;100;398;115;731;1014
PL;12;2014;P;0;100;11458;100;4188;100;5959;100;426;100;0;100;0;100;885;100;1688;100;1045;100;0;100;607;100;36;100;206;100;145;100;61;100;0;100;137;100;13352;88;28;13292
BG;12;2014;D;1385;100;1858;100;1496;100;215;100;147;100;0;100;0;100;0;100;228;100;172;100;42;100;14;100;0;100;434;100;409;100;25;100;0;100;0;100;3905;74;-1223;2608
CY;12;2014;P;0;100;316;100;0;100;0;100;0;100;316;100;0;100;0;100;15;100;15;100;0;100;0;100;0;100;0;100;0;100;0;100;0;100;0;100;331;0;0;331
PT;12;2014;P;0;100;1696;100;0;100;1119;100;547;100;10;100;0;100;20;100;1314;100;1038;100;40;100;236;100;0;100;1431;100;1331;100;100;100;0;100;66;100;4441;125;104;4420
SK;12;2014;P;1342;100;465;100;156;100;108;100;178;100;23;100;0;100;0;100;151;100;1;100;15;100;97;100;38;100;331;100;302;100;29;100;8;100;26;100;2297;39;75;2333
BA;12;2014;P;0;100;720;100;720;100;0;100;0;100;0;100;0;100;0;100;0;100;0;100;0;100;0;100;0;100;700;100;700;100;0;100;0;100;36;100;1420;0;-314;1106
BA;1;2015;P;0;100;744;100;744;100;0;100;0;100;0;100;0;100;0;100;0;100;0;100;0;100;0;100;0;100;727;100;727;100;0;100;0;100;29;100;1471;0;-353;1118
LU;10;2014;D;0;100;202;100;0;100;0;100;202;100;0;100;0;100;0;100;13;100;6;100;3;100;4;100;0;100;110;100;5;100;105;100;5;100;2;100;330;142;364;552
LV;1;2015;P;0;100;164;100;0;100;0;100;101;100;0;100;63;100;0;100;85;100;18;100;0;100;36;100;31;100;197;100;197;100;0;100;0;100;24;100;446;0;246;692
ES;1;2015;P;5243;100;10439;100;470;100;4632;100;4254;100;1083;100;0;100;0;100;6055;100;4955;100;695;100;402;100;3;100;2790;100;2454;100;336;100;95;100;306;100;24622;480;-259;23883
AT;12;2014;P;0;100;1495;100;0;100;364;100;870;100;65;100;0;100;196;100;594;100;361;100;;100;;100;233;100;2732;100;2353;100;379;100;671;100;50;100;5492;541;1281;6232
DE;12;2014;P;8659;100;29369;100;11585;100;9327;100;6887;100;634;100;936;100;0;100;12832;100;8960;100;419;100;3351;100;102;100;1964;100;1228;100;736;100;0;100;685;100;52824;793;-5369;46662
GR;12;2014;P;0;100;2532;100;1930;100;0;100;602;100;0;100;0;100;0;100;470;100;277;100;175;100;18;100;0;100;449;100;76;100;373;100;0;100;130;100;3451;32;1046;4465
NO;12;2014;P;0;100;306;100;0;100;0;100;306;100;0;100;0;100;0;100;260;100;260;100;0;100;0;100;0;100;13839;100;13839;100;0;100;0;100;1160;100;14405;59;-1011;13335
ME;12;2014;P;0;100;113;100;113;100;0;100;0;100;0;100;0;100;0;100;0;100;0;100;0;100;0;100;0;100;245;100;0;100;245;100;0;100;11;100;358;0;-40;318
CZ;2;2015;P;2613;100;3893;100;2986;100;454;100;439;100;4;100;0;100;10;100;479;100;40;100;111;100;138;100;190;100;301;100;194;100;107;100;0;100;80;100;7286;140;-1562;5584
NI;2;2015;P;0;100;1016;100;0;100;201;100;307;100;1;100;507;100;0;100;144;100;132;100;0;100;6;100;6;100;1;100;0;100;1;100;0;100;10;100;1161;0;253;1414
HU;12;2014;P;1432;100;888;100;515;100;41;100;328;100;4;100;0;100;0;100;199;100;66;100;0;100;133;100;0;100;24;100;24;100;0;100;0;100;37;100;2543;0;905;3448
HR;2;2015;P;0;100;284;100;0;100;162;100;62;100;25;100;35;100;0;100;84;100;84;100;0;100;0;100;0;100;723;100;723;100;0;100;0;100;41;100;1091;20;358;1429
DK;2;2015;P;0;100;1497;100;0;100;965;100;522;100;10;100;0;100;0;100;1410;100;1196;100;5;100;209;100;0;100;2;100;2;100;0;100;0;100;-58;100;2909;0;0;2909
IT;12;2014;P;0;100;14663;100;0;100;3443;100;8341;100;1803;100;1076;100;0;100;3388;100;1495;100;870;100;532;100;491;100;3934;100;3737;100;197;100;0;100;359;100;21985;191;3854;25648
UA_W;1;2015;P;0;100;755;100;0;100;0;100;0;100;0;100;755;100;0;100;0;100;0;100;0;100;0;100;0;100;11;100;11;100;0;100;0;100;17;100;766;0;-271;495
UA_W;2;2015;P;0;100;642;100;0;100;0;100;0;100;0;100;642;100;0;100;2;100;1;100;1;100;0;100;0;100;6;100;6;100;0;100;0;100;14;100;650;0;-222;428
IS;1;2015;P;0;100;0;100;0;100;0;100;0;100;0;100;0;100;0;100;419;100;1;100;0;100;0;100;418;100;1190;100;1190;100;0;100;0;100;35;100;1609;0;0;1609
IS;2;2015;P;0;100;0;100;0;100;0;100;0;100;0;100;0;100;0;100;377;100;1;100;0;100;0;100;376;100;1105;100;1105;100;0;100;0;100;32;100;1482;0;0;1482
PT;1;2015;P;0;100;1909;100;0;100;1172;100;705;100;10;100;0;100;22;100;1330;100;1061;100;44;100;225;100;0;100;1102;100;1000;100;102;100;0;100;67;100;4341;128;500;4713
PT;2;2015;P;0;100;1477;100;0;100;892;100;554;100;12;100;0;100;19;100;1735;100;1486;100;47;100;202;100;0;100;1378;100;1266;100;112;100;0;100;64;100;4590;143;-215;4232
BG;1;2015;P;1416;100;2242;100;1944;100;126;100;172;100;0;100;0;100;0;100;241;100;165;100;62;100;14;100;0;100;599;100;556;100;43;100;0;100;98;100;4498;65;-978;3455
BG;2;2015;P;1283;100;1757;100;1476;100;138;100;143;100;0;100;0;100;0;100;264;100;175;100;76;100;13;100;0;100;607;100;562;100;45;100;0;100;82;100;3911;66;-777;3068
FI;1;2015;P;2054;100;1913;100;0;100;820;100;724;100;21;100;348;100;0;100;1324;100;180;100;0;100;1144;100;0;100;1121;100;1121;100;0;100;86;100;0;100;6498;0;1939;8437
EE;1;2015;P;0;100;838;100;0;100;0;100;0;100;0;100;0;100;838;100;152;100;88;100;0;100;64;100;0;100;4;100;4;100;0;100;0;100;34;100;994;0;-178;816
CH;1;2015;D;2430;100;168;100;0;100;0;100;0;100;0;100;0;100;168;100;181;100;11;100;0;100;0;100;170;100;3110;100;0;100;3110;100;0;100;44;100;5889;79;429;6239
GB;1;2015;P;6158;100;18939;90;0;100;10462;100;6579;100;4;100;0;100;0;100;4987;100;2992;100;0;100;0;100;0;100;933;87;537;100;275;100;0;100;692;100;31017;357;1583;32243
NL;1;2015;P;384;100;7965;100;0;100;0;100;0;100;0;100;0;100;7965;100;1535;100;891;100;4;100;640;100;0;100;6;100;6;100;0;100;0;100;64;100;9890;0;453;10343
SI;1;2015;P;518;100;346;100;335;100;0;100;1;100;0;100;0;100;10;100;34;100;0;100;7;100;12;100;15;100;339;100;314;100;25;100;18;100;14;100;1255;33;11;1233
SK;1;2015;P;1326;100;458;100;171;100;84;100;177;100;26;100;0;100;0;100;159;100;1;100;11;100;100;100;47;100;467;100;435;100;32;100;9;100;28;100;2419;45;96;2470
SK;2;2015;P;1184;100;451;100;169;100;96;100;160;100;26;100;0;100;0;100;166;100;1;100;30;100;92;100;43;100;351;100;320;100;31;100;5;100;25;100;2157;41;161;2277
LT;1;2015;P;0;100;161;100;0;100;0;100;52;100;0;100;89;100;20;100;128;100;89;100;1;100;38;100;0;100;101;100;43;100;58;100;0;100;23;100;390;85;700;1005
GB;2;2015;P;5473;100;18411;90;0;100;9844;100;6724;100;2;100;0;100;0;100;3382;100;2029;100;0;100;0;100;0;100;709;87;387;100;230;100;0;100;566;100;27975;302;1410;29083
LV;2;2015;D;0;100;143;100;0;100;0;100;87;100;0;100;56;100;0;100;74;100;13;100;0;100;32;100;29;100;178;100;178;100;0;100;0;100;21;100;395;0;221;616
PL;1;2015;P;0;100;11702;99;4221;100;6035;100;422;100;0;100;0;100;907;100;1709;100;1150;100;0;100;505;100;37;100;292;99;220;100;69;100;0;100;140;100;13703;104;-53;13546
CY;1;2015;P;0;100;345;100;0;100;0;100;0;100;345;100;0;100;0;100;23;100;23;100;0;100;0;100;0;100;0;100;0;100;0;100;0;100;0;100;368;0;0;368
BE;1;2015;D;2803;100;2653;100;0;100;427;100;2114;100;16;100;0;100;96;100;1103;100;626;100;65;100;227;100;185;100;143;100;45;100;98;100;14;100;363;100;6716;129;1470;8057
MK;1;2015;P;0;100;339;100;277;100;0;100;62;100;0;100;0;100;0;100;13;100;13;100;0;100;0;100;0;100;206;100;0;100;206;100;0;100;21;100;558;0;253;811
CZ;3;2015;P;2645;100;4016;100;3130;100;450;100;421;100;3;100;0;100;12;100;624;100;59;100;195;100;159;100;211;100;285;100;175;100;110;100;0;100;89;100;7570;149;-1647;5774
SE;12;2014;P;5862;100;492;100;0;100;87;100;177;100;20;100;208;100;0;100;2768;100;1607;100;0;100;1161;100;0;100;5679;100;5679;100;0;100;0;100;272;100;14801;0;-955;13846
SE;1;2015;P;5507;100;658;100;0;100;91;100;314;100;40;100;213;100;0;100;2795;100;1624;100;0;100;1171;100;0;100;6049;100;6049;100;0;100;0;100;290;100;15009;0;-909;14100
SE;2;2015;P;4958;100;599;100;0;100;94;100;273;100;18;100;0;100;214;100;2642;100;1589;100;0;100;1053;100;0;100;6158;100;6158;100;0;100;0;100;239;100;14357;0;-1747;12610
DK;3;2015;P;0;100;1252;100;0;100;802;100;443;100;7;100;0;100;0;100;1366;100;1101;100;47;100;218;100;0;100;2;100;2;100;0;100;0;100;0;100;2620;0;296;2916
BA;2;2015;P;0;100;609;100;609;100;0;100;0;100;0;100;0;100;0;100;0;100;0;100;0;100;0;100;0;100;733;100;733;100;0;100;0;100;36;100;1342;0;-338;1004
BA;3;2015;P;0;100;630;100;630;100;0;100;0;100;0;100;0;100;0;100;0;100;0;100;0;100;0;100;0;100;678;100;678;100;0;100;0;100;30;100;1308;0;-259;1049
IE;1;2015;P;0;100;1502;100;215;100;424;100;856;100;1;100;0;100;6;100;806;100;785;100;0;100;0;100;21;100;143;100;116;100;27;100;0;100;0;100;2451;50;97;2498
IE;2;2015;P;0;100;1582;100;205;100;450;100;914;100;8;100;0;100;5;100;502;100;483;100;0;100;0;100;19;100;104;100;77;100;27;100;0;100;0;100;2188;43;134;2279
DE;1;2015;P;8692;100;29980;100;12606;100;9038;100;6646;100;908;100;782;100;0;100;13980;100;9975;100;559;100;3367;100;79;100;2354;100;1587;100;767;100;0;100;715;100;55006;744;-5310;48952
ES;2;2015;P;4721;100;7582;100;187;100;2945;100;3477;100;973;100;0;100;0;100;7009;100;5993;100;685;100;329;100;2;100;3759;100;3378;100;381;100;80;100;309;100;23151;544;-559;22048
NI;3;2015;P;0;100;497;100;0;100;219;100;278;100;0;100;0;100;0;100;194;100;182;100;0;100;6;100;6;100;1;100;0;100;1;100;0;100;12;100;692;0;90;782
LU;11;2014;D;0;100;225;100;0;100;0;100;225;100;0;100;0;100;0;100;13;100;6;100;2;100;5;100;0;100;91;100;9;100;82;100;4;100;2;100;333;111;320;542
LU;12;2014;D;0;100;225;100;0;100;0;100;225;100;0;100;0;100;0;100;16;100;10;100;1;100;5;100;0;100;106;100;12;100;94;100;8;100;2;100;355;129;299;525
LU;1;2015;P;0;100;209;100;0;100;0;100;209;100;0;100;0;100;0;100;18;100;12;100;1;100;5;100;0;100;133;100;13;100;120;100;9;100;2;100;369;163;368;574
LU;2;2015;P;0;100;213;100;0;100;0;100;213;100;0;100;0;100;0;100;15;100;8;100;3;100;4;100;0;100;123;100;13;100;110;100;6;100;2;100;357;146;327;538
EE;2;2015;P;0;100;812;100;0;100;0;100;0;100;0;100;0;100;812;100;131;100;69;100;0;100;62;100;0;100;4;100;4;100;0;100;0;100;31;100;947;0;-228;719
HR;3;2015;P;0;100;295;100;0;100;195;100;75;100;0;100;25;100;0;100;89;100;89;100;0;100;0;100;0;100;749;100;749;100;0;100;0;100;42;100;1133;29;357;1461
RO;2;2015;P;871;100;1831;100;1069;100;201;100;105;100;0;100;456;100;0;100;872;100;721;100;103;100;48;100;0;100;1525;100;1525;100;0;100;0;100;80;100;5099;9;-492;4598
CH;2;2015;D;2235;100;172;100;0;100;0;100;0;100;0;100;0;100;172;100;187;100;11;100;0;100;0;100;176;100;2884;100;0;100;2884;100;0;100;96;100;5478;70;434;5842
RO;1;2015;P;966;100;2290;100;1342;100;211;100;238;100;0;100;499;100;0;100;887;100;769;100;69;100;49;100;0;100;1569;100;1569;100;0;100;0;100;100;100;5712;13;-676;5023
SI;2;2015;P;468;100;294;100;284;100;0;100;1;100;0;100;0;100;9;100;36;100;1;100;10;100;11;100;14;100;257;100;238;100;19;100;16;100;12;100;1071;28;87;1130
HU;1;2015;P;1434;100;905;100;530;100;38;100;333;100;4;100;0;100;0;100;253;100;87;100;0;100;137;100;29;100;20;100;20;100;0;100;0;100;41;100;2612;0;1017;3629
LT;2;2015;P;0;100;146;100;0;100;0;100;51;100;0;100;79;100;16;100;98;100;60;100;3;100;35;100;0;100;88;100;39;100;49;100;0;100;18;100;332;68;627;891
BE;2;2015;D;2431;100;2456;100;0;100;372;100;1984;100;11;100;0;100;89;100;955;100;415;100;131;100;240;100;169;100;133;100;44;100;89;100;10;100;330;100;5985;122;1449;7312
FI;2;2015;P;1440;100;1675;100;0;100;704;100;621;100;19;100;331;100;0;100;1260;100;216;100;0;100;1044;100;0;100;1190;100;1190;100;0;100;76;100;0;100;5641;0;1695;7336
AT;1;2015;P;0;100;1613;100;0;100;399;100;905;100;95;100;0;100;214;100;663;100;425;100;;100;;100;238;100;3071;100;2682;100;389;100;654;100;60;100;6001;555;1052;6498
AT;2;2015;P;0;100;1620;100;0;100;512;100;726;100;191;100;0;100;191;100;619;100;381;100;;100;;100;238;100;2225;100;1954;100;271;100;469;100;51;100;4933;387;1438;5984
AT;3;2015;P;0;100;1506;100;0;100;456;100;769;100;60;100;0;100;221;100;657;100;419;100;;100;;100;238;100;2527;100;2201;100;326;100;578;100;50;100;5268;466;1401;6203
UA_W;3;2015;P;0;100;778;100;0;100;0;100;0;100;0;100;778;100;0;100;2;100;0;100;2;100;0;100;0;100;11;100;11;100;0;100;0;100;16;100;791;0;-387;404
PL;2;2015;P;0;100;11009;99;3992;100;5669;100;416;100;0;100;0;100;822;100;1316;100;671;100;1;100;597;100;34;100;229;99;193;100;34;100;0;100;117;100;12554;53;-174;12327
FR;1;2015;P;43793;100;4993;100;0;100;1616;100;3039;100;338;100;0;100;0;100;3279;100;2298;100;252;100;729;100;0;100;6168;100;5717;100;451;100;0;100;953;100;58233;644;-5114;52475
FR;2;2015;P;37483;100;5267;100;;100;1694;100;3277;100;296;100;0;100;0;100;2944;100;1910;100;359;100;675;100;0;100;6337;100;6015;100;322;100;0;100;809;100;52031;461;-2991;48579
FR;3;2015;P;36915;100;3983;100;0;100;1109;100;2610;100;264;100;0;100;0;100;3274;100;2005;100;537;100;732;100;0;100;6463;100;6033;100;430;100;0;100;756;100;50635;615;-4313;45707
ME;1;2015;P;0;100;140;100;140;100;0;100;0;100;0;100;0;100;0;100;0;100;0;100;0;100;0;100;0;100;203;100;0;100;203;100;0;100;13;100;343;0;-5;338
ME;2;2015;P;0;100;130;100;130;100;0;100;0;100;0;100;0;100;0;100;0;100;0;100;0;100;0;100;0;100;201;100;0;100;201;100;0;100;12;100;331;0;-30;301
ME;3;2015;P;0;100;140;100;140;100;0;100;0;100;0;100;0;100;0;100;0;100;0;100;0;100;0;100;0;100;172;100;0;100;172;100;0;100;11;100;312;0;-9;303
GR;1;2015;P;0;100;2598;100;1890;100;0;100;708;100;0;100;0;100;0;100;693;100;356;100;199;100;19;100;119;100;406;100;69;100;337;100;0;100;123;100;3697;16;1148;4829
GR;2;2015;P;0;100;1746;100;1296;100;0;100;450;100;0;100;0;100;0;100;678;100;369;100;184;100;17;100;108;100;991;100;77;100;914;100;0;100;120;100;3415;6;890;4299
CY;2;2015;P;0;100;339;100;0;100;0;100;0;100;339;100;0;100;0;100;25;100;25;100;0;100;0;100;0;100;0;100;0;100;0;100;0;100;0;100;364;0;0;364
CY;3;2015;P;0;100;314;100;0;100;0;100;0;100;314;100;0;100;0;100;24;100;24;100;0;100;0;100;0;100;0;100;0;100;0;100;0;100;0;100;338;0;0;338
IS;3;2015;P;0;100;0;100;0;100;0;100;0;100;0;100;0;100;0;100;418;100;1;100;0;100;0;100;417;100;1191;100;1191;100;0;100;0;100;33;100;1609;0;0;1609
PT;3;2015;P;0;100;1561;100;0;100;1084;100;444;100;12;100;0;100;21;100;1462;100;1172;100;67;100;223;100;0;100;1269;100;1167;100;102;100;0;100;65;100;4292;128;3;4167
PT;4;2015;P;0;100;1671;100;0;100;974;100;670;100;9;100;0;100;18;100;1025;100;758;100;66;100;201;100;0;100;860;100;790;100;70;100;0;100;56;100;3556;87;258;3727
HU;2;2015;P;1294;100;820;100;486;100;39;100;292;100;3;100;0;100;0;100;211;100;65;100;1;100;117;100;28;100;22;100;22;100;0;100;0;100;35;100;2347;0;969;3316
RS;1;2015;P;0;100;2578;100;2553;100;0;100;25;100;0;100;0;100;0;100;0;100;0;100;0;100;0;100;0;100;1189;100;1151;100;38;100;0;100;106;100;3767;59;348;4056
DE;2;2015;P;7926;100;31317;100;12228;100;10793;100;6625;100;847;100;824;100;0;100;10380;100;5840;100;1370;100;3107;100;63;100;1789;100;1209;100;580;100;0;100;685;100;51412;628;-5176;45608
LU;3;2015;P;0;100;180;100;0;100;0;100;180;100;0;100;0;100;0;100;23;100;9;100;9;100;5;100;0;100;141;100;12;100;129;100;6;100;2;100;350;164;393;579
MK;2;2015;P;0;100;287;100;265;100;0;100;22;100;0;100;0;100;0;100;10;100;10;100;0;100;0;100;0;100;183;100;0;100;183;100;0;100;18;100;480;0;203;683
MK;3;2015;P;0;100;318;100;318;100;0;100;0;100;0;100;0;100;0;100;10;100;10;100;0;100;0;100;0;100;188;100;0;100;188;100;0;100;20;100;516;0;215;731
IT;1;2015;P;0;100;13870;100;0;100;3286;100;7830;100;356;100;2398;100;0;100;5088;100;1907;100;1070;100;1610;100;501;100;3235;100;3143;100;92;100;0;100;370;100;22193;166;4759;26786
IT;2;2015;P;0;100;12755;100;0;100;3022;100;7200;100;328;100;2205;100;0;100;4613;100;1497;100;1185;100;1481;100;450;100;3244;100;3152;100;92;100;0;100;344;100;20612;101;4437;24948
IT;3;2015;P;0;100;13582;100;0;100;3218;100;7667;100;349;100;2348;100;0;100;5867;100;1857;100;1940;100;1577;100;493;100;3224;100;3132;100;92;100;0;100;370;100;22673;183;4303;26793
GB;3;2015;P;5278;100;18522;89;0;100;10049;100;6436;100;0;100;0;100;0;100;5440;100;2339;100;0;100;0;100;0;100;786;86;437;100;239;100;0;100;574;100;30026;311;1665;31380
LU;4;2015;P;0;100;38;100;0;100;0;100;38;100;0;100;0;100;0;100;19;100;6;100;9;100;4;100;0;100;137;100;10;100;127;100;7;100;2;100;201;171;486;516
CZ;4;2015;P;2165;100;3589;100;2846;100;376;100;354;100;3;100;0;100;10;100;690;100;51;100;271;100;166;100;202;100;361;100;258;100;103;100;0;100;69;100;6805;134;-1471;5200
CH;3;2015;D;2299;100;174;100;0;100;0;100;0;100;0;100;0;100;174;100;189;100;11;100;0;100;0;100;178;100;2500;100;0;100;2500;100;0;100;88;100;5162;122;677;5717
HR;4;2015;P;0;100;285;100;0;100;193;100;73;100;16;100;3;100;0;100;77;100;77;100;0;100;0;100;0;100;564;100;564;100;0;100;0;100;37;100;926;19;407;1314
GB;4;2015;P;5259;100;15352;89;0;100;7663;100;6000;100;0;100;0;100;0;100;3328;100;1431;100;0;100;0;100;0;100;617;86;322;100;209;100;0;100;254;100;24556;277;1818;26097
RS;2;2015;P;0;100;2355;100;2345;100;0;100;10;100;0;100;0;100;0;100;0;100;0;100;0;100;0;100;0;100;1120;100;1059;100;61;100;0;100;94;100;3475;56;184;3603
RS;3;2015;P;0;100;2474;100;2474;100;0;100;0;100;0;100;0;100;0;100;0;100;0;100;0;100;0;100;0;100;1331;100;1247;100;84;100;0;100;102;100;3805;70;13;3748
RS;4;2015;P;0;100;2186;100;2186;100;0;100;0;100;0;100;0;100;0;100;0;100;0;100;0;100;0;100;0;100;1348;100;1304;100;44;100;0;100;96;100;3534;149;-231;3154
RO;3;2015;P;925;100;1796;100;1017;100;196;100;161;100;0;100;422;100;0;100;895;100;704;100;148;100;43;100;0;100;1755;100;1755;100;0;100;0;100;93;100;5371;11;-569;4791
ES;3;2015;P;5206;100;7352;100;116;100;2669;100;3524;100;1043;100;0;100;0;100;6423;100;4908;100;1130;100;382;100;3;100;4078;100;3743;100;335;100;96;100;279;100;23155;479;-397;22279
NI;4;2015;P;0;100;511;100;0;100;92;100;419;100;0;100;0;100;0;100;104;100;91;100;0;100;7;100;6;100;1;100;1;100;0;100;0;100;10;100;616;0;81;697
BG;3;2015;P;1430;100;1589;100;1336;100;97;100;156;100;0;100;0;100;0;100;259;100;148;100;96;100;15;100;0;100;793;100;729;100;64;100;0;100;93;100;4071;91;-869;3111
BG;4;2015;P;909;100;1682;100;1505;100;70;100;107;100;0;100;0;100;0;100;309;100;153;100;144;100;12;100;0;100;682;100;657;100;25;100;0;100;74;100;3582;41;-902;2639
EE;3;2015;P;0;100;595;100;0;100;0;100;0;100;0;100;0;100;595;100;143;100;75;100;0;100;68;100;0;100;4;100;4;100;0;100;0;100;27;100;742;0;1;743
BE;3;2015;D;2307;100;2112;100;0;100;329;100;1679;100;8;100;0;100;96;100;1168;100;485;100;234;100;287;100;162;100;133;100;40;100;93;100;16;100;345;100;5736;121;2038;7653
SI;3;2015;P;517;100;318;100;309;100;0;100;0;100;0;100;0;100;9;100;52;100;1;100;22;100;13;100;16;100;286;100;264;100;22;100;17;100;12;100;1190;28;16;1178
FI;3;2015;P;2048;100;1552;100;0;100;588;100;641;100;18;100;305;100;0;100;1290;100;218;100;0;100;1072;100;0;100;1249;100;1249;100;0;100;74;100;0;100;6213;0;1432;7645
LT;3;2015;P;0;100;161;100;0;100;0;100;54;100;0;100;86;100;21;100;113;100;68;100;6;100;39;100;0;100;90;100;46;100;44;100;0;100;17;100;364;63;619;920
NL;2;2015;P;347;100;7312;100;0;100;0;100;0;100;0;100;0;100;7312;100;1219;100;859;100;6;100;354;100;0;100;44;100;44;100;0;100;0;100;59;100;8922;0;261;9183
NL;3;2015;P;383;100;7830;100;0;100;0;100;0;100;0;100;0;100;7830;100;785;100;491;100;4;100;290;100;0;100;12;100;12;100;0;100;0;100;58;100;9010;0;578;9588
SK;3;2015;P;1206;100;437;100;170;100;89;100;152;100;26;100;0;100;0;100;198;100;0;100;50;100;99;100;49;100;453;100;421;100;32;100;5;100;25;100;2299;44;138;2393
UA_W;4;2015;P;0;100;562;100;0;100;0;100;0;100;0;100;562;100;0;100;3;100;0;100;3;100;0;100;0;100;12;100;12;100;0;100;0;100;12;100;577;0;-258;319
LV;3;2015;P;0;100;142;100;0;100;0;100;81;100;0;100;61;100;0;100;78;100;14;100;0;100;32;100;32;100;390;100;390;100;0;100;0;100;18;100;610;0;25;635
DE;3;2015;P;7645;100;30078;100;12873;100;10274;100;5301;100;703;100;927;100;0;100;12729;100;6502;100;2859;100;3311;100;57;100;2103;100;1436;100;667;100;0;100;722;100;52555;703;-5673;46179
LV;4;2015;P;0;100;106;100;0;100;0;100;51;100;0;100;55;100;0;100;69;100;12;100;0;100;27;100;30;100;402;100;402;100;0;100;0;100;25;100;577;0;12;589
IE;3;2015;P;0;100;1611;100;242;100;429;100;931;100;3;100;0;100;6;100;616;100;594;100;0;100;0;100;22;100;119;100;94;100;25;100;0;100;0;100;2346;46;97;2397
IE;4;2015;P;0;100;1620;100;158;100;525;100;928;100;3;100;0;100;6;100;397;100;377;100;0;100;0;100;20;100;77;100;58;100;19;100;0;100;0;100;2094;40;100;2154
HU;3;2015;P;1416;100;741;100;475;100;42;100;219;100;5;100;0;100;0;100;267;100;77;100;1;100;145;100;44;100;23;100;23;100;0;100;0;100;36;100;2447;0;1060;3507
PL;3;2015;P;0;100;11313;99;4315;100;5580;100;458;100;0;100;0;100;847;100;1620;100;892;100;2;100;673;100;37;100;274;99;225;100;46;100;0;100;114;100;13207;65;-26;13116
SI;4;2015;P;165;100;325;100;319;100;0;100;0;100;0;100;0;100;6;100;49;100;0;100;29;100;12;100;8;100;274;100;253;100;21;100;14;100;12;100;827;29;269;1067
HR;5;2015;P;0;100;186;100;0;100;158;100;28;100;0;100;0;100;0;100;62;100;62;100;0;100;0;100;0;100;540;100;540;100;0;100;0;100;36;100;788;14;518;1292
PL;4;2015;P;0;100;10101;99;3663;100;5134;100;444;100;0;100;0;100;759;100;1567;100;929;100;3;100;580;100;39;100;276;99;236;100;37;100;0;100;86;100;11944;63;179;12060
MK;4;2015;P;0;100;264;100;264;100;0;100;0;100;0;100;0;100;0;100;12;100;12;100;0;100;0;100;0;100;199;100;0;100;199;100;0;100;17;100;475;0;126;601
MK;5;2015;P;0;100;217;100;217;100;0;100;0;100;0;100;0;100;0;100;8;100;8;100;0;100;0;100;0;100;119;100;0;100;119;100;0;100;17;100;344;0;165;509
CZ;5;2015;P;2127;100;2906;100;2275;100;270;100;345;100;2;100;0;100;14;100;661;100;36;100;263;100;154;100;208;100;262;100;163;100;99;100;0;100;48;100;5956;130;-854;4972
ES;4;2015;P;4690;100;7581;100;236;100;2810;100;3538;100;997;100;0;100;0;100;5382;100;3934;100;1149;100;297;100;2;100;2793;100;2509;100;284;100;93;100;230;100;20539;406;-296;19837
NI;5;2015;P;0;100;467;100;0;100;97;100;369;100;1;100;0;100;0;100;183;100;170;100;0;100;7;100;6;100;1;100;1;100;0;100;0;100;9;100;651;0;60;711
FR;4;2015;P;31187;100;1738;100;0;100;548;100;968;100;222;100;0;100;0;100;2779;100;1452;100;783;100;544;100;0;100;5752;100;5383;100;369;100;0;100;638;100;41456;528;-4081;36847
FR;5;2015;P;30330;100;743;100;0;100;30;100;500;100;213;100;0;100;0;100;3023;100;1580;100;844;100;599;100;0;100;6471;100;5957;100;514;100;0;100;572;100;40567;734;-5960;33873
HU;4;2015;P;1046;100;475;100;278;100;53;100;140;100;4;100;0;100;0;100;248;100;89;100;1;100;124;100;34;100;26;100;26;100;0;100;0;100;30;100;1795;0;1423;3218
GR;3;2015;P;0;100;1834;100;1491;100;0;100;343;100;0;100;0;100;0;100;700;100;321;100;240;100;19;100;120;100;779;100;102;100;677;100;0;100;124;100;3313;8;1199;4504
GB;5;2015;P;5372;100;13745;89;0;100;5708;100;6525;100;0;100;0;100;0;100;4981;100;2142;100;0;100;0;100;0;100;671;86;338;100;239;100;0;100;404;100;24769;311;1586;26044
BA;4;2015;P;0;100;510;100;510;100;0;100;0;100;0;100;0;100;0;100;0;100;0;100;0;100;0;100;0;100;696;100;696;100;0;100;0;100;35;100;1206;0;-260;946
BA;5;2015;P;0;100;505;100;505;100;0;100;0;100;0;100;0;100;0;100;0;100;0;100;0;100;0;100;0;100;573;100;573;100;0;100;0;100;26;100;1078;0;-161;917
SE;3;2015;P;5158;100;380;100;0;100;96;100;53;100;8;100;223;100;0;100;2543;100;1498;100;0;100;1045;100;0;100;6573;100;6573;100;0;100;0;100;262;100;14654;0;-1803;12851
SE;4;2015;P;5027;100;256;100;0;100;44;100;7;100;7;100;0;100;198;100;2265;100;1404;100;0;100;861;100;0;100;5586;100;5586;100;0;100;0;100;224;100;13134;0;-2167;10967
CH;4;2015;D;2010;100;160;100;0;100;0;100;0;100;0;100;0;100;160;100;185;100;11;100;0;100;0;100;174;100;2704;100;0;100;2704;100;0;100;69;100;5059;136;93;5016
RO;4;2015;P;901;100;1533;100;1040;100;152;100;35;100;0;100;306;100;0;100;1088;100;829;100;220;100;39;100;0;100;1730;100;1730;100;0;100;0;100;103;100;5252;26;-791;4435
SK;4;2015;P;1011;100;384;100;159;100;54;100;153;100;18;100;0;100;0;100;210;100;1;100;69;100;93;100;47;100;534;100;499;100;35;100;4;100;21;100;2143;48;99;2194
SK;5;2015;P;1129;100;335;100;153;100;36;100;129;100;17;100;0;100;0;100;204;100;0;100;64;100;94;100;46;100;593;100;567;100;26;100;3;100;20;100;2264;35;-72;2157
BE;4;2015;D;1719;100;1974;100;0;100;311;100;1560;100;1;100;0;100;102;100;1159;100;309;100;393;100;283;100;174;100;108;100;33;100;75;100;16;100;313;100;4976;101;2065;6940
AT;4;2015;P;0;100;982;100;0;100;281;100;433;100;43;100;0;100;225;100;683;100;445;100;;100;;100;238;100;3200;100;2932;100;268;100;719;100;43;100;5584;383;341;5542
EE;4;2015;P;0;100;554;100;0;100;0;100;0;100;0;100;0;100;554;100;130;100;58;100;0;100;72;100;0;100;4;100;4;100;0;100;0;100;33;100;688;0;-9;679
LT;4;2015;P;0;100;147;100;0;100;0;100;121;100;0;100;6;100;20;100;114;100;71;100;8;100;35;100;0;100;91;100;42;100;49;100;0;100;19;100;352;64;585;873
FI;4;2015;P;1957;100;1215;100;0;100;476;100;481;100;16;100;242;100;0;100;1051;100;157;100;0;100;894;100;0;100;1269;100;1269;100;0;100;69;100;0;100;5561;0;1195;6756
DK;4;2015;D;0;100;943;100;0;100;622;100;315;100;6;100;0;100;0;100;1361;100;1070;100;84;100;207;100;;100;2;100;2;100;0;100;0;100;0;100;2306;0;0;2306
UA_W;5;2015;P;0;100;585;100;0;100;0;100;0;100;0;100;585;100;0;100;1;100;0;100;1;100;0;100;0;100;7;100;7;100;0;100;0;100;11;100;593;0;-291;302
CY;4;2015;P;0;100;261;100;0;100;0;100;0;100;261;100;0;100;0;100;22;100;22;100;0;100;0;100;0;100;0;100;0;100;0;100;0;100;0;100;283;0;0;283
CY;5;2015;P;0;100;298;100;0;100;0;100;0;100;298;100;0;100;0;100;16;100;16;100;0;100;0;100;0;100;0;100;0;100;0;100;0;100;0;100;314;0;0;314
CY;6;2015;P;0;100;324;100;0;100;0;100;0;100;324;100;0;100;0;100;19;100;19;100;0;100;0;100;0;100;0;100;0;100;0;100;0;100;0;100;343;0;0;343
IT;4;2015;P;0;100;11330;100;0;100;2684;100;6396;100;291;100;1959;100;0;100;5802;100;1483;100;2520;100;1315;100;484;100;3770;100;3663;100;107;100;0;100;334;100;20902;187;3454;24169
IT;5;2015;P;0;100;11565;100;0;100;2740;100;6528;100;297;100;2000;100;0;100;5763;100;1288;100;2636;100;1342;100;497;100;5229;100;5080;100;149;100;0;100;345;100;22557;193;2663;25027
DE;4;2015;P;7214;100;23946;100;11062;100;8357;100;3267;100;396;100;864;100;0;100;12362;100;4659;100;4427;100;3160;100;116;100;2347;100;1664;100;683;100;0;100;591;100;45869;674;-4306;40889
FI;5;2015;P;1505;100;888;100;0;100;329;100;343;100;14;100;202;100;0;100;954;100;172;100;0;100;782;100;0;100;1789;100;1789;100;0;100;58;100;0;100;5194;0;1074;6268
PT;5;2015;P;0;100;1700;100;0;100;1094;100;577;100;7;100;0;100;22;100;1377;100;1060;100;84;100;233;100;0;100;861;100;765;100;96;100;0;100;56;100;3938;119;120;3939
PT;6;2015;P;0;100;2259;100;0;100;1234;100;1003;100;7;100;0;100;15;100;793;100;491;100;82;100;220;100;0;100;584;100;530;100;54;100;0;100;48;100;3636;69;397;3964
ES;5;2015;P;3554;100;7567;100;226;100;2752;100;3546;100;1043;100;0;100;0;100;6836;100;4841;100;1617;100;375;100;3;100;3189;100;2893;100;296;100;112;100;224;100;21258;423;181;21016
DK;5;2015;P;0;100;616;100;0;100;398;100;216;100;2;100;0;100;0;100;1546;100;1260;100;83;100;203;100;0;100;1;100;1;100;0;100;0;100;0;100;2163;0;485;2648
HR;6;2015;P;0;100;38;100;0;100;38;100;0;100;0;100;0;100;0;100;62;100;62;100;0;100;0;100;0;100;360;100;360;100;0;100;0;100;35;100;460;9;837;1288
LV;5;2015;P;0;100;86;100;0;100;0;100;41;100;0;100;45;100;0;100;67;100;11;100;0;100;24;100;32;100;245;100;245;100;0;100;0;100;23;100;398;0;173;571
CZ;6;2015;P;1989;100;2928;100;2340;100;244;100;327;100;4;100;0;100;13;100;673;100;33;100;285;100;157;100;198;100;216;100;110;100;106;100;0;100;56;100;5806;136;-852;4818
LU;5;2015;P;0;100;21;100;0;100;0;100;21;100;0;100;0;100;0;100;24;100;6;100;14;100;4;100;0;100;131;100;7;100;124;100;8;100;2;100;184;171;484;497
LU;6;2015;P;0;100;16;100;0;100;0;100;16;100;0;100;0;100;0;100;26;100;6;100;16;100;4;100;0;100;112;100;4;100;108;100;8;100;2;100;162;145;486;503
RS;5;2015;P;0;100;2351;100;2351;100;0;100;0;100;0;100;0;100;0;100;0;100;0;100;0;100;0;100;0;100;1142;100;1087;100;55;100;0;100;80;100;3493;136;-586;2771
RS;6;2015;P;0;100;2500;100;2500;100;0;100;0;100;0;100;0;100;0;100;0;100;0;100;0;100;0;100;0;100;823;100;762;100;61;100;0;100;82;100;3323;111;-536;2676
RO;5;2015;P;593;100;1346;100;926;100;118;100;66;100;0;100;236;100;0;100;739;100;452;100;239;100;48;100;0;100;1911;100;1911;100;0;100;0;100;77;100;4589;38;-293;4258
PL;5;2015;P;0;100;10243;99;3954;100;5242;100;230;100;0;100;0;100;715;100;1293;100;609;100;4;100;629;100;38;100;235;99;206;100;27;100;0;100;107;100;11771;47;287;12011
HU;5;2015;P;1055;100;589;100;475;100;46;100;66;100;2;100;0;100;0;100;225;100;60;100;1;100;126;100;38;100;28;100;28;100;0;100;0;100;33;100;1897;0;1312;3209
GB;6;2015;P;5177;100;13701;89;0;100;5036;100;7158;100;0;100;0;100;0;100;3360;100;1445;100;0;100;0;100;0;100;548;86;264;100;207;100;0;100;567;100;22786;287;1828;24327
CH;5;2015;D;2172;100;168;100;0;100;0;100;0;100;0;100;0;100;168;100;181;100;11;100;0;100;0;100;170;100;4078;100;0;100;4078;100;0;100;85;100;6599;278;-1481;4840
IE;5;2015;P;0;100;1463;100;176;100;411;100;873;100;0;100;0;100;3;100;607;100;589;100;0;100;0;100;18;100;96;100;72;100;24;100;0;100;0;100;2166;46;72;2192
FR;6;2015;P;30719;100;767;100;0;100;51;100;473;100;243;100;0;100;0;100;2779;100;1255;100;952;100;572;100;0;100;5616;100;5174;100;442;100;0;100;568;100;39881;632;-6024;33225
EE;5;2015;P;0;100;652;100;0;100;0;100;0;100;0;100;0;100;652;100;109;100;45;100;0;100;64;100;0;100;3;100;3;100;0;100;0;100;31;100;764;0;-130;634
LT;5;2015;P;0;100;244;100;0;100;0;100;215;100;0;100;11;100;18;100;84;100;50;100;9;100;25;100;0;100;72;100;33;100;39;100;0;100;17;100;400;63;525;862
GR;4;2015;P;0;100;1416;100;1142;100;0;100;274;100;0;100;0;100;0;100;762;100;291;100;345;100;18;100;108;100;635;100;101;100;534;100;0;100;94;100;2813;9;968;3772
GR;5;2015;P;0;100;1682;100;1447;100;0;100;235;100;0;100;0;100;0;100;719;100;227;100;366;100;18;100;108;100;482;100;78;100;404;100;0;100;84;100;2883;10;950;3823
DK;6;2015;P;0;100;565;100;0;100;479;100;85;100;1;100;0;100;0;100;1247;100;993;100;88;100;166;100;0;100;1;100;1;100;0;100;0;100;0;100;1813;0;1094;2907
ME;4;2015;P;0;100;109;100;109;100;0;100;0;100;0;100;0;100;0;100;0;100;0;100;0;100;0;100;0;100;121;100;0;100;121;100;0;100;0;100;230;0;31;261
RO;6;2015;P;847;100;1478;100;918;100;97;100;211;100;0;100;252;100;0;100;728;100;447;100;242;100;39;100;0;100;1403;100;1403;100;0;100;0;100;79;100;4456;15;-239;4202
UA_W;6;2015;P;0;100;646;100;0;100;0;100;0;100;0;100;646;100;0;100;2;100;0;100;2;100;0;100;0;100;6;100;6;100;0;100;0;100;13;100;654;0;-359;295
BG;5;2015;P;951;100;1277;100;1134;100;70;100;73;100;0;100;0;100;0;100;250;100;82;100;152;100;16;100;0;100;630;100;603;100;27;100;0;100;57;100;3108;54;-650;2404
BG;6;2015;P;1339;100;1327;100;1193;100;69;100;65;100;0;100;0;100;0;100;272;100;107;100;148;100;17;100;0;100;579;100;568;100;11;100;0;100;65;100;3517;21;-1133;2363
ME;5;2015;P;0;100;0;100;0;100;0;100;0;100;0;100;0;100;0;100;0;100;0;100;0;100;0;100;0;100;126;100;0;100;126;100;0;100;0;100;126;0;114;240
ME;6;2015;P;0;100;91;100;91;100;0;100;0;100;0;100;0;100;0;100;0;100;0;100;0;100;0;100;0;100;46;100;0;100;46;100;0;100;0;100;137;0;120;257
NI;6;2015;P;0;100;486;100;0;100;97;100;388;100;1;100;0;100;0;100;131;100;118;100;0;100;7;100;6;100;1;100;1;100;0;100;0;100;9;100;618;0;42;660
SI;5;2015;P;216;100;215;100;213;100;0;100;0;100;0;100;0;100;2;100;43;100;0;100;28;100;12;100;3;100;418;100;398;100;20;100;8;100;12;100;900;29;221;1092
SK;6;2015;P;927;100;274;100;105;100;26;100;127;100;16;100;0;100;0;100;196;100;0;100;72;100;81;100;43;100;426;100;407;100;19;100;5;100;19;100;1828;25;312;2115
DE;5;2015;P;7387;100;19382;100;9771;100;6012;100;2389;100;294;100;916;100;0;100;12647;100;4850;100;4508;100;3166;100;123;100;2599;100;1894;100;705;100;0;100;540;100;42015;699;-1709;39607
IT;6;2015;P;0;100;12187;100;0;100;2887;100;6880;100;313;100;2107;100;0;100;5697;100;989;100;2832;100;1415;100;461;100;5235;100;5086;100;149;100;0;100;0;100;23119;114;3323;26328
IT;7;2015;P;0;100;16720;100;0;100;3961;100;9438;100;430;100;2891;100;0;100;6326;100;734;100;3182;100;1940;100;470;100;4914;100;4774;100;140;100;0;100;441;100;27960;148;4158;31970
HU;6;2015;P;1257;100;491;100;378;100;31;100;80;100;2;100;0;100;0;100;200;100;41;100;1;100;128;100;30;100;22;100;22;100;0;100;0;100;33;100;1970;0;1279;3249
PL;6;2015;P;0;100;10282;99;4343;100;4992;100;183;100;0;100;0;100;661;100;1086;100;440;100;5;100;570;100;60;100;213;99;173;100;38;100;0;100;121;100;11581;36;171;11716
CH;6;2015;D;1494;100;161;100;0;100;0;100;0;100;0;100;0;100;161;100;174;100;11;100;0;100;0;100;163;100;4585;100;0;100;4585;100;0;100;55;100;6414;284;-1418;4712
NI;7;2015;P;0;100;497;100;0;100;149;100;347;100;1;100;0;100;0;100;127;100;113;100;0;100;8;100;6;100;1;100;1;100;0;100;0;100;9;100;625;0;33;658
IE;6;2015;P;0;100;1524;100;209;100;474;100;835;100;0;100;0;100;6;100;422;100;401;100;0;100;0;100;21;100;43;100;22;100;21;100;0;100;0;100;1989;40;106;2055
HR;7;2015;P;0;100;254;100;0;100;195;100;59;100;0;100;0;100;0;100;35;100;35;100;0;100;0;100;0;100;319;100;319;100;0;100;0;100;41;100;608;17;982;1573
BA;6;2015;P;0;100;716;100;716;100;0;100;0;100;0;100;0;100;0;100;0;100;0;100;0;100;0;100;0;100;231;100;231;100;0;100;0;100;25;100;947;0;-47;900
BA;7;2015;P;0;100;815;100;815;100;0;100;0;100;0;100;0;100;0;100;0;100;0;100;0;100;0;100;0;100;320;100;319;100;1;100;0;100;29;100;1135;0;-150;985
CZ;7;2015;P;1573;100;3218;100;2519;100;407;100;276;100;3;100;0;100;13;100;716;100;37;100;312;100;166;100;201;100;197;100;95;100;102;100;0;100;70;100;5704;133;-712;4859
ES;6;2015;P;3772;100;10353;100;587;100;4950;100;3765;100;1051;100;0;100;0;100;4914;100;2901;100;1620;100;390;100;3;100;2611;100;2503;100;108;100;117;100;228;100;21767;154;1;21614
DK;7;2015;P;0;100;272;100;0;100;204;100;66;100;2;100;0;100;0;100;1323;100;1074;100;89;100;160;100;0;100;1;100;1;100;0;100;0;100;0;100;1596;0;960;2556
NL;4;2015;P;365;100;6820;100;0;100;0;100;0;100;0;100;0;100;6820;100;936;100;659;100;5;100;272;100;0;100;11;100;11;100;0;100;0;100;52;100;8132;0;609;8741
NL;5;2015;P;130;100;6364;100;0;100;0;100;0;100;0;100;0;100;6364;100;689;100;405;100;8;100;276;100;0;100;10;100;10;100;0;100;0;100;36;100;7193;0;1688;8881
NL;6;2015;P;227;100;5842;100;0;100;0;100;0;100;0;100;0;100;5842;100;865;100;554;100;9;100;302;100;0;100;7;100;7;100;0;100;0;100;40;100;6941;0;1882;8823
NL;7;2015;P;328;100;6986;100;0;100;0;100;0;100;0;100;0;100;6986;100;730;100;415;100;11;100;304;100;0;100;2;100;2;100;0;100;0;100;62;100;8046;0;1145;9191
MK;6;2015;P;0;100;207;100;207;100;0;100;0;100;0;100;0;100;0;100;10;100;10;100;0;100;0;100;0;100;85;100;0;100;85;100;0;100;16;100;302;0;163;465
MK;7;2015;P;0;100;224;100;224;100;0;100;0;100;0;100;0;100;0;100;8;100;8;100;0;100;0;100;0;100;103;100;0;100;103;100;0;100;16;100;335;0;214;549
LT;6;2015;P;0;100;238;100;0;100;0;100;201;100;0;100;15;100;22;100;74;100;37;100;11;100;26;100;0;100;85;100;23;100;62;100;0;100;16;100;397;83;511;825
SI;6;2015;P;493;100;295;100;294;100;0;100;0;100;0;100;0;100;1;100;50;100;0;100;33;100;13;100;4;100;410;100;383;100;27;100;7;100;15;100;1255;34;-133;1088
BE;5;2015;D;2106;100;1723;100;0;100;255;100;1370;100;5;100;0;100;93;100;1200;100;396;100;414;100;226;100;164;100;105;100;23;100;82;100;16;100;306;100;5150;112;1757;6795
ME;7;2015;P;0;100;143;100;143;100;0;100;0;100;0;100;0;100;0;100;0;100;0;100;0;100;0;100;0;100;116;100;0;100;116;100;0;100;14;100;259;0;66;325
EE;6;2015;P;0;100;437;100;0;100;0;100;0;100;0;100;0;100;437;100;100;100;51;100;0;100;49;100;0;100;1;100;1;100;0;100;0;100;33;100;538;0;35;573
FI;6;2015;P;1855;100;461;100;0;100;140;100;201;100;10;100;110;100;0;100;878;100;165;100;0;100;713;100;0;100;1706;100;1706;100;0;100;55;100;0;100;4955;0;883;5838
BE;6;2015;D;2207;100;1489;100;0;100;153;100;1249;100;4;100;0;100;83;100;1079;100;323;100;459;100;147;100;150;100;95;100;10;100;85;100;15;100;300;100;4885;112;1884;6657
GR;6;2015;P;0;100;1904;100;1690;100;0;100;214;100;0;100;0;100;0;100;754;100;274;100;360;100;18;100;102;100;404;100;47;100;357;100;0;100;99;100;3062;5;908;3965
SE;5;2015;P;3551;100;243;100;0;100;28;100;2;100;9;100;0;100;204;100;2076;100;1273;100;0;100;803;100;0;100;6433;100;6433;100;0;100;0;100;254;100;12303;0;-1809;10494
SE;6;2015;P;3245;100;132;100;0;100;0;100;3;100;8;100;0;100;121;100;1673;100;1078;100;0;100;595;100;0;100;6503;100;6503;100;0;100;0;100;291;100;11553;0;-1951;9602
DE;6;2015;P;6680;100;22176;100;10658;100;7888;100;2452;100;253;100;925;100;0;100;11799;100;3903;100;4739;100;3053;100;104;100;2359;100;1731;100;628;100;0;100;463;100;43014;597;-2542;39875
HU;7;2015;P;1086;100;781;100;401;100;31;100;344;100;5;100;0;100;0;100;184;100;30;100;1;100;113;100;40;100;13;100;13;100;0;100;0;100;35;100;2064;0;1420;3484
IE;7;2015;P;0;100;1582;100;167;100;413;100;996;100;0;100;0;100;6;100;511;100;490;100;0;100;0;100;21;100;45;100;23;100;22;100;0;100;0;100;2138;39;1;2100
SK;7;2015;P;1114;100;308;100;81;100;71;100;137;100;19;100;0;100;0;100;201;100;0;100;74;100;84;100;43;100;272;100;251;100;21;100;5;100;33;100;1900;28;319;2191
SI;7;2015;P;450;100;454;100;451;100;0;100;2;100;0;100;0;100;1;100;49;100;0;100;32;100;13;100;4;100;347;100;322;100;25;100;5;100;17;100;1305;35;-121;1149
FR;7;2015;P;33272;100;1394;100;0;100;225;100;880;100;289;100;0;100;0;100;2969;100;1400;100;943;100;626;100;0;100;4027;100;3661;100;366;100;0;100;619;100;41662;524;-6251;34887
NI;8;2015;P;0;100;556;100;0;100;205;100;350;100;1;100;0;100;0;100;119;100;107;100;0;100;6;100;6;100;1;100;1;100;0;100;0;100;9;100;676;0;-15;661
HR;8;2015;P;0;100;224;100;0;100;181;100;43;100;0;100;0;100;0;100;36;100;36;100;0;100;0;100;0;100;260;100;260;100;0;100;0;100;40;100;520;20;994;1494
RO;7;2015;P;926;100;2464;100;1438;100;123;100;642;100;0;100;261;100;0;100;637;100;323;100;272;100;42;100;0;100;1117;100;1117;100;0;100;0;100;0;100;5144;10;-498;4636
ES;7;2015;P;4799;100;12896;100;612;100;5693;100;5420;100;1171;100;0;100;0;100;5348;100;3113;100;1819;100;411;100;5;100;2166;100;2048;100;118;100;115;100;304;100;25324;168;-184;24972
NO;1;2015;P;0;100;293;100;0;100;0;100;293;100;0;100;0;100;0;100;300;100;300;100;0;100;0;100;0;100;14174;100;14174;100;0;100;0;100;1195;100;14767;64;-1177;13526
NO;2;2015;P;0;100;282;100;0;100;0;100;282;100;0;100;0;100;0;100;260;100;260;100;0;100;0;100;0;100;12329;100;12329;100;0;100;0;100;1041;100;12871;60;-746;12065
NO;3;2015;P;0;100;298;100;0;100;0;100;298;100;0;100;0;100;0;100;241;100;241;100;0;100;0;100;0;100;12637;100;12637;100;0;100;0;100;0;100;13176;60;-872;12244
NO;4;2015;P;0;100;274;100;0;100;0;100;274;100;0;100;0;100;0;100;209;100;209;100;0;100;0;100;0;100;10531;100;10531;100;0;100;0;100;877;100;11014;63;-541;10410
NO;5;2015;P;0;100;302;100;0;100;0;100;302;100;0;100;0;100;0;100;172;100;172;100;0;100;0;100;0;100;10454;100;10454;100;0;100;0;100;877;100;10928;0;-939;9989
NO;6;2015;P;0;100;290;100;0;100;0;100;290;100;0;100;0;100;0;100;170;100;170;100;0;100;0;100;0;100;10631;100;10631;100;0;100;0;100;796;100;11091;348;-1863;8880
NO;7;2015;P;0;100;299;100;0;100;0;100;299;100;0;100;0;100;0;100;120;100;120;100;0;100;0;100;0;100;9774;100;9774;100;0;100;0;100;734;100;10193;661;-1141;8391
PT;7;2015;P;0;100;2439;100;0;100;1257;100;1160;100;8;100;0;100;14;100;1089;100;776;100;89;100;224;100;0;100;467;100;387;100;80;100;0;100;50;100;3995;100;385;4280
PT;8;2015;P;0;100;2180;100;0;100;1225;100;929;100;3;100;0;100;23;100;1042;100;725;100;79;100;238;100;0;100;421;100;325;100;96;100;0;100;50;100;3643;120;384;3907
AT;5;2015;P;0;100;531;100;0;100;41;100;176;100;53;100;0;100;261;100;577;100;339;100;;100;;100;238;100;4268;100;3933;100;335;100;900;100;57;100;6276;478;-330;5468
AT;6;2015;P;0;100;385;100;0;100;28;100;116;100;50;100;0;100;191;100;448;100;210;100;;100;;100;238;100;4242;100;3964;100;278;100;805;100;56;100;5880;397;-107;5376
AT;7;2015;P;0;100;634;100;0;100;19;100;345;100;53;100;0;100;217;100;440;100;202;100;;100;;100;238;100;3523;100;3230;100;293;100;691;100;62;100;5288;418;718;5588
CH;7;2015;D;1899;100;190;100;0;100;0;100;0;100;0;100;0;100;190;100;169;100;11;100;0;100;0;100;158;100;4314;100;0;100;4314;100;0;100;71;100;6572;325;-1474;4773
GB;7;2015;P;5380;100;13694;89;0;100;4964;100;7224;100;0;100;0;100;0;100;3207;100;1379;100;0;100;0;100;0;100;588;86;290;100;216;100;0;100;426;100;22869;295;1995;24569
EE;7;2015;P;0;100;490;100;0;100;0;100;0;100;0;100;0;100;490;100;80;100;42;100;0;100;38;100;0;100;1;100;1;100;0;100;0;100;32;100;571;0;3;574
LT;7;2015;P;0;100;228;100;0;100;0;100;147;100;0;100;56;100;25;100;93;100;54;100;10;100;29;100;0;100;84;100;17;100;67;100;0;100;16;100;405;92;533;846
CZ;8;2015;P;1993;100;2943;100;2172;100;405;100;350;100;2;100;0;100;14;100;658;100;28;100;287;100;146;100;197;100;153;100;85;100;68;100;0;100;75;100;5747;91;-1015;4641
DK;8;2015;D;0;100;372;100;0;100;249;100;123;100;0;100;0;100;0;100;1057;100;807;100;85;100;165;100;0;100;1;100;1;100;0;100;0;100;0;100;1430;0;1262;2692
PL;7;2015;P;0;100;11067;99;4481;100;5679;100;143;100;0;100;0;100;653;100;1270;100;700;100;6;100;514;100;37;100;153;99;98;100;53;100;0;100;152;100;12490;82;-75;12333
BE;7;2015;D;1795;100;1752;100;0;100;243;100;1403;100;8;100;0;100;98;100;1153;100;386;100;388;100;211;100;168;100;92;100;5;100;87;100;16;100;295;100;4808;119;1859;6548
GB;8;2015;P;5098;100;13913;89;0;100;5090;100;7293;100;0;100;0;100;0;100;3153;100;1356;100;0;100;0;100;0;100;501;86;220;100;211;100;0;100;363;100;22665;292;1988;24361
LV;6;2015;P;0;100;125;100;0;100;0;100;85;100;0;100;40;100;0;100;65;100;9;100;0;100;25;100;31;100;94;100;94;100;0;100;0;100;21;100;284;0;238;522
UA_W;7;2015;P;0;100;724;100;0;100;0;100;0;100;0;100;724;100;0;100;3;100;0;100;3;100;0;100;0;100;7;100;7;100;0;100;0;100;16;100;734;0;-414;320
UA_W;8;2015;P;0;100;588;100;0;100;0;100;0;100;0;100;588;100;0;100;4;100;1;100;3;100;0;100;0;100;3;100;3;100;0;100;0;100;14;100;595;0;-277;318
LU;7;2015;P;0;100;15;100;0;100;0;100;15;100;0;100;0;100;0;100;26;100;7;100;15;100;4;100;0;100;107;100;1;100;106;100;8;100;2;100;156;148;534;542
DE;7;2015;P;5071;100;24751;100;11777;100;8697;100;3022;100;291;100;964;100;0;100;13330;100;5306;100;5019;100;2922;100;83;100;1873;100;1289;100;584;100;0;100;643;100;45025;662;-2893;41470
RS;7;2015;P;0;100;2560;100;2560;100;0;100;0;100;0;100;0;100;0;100;0;100;0;100;0;100;0;100;0;100;661;100;584;100;77;100;0;100;85;100;3221;93;-212;2916
RS;8;2015;P;0;100;2345;100;2345;100;0;100;0;100;0;100;0;100;0;100;0;100;0;100;0;100;0;100;0;100;506;100;471;100;35;100;0;100;77;100;2851;44;45;2852
BG;7;2015;P;1375;100;1654;100;1506;100;85;100;63;100;0;100;0;100;0;100;249;100;57;100;176;100;16;100;0;100;597;100;594;100;3;100;0;100;75;100;3875;5;-1259;2611
BG;8;2015;P;1285;100;1842;100;1724;100;69;100;49;100;0;100;0;100;0;100;269;100;93;100;157;100;19;100;0;100;327;100;322;100;5;100;0;100;80;100;3723;12;-1174;2537
IS;4;2015;P;0;100;0;100;0;100;0;100;0;100;0;100;0;100;0;100;398;100;1;100;0;100;0;100;397;100;1117;100;1117;100;0;100;0;100;31;100;1515;0;0;1515
IS;5;2015;P;0;100;0;100;0;100;0;100;0;100;0;100;0;100;0;100;389;100;1;100;0;100;0;100;388;100;1176;100;1176;100;0;100;0;100;32;100;1565;0;0;1565
IS;6;2015;P;0;100;0;100;0;100;0;100;0;100;0;100;0;100;0;100;366;100;0;100;0;100;0;100;366;100;1100;100;1100;100;0;100;0;100;29;100;1466;0;0;1466
IS;7;2015;P;0;100;0;100;0;100;0;100;0;100;0;100;0;100;0;100;383;100;1;100;0;100;0;100;382;100;1112;100;1112;100;0;100;0;100;29;100;1495;0;0;1495
IS;8;2015;P;0;100;0;100;0;100;0;100;0;100;0;100;0;100;0;100;360;100;1;100;0;100;0;100;359;100;1133;100;1133;100;0;100;0;100;30;100;1493;0;0;1493
ES;8;2015;P;4964;100;10830;100;495;100;4979;100;4193;100;1163;100;0;100;0;100;5151;100;3287;100;1437;100;422;100;5;100;1838;100;1627;100;211;100;111;100;248;100;22894;301;-252;22341
HU;8;2015;P;1092;100;863;100;487;100;40;100;331;100;5;100;0;100;0;100;186;100;29;100;1;100;115;100;41;100;9;100;9;100;0;100;0;100;35;100;2150;0;1192;3342
LV;7;2015;P;0;100;192;100;0;100;0;100;154;100;0;100;38;100;0;100;68;100;11;100;0;100;26;100;31;100;49;100;49;100;0;100;0;100;20;100;309;0;240;549
LV;8;2015;P;0;100;322;100;0;100;0;100;284;100;0;100;38;100;0;100;65;100;7;100;0;100;27;100;31;100;40;100;40;100;0;100;0;100;21;100;427;0;141;568
EE;8;2015;P;0;100;580;100;0;100;0;100;0;100;0;100;0;100;580;100;94;100;30;100;0;100;64;100;0;100;1;100;1;100;0;100;0;100;29;100;675;0;-82;593
CY;7;2015;P;0;100;436;100;0;100;0;100;0;100;436;100;0;100;0;100;16;100;16;100;0;100;0;100;0;100;0;100;0;100;0;100;0;100;0;100;452;0;0;452
CY;8;2015;P;0;100;478;100;0;100;0;100;0;100;478;100;0;100;0;100;17;100;17;100;0;100;0;100;0;100;0;100;0;100;0;100;0;100;0;100;495;0;0;495
CZ;9;2015;P;1674;100;3036;100;2285;100;384;100;353;100;2;100;0;100;12;100;589;100;40;100;204;100;148;100;197;100;173;100;86;100;87;100;0;100;82;100;5472;110;-497;4865
SI;8;2015;P;504;100;273;100;272;100;0;100;0;100;0;100;0;100;1;100;46;100;0;100;30;100;12;100;4;100;353;100;330;100;23;100;4;100;13;100;1180;31;-76;1073
FI;7;2015;P;1997;100;385;100;0;100;123;100;165;100;10;100;87;100;;100;790;100;100;100;0;100;690;100;;100;1474;100;1474;100;0;100;57;100;0;100;4703;0;1238;5941
NI;9;2015;P;0;100;535;100;0;100;206;100;328;100;1;100;0;100;0;100;122;100;104;100;0;100;11;100;7;100;1;100;1;100;0;100;0;100;9;100;658;0;27;685
HR;9;2015;P;0;100;228;100;0;100;185;100;43;100;0;100;0;100;0;100;89;100;89;100;0;100;0;100;0;100;224;100;224;100;0;100;0;100;35;100;541;18;813;1336
RO;8;2015;P;923;100;2400;100;1394;100;119;100;640;100;0;100;247;100;0;100;744;100;477;100;223;100;44;100;0;100;985;100;985;100;0;100;0;100;77;100;5052;11;-643;4398
CH;8;2015;D;1032;100;182;100;0;100;0;100;0;100;0;100;0;100;182;100;162;100;11;100;0;100;0;100;151;100;3540;100;0;100;3540;100;0;100;52;100;4916;329;148;4735
BA;8;2015;P;0;100;883;100;883;100;0;100;0;100;0;100;0;100;0;100;0;100;0;100;0;100;0;100;0;100;273;100;273;100;0;100;0;100;32;100;1156;0;-189;967
BA;9;2015;P;0;100;842;100;842;100;0;100;0;100;0;100;0;100;0;100;0;100;0;100;0;100;0;100;0;100;264;100;264;100;0;100;0;100;25;100;1106;0;-179;927
DK;9;2015;D;0;100;396;100;0;100;289;100;107;100;0;100;0;100;0;100;1215;100;976;100;57;100;182;100;0;100;1;100;1;100;0;100;0;100;0;100;1612;0;1085;2697
MK;8;2015;P;0;100;238;100;238;100;0;100;0;100;0;100;0;100;0;100;5;100;5;100;0;100;0;100;0;100;83;100;0;100;83;100;0;100;15;100;326;0;215;541
MK;9;2015;P;0;100;240;100;240;100;0;100;0;100;0;100;0;100;0;100;9;100;9;100;0;100;0;100;0;100;47;100;0;100;47;100;0;100;13;100;296;0;229;525
FR;8;2015;P;31995;100;875;100;0;100;160;100;459;100;256;100;0;100;0;100;2618;100;1126;100;852;100;640;100;0;100;3419;100;3065;100;354;100;0;100;585;100;38907;506;-6819;31582
PL;8;2015;P;0;100;11119;99;4125;100;5990;100;197;100;0;100;0;100;696;100;1098;100;640;100;8;100;404;100;35;100;124;99;71;100;52;100;0;100;138;100;12341;85;39;12295
GR;7;2015;P;0;100;3101;100;2237;100;0;100;864;100;0;100;0;100;0;100;737;100;228;100;389;100;18;100;102;100;513;100;37;100;476;100;0;100;132;100;4351;0;504;4855
SE;7;2015;P;4359;100;128;100;0;100;0;100;3;100;10;100;0;100;115;100;1470;100;924;100;0;100;546;100;0;100;6050;100;6050;100;0;100;0;100;239;100;12007;0;-3100;8907
SE;8;2015;P;3901;100;123;100;0;100;0;100;2;100;7;100;0;100;114;100;1474;100;903;100;0;100;571;100;0;100;6632;100;6632;100;0;100;0;100;296;100;12130;0;-2569;9561
BE;8;2015;D;1366;100;1939;100;0;100;423;100;1408;100;10;100;0;100;98;100;1052;100;271;100;379;100;234;100;168;100;89;100;7;100;82;100;14;100;298;100;4460;109;2258;6609
LT;8;2015;P;0;100;225;100;0;100;0;100;183;100;0;100;18;100;24;100;79;100;40;100;11;100;28;100;0;100;60;100;14;100;46;100;0;100;17;100;364;69;568;863
IS;9;2015;P;0;100;0;100;0;100;0;100;0;100;0;100;0;100;0;100;362;100;1;100;0;100;0;100;361;100;1088;100;1088;100;0;100;0;100;28;100;1450;0;0;1450
RO;9;2015;P;902;100;2240;100;1322;100;117;100;599;100;0;100;202;100;0;100;773;100;556;100;172;100;45;100;0;100;935;100;935;100;0;100;0;100;83;100;4850;13;-571;4266
FI;8;2015;P;1658;100;477;100;0;100;201;100;163;100;10;100;103;100;;100;816;100;107;100;0;100;709;100;0;100;1515;100;1515;100;0;100;56;100;0;100;4522;0;1486;6008
NO;8;2015;P;0;100;297;100;0;100;0;100;297;100;0;100;0;100;0;100;158;100;158;100;0;100;0;100;0;100;10273;100;10273;100;0;100;0;100;763;100;10728;380;-1763;8585
ES;9;2015;P;4874;100;9929;100;432;100;4387;100;3958;100;1152;100;0;100;0;100;4630;100;3021;100;1204;100;402;100;3;100;1764;100;1592;100;172;100;115;100;224;100;21312;245;-170;20897
LU;8;2015;P;0;100;14;100;0;100;0;100;14;100;0;100;0;100;0;100;22;100;5;100;13;100;4;100;0;100;123;100;1;100;122;100;8;100;0;100;167;163;508;512
GB;9;2015;P;5032;100;14952;89;0;100;5239;100;8066;100;2;100;0;100;0;100;3088;100;1328;100;0;100;0;100;0;100;386;86;107;100;225;100;0;100;0;100;23458;309;1933;25082
IT;8;2015;P;0;100;13147;100;0;100;3115;100;7421;100;338;100;2273;100;0;100;5608;100;751;100;2843;100;1526;100;488;100;3383;100;3274;100;109;100;0;100;344;100;22138;94;2414;24458
IT;9;2015;P;0;100;14115;100;0;100;3344;100;7968;100;363;100;2440;100;0;100;5507;100;1209;100;2174;100;1638;100;486;100;3573;100;3472;100;101;100;0;100;365;100;23195;120;3374;26449
SI;9;2015;P;497;100;337;100;336;100;0;100;0;100;0;100;0;100;1;100;38;100;1;100;20;100;13;100;4;100;375;100;360;100;15;100;4;100;13;100;1251;22;-130;1099
SK;8;2015;P;1269;100;304;100;93;100;66;100;126;100;19;100;0;100;0;100;201;100;0;100;69;100;89;100;43;100;223;100;201;100;22;100;5;100;25;100;2002;29;163;2136
SK;9;2015;P;1200;100;330;100;109;100;71;100;131;100;19;100;0;100;0;100;167;100;1;100;50;100;75;100;41;100;202;100;188;100;14;100;3;100;25;100;1902;19;245;2128
DE;8;2015;P;7055;100;23674;100;12375;100;7805;100;2238;100;301;100;955;100;0;100;11058;100;3440;100;4624;100;2924;100;70;100;1698;100;1142;100;556;100;0;100;528;100;43485;612;-3049;39824
UA_W;9;2015;P;0;100;482;100;0;100;0;100;0;100;0;100;482;100;0;100;2;100;0;100;2;100;0;100;0;100;5;100;5;100;0;100;0;100;11;100;489;0;-192;297
AT;8;2015;P;0;100;658;100;0;100;15;100;350;100;50;100;0;100;243;100;459;100;221;100;;100;;100;238;100;3238;100;2978;100;260;100;648;100;55;100;5003;371;804;5436
AT;9;2015;P;0;100;914;100;0;100;156;100;502;100;44;100;0;100;212;100;437;100;437;100;;100;;100;0;100;2788;100;2488;100;300;100;663;100;47;100;4802;428;897;5271
ME;8;2015;P;0;100;140;100;140;100;0;100;0;100;0;100;0;100;0;100;0;100;0;100;0;100;0;100;0;100;54;100;0;100;54;100;0;100;12;100;194;0;125;319
ME;9;2015;P;0;100;140;100;140;100;0;100;0;100;0;100;0;100;0;100;0;100;0;100;0;100;0;100;0;100;76;100;0;100;76;100;0;100;9;100;216;0;37;253
DK;10;2015;D;0;100;785;100;0;100;450;100;322;100;13;100;0;100;0;100;1157;100;937;100;29;100;191;100;0;100;1;100;1;100;0;100;0;100;0;100;1943;0;0;1943
HU;9;2015;P;1314;100;793;100;509;100;46;100;233;100;5;100;0;100;0;100;257;100;76;100;1;100;142;100;38;100;9;100;9;100;0;100;0;100;36;100;2373;0;940;3313
CZ;10;2015;P;1900;100;3778;100;2736;100;485;100;543;100;5;100;0;100;9;100;526;100;34;100;114;100;172;100;206;100;213;100;91;100;122;100;0;100;109;100;6417;160;-748;5509
IE;8;2015;P;0;100;1651;100;214;100;267;100;1163;100;1;100;0;100;6;100;389;100;368;100;0;100;0;100;21;100;63;100;39;100;24;100;0;100;0;100;2103;45;29;2087
IE;9;2015;P;0;100;1707;100;240;100;356;100;1104;100;1;100;0;100;6;100;403;100;382;100;0;100;0;100;21;100;60;100;38;100;22;100;0;100;0;100;2170;39;-11;2120
GR;8;2015;P;0;100;2636;100;1985;100;0;100;651;100;0;100;0;100;0;100;904;100;384;100;400;100;18;100;102;100;496;100;29;100;467;100;0;100;119;100;4036;3;654;4687
CH;9;2015;D;1261;100;175;100;0;100;0;100;0;100;0;100;0;100;175;100;156;100;11;100;0;100;0;100;145;100;3241;100;0;100;3241;100;0;100;62;100;4833;246;312;4899
UA_W;10;2015;P;0;100;618;100;0;100;0;100;0;100;0;100;618;100;0;100;2;100;1;100;1;100;0;100;0;100;6;100;6;100;0;100;0;100;14;100;626;0;-258;368
MK;10;2015;P;0;100;249;100;249;100;0;100;0;100;0;100;0;100;0;100;7;100;7;100;0;100;0;100;0;100;96;100;0;100;96;100;0;100;14;100;352;0;245;597
NI;10;2015;P;0;100;584;100;0;100;181;100;400;100;3;100;0;100;0;100;101;100;83;100;0;100;11;100;7;100;1;100;1;100;0;100;0;100;9;100;686;0;31;717
PL;9;2015;P;0;100;11051;99;3880;100;6132;100;266;100;0;100;0;100;662;100;1224;100;660;100;5;100;511;100;36;100;123;99;67;100;55;100;0;100;143;100;12398;77;-222;12099
HR;10;2015;P;0;100;328;100;0;100;196;100;132;100;0;100;0;100;0;100;88;100;88;100;0;100;0;100;0;100;486;100;486;100;0;100;0;100;37;100;902;9;458;1351
IE;10;2015;P;0;100;1831;100;246;100;360;100;1218;100;1;100;0;100;6;100;409;100;388;100;0;100;0;100;21;100;51;100;26;100;25;100;0;100;0;100;2291;47;32;2276
PT;9;2015;P;0;100;2287;100;0;100;1192;100;1064;100;8;100;0;100;23;100;949;100;646;100;69;100;234;100;0;100;496;100;423;100;73;100;0;100;47;100;3732;90;241;3883
PT;10;2015;P;0;100;2265;100;0;100;1266;100;970;100;8;100;0;100;21;100;1448;100;1177;100;48;100;223;100;0;100;765;100;647;100;118;100;0;100;55;100;4478;149;-342;3987
LT;9;2015;P;0;100;235;100;0;100;0;100;190;100;0;100;22;100;23;100;71;100;41;100;7;100;23;100;0;100;87;100;11;100;76;100;0;100;17;100;393;101;574;866
FI;9;2015;P;1764;100;822;100;0;100;337;100;289;100;12;100;184;100;;100;878;100;175;100;0;100;703;100;0;100;1264;100;1264;100;0;100;47;100;0;100;4775;0;1343;6118
BE;9;2015;D;1100;100;2528;100;0;100;421;100;2001;100;9;100;0;100;97;100;1054;100;386;100;264;100;232;100;172;100;103;100;13;100;90;100;15;100;304;100;4800;122;2053;6731
FR;9;2015;P;30643;100;1957;100;0;100;598;100;1112;100;247;100;0;100;0;100;3003;100;1675;100;716;100;612;100;0;100;3424;100;3131;100;293;100;0;100;586;100;39027;418;-5126;33483
EE;9;2015;P;0;100;694;100;0;100;0;100;0;100;0;100;0;100;694;100;103;100;37;100;0;100;66;100;0;100;1;100;1;100;0;100;0;100;33;100;798;0;-174;624
NL;8;2015;P;373;100;6365;100;0;100;0;100;0;100;0;100;0;100;6365;100;897;100;564;100;11;100;322;100;0;100;1;100;1;100;0;100;0;100;46;100;7636;0;1413;9049
NL;9;2015;P;365;100;7802;100;0;100;0;100;0;100;0;100;0;100;7802;100;732;100;390;100;12;100;330;100;0;100;2;100;2;100;0;100;0;100;56;100;8901;0;248;9149
LU;9;2015;P;0;100;19;100;0;100;0;100;19;100;0;100;0;100;0;100;21;100;8;100;9;100;4;100;0;100;133;100;4;100;129;100;0;100;2;100;173;174;493;492
NO;9;2015;P;0;100;269;100;0;100;0;100;269;100;0;100;0;100;0;100;174;100;174;100;0;100;0;100;0;100;10722;100;10722;100;0;100;0;100;807;100;11165;138;-2048;8979
BG;9;2015;P;739;100;1901;100;1779;100;62;100;60;100;0;100;0;100;0;100;238;100;101;100;120;100;17;100;0;100;347;100;315;100;32;100;0;100;71;100;3225;46;-763;2416
BG;10;2015;P;789;100;1875;100;1712;100;66;100;97;100;0;100;0;100;0;100;221;100;121;100;81;100;19;100;0;100;403;100;348;100;55;100;0;100;77;100;3288;77;-508;2703
CY;9;2015;P;0;100;427;100;0;100;0;100;0;100;427;100;0;100;0;100;14;100;14;100;0;100;0;100;0;100;0;100;0;100;0;100;0;100;0;100;441;0;0;441
SE;9;2015;P;4049;100;152;100;0;100;0;100;1;100;8;100;0;100;143;100;1720;100;1157;100;0;100;563;100;0;100;5331;100;5331;100;0;100;0;100;218;100;11252;0;-1364;9888
DE;9;2015;P;7278;100;26192;100;12893;100;9429;100;2769;100;250;100;851;100;0;100;11589;100;5295;100;3128;100;3076;100;90;100;1575;100;1047;100;528;100;0;100;613;100;46634;600;-5123;40911
RO;10;2015;P;957;100;2403;100;1281;100;126;100;651;100;0;100;345;100;0;100;726;100;558;100;125;100;43;100;0;100;1255;100;1255;100;0;100;0;100;92;100;5341;22;-654;4665
GB;10;2015;P;5785;100;17496;89;0;100;7708;100;7862;100;1;100;0;100;0;100;3470;100;1492;100;0;100;0;100;0;100;426;86;122;100;244;100;0;100;356;100;27177;334;1477;28320
LV;9;2015;P;0;100;235;100;0;100;0;100;194;100;0;100;41;100;0;100;66;100;8;100;0;100;28;100;30;100;42;100;42;100;0;100;0;100;20;100;343;0;219;562
UA_W;11;2015;P;0;100;675;100;0;100;0;100;0;100;0;100;675;100;0;100;3;100;2;100;1;100;0;100;0;100;10;100;10;100;0;100;0;100;15;100;688;0;-284;404
SK;10;2015;P;1154;100;410;100;134;100;99;100;156;100;21;100;0;100;0;100;175;100;0;100;29;100;101;100;45;100;233;100;212;100;21;100;4;100;25;100;1976;28;412;2360
NO;10;2015;P;0;100;303;100;0;100;0;100;303;100;0;100;0;100;0;100;214;100;214;100;0;100;0;100;0;100;11496;100;11496;100;0;100;0;100;915;100;12013;91;-1290;10632
RS;9;2015;P;0;100;2240;100;2240;100;0;100;0;100;0;100;0;100;0;100;0;100;0;100;0;100;0;100;0;100;443;100;401;100;42;100;0;100;73;100;2683;121;200;2762
BA;10;2015;P;0;100;680;100;680;100;0;100;0;100;0;100;0;100;0;100;0;100;0;100;0;100;0;100;0;100;424;100;424;100;0;100;0;100;26;100;1104;0;-103;1001
BA;11;2015;P;0;100;750;100;750;100;0;100;0;100;0;100;0;100;0;100;0;100;0;100;0;100;0;100;0;100;360;100;354;100;6;100;0;100;0;100;1110;6;-64;1040
DK;11;2015;D;0;100;1108;100;0;100;675;100;417;100;16;100;0;100;0;100;1445;100;1227;100;11;100;207;100;0;100;2;100;2;100;0;100;0;100;0;100;2555;0;0;2555
HU;10;2015;P;1406;100;739;100;460;100;53;100;218;100;8;100;0;100;0;100;270;100;39;100;2;100;179;100;50;100;18;100;18;100;0;100;0;100;39;100;2433;0;1074;3507
CZ;11;2015;P;1828;100;3900;100;2887;100;469;100;527;100;4;100;0;100;13;100;526;100;70;100;87;100;170;100;199;100;154;100;103;100;51;100;0;100;112;100;6408;155;-700;5553
GR;9;2015;P;0;100;2287;100;1670;100;0;100;617;100;0;100;0;100;0;100;703;100;251;100;336;100;18;100;98;100;391;100;27;100;364;100;0;100;100;100;3381;5;710;4086
FI;10;2015;P;2043;100;1330;100;0;100;596;100;458;100;19;100;257;100;;100;1176;100;235;100;0;100;941;100;0;100;1308;100;1308;100;0;100;61;100;0;100;5918;0;1220;7138
ES;10;2015;P;4095;100;9752;100;300;100;4110;100;4188;100;1154;100;0;100;0;100;5041;100;3896;100;723;100;419;100;3;100;1895;100;1633;100;262;100;118;100;260;100;20901;374;437;20964
LV;10;2015;P;0;100;366;100;0;100;0;100;308;100;0;100;58;100;0;100;75;100;8;100;0;100;34;100;33;100;45;100;45;100;0;100;0;100;23;100;486;0;139;625
EE;10;2015;P;0;100;668;100;0;100;0;100;0;100;0;100;0;100;668;100;113;100;44;100;0;100;69;100;0;100;1;100;1;100;0;100;0;100;40;100;782;0;-63;719
IT;10;2015;P;0;100;13204;100;0;100;3128;100;7454;100;339;100;2283;100;0;100;4698;100;1219;100;1443;100;1533;100;503;100;3900;100;3789;100;111;100;0;100;358;100;21802;209;4314;25907
IT;11;2015;P;0;100;13800;100;0;100;3269;100;7790;100;355;100;2386;100;0;100;4371;100;1096;100;1188;100;1602;100;485;100;2822;100;2742;100;80;100;0;100;354;100;20993;161;4843;25675
PL;10;2015;P;0;100;11817;99;4255;100;6230;100;429;100;0;100;0;100;785;100;1390;100;716;100;4;100;617;100;39;100;130;99;80;100;49;100;0;100;136;100;13337;72;-8;13257
CY;10;2015;P;0;100;339;100;0;100;0;100;0;100;339;100;0;100;0;100;12;100;12;100;0;100;0;100;0;100;0;100;0;100;0;100;0;100;0;100;351;0;0;351
CY;11;2015;P;0;100;281;100;0;100;0;100;0;100;281;100;0;100;0;100;17;100;17;100;0;100;0;100;0;100;0;100;0;100;0;100;0;100;0;100;298;0;0;298
FR;10;2015;P;34490;100;3679;100;0;100;1016;100;2385;100;278;100;0;100;0;100;2454;100;1291;100;513;100;650;100;0;100;3871;100;3551;100;320;100;0;100;731;100;44494;458;-4869;39167
LT;10;2015;P;0;100;216;100;0;100;0;100;152;100;0;100;38;100;26;100;91;100;56;100;5;100;30;100;0;100;67;100;18;100;49;100;0;100;19;100;374;73;654;955
SI;10;2015;P;517;100;297;100;290;100;0;100;1;100;0;100;0;100;6;100;42;100;1;100;13;100;15;100;13;100;500;100;470;100;30;100;13;100;15;100;1369;38;-156;1175
CH;10;2015;D;1478;100;205;100;0;100;0;100;0;100;0;100;0;100;205;100;182;100;11;100;0;100;0;100;171;100;3278;100;0;100;3278;100;0;100;90;100;5143;134;314;5323
BE;10;2015;D;2031;100;2528;100;0;100;358;100;2064;100;8;100;0;100;98;100;818;100;235;100;163;100;233;100;187;100;110;100;9;100;101;100;15;100;326;100;5502;136;1855;7221
LU;10;2015;P;0;100;25;100;0;100;0;100;25;100;0;100;0;100;0;100;14;100;4;100;5;100;5;100;0;100;116;100;3;100;113;100;10;100;2;100;165;153;542;554
FR;11;2015;P;35681;100;4570;100;0;100;787;100;3397;100;386;100;0;100;0;100;3653;100;2535;100;376;100;742;100;0;100;3540;100;3155;100;385;100;0;100;819;100;47444;550;-5909;40985
HR;11;2015;P;0;100;372;100;0;100;207;100;144;100;0;100;21;100;0;100;47;100;47;100;0;100;0;100;0;100;390;100;390;100;0;100;0;100;35;100;809;22;582;1369
HR;12;2015;P;0;100;354;100;0;100;192;100;97;100;0;100;65;100;0;100;38;100;38;100;0;100;0;100;0;100;366;100;366;100;0;100;0;100;36;100;758;0;781;1539
GR;10;2015;P;0;100;2152;100;1182;100;0;100;970;100;0;100;0;100;0;100;773;100;374;100;268;100;19;100;112;100;334;100;46;100;288;100;0;100;87;100;3259;6;582;3835
RO;11;2015;P;926;100;2534;100;1372;100;169;100;602;100;0;100;391;100;0;100;784;100;646;100;96;100;42;100;0;100;1134;100;1134;100;0;100;0;100;94;100;5378;13;-731;4634
CZ;12;2015;P;1932;100;3976;100;3055;100;444;100;459;100;4;100;0;100;14;100;499;100;64;100;53;100;173;100;209;100;268;100;148;100;120;100;0;100;133;100;6675;157;-894;5624
DE;10;2015;P;6704;100;32852;100;13704;100;11966;100;5925;100;282;100;975;100;0;100;9473;100;3951;100;1948;100;3420;100;154;100;1632;100;1015;100;617;100;0;100;686;100;50661;705;-4233;45723
SI;11;2015;P;501;100;344;100;336;100;0;100;0;100;0;100;0;100;8;100;41;100;0;100;12;100;14;100;15;100;287;100;260;100;27;100;16;100;14;100;1189;37;12;1164
HU;11;2015;P;1100;100;1034;100;497;100;39;100;495;100;3;100;0;100;0;100;253;100;51;100;2;100;153;100;47;100;15;100;15;100;0;100;0;100;34;100;2402;0;1088;3490
NO;11;2015;P;0;100;268;100;0;100;0;100;268;100;0;100;0;100;0;100;203;100;203;100;0;100;0;100;0;100;12657;100;12657;100;0;100;0;100;1022;100;13128;71;-1331;11726
RS;10;2015;P;0;100;2627;100;2627;100;0;100;0;100;0;100;0;100;0;100;0;100;0;100;0;100;0;100;0;100;738;100;639;100;99;100;0;100;79;100;3365;88;8;3285
BG;11;2015;P;1369;100;1733;100;1538;100;60;100;135;100;0;100;0;100;0;100;229;100;127;100;85;100;17;100;0;100;242;100;154;100;88;100;0;100;78;100;3573;136;-671;2766
PT;11;2015;P;0;100;2071;100;0;100;1144;100;899;100;8;100;0;100;20;100;1092;100;836;100;51;100;205;100;0;100;775;100;657;100;118;100;0;100;52;100;3938;149;188;3977
PT;12;2015;P;0;100;2006;100;0;100;1145;100;831;100;7;100;0;100;23;100;1385;100;1148;100;33;100;204;100;0;100;636;100;494;100;142;100;0;100;59;100;4027;185;347;4189
SK;11;2015;P;1262;100;413;100;142;100;80;100;168;100;23;100;0;100;0;100;168;100;1;100;23;100;101;100;43;100;233;100;204;100;29;100;5;100;27;100;2081;39;308;2350
EE;11;2015;P;0;100;638;100;0;100;0;100;0;100;0;100;0;100;638;100;136;100;63;100;0;100;73;100;0;100;1;100;1;100;0;100;0;100;34;100;775;0;-61;714
DK;12;2015;P;0;100;1063;100;0;100;696;100;351;100;16;100;0;100;0;100;2105;100;1877;100;7;100;221;100;0;100;3;100;3;100;0;100;0;100;0;100;3171;0;-58;3113
AT;10;2015;P;0;100;1504;100;0;100;380;100;843;100;57;100;0;100;224;100;521;100;283;100;;100;;100;238;100;2982;100;2744;100;238;100;648;100;49;100;5655;340;585;5900
AT;11;2015;P;0;100;1861;100;0;100;352;100;1202;100;54;100;0;100;253;100;653;100;415;100;;100;;100;238;100;2109;100;1781;100;328;100;502;100;49;100;5125;469;1349;6005
LT;11;2015;P;0;100;144;100;0;100;0;100;52;100;0;100;68;100;24;100;134;100;96;100;1;100;37;100;0;100;87;100;25;100;62;100;0;100;20;100;365;88;681;958
MK;11;2015;P;0;100;263;100;243;100;0;100;20;100;0;100;0;100;0;100;11;100;11;100;0;100;0;100;0;100;138;100;0;100;138;100;0;100;16;100;412;0;232;644
MK;12;2015;P;0;100;448;100;388;100;0;100;60;100;0;100;0;100;0;100;16;100;16;100;0;100;0;100;0;100;67;100;0;100;67;100;0;100;19;100;531;0;216;747
GB;11;2015;P;5537;100;16433;89;0;100;6944;100;7680;100;1;100;0;100;0;100;6526;100;2806;100;0;100;0;100;0;100;777;86;419;100;249;100;1427;100;518;100;30700;320;0;30380
CH;11;2015;P;1800;100;222;100;0;100;0;100;0;100;0;100;0;100;222;100;198;100;11;100;0;100;0;100;187;100;2870;100;0;100;2870;100;0;100;113;100;5090;101;530;5519
RO;12;2015;P;958;100;2648;100;1348;100;111;100;546;100;0;100;643;100;0;100;624;100;511;100;73;100;40;100;0;100;1226;100;1226;100;0;100;0;100;75;100;5456;12;-567;4877
BE;11;2015;D;2159;100;2647;100;0;100;355;100;2192;100;12;100;0;100;88;100;1197;100;732;100;82;100;213;100;170;100;112;100;22;100;90;100;14;100;325;100;6129;122;1195;7202
LV;11;2015;P;0;100;431;100;0;100;0;100;373;100;0;100;58;100;0;100;81;100;14;100;0;100;35;100;32;100;65;100;65;100;0;100;0;100;19;100;577;0;49;626
NL;10;2015;P;381;100;8560;100;0;100;0;100;0;100;0;100;0;100;8560;100;812;100;525;100;10;100;277;100;0;100;4;100;4;100;0;100;0;100;63;100;9757;0;-72;9685
NL;11;2015;P;368;100;8526;100;0;100;0;100;0;100;0;100;0;100;8526;100;630;100;306;100;9;100;315;100;0;100;3;100;3;100;0;100;0;100;62;100;9527;0;236;9763
NL;12;2015;P;383;100;8023;100;0;100;0;100;0;100;0;100;0;100;8023;100;1401;100;1075;100;6;100;320;100;0;100;6;100;6;100;0;100;0;100;68;100;9813;0;306;10119
FI;11;2015;P;1943;100;1306;100;0;100;558;100;474;100;17;100;257;100;0;100;1237;100;269;100;0;100;968;100;0;100;1246;100;1246;100;0;100;66;100;0;100;5798;0;1481;7279
LU;11;2015;P;0;100;27;100;0;100;0;100;27;100;0;100;0;100;0;100;19;100;13;100;2;100;4;100;0;100;128;100;6;100;122;100;9;100;2;100;183;163;527;547
LV;12;2015;P;0;100;334;100;0;100;0;100;272;100;0;100;62;100;0;100;87;100;21;100;0;100;34;100;32;100;113;100;113;100;0;100;0;100;18;100;534;0;120;654
LU;12;2015;P;0;100;30;100;0;100;0;100;30;100;0;100;0;100;0;100;18;100;11;100;2;100;5;100;0;100;149;100;11;100;138;100;8;100;2;100;205;184;493;514
RS;11;2015;P;0;100;2975;100;2975;100;0;100;0;100;0;100;0;100;0;100;0;100;0;100;0;100;0;100;0;100;601;100;569;100;32;100;0;100;97;100;3576;96;3;3483
RS;12;2015;P;0;100;3358;100;3347;100;0;100;11;100;0;100;0;100;0;100;0;100;0;100;0;100;0;100;0;100;731;100;662;100;69;100;0;100;105;100;4089;79;10;4020
FR;12;2015;P;40288;100;4096;100;0;100;771;100;2982;100;343;100;0;100;0;100;3602;100;2540;100;305;100;757;100;0;100;3636;100;3106;100;530;100;0;100;943;100;51622;758;-6271;44593
ME;10;2015;P;0;100;123;100;123;100;0;100;0;100;0;100;0;100;0;100;0;100;0;100;0;100;0;100;0;100;94;100;0;100;94;100;0;100;9;100;217;0;29;246
ME;11;2015;P;0;100;125;100;125;100;0;100;0;100;0;100;0;100;0;100;0;100;0;100;0;100;0;100;0;100;105;100;0;100;105;100;0;100;11;100;230;0;32;262
ME;12;2015;P;0;100;131;100;131;100;0;100;0;100;0;100;0;100;0;100;0;100;0;100;0;100;0;100;0;100;101;100;0;100;101;100;0;100;12;100;232;0;81;313
ES;11;2015;P;3973;100;9839;100;395;100;4309;100;4073;100;1062;100;0;100;0;100;4881;100;3722;100;750;100;406;100;3;100;2161;100;1855;100;306;100;115;100;259;100;20969;437;453;20985
NI;11;2015;P;0;100;515;100;0;100;198;100;316;100;1;100;0;100;0;100;224;100;201;100;0;100;16;100;7;100;1;100;1;100;0;100;0;100;9;100;740;0;25;765
NI;12;2015;P;0;100;511;100;0;100;186;100;324;100;1;100;0;100;0;100;277;100;257;100;0;100;13;100;7;100;1;100;1;100;0;100;0;100;8;100;789;0;8;797
DE;11;2015;P;7449;100;28115;100;11733;100;8851;100;6223;100;389;100;919;100;0;100;15163;100;10464;100;1140;100;3413;100;146;100;1577;100;961;100;616;100;0;100;862;100;52304;702;-5322;46280
IS;10;2015;P;0;100;0;100;0;100;0;100;0;100;0;100;0;100;0;100;404;100;1;100;0;100;0;100;403;100;1130;100;1130;100;0;100;0;100;29;100;1534;0;0;1534
IS;11;2015;P;0;100;0;100;0;100;0;100;0;100;0;100;0;100;0;100;385;100;1;100;0;100;0;100;384;100;1151;100;1151;100;0;100;0;100;30;100;1536;0;0;1536
IS;12;2015;P;0;100;2;100;0;100;0;100;0;100;2;100;0;100;0;100;404;100;1;100;0;100;0;100;403;100;1177;100;1177;100;0;100;0;100;31;100;1583;0;0;1583
SI;12;2015;P;515;100;378;100;367;100;0;100;1;100;0;100;0;100;10;100;40;100;0;100;9;100;15;100;16;100;214;100;186;100;28;100;18;100;15;100;1165;37;71;1199
HU;12;2015;P;1361;100;963;100;517;100;34;100;409;100;3;100;0;100;0;100;232;100;26;100;1;100;163;100;42;100;22;100;22;100;0;100;0;100;37;100;2578;0;913;3491
PL;11;2015;P;0;100;11220;99;3943;100;5912;100;394;100;0;100;0;100;859;100;1880;100;1247;100;2;100;568;100;44;100;173;99;111;100;60;100;0;100;154;100;13273;90;-117;13066
BA;12;2015;P;0;100;832;100;832;100;0;100;0;100;0;100;0;100;0;100;0;100;0;100;0;100;0;100;0;100;371;100;365;100;6;100;0;100;0;100;1203;6;-31;1166
ES;12;2015;P;4864;100;10519;100;403;100;4345;100;4658;100;1113;100;;100;;100;4416;100;3536;100;476;100;401;100;3;100;1769;100;1413;100;356;100;98;100;297;100;21666;509;912;22069
EE;12;2015;P;0;100;624;100;0;100;0;100;0;100;0;100;0;100;624;100;162;100;94;100;0;100;68;100;0;100;3;100;3;100;0;100;0;100;33;100;789;0;-38;751
IE;11;2015;P;0;100;1491;100;228;100;354;100;900;100;4;100;0;100;5;100;771;100;752;100;0;100;0;100;19;100;123;100;98;100;25;100;0;100;0;100;2385;46;14;2353
IE;12;2015;P;0;100;1383;100;222;100;380;100;765;100;10;100;0;100;6;100;948;100;927;100;0;100;0;100;21;100;162;100;134;100;28;100;0;100;0;100;2493;50;2;2445
GR;11;2015;P;0;100;2323;100;1656;100;0;100;667;100;0;100;0;100;0;100;736;100;356;100;253;100;19;100;108;100;331;100;43;100;288;100;0;100;114;100;3390;4;509;3895
GR;12;2015;P;0;100;3007;100;1731;100;0;100;1276;100;0;100;0;100;0;100;683;100;313;100;233;100;20;100;117;100;337;100;52;100;285;100;0;100;106;100;4027;1;584;4610
CH;12;2015;P;1985;100;223;100;0;100;0;100;0;100;0;100;0;100;223;100;198;100;11;100;0;100;0;100;187;100;2450;100;0;100;2450;100;0;100;114;100;4856;192;1132;5796
BG;12;2015;P;1420;100;2180;100;1925;100;54;100;201;100;0;100;0;100;0;100;199;100;107;100;74;100;18;100;0;100;349;100;270;100;79;100;0;100;85;100;4148;122;-855;3171
SK;12;2015;P;1321;100;457;100;149;100;106;100;165;100;37;100;0;100;0;100;151;100;1;100;8;100;94;100;48;100;293;100;272;100;21;100;5;100;32;100;2227;28;206;2405
BE;12;2015;D;2548;100;2278;100;0;100;369;100;1811;100;9;100;0;100;89;100;1320;100;816;100;66;100;261;100;177;100;144;100;43;100;101;100;14;100;329;100;6304;136;1116;7284
LT;12;2015;P;0;100;176;100;0;100;0;100;51;100;0;100;102;100;23;100;184;100;143;100;1;100;40;100;0;100;101;100;35;100;66;100;0;100;23;100;461;97;631;995
FI;12;2015;P;2059;100;1431;100;0;100;646;100;474;100;18;100;293;100;0;100;1360;100;335;100;0;100;1025;100;0;100;1455;100;1455;100;0;100;74;100;0;100;6379;0;1351;7730
CH;1;2016;D;1800;100;220;100;0;100;0;100;0;100;0;100;0;100;220;100;196;100;11;100;0;100;0;100;185;100;2825;100;0;100;2825;100;0;100;113;100;5041;101;530;5470
NO;12;2015;P;0;100;316;100;0;100;0;100;316;100;0;100;0;100;0;100;294;100;294;100;0;100;0;100;0;100;13336;100;13336;100;0;100;0;100;1112;100;13946;144;-930;12872
CY;12;2015;P;0;100;332;100;0;100;0;100;0;100;332;100;0;100;0;100;26;100;26;100;0;100;0;100;0;100;0;100;0;100;0;100;0;100;0;100;358;0;0;358
AT;12;2015;P;0;100;1880;100;0;100;333;100;1169;100;104;100;0;100;274;100;450;100;212;100;;100;;100;238;100;2067;100;1683;100;384;100;478;100;59;100;4875;549;1908;6234
PL;12;2015;P;0;100;11193;99;3815;100;5848;100;477;100;0;100;0;100;941;100;2295;100;1711;100;4;100;514;100;43;100;237;99;137;100;98;100;0;100;149;100;13725;137;-334;13254
IT;12;2015;P;0;100;15729;100;0;100;3726;100;8879;100;404;100;2720;100;0;100;3912;100;676;100;900;100;1826;100;510;100;2033;100;1975;100;58;100;0;100;356;100;21674;174;4318;25818
LV;1;2016;P;0;100;491;100;0;100;0;100;425;100;0;100;66;100;0;100;82;100;11;100;0;100;40;100;31;100;76;100;76;100;0;100;0;100;25;100;649;0;86;735
UA_W;12;2015;P;0;100;746;100;0;100;0;100;0;100;0;100;746;100;0;100;3;100;3;100;0;100;0;100;0;100;14;100;14;100;0;100;0;100;17;100;763;0;-322;441
UA_W;1;2016;P;0;100;729;100;0;100;0;100;0;100;0;100;729;100;0;100;2;100;2;100;0;100;0;100;0;100;14;100;14;100;0;100;0;100;19;100;745;0;-264;481
DE;12;2015;P;7666;100;27012;100;11388;100;8021;100;6298;100;331;100;974;100;0;100;16016;100;11495;100;829;100;3546;100;146;100;1751;100;1102;100;649;100;0;100;897;100;52445;727;-6429;45289
HU;1;2016;P;1411;100;1083;100;494;100;3;100;578;100;8;100;0;100;0;100;208;100;45;100;1;100;131;100;31;100;16;100;16;100;0;100;0;100;36;100;2718;0;985;3703
SE;10;2015;P;5048;100;243;100;0;100;36;100;8;100;11;100;188;100;0;100;2018;100;1256;100;0;100;762;100;0;100;6815;100;6815;100;0;100;0;100;322;100;14124;0;-2546;11578
SE;11;2015;P;4468;100;384;100;0;100;64;100;120;100;10;100;190;100;0;100;2459;100;1572;100;0;100;887;100;0;100;6237;100;6237;100;0;100;0;100;321;100;13548;0;-1306;12242
SE;12;2015;P;5076;100;491;100;0;100;65;100;229;100;10;100;187;100;0;100;3288;100;2340;100;0;100;948;100;0;100;5605;100;5605;100;0;100;0;100;278;100;14460;0;-1330;13130
SE;1;2016;P;6036;100;743;100;0;100;72;100;404;100;85;100;182;100;0;100;2515;100;1440;100;0;100;1075;100;0;100;7133;100;7133;100;0;100;0;100;355;100;16427;0;-816;15611
GB;12;2015;P;6132;100;14737;89;0;100;6049;100;7066;100;1;100;0;100;0;100;7498;100;3224;100;0;100;0;100;0;100;1031;86;638;100;249;100;0;100;564;100;29398;302;1672;30768
LU;1;2016;P;0;100;32;100;0;100;0;100;32;100;0;100;0;100;0;100;19;100;12;100;2;100;5;100;0;100;139;100;15;100;124;100;8;100;2;100;198;166;544;576
ES;1;2016;P;4616;100;7635;100;196;100;2501;100;3854;100;1084;100;0;100;0;100;6426;100;5624;100;422;100;377;100;3;100;3895;100;3336;100;559;100;96;100;362;100;22668;799;848;22717
NI;1;2016;P;0;100;583;100;0;100;195;100;386;100;2;100;0;100;0;100;232;100;213;100;0;100;13;100;6;100;1;100;1;100;0;100;0;100;12;100;816;0;12;828
ES;2;2016;P;3962;100;6091;100;53;100;1823;100;3219;100;996;100;0;100;0;100;7056;100;6132;100;651;100;270;100;3;100;4492;100;3981;100;511;100;122;100;349;100;21723;731;956;21948
MK;1;2016;P;0;100;439;100;356;100;0;100;83;100;0;100;0;100;0;100;12;100;12;100;0;100;0;100;0;100;116;100;0;100;116;100;0;100;18;100;567;0;0;567
MK;2;2016;P;0;100;314;100;307;100;0;100;7;100;0;100;0;100;0;100;6;100;6;100;0;100;0;100;0;100;66;100;0;100;66;100;0;100;17;100;386;0;0;386
MK;3;2016;P;0;100;249;100;249;100;0;100;0;100;0;100;0;100;0;100;8;100;8;100;0;100;0;100;0;100;150;100;0;100;150;100;0;100;18;100;407;0;0;407
HU;2;2016;P;1338;100;850;100;449;100;4;100;394;100;3;100;0;100;0;100;231;100;79;100;1;100;119;100;32;100;9;100;9;100;0;100;0;100;32;100;2428;0;961;3389
IS;1;2016;P;0;100;0;100;0;100;0;100;0;100;0;100;0;100;0;100;415;100;1;100;0;100;0;100;414;100;1179;100;1179;100;0;100;0;100;32;100;1594;0;0;1594
IS;2;2016;P;0;100;0;100;0;100;0;100;0;100;0;100;0;100;0;100;395;100;1;100;0;100;0;100;394;100;1096;100;1096;100;0;100;0;100;30;100;1491;0;0;1491
IS;3;2016;P;0;100;0;100;0;100;0;100;0;100;0;100;0;100;0;100;424;100;1;100;0;100;0;100;423;100;1142;100;1142;100;0;100;0;100;30;100;1566;0;0;1566
HU;3;2016;P;1428;100;742;100;463;100;8;100;268;100;3;100;0;100;0;100;245;100;69;100;3;100;131;100;42;100;17;100;17;100;0;100;0;100;35;100;2432;0;1024;3456
LV;2;2016;P;0;100;129;100;0;100;0;100;68;100;0;100;61;100;0;100;76;100;12;100;0;100;35;100;29;100;239;100;239;100;0;100;0;100;20;100;444;0;183;627
LV;3;2016;P;0;100;195;100;0;100;0;100;130;100;0;100;65;100;0;100;74;100;5;100;0;100;37;100;32;100;308;100;308;100;0;100;0;100;20;100;577;0;66;643
CH;2;2016;D;2056;100;194;100;0;100;0;100;0;100;0;100;0;100;194;100;258;100;11;100;0;100;0;100;247;100;2401;100;0;100;2401;100;0;100;115;100;4909;124;929;5714
LU;2;2016;P;0;100;30;100;0;100;0;100;30;100;0;100;0;100;0;100;23;100;14;100;4;100;5;100;0;100;138;100;14;100;124;100;7;100;2;100;198;170;523;551
LU;3;2016;P;0;100;30;100;0;100;0;100;30;100;0;100;0;100;0;100;21;100;9;100;7;100;5;100;0;100;139;100;12;100;127;100;8;100;2;100;198;172;551;577
SE;2;2016;P;5517;100;499;100;0;100;73;100;222;100;17;100;187;100;0;100;2411;100;1423;100;0;100;988;100;0;100;6578;100;6578;100;0;100;0;100;0;100;15005;0;-1565;13440
SE;3;2016;P;6022;100;477;100;0;100;69;100;187;100;17;100;204;100;0;100;2025;100;1030;100;0;100;995;100;0;100;6263;100;6263;100;0;100;0;100;0;100;14787;0;-1448;13339
CH;3;2016;D;2195;100;201;100;0;100;0;100;0;100;0;100;0;100;201;100;267;100;11;100;0;100;0;100;256;100;2356;100;0;100;2356;100;0;100;114;100;5019;166;932;5785
NI;2;2016;P;0;100;554;100;0;100;191;100;362;100;1;100;0;100;0;100;225;100;203;100;0;100;17;100;5;100;1;100;1;100;0;100;0;100;12;100;780;0;22;802
UA_W;2;2016;P;0;100;639;100;0;100;0;100;0;100;0;100;639;100;0;100;3;100;2;100;1;100;0;100;0;100;16;100;16;100;0;100;0;100;15;100;658;0;-263;395
UA_W;3;2016;P;0;100;701;100;0;100;0;100;0;100;0;100;701;100;0;100;3;100;1;100;2;100;0;100;0;100;17;100;17;100;0;100;0;100;14;100;721;0;-321;400
HU;4;2016;P;1362;100;497;100;266;100;18;100;212;100;1;100;0;100;0;100;225;100;77;100;4;100;107;100;37;100;29;100;29;100;0;100;0;100;30;100;2113;0;1102;3215
LU;4;2016;P;0;100;24;100;0;100;0;100;24;100;0;100;0;100;0;100;23;100;7;100;11;100;5;100;0;100;141;100;12;100;129;100;9;100;2;100;197;177;524;544
LU;5;2016;P;0;100;19;100;0;100;0;100;19;100;0;100;0;100;0;100;25;100;6;100;14;100;5;100;0;100;160;100;10;100;150;100;8;100;2;100;212;204;528;536
LV;4;2016;P;0;100;141;100;0;100;0;100;88;100;0;100;53;100;0;100;69;100;10;100;0;100;28;100;31;100;383;100;383;100;0;100;0;100;20;100;593;0;-15;578
CH;4;2016;P;2115;100;182;100;0;100;0;100;0;100;0;100;0;100;182;100;242;100;11;100;0;100;0;100;231;100;2929;100;0;100;2929;100;0;100;73;100;5468;195;-212;5061
HU;5;2016;P;1283;100;672;100;372;100;20;100;278;100;2;100;0;100;0;100;223;100;55;100;4;100;115;100;49;100;29;100;29;100;0;100;0;100;28;100;2207;0;1058;3265
