Country;month;year;status;prod_hy;prod_hy_rep;-> storage;storage_rep;-> Run of River;River_rep;-> Pumped storage;Pumped storage_rep;prod_tn;prod_tn_rep;prod_fossil_fuels;prod_fossil_fuels_rep;-> of which lignite;lignite_rep;-> of which hard coal;hard_coal_rep;-> of which gas;gas_rep;-> of which oil;fuel_oil_rep;-> of which mixed fuels;mixed_fuel_rep;prod_other_renew;other_rep;-> of which wind;wind_rep;-> of which solar;solar_rep;-> of which biomass;biomass_rep;prod_not_clearly;not_clearly_rep;losses_trans;losses_trans_repr;_Sum;pump;exg_saldo;cons_total
AT;1;2013;P;3286;100;;;2092;100;1194;;0;100;2229;100;;100;546;100;1408;100;63;100;;100;442;100;n.a.;100;n.a.;100;n.a;100;560;100;60;100;6517;604;628;6541
AT;2;2013;P;3052;100;;;1777;100;1276;;0;100;1721;100;0;100;480;100;1014;100;53;100;0;100;395;100;n.a.;100;n.a.;100;n.a;100;487;100;47;100;5655;325;644;5974
AT;3;2013;P;3050;100;;;1927;100;1123;;0;100;1572;100;0;100;485;100;809;100;73;100;0;100;474;100;n.a.;100;n.a.;100;n.a;100;573;100;51;100;5669;504;1104;6269
AT;4;2013;P;3576;100;;;2442;100;1135;;0;100;1126;100;0;100;376;100;464;100;62;100;;100;377;100;n.a.;100;n.a.;100;n.a;100;667;100;41;100;5746;495;336;5587
AT;5;2013;P;4706;100;;;3075;100;1631;;0;100;569;100;0;100;60;100;221;100;44;100;;100;426;100;n.a.;100;n.a.;100;n.a;100;872;100;50;100;6573;415;-763;5395
AT;6;2013;P;4051;100;;;2666;100;1385;;0;100;398;100;0;100;35;100;124;100;57;100;;100;427;100;n.a.;100;n.a.;100;n.a;100;850;100;41;100;5726;441;52;5337
AT;7;2013;P;3908;100;;;2464;100;1443;;0;100;595;100;0;100;165;100;113;100;56;100;;100;341;100;n.a.;100;n.a.;100;n.a;100;699;100;50;100;5543;275;246;5514
AT;8;2013;P;3070;100;;;1909;100;1160;;0;100;725;100;0;100;306;100;135;100;51;100;;100;334;100;n.a.;100;n.a.;100;n.a;100;589;100;50;100;4718;411;1033;5340
AT;9;2013;P;3228;100;;;2067;100;1161;;0;100;920;100;0;100;439;100;223;100;54;100;;100;389;100;n.a.;100;n.a.;100;n.a;100;647;100;46;100;5184;433;686;5437
AT;10;2013;P;3032;100;;;2011;100;1021;;0;100;1181;100;0;100;487;100;402;100;63;100;;100;379;100;n.a.;100;n.a.;100;n.a;100;655;100;57;100;5247;482;1135;5900
AT;11;2013;P;3316;100;;;2190;100;1126;;0;100;1379;100;0;100;409;100;702;100;51;100;;100;464;100;n.a.;100;n.a.;100;n.a;100;725;100;49;100;5884;428;595;6051
AT;12;2013;P;2682;100;;;1625;100;1057;;0;100;1499;100;0;100;410;100;805;100;55;100;;100;458;100;n.a.;100;n.a.;100;n.a;100;603;100;53;100;5242;561;1583;6264
AT;1;2012;D;3074;100;;;0;100;0;;0;100;2345;100;;100;410;100;1455;100;62;100;;100;0;100;0;100;0;100;0;100;767;100;87;100;6186;408;570;6348
AT;2;2012;D;2616;100;;;0;100;0;;0;100;2781;100;;100;544;100;1724;100;130;100;;100;0;100;0;100;0;100;0;100;735;100;50;100;6132;328;549;6353
AT;3;2012;D;3371;100;;;0;100;0;;0;100;1912;100;;100;367;100;1015;100;62;100;;100;0;100;0;100;0;100;0;100;756;100;49;100;6039;498;521;6062
AT;4;2012;D;3313;100;;;0;100;0;;0;100;1330;100;;100;255;100;582;100;55;100;;100;0;100;0;100;0;100;0;100;788;100;47;100;5431;490;503;5444
AT;5;2012;D;4150;100;;;0;100;0;;0;100;822;100;;100;81;100;217;100;60;100;;100;0;100;0;100;0;100;0;100;924;100;52;100;5896;471;-19;5406
AT;6;2012;D;4496;100;;;0;100;0;;0;100;885;100;;100;41;100;336;100;50;100;;100;0;100;0;100;0;100;0;100;860;100;50;100;6241;397;-521;5323
AT;7;2012;D;4431;100;;;0;100;0;;0;100;862;100;;100;173;100;186;100;51;100;;100;0;100;0;100;0;100;0;100;837;100;51;100;6130;429;-226;5475
AT;8;2012;D;3780;100;;;0;100;0;;0;100;1121;100;;100;402;100;225;100;63;100;;100;0;100;0;100;0;100;0;100;702;100;61;100;5603;419;213;5397
AT;9;2012;D;3654;100;;;0;100;0;;0;100;1314;100;;100;538;100;323;100;58;100;;100;0;100;0;100;0;100;0;100;807;100;45;100;5775;499;101;5377
AT;10;2012;D;3557;100;;;0;100;0;;0;100;1856;100;;100;543;100;856;100;26;100;;100;0;100;0;100;0;100;0;100;769;100;44;100;6182;434;87;5835
AT;11;2012;D;3326;100;;;0;100;0;;0;100;2175;100;;100;516;100;1169;100;51;100;;100;0;100;0;100;0;100;0;100;787;100;42;100;6288;523;161;5926
AT;12;2012;D;3058;100;;;0;100;0;;0;100;2338;100;;100;530;100;1319;100;64;100;;100;0;100;0;100;0;100;0;100;719;100;50;100;6115;666;865;6314
AT;1;2011;D;2778;100;0;100;0;100;;100;0;100;2888;100;;100;609;100;1678;100;207;100;;100;0;100;0;;0;100;;;623;100;49;100;6289;389;517;6417
AT;2;2011;D;2341;100;0;100;0;100;;100;0;100;2490;100;;100;485;100;1488;100;160;100;;100;0;100;0;;0;100;;;546;100;37;100;5377;365;837;5849
AT;3;2011;D;2259;100;0;100;0;100;;100;0;100;2696;100;;100;648;100;1538;100;97;100;;100;0;100;0;;0;100;;;640;100;40;100;5595;399;967;6163
AT;4;2011;D;2400;100;0;100;0;100;;100;0;100;1822;100;;100;369;100;1005;100;58;100;;100;0;100;0;;0;100;;;680;100;32;100;4902;423;869;5348
AT;5;2011;D;2958;100;0;100;0;100;;100;0;100;1636;100;;100;293;100;898;100;23;100;;100;0;100;0;;0;100;;;760;100;34;100;5354;366;435;5423
AT;6;2011;D;3643;100;0;100;0;100;;100;0;100;1162;100;;100;285;100;409;100;47;100;;100;0;100;0;;0;100;;;843;100;34;100;5648;419;-36;5193
AT;7;2011;D;3395;100;0;100;0;100;;100;0;100;1213;100;;100;291;100;411;100;67;100;;100;0;100;0;;0;100;;;854;100;47;100;5462;476;410;5396
AT;8;2011;D;3555;100;0;100;0;100;;100;0;100;973;100;;100;236;100;213;100;95;100;;100;0;100;0;;0;100;;;766;100;46;100;5294;376;465;5383
AT;9;2011;D;2875;100;0;100;0;100;;100;0;100;1546;100;;100;557;100;578;100;59;100;;100;0;100;0;;0;100;;;707;100;42;100;5128;368;687;5447
AT;10;2011;D;3001;100;0;100;0;100;;100;0;100;1897;100;;100;537;100;945;100;67;100;;100;0;100;0;;0;100;;;834;100;45;100;5732;447;469;5754
AT;11;2011;D;2280;100;0;100;0;100;;100;0;100;2440;100;;100;639;100;1340;100;70;100;;100;0;100;0;;0;100;;;741;100;47;100;5461;453;982;5990
AT;12;2011;D;2178;100;0;100;0;100;;100;0;100;2244;100;;100;464;100;1309;100;75;100;;100;0;100;0;;0;100;;;736;100;61;100;5158;580;1626;6204
AT;1;2010;D;2327;100;0;;0;;;;0;100;3023;100;;;564;;1901;;178;;;;0;100;0;;0;;;;663;100;45;100;6013;342;677;6348
AT;2;2010;D;2001;100;0;;0;;;;0;100;2782;100;;;564;;1705;;189;;;;0;100;0;;0;;;;621;100;42;100;5404;355;703;5752
AT;3;2010;D;2626;100;0;;0;;;;0;100;2286;100;;;413;;1403;;98;;;;0;100;0;;0;;;;782;100;38;100;5694;412;748;6030
AT;4;2010;D;2264;100;0;100;0;100;;100;0;100;1581;100;;100;20;100;1134;100;68;100;;100;0;100;0;;0;100;;;782;100;32;100;4627;401;1116;5342
AT;5;2010;D;3599;100;0;100;0;100;;100;0;100;1280;100;;100;81;100;761;100;41;100;;100;0;100;0;;0;100;;;1037;100;33;100;5916;429;-186;5301
AT;6;2010;D;4069;100;0;100;0;100;;100;0;100;1375;100;;100;288;100;647;100;41;100;;100;0;100;0;;0;100;;;1014;100;36;100;6458;435;-759;5264
AT;7;2010;D;3657;100;0;100;0;100;;100;0;100;1522;100;;100;464;100;632;100;54;100;;100;0;100;0;;0;100;;;920;100;46;100;6099;473;-233;5393
AT;8;2010;D;4094;100;0;100;0;100;;100;0;100;1245;100;;100;311;100;498;100;64;100;;100;0;100;0;;0;100;;;783;100;40;100;6122;384;-495;5243
AT;9;2010;D;3560;100;0;100;0;100;;100;0;100;1673;100;;100;486;100;764;100;62;100;;100;0;100;0;;0;100;;;801;100;37;100;6034;291;-344;5399
AT;10;2010;D;2746;100;0;100;0;100;;100;0;100;2454;100;;100;597;100;1411;100;73;100;;100;0;100;0;;0;100;;;701;100;42;100;5901;285;182;5798
AT;11;2010;D;2678;100;0;100;0;100;;100;0;100;2466;100;;100;581;100;1433;100;87;100;;100;0;100;0;;0;100;;;700;100;35;100;5844;384;443;5903
AT;12;2010;D;2875;100;0;100;0;100;;100;0;100;2951;100;;100;555;100;1726;100;279;100;;100;0;100;0;;0;100;;;747;100;49;100;6573;373;351;6551
BA;1;2013;P;715;100;;;0;100;715;;0;100;756;100;756;100;0;100;0;100;0;100;0;100;0;100;0;100;0;100;0;100;0;100;33;100;1471;0;-360;1111
BA;2;2013;P;793;100;;;0;100;793;;0;100;756;100;756;100;0;100;0;100;0;100;0;100;0;100;0;100;0;100;0;100;0;100;30;100;1549;0;-540;1009
BA;3;2013;P;1119;100;;;0;100;1119;;0;100;659;100;659;100;0;100;0;100;0;100;0;100;0;100;0;100;0;100;0;100;0;100;33;100;1778;0;-718;1060
BA;4;2013;P;1012;100;;;0;100;1012;;0;100;463;100;463;100;0;100;0;100;0;100;0;100;0;100;0;100;0;100;0;100;0;100;37;100;1475;0;-529;946
BA;5;2013;P;702;100;;;0;100;702;;0;100;528;100;528;100;0;100;0;100;0;100;0;100;0;100;0;100;0;100;0;100;0;100;23;100;1230;0;-310;920
BA;6;2013;P;462;100;;;0;100;462;;0;100;705;100;705;100;0;100;0;100;0;100;0;100;0;100;0;100;0;100;0;100;0;100;24;100;1167;0;-263;904
BA;7;2013;P;344;100;;;0;100;344;;0;100;821;100;821;100;0;100;0;100;0;100;0;100;0;100;0;100;0;100;0;100;0;100;26;100;1165;0;-198;967
BA;8;2013;P;288;100;;;0;100;288;;0;100;887;100;887;100;0;100;0;100;0;100;0;100;0;100;0;100;0;100;0;100;0;100;27;100;1175;0;-197;978
BA;9;2013;P;286;100;;;0;100;286;;0;100;666;100;666;100;0;100;0;100;0;100;0;100;0;100;0;100;0;100;0;100;0;100;24;100;952;0;-31;921
BA;10;2013;P;290;100;;;0;100;290;;0;100;853;100;853;100;0;100;0;100;0;100;0;100;0;100;0;100;0;100;0;100;0;100;27;100;1143;0;-141;1002
BA;11;2013;P;511;100;;;0;100;511;;0;100;818;100;818;100;0;100;0;100;0;100;0;100;0;100;0;100;0;100;0;100;0;100;28;100;1329;0;-299;1030
BA;12;2013;P;450;100;;;0;100;450;;0;100;828;100;828;100;0;100;0;100;0;100;0;100;0;100;0;100;0;100;0;100;0;100;31;100;1278;0;-110;1168
BA;1;2012;D;275;100;;;0;100;;;0;100;863;100;863;100;0;100;0;100;0;100;0;100;0;100;0;;0;100;0;;0;100;33;100;1138;34;57;1161
BA;2;2012;D;286;100;;;0;100;;;0;100;732;100;732;100;0;100;0;100;0;100;0;100;0;100;0;;0;100;0;;0;100;33;100;1018;32;149;1135
BA;3;2012;D;316;100;;;0;100;316;;0;100;771;100;771;100;0;100;0;100;0;100;0;100;0;100;0;100;0;100;0;100;0;100;23;100;1087;0;-67;1020
BA;4;2012;D;587;100;;;0;100;587;;0;100;582;100;582;100;0;100;0;100;0;100;0;100;0;100;0;100;0;100;0;100;0;100;24;100;1169;0;-212;957
BA;5;2012;D;461;100;;;0;100;461;;0;100;660;100;660;100;0;100;0;100;0;100;0;100;0;100;0;100;0;100;0;100;0;100;22;100;1121;0;-187;934
BA;6;2012;D;302;100;;;0;100;302;;0;100;641;100;641;100;0;100;0;100;0;100;0;100;0;100;0;100;0;100;0;100;0;100;20;100;943;0;-30;913
BA;7;2012;D;202;100;;;0;100;202;;0;100;652;100;652;100;0;100;0;100;0;100;0;100;0;100;0;100;0;100;0;100;0;100;25;100;854;0;122;976
BA;8;2012;D;185;100;;;0;100;185;;0;100;672;100;672;100;0;100;0;100;0;100;0;100;0;100;0;100;0;100;0;100;0;100;27;100;857;0;126;983
BA;9;2012;D;147;100;;;0;100;147;;0;100;719;100;719;100;0;100;0;100;0;100;0;100;0;100;0;100;0;100;0;100;0;100;24;100;866;0;55;921
BA;10;2012;D;200;100;;;0;100;200;;0;100;741;100;741;100;0;100;0;100;0;100;0;100;0;100;0;100;0;100;0;100;0;100;25;100;941;0;49;990
BA;11;2012;D;304;100;;;0;100;304;;0;100;653;100;653;100;0;100;0;100;0;100;0;100;0;100;0;100;0;100;0;100;0;100;24;100;957;0;36;993
BA;12;2012;D;541;100;;;0;100;541;;0;100;742;100;742;100;0;100;0;100;0;100;0;100;0;100;0;100;0;100;0;100;0;100;28;100;1283;0;-144;1139
BA;1;2011;D;822;100;822;100;0;100;;100;0;100;784;100;784;100;0;100;0;100;0;100;0;100;0;100;0;;0;100;;;0;100;34;100;1606;0;-451;1155
BA;2;2011;D;462;100;462;100;0;100;;100;0;100;760;100;760;100;0;100;0;100;0;100;0;100;0;100;0;;0;100;;;0;100;26;100;1222;0;-184;1038
BA;3;2011;D;513;100;513;100;0;100;;100;0;100;881;100;881;100;0;100;0;100;0;100;0;100;0;100;0;;0;100;;;0;100;29;100;1394;0;-319;1075
BA;4;2011;D;461;100;461;100;0;100;;100;0;100;537;100;537;100;0;100;0;100;0;100;0;100;0;100;0;;0;100;;;0;100;25;100;998;0;-60;938
BA;5;2011;D;304;100;304;100;0;100;;100;0;100;758;100;758;100;0;100;0;100;0;100;0;100;0;100;0;;0;100;;;0;100;26;100;1062;0;-123;939
BA;6;2011;D;241;100;0;100;0;100;;100;0;100;782;100;782;100;0;100;0;100;0;100;0;100;0;100;0;;0;100;;;0;100;21;100;1023;0;-115;908
BA;7;2011;D;239;100;239;100;0;100;;100;0;100;850;100;850;100;0;100;0;100;0;100;0;100;0;100;0;;0;100;;;0;100;26;100;1089;0;-122;967
BA;8;2011;D;200;100;200;100;0;100;;100;0;100;842;100;842;100;0;100;0;100;0;100;0;100;0;100;0;;0;100;;;0;100;28;100;1042;0;-58;984
BA;9;2011;D;269;100;269;100;0;100;;100;0;100;638;100;638;100;0;100;0;100;0;100;0;100;0;100;0;;0;100;;;0;100;20;100;907;0;18;925
BA;10;2011;D;276;100;276;100;0;100;;100;0;100;878;100;878;100;0;100;0;100;0;100;0;100;0;100;0;;0;100;;;0;100;26;100;1154;0;-140;1014
BA;11;2011;D;225;100;225;100;0;100;;100;0;100;860;100;860;100;0;100;0;100;0;100;0;100;0;100;0;;0;100;;;0;100;31;100;1085;0;1;1086
BA;12;2011;D;278;100;257;100;0;100;;100;0;100;834;100;834;100;0;100;0;100;0;100;0;100;0;100;0;;0;100;;;0;100;33;100;1112;21;66;1157
BA;1;2010;D;951;100;951;100;0;100;;100;0;100;706;100;706;100;0;100;0;100;0;100;0;100;0;100;0;;0;100;;;0;100;50;100;1657;0;-584;1073
BA;2;2010;D;800;100;800;100;0;100;;100;0;100;704;100;704;100;0;100;0;100;0;100;0;100;0;100;0;;0;100;;;0;100;32;100;1504;0;-527;977
BA;3;2010;D;957;100;957;100;0;100;;100;0;100;652;100;652;100;0;100;0;100;0;100;0;100;0;100;0;;0;100;;;0;100;33;100;1609;0;-594;1015
BA;4;2010;D;782;100;782;100;0;100;;100;0;100;469;100;469;100;0;100;0;100;0;100;0;100;0;100;0;;0;100;;;0;100;27;100;1251;0;-340;911
BA;5;2010;D;737;100;737;100;0;100;;100;0;100;672;100;672;100;0;100;0;100;0;100;0;100;0;100;0;;0;100;;;0;100;27;100;1409;0;-511;898
BA;6;2010;D;458;100;458;100;0;100;;100;0;100;616;100;616;100;0;100;0;100;0;100;0;100;0;100;0;;0;100;;;0;100;22;100;1074;1;-198;875
BA;7;2010;D;381;100;381;100;0;100;;100;0;100;522;100;522;100;0;100;0;100;0;100;0;100;0;100;0;;0;100;;;0;100;20;100;903;1;27;929
BA;8;2010;D;292;100;292;100;0;100;;100;0;100;555;100;555;100;0;100;0;100;0;100;0;100;0;100;0;;0;100;;;0;100;23;100;847;0;97;944
BA;9;2010;D;330;100;330;100;0;100;;100;0;100;604;100;604;100;0;100;0;100;0;100;0;100;0;100;0;;0;100;;;0;100;24;100;934;0;-21;913
BA;10;2010;D;445;100;445;100;0;100;;100;0;100;722;100;722;100;0;100;0;100;0;100;0;100;0;100;0;;0;100;;;0;100;27;100;1167;0;-136;1031
BA;11;2010;D;699;100;699;100;0;100;;100;0;100;666;100;666;100;0;100;0;100;0;100;0;100;0;100;0;;0;100;;;0;100;30;100;1365;0;-364;1001
BA;12;2010;D;1038;100;1038;100;0;100;;100;0;100;796;100;796;100;0;100;0;100;0;100;0;100;0;100;0;;0;100;;;0;100;39;100;1834;0;-676;1158
BE;1;2013;P;163;100;;;48;100;115;;2913;100;2901;100;;100;259;100;2390;100;;100;131;100;632;100;311;100;33;100;288;100;0;100;0;100;6609;156;1584;8037
BE;2;2013;P;134;100;;;43;100;91;;2665;100;2865;100;;100;221;100;2398;100;;100;180;100;653;100;287;100;83;100;283;100;0;100;0;100;6317;118;1018;7217
BE;3;2013;P;144;100;;;42;100;102;;2896;100;2814;100;;100;259;100;2222;100;;100;176;100;748;100;282;100;167;100;299;100;0;100;0;100;6602;136;1331;7797
BE;4;2013;P;131;100;;;32;100;99;;2135;100;2280;100;;100;255;100;1717;100;;100;90;100;881;100;299;100;294;100;288;100;0;100;0;100;5427;131;1693;6989
BE;5;2013;P;141;100;;;36;100;105;;2190;100;2179;100;;100;244;100;1630;100;0;100;69;100;831;100;252;100;292;100;287;100;0;100;0;100;5341;139;1622;6824
BE;6;2013;P;157;100;;;37;100;120;;3523;100;1722;100;;100;55;100;1330;100;0;100;58;100;791;100;265;100;329;100;197;100;0;100;0;100;6193;159;522;6556
BE;7;2013;P;144;100;;;16;100;127;;3984;100;1821;100;;100;134;100;1324;100;;100;88;100;780;100;162;100;390;100;228;100;0;100;0;100;6729;169;22;6582
BE;8;2013;P;114;100;;;8;100;106;;3813;100;1768;100;;100;156;100;1148;100;;100;91;100;722;100;159;100;325;100;238;100;0;100;0;100;6417;141;387;6663
BE;9;2013;P;111;100;;;10;100;101;;3440;100;1828;100;;100;190;100;1323;100;;100;41;100;693;100;219;100;236;100;238;100;0;100;0;100;6072;133;807;6746
BE;10;2013;P;143;100;;;22;100;121;;4394;100;1910;100;;100;213;100;1152;100;;100;0;100;825;100;421;100;151;100;253;100;0;100;0;100;7272;163;361;7470
BE;11;2013;P;146;100;;;34;100;112;;4268;100;2425;100;;100;180;100;1573;100;;100;64;100;692;100;366;100;57;100;269;100;0;100;0;100;7531;149;355;7737
BE;12;2013;P;144;100;;;29;100;115;;4411;100;2404;100;;100;186;100;1778;100;;100;89;100;880;100;540;100;67;100;273;100;0;100;0;100;7839;156;-62;7621
BE;1;2012;D;160;100;;;46;100;0;;4423;100;2509;100;;100;163;100;1902;100;0;100;172;100;636;100;309;100;35;100;292;100;0;100;0;100;7728;152;335;7911
BE;2;2012;D;139;100;;;36;100;103;;3795;100;3403;100;;100;357;100;2656;100;6;100;163;100;716;100;334;100;102;100;280;100;0;100;0;100;8053;137;40;7956
BE;3;2012;D;139;100;;;33;100;106;;3139;100;2318;100;;100;255;100;1682;100;1;100;174;100;610;100;146;100;177;100;287;100;0;100;0;100;6206;142;1423;7487
BE;4;2012;D;140;100;;;31;100;109;;3263;100;2220;100;0;100;163;100;1725;100;1;100;188;100;623;100;228;100;121;100;274;100;0;100;0;100;6246;143;812;6915
BE;5;2012;D;119;100;;;36;100;83;;3693;100;1981;100;0;100;67;100;1688;100;0;100;116;100;607;100;157;100;202;100;248;100;0;100;0;100;6400;112;476;6764
BE;6;2012;D;91;100;;;24;100;67;;3311;100;2065;100;;100;160;100;1608;100;;100;106;100;601;100;193;100;157;100;251;100;0;100;0;100;6068;90;566;6544
BE;7;2012;D;142;100;;;29;100;114;;3500;100;2126;100;;100;155;100;1774;100;;100;88;100;582;100;163;100;188;100;231;100;0;100;0;100;6350;151;77;6276
BE;8;2012;D;132;100;;;16;100;116;;3093;100;2356;100;;100;135;100;1781;100;;100;126;100;649;100;147;100;238;100;264;100;0;100;0;100;6230;154;572;6648
BE;9;2012;D;139;100;;;27;100;0;;2720;100;2417;100;;100;192;100;1917;100;;100;177;100;647;100;194;100;190;100;263;100;0;100;0;100;5923;149;753;6527
BE;10;2012;D;145;100;;;29;100;117;;2124;100;2363;100;;100;237;100;1919;100;;100;157;100;687;100;276;100;130;100;281;100;0;100;0;100;5319;156;1878;7041
BE;11;2012;D;156;100;;;36;100;120;;2593;100;2408;100;;100;230;100;1885;100;;100;147;100;614;100;300;100;54;100;260;100;0;100;0;100;5771;157;1692;7306
BE;12;2012;D;165;100;;;41;100;124;;2811;100;2641;100;;100;193;100;2152;100;;100;166;100;718;100;432;100;34;100;252;100;0;100;0;100;6335;166;1313;7482
BE;1;2011;P;160;100;0;100;43;100;;100;3875;100;2904;100;0;100;305;100;2427;100;5;100;64;100;663;100;212;;24;100;;;0;100;67;100;7602;159;1305;8748
BE;2;2011;P;149;100;0;100;39;100;;100;3327;100;2717;100;0;100;268;100;2178;100;1;100;100;100;618;100;187;;25;100;;;0;100;54;100;6811;147;744;7408
BE;3;2011;P;138;100;0;100;26;100;;100;3927;100;2381;100;0;100;263;100;1902;100;1;100;80;100;720;100;162;;95;100;;;0;100;61;100;7166;154;806;7818
BE;4;2011;P;113;100;0;100;12;100;;100;3965;100;2176;100;0;100;160;100;1824;100;0;100;98;100;696;100;134;;111;100;;;0;100;59;100;6950;135;187;7002
BE;5;2011;P;64;100;0;100;4;100;;100;3736;100;2675;100;;100;154;100;2168;100;1;100;126;100;843;100;162;;123;100;;;0;100;57;100;7318;80;-135;7103
BE;6;2011;P;60;100;0;100;4;100;;100;3761;100;2250;100;0;100;166;100;1779;100;0;100;137;100;779;100;151;;93;100;;;0;100;67;100;6850;75;99;6874
BE;7;2011;P;112;100;0;100;4;100;;100;3772;100;2286;100;0;100;116;100;1969;100;0;100;147;100;818;100;141;;155;100;;;0;100;59;100;6988;146;-240;6602
BE;8;2011;P;115;100;;100;7;100;;100;4314;100;2198;100;;100;44;100;1982;100;1;100;99;100;664;100;144;100;159;100;;;0;100;64;100;7291;144;-471;6676
BE;9;2011;P;121;100;0;100;6;100;;100;3945;100;2342;100;;100;227;100;1890;100;1;100;93;100;714;100;179;;191;100;;;0;100;0;100;7122;151;-239;6732
BE;10;2011;P;124;100;0;100;6;100;;100;3660;100;2470;100;;100;229;100;1950;100;1;100;161;100;900;100;239;;141;100;;;0;100;0;100;7154;157;191;7188
BE;11;2011;P;107;100;0;100;3;100;;100;3735;100;2399;100;;100;244;100;2037;100;0;100;176;100;846;100;177;;100;100;;;0;100;0;100;7087;138;327;7276
BE;12;2011;P;145;100;0;100;40;100;;100;3926;100;2198;100;;100;149;100;1941;100;1;100;179;100;1017;100;397;;36;100;;;0;100;;100;7286;141;448;7593
BE;1;2010;D;147;100;0;;42;;;;3789;100;3834;100;0;;277;;3074;;15;;178;;561;100;76;;17;;;;0;100;80;100;8331;144;216;8403
BE;2;2010;D;150;100;0;;42;;;;3581;100;3388;100;0;;298;;2712;;9;;169;;604;100;123;;10;;;;0;100;66;100;7723;139;-32;7552
BE;3;2010;D;156;100;0;100;47;100;;100;4142;100;3234;100;0;100;274;100;2608;100;3;100;123;100;617;100;140;;42;100;;;0;100;69;100;8149;146;-111;7892
BE;4;2010;D;142;100;0;100;36;100;;100;3660;100;2968;100;0;100;108;100;2590;100;1;100;166;100;675;100;97;;80;100;;;0;100;62;100;7445;142;-61;7242
BE;5;2010;D;129;100;0;100;16;100;;100;3969;100;2901;100;0;100;48;100;2584;100;2;100;144;100;651;100;81;;61;100;;;0;100;70;100;7650;147;-303;7200
BE;6;2010;D;124;100;0;100;8;100;;100;3770;100;2526;100;0;100;110;100;2179;100;1;100;137;100;613;100;67;;92;100;;;0;100;66;100;7033;152;127;7008
BE;7;2010;D;122;100;0;100;4;100;;100;3701;100;2858;100;0;100;294;100;2266;100;8;100;140;100;682;100;63;;90;100;;;0;100;57;100;7363;157;-330;6876
BE;8;2010;D;134;100;0;100;13;100;;100;4233;100;2569;100;0;100;215;100;2046;100;1;100;136;100;668;100;107;;49;100;;;0;100;67;100;7604;160;-523;6921
BE;9;2010;D;126;100;0;100;12;100;;100;3748;100;2840;100;0;100;283;100;2251;100;0;100;95;100;557;100;89;;51;100;;;0;100;59;100;7271;148;-17;7106
BE;10;2010;D;127;100;0;100;12;100;;100;3623;100;3236;100;0;100;355;100;2551;100;3;100;87;100;600;100;139;;42;100;;;0;100;74;100;7586;152;170;7604
BE;11;2010;D;139;100;0;100;28;100;;100;3885;100;3067;100;0;100;317;100;2506;100;4;100;0;100;546;100;160;;8;100;;;0;100;73;100;7637;147;331;7821
BE;12;2010;D;151;100;0;100;36;100;;100;3628;100;3348;100;0;100;399;100;2706;100;6;100;0;100;513;100;145;;12;100;;;0;100;80;100;7640;151;1085;8574
BG;1;2013;P;387;100;;;0;100;0;;1430;100;2083;100;;100;;100;;100;;100;;100;180;95;141;95;39;95;0;100;0;100;0;100;4080;130;-572;3378
BG;2;2013;P;389;100;;;0;100;0;;1285;100;1562;100;;100;;100;;100;;100;;100;152;95;111;95;41;95;0;100;0;100;0;100;3388;108;-369;2911
BG;3;2013;P;503;100;;;0;100;0;;1434;100;1051;100;;100;;100;;100;;100;;100;216;95;131;95;85;95;0;100;0;100;0;100;3204;114;-210;2880
BG;4;2013;P;562;100;;;0;100;0;;827;100;1024;100;;100;;100;;100;;100;;100;215;95;116;95;99;95;0;100;0;100;0;100;2628;83;-124;2421
BG;5;2013;P;594;100;;;0;100;0;;670;100;859;100;;100;;100;;100;;100;;100;208;95;81;95;127;95;0;100;0;100;0;100;2331;40;-94;2197
BG;6;2013;P;465;99;;;;;;;792;100;1028;100;;100;;100;;100;;100;;100;223;95;79;95;144;95;n.a;;0;100;0;100;2508;26;-152;2330
BG;7;2013;P;390;99;;;;;;;1020;100;1309;100;;100;;100;;100;;100;;100;251;95;90;95;161;95;n.a;;0;100;0;100;2970;59;-474;2437
BG;8;2013;P;291;99;;;0;100;0;;1280;100;1744;100;;100;;100;;100;;100;;100;227;95;69;95;158;95;0;100;0;100;0;100;3542;66;-994;2482
BG;9;2013;P;228;99;;;0;100;0;;1048;100;1731;100;;100;;100;;100;;100;;100;240;95;107;95;133;95;0;100;0;100;0;100;3247;87;-860;2300
BG;10;2013;P;239;99;;;0;100;0;;755;100;2300;100;;100;;100;;100;;100;;100;192;95;85;95;107;95;0;100;0;100;0;100;3486;97;-753;2636
BG;11;2013;P;284;99;;;0;100;0;;1369;100;1904;100;;100;;100;;100;;100;;100;185;95;125;95;60;95;0;100;0;100;0;100;3742;109;-892;2741
BG;12;2013;P;284;100;;;0;100;0;;1269;100;2466;100;;100;;100;;100;;100;;100;191;100;125;100;66;100;0;100;0;100;0;100;4210;124;-728;3358
BG;1;2012;D;270;100;;;0;100;0;;1445;100;2319;100;;100;;100;;100;;100;;100;117;100;117;100;0;100;0;100;0;100;0;100;4151;114;-485;3552
BG;2;2012;D;423;100;;;0;100;0;;1350;100;2291;100;;100;;100;;100;;100;;100;91;100;91;100;0;100;0;100;0;100;0;100;4155;92;-489;3574
BG;3;2012;D;215;100;;;0;100;0;;1446;100;2042;100;;100;;100;;100;;100;;100;96;100;96;100;0;100;0;100;0;100;0;100;3799;118;-704;2977
BG;4;2012;D;311;100;;;0;100;0;;1143;100;1580;100;;100;;100;;100;;100;;100;107;100;107;100;0;100;0;100;0;100;0;100;3141;109;-698;2334
BG;5;2012;D;598;100;;;0;100;0;;765;100;1624;100;;100;;100;;100;;100;;100;84;100;84;100;0;100;0;100;0;100;0;100;3071;53;-737;2281
BG;6;2012;D;475;100;;;0;100;0;;1235;100;1316;100;;100;;100;;100;;100;;100;58;100;58;100;0;100;0;100;0;100;0;100;3084;59;-740;2285
BG;7;2012;D;302;100;;;40;100;262;;1349;100;1801;100;;100;;100;;100;;100;;100;86;100;60;100;26;100;0;100;0;100;0;100;3538;81;-982;2475
BG;8;2012;D;289;100;;;26;100;263;;1388;100;1543;100;;100;;100;;100;;100;;100;91;100;65;100;26;100;0;100;0;100;0;100;3311;94;-826;2391
BG;9;2012;D;216;100;;;20;100;196;;984;100;1864;100;;100;;100;;100;;100;;100;79;100;55;100;24;100;0;100;0;100;0;100;3143;90;-873;2180
BG;10;2012;D;208;100;;;0;100;0;;797;100;1849;100;;100;;100;;100;;100;;100;163;100;100;100;63;100;0;100;0;100;0;100;3017;62;-568;2387
BG;11;2012;D;245;100;;;0;100;0;;1380;100;1686;100;;100;;100;;100;;100;;100;133;100;110;100;23;100;0;100;0;100;0;100;3444;105;-628;2711
BG;12;2012;D;276;100;;;0;100;0;;1399;100;2234;100;;100;;100;;100;;100;;100;147;100;120;100;27;100;0;100;0;100;0;100;4056;112;-628;3316
BG;1;2011;D;509;100;0;100;0;100;;100;1443;100;2305;100;;100;;100;;100;;100;;100;32;100;32;;0;100;;;0;100;0;100;4289;89;-729;3471
BG;2;2011;D;384;100;0;100;0;100;;100;1303;100;2270;100;;100;;100;;100;;100;;100;44;100;44;;0;100;;;0;100;0;100;4001;90;-809;3102
BG;3;2011;D;281;100;0;100;0;100;;100;1445;100;2132;100;;100;;100;;100;;100;;100;40;100;40;;0;100;;;0;100;0;100;3898;119;-696;3083
BG;4;2011;D;244;100;0;100;0;100;;100;1223;100;2053;100;;100;;100;;100;;100;;100;38;100;38;;0;100;;;0;100;0;100;3558;104;-881;2573
BG;5;2011;D;332;100;0;100;0;100;;100;731;100;2328;100;;100;;100;;100;;100;;100;29;100;29;;0;100;;;0;100;0;100;3420;86;-926;2408
BG;6;2011;D;288;100;0;100;0;100;;100;1371;100;1640;100;;100;;100;;100;;100;;100;39;100;39;;0;100;;;0;100;0;100;3338;89;-924;2325
BG;7;2011;D;316;100;0;100;0;100;;100;1418;100;2045;100;;100;;100;;100;;100;;100;31;100;31;;0;100;;;0;100;0;100;3810;97;-1226;2487
BG;8;2011;D;314;100;0;100;0;100;;100;1421;100;1841;100;;100;;100;;100;;100;;100;48;100;48;;0;100;;;0;100;0;100;3624;99;-1066;2459
BG;9;2011;D;227;100;;100;;100;;100;1200;100;1943;100;;100;;100;;100;;100;;100;40;100;40;;0;100;;;0;100;0;100;3410;97;-976;2337
BG;10;2011;D;211;100;0;100;0;100;;100;793;100;2482;100;;100;;100;;100;;100;;100;72;100;72;;0;100;;;0;100;0;100;3558;99;-746;2713
BG;11;2011;D;221;100;0;100;0;100;;100;1380;100;2390;100;;100;;100;;100;;100;;100;50;100;50;;0;100;;;0;100;0;100;4041;95;-834;3112
BG;12;2011;D;215;100;0;100;0;100;;100;1444;100;2460;100;;100;;100;;100;;100;;100;77;100;77;;0;100;;;0;100;0;100;4196;120;-913;3163
BG;1;2010;D;490;100;0;;0;;;;1248;100;2121;100;;;;;;;;;;;17;100;17;;0;;;;0;100;0;100;3876;74;-319;3483
BG;2;2010;D;461;100;0;;0;;;;1273;100;1867;100;;;;;;;;;;;30;100;30;;0;;;;0;100;0;100;3631;85;-498;3048
BG;3;2010;D;550;100;0;;0;;;;1394;100;1615;100;;;;;;;;;;;33;100;33;;0;;;;0;100;0;100;3592;84;-490;3018
BG;4;2010;D;592;100;0;;0;;;;1202;100;1089;100;;;;;;;;;;;17;100;17;;0;;;;0;100;0;100;2900;71;-389;2440
BG;5;2010;D;551;100;0;100;0;100;;100;716;100;1417;100;;100;;100;;100;;100;;100;15;100;15;;0;100;;;0;100;0;100;2699;60;-355;2284
BG;6;2010;D;518;100;0;100;0;100;;100;1084;100;1354;100;;100;;100;;100;;100;;100;17;100;17;;0;100;;;0;100;0;100;2973;32;-920;2021
BG;7;2010;D;449;100;0;100;0;100;;100;1416;100;1447;100;;100;;100;;100;;100;;100;24;100;24;;0;100;;;0;100;0;100;3336;74;-1149;2113
BG;8;2010;D;377;100;0;100;0;100;;100;1399;100;1568;100;;100;;100;;100;;100;;100;25;100;25;;0;100;;;0;100;0;100;3369;88;-1042;2239
BG;9;2010;D;268;100;0;100;0;100;;100;1029;100;1896;100;;100;;100;;100;;100;;100;32;100;32;;0;100;;;0;100;0;100;3225;91;-869;2265
BG;10;2010;D;372;100;0;100;0;100;;100;720;100;2394;100;;100;;100;;100;;100;;100;35;100;35;;0;100;;;0;100;0;100;3521;89;-693;2739
BG;11;2010;D;307;100;0;100;0;100;;100;1259;100;2034;100;;100;;100;;100;;100;;100;35;100;35;;0;100;;;0;100;0;100;3635;115;-886;2634
BG;12;2010;D;496;100;0;100;0;100;;100;1441;100;2282;100;;100;;100;;100;;100;;100;51;100;51;;0;100;;;0;100;0;100;4270;110;-907;3253
CH;1;2013;P;3112;100;;;0;100;0;;2421;100;198;100;;100;;100;;100;;100;;100;145;100;9;100;0;100;0;100;0;100;91;100;5876;101;497;6272
CH;2;2013;P;3003;100;;;0;100;0;;2214;100;197;100;;100;;100;;100;;100;;100;145;100;9;100;0;100;0;100;0;100;95;100;5559;69;426;5916
CH;3;2013;P;2333;100;;;0;100;0;;2437;100;213;100;;100;;100;;100;;100;;100;156;100;9;100;0;100;0;100;0;100;79;100;5139;87;933;5985
CH;4;2013;P;2419;100;;;0;100;0;;2352;100;197;100;;100;;100;;100;;100;;100;144;100;9;100;0;100;0;100;0;100;56;100;5112;124;253;5241
CH;5;2013;P;4038;100;;;0;100;0;;1713;100;192;100;;100;;100;;100;;100;;100;140;100;9;100;0;100;0;100;0;100;55;100;6083;146;-881;5056
CH;6;2013;D;3983;100;;;0;100;0;;1555;100;173;100;;100;;100;;100;;100;;100;127;100;9;100;0;100;0;100;0;100;48;100;5838;253;-761;4824
CH;7;2013;D;4416;100;;;0;100;0;;1817;100;181;100;;100;;100;;100;;100;;100;133;100;9;100;0;100;0;100;0;100;61;100;6547;308;-1426;4813
CH;8;2013;D;4035;100;;;0;100;0;;1710;100;170;100;;100;;100;;100;;100;;100;124;100;9;100;0;100;0;100;0;100;51;100;6039;272;-1012;4755
CH;9;2013;D;3097;100;;;0;100;0;;1328;100;162;100;;100;;100;;100;;100;;100;118;100;9;100;0;100;0;100;0;100;46;100;4705;245;385;4845
CH;10;2013;D;2953;100;;;0;100;0;;2454;100;173;100;;100;;100;;100;;100;;100;126;100;9;100;0;100;0;100;0;100;77;100;5706;199;-218;5289
CH;11;2013;D;3297;100;;;0;100;0;;2394;100;183;100;;100;;100;;100;;100;;100;135;100;9;100;0;100;0;100;0;100;78;100;6009;138;-104;5767
CH;12;2013;D;2886;100;;;0;100;0;;2476;100;194;100;;100;;100;;100;;100;;100;143;100;9;100;0;100;0;100;0;100;103;100;5699;190;579;6088
CH;1;2012;D;2796;100;;;0;100;0;;2437;100;192;100;;100;;100;;100;;100;;100;118;100;6;100;0;100;0;100;0;100;103;100;5543;133;824;6234
CH;2;2012;D;2835;100;;;0;100;0;;2276;100;191;100;;100;;100;;100;;100;;100;118;100;6;100;0;100;0;100;0;100;89;100;5420;92;1001;6329
CH;3;2012;D;2148;100;;;0;100;0;;2357;100;216;100;;100;;100;;100;;100;;100;133;100;6;100;0;100;0;100;0;100;99;100;4854;157;957;5654
CH;4;2012;D;2445;100;;;0;100;0;;2222;100;184;100;;100;;100;;100;;100;;100;113;100;6;100;0;100;0;100;0;100;79;100;4964;174;316;5106
CH;5;2012;D;3771;100;;;0;100;0;;2291;100;201;100;;100;;100;;100;;100;;100;125;100;6;100;0;100;0;100;0;100;50;100;6388;227;-1245;4916
CH;6;2012;D;4486;100;;;0;100;0;;1508;100;181;100;;100;;100;;100;;100;;100;112;100;6;100;0;100;0;100;0;100;50;100;6287;360;-1130;4797
CH;7;2012;D;4560;100;;;0;100;0;;2236;100;198;100;;100;;100;;100;;100;;100;122;100;6;100;0;100;0;100;0;100;57;100;7116;317;-2029;4770
CH;8;2012;D;4244;100;;;0;100;0;;1351;100;191;100;;100;;100;;100;;100;;100;118;100;6;100;0;100;0;100;0;100;47;100;5904;288;-788;4828
CH;9;2012;D;3426;100;;;0;100;0;;1296;100;177;100;;100;;100;;100;;100;;100;110;100;6;100;0;100;0;100;0;100;51;100;5009;185;62;4886
CH;10;2012;D;3414;100;;;0;100;0;;1567;100;182;100;;100;;100;;100;;100;;100;113;100;6;100;0;100;0;100;0;100;77;100;5276;141;312;5447
CH;11;2012;D;2865;100;;;0;100;0;;2362;100;213;100;;100;;100;;100;;100;;100;131;100;6;100;0;100;0;100;0;100;84;100;5571;147;272;5696
CH;12;2012;D;2916;100;;;0;100;0;;2442;100;203;100;;100;;100;;100;;100;;100;126;100;6;100;0;100;0;100;0;100;83;100;5687;190;597;6094
CH;1;2011;D;2652;100;0;100;0;100;;100;2435;100;192;100;;100;;100;;100;;100;;100;129;100;5;;0;100;;;0;100;88;100;5408;144;1034;6298
CH;2;2011;D;2228;100;0;100;0;100;;100;2177;100;186;100;;100;;100;;100;;100;;100;125;100;5;;0;100;;;0;100;93;100;4716;99;1065;5682
CH;3;2011;D;2032;100;0;100;0;100;;100;2426;100;192;100;;100;;100;;100;;100;;100;129;100;5;;0;100;;;0;100;82;100;4779;167;1298;5910
CH;4;2011;D;2142;100;0;100;0;100;;100;2321;100;174;100;;100;;100;;100;;100;;100;117;100;5;;0;100;;;0;100;55;100;4754;189;362;4927
CH;5;2011;D;2795;100;0;100;0;100;;100;2397;100;158;100;;100;;100;;100;;100;;100;106;100;5;;0;100;;;0;100;38;100;5456;238;-134;5084
CH;6;2011;D;3392;100;0;100;0;100;;100;1561;100;153;100;;100;;100;;100;;100;;100;104;100;5;;0;100;;;0;100;37;100;5210;332;-86;4792
CH;7;2011;D;3663;100;0;100;0;100;;100;2057;100;185;100;;100;;100;;100;;100;;100;125;100;5;;0;100;;;0;100;51;100;6030;376;-857;4797
CH;8;2011;D;3518;100;0;100;0;100;;100;1151;100;170;100;;100;;100;;100;;100;;100;115;100;5;;0;100;;;0;100;40;100;4954;315;230;4869
CH;9;2011;D;3539;100;0;100;0;100;;100;1835;100;161;100;;100;;100;;100;;100;;100;108;100;5;;0;100;;;0;100;44;100;5643;195;-502;4946
CH;10;2011;D;2772;100;0;100;0;100;;100;2397;100;171;100;;100;;100;;100;;100;;100;115;100;5;;0;100;;;0;100;84;100;5455;122;37;5370
CH;11;2011;D;2535;100;0;100;0;100;;100;2361;100;179;100;;100;;100;;100;;100;;100;121;100;5;;0;100;;;0;100;86;100;5196;120;646;5722
CH;12;2011;D;2527;100;0;100;0;100;;100;2442;100;186;100;;100;;100;;100;;100;;100;125;100;5;100;0;100;;;0;100;108;100;5280;169;931;6042
CH;1;2010;D;2805;100;0;;0;;;;2423;100;200;100;;;;;;;;;;;126;100;2;;0;;;;0;100;83;100;5554;137;912;6329
CH;2;2010;D;2402;100;0;;0;;;;2187;100;188;100;;;;;;;;;;;118;100;2;;0;;;;0;100;82;100;4895;107;910;5698
CH;3;2010;D;2319;100;0;100;0;100;;100;2412;100;187;100;;100;;100;;100;;100;;100;118;100;2;;0;100;;;0;100;87;100;5036;150;1082;5968
CH;4;2010;D;2116;100;0;100;0;100;;100;2326;100;182;100;;100;;100;;100;;100;;100;114;100;2;;0;100;;;0;100;74;100;4738;161;530;5107
CH;5;2010;D;3384;100;0;100;0;100;;100;2203;100;188;100;;100;;100;;100;;100;;100;118;100;2;;0;100;;;0;100;56;100;5893;249;-548;5096
CH;6;2010;D;4328;100;0;100;0;100;;100;1562;100;182;100;;100;;100;;100;;100;;100;114;100;2;;0;100;;;0;100;46;100;6186;372;-868;4946
CH;7;2010;D;4227;100;0;100;0;100;;100;2129;100;188;100;;100;;100;;100;;100;;100;119;100;2;;0;100;;;0;100;79;100;6663;361;-1383;4919
CH;8;2010;D;3985;100;0;100;0;100;;100;1246;100;186;100;;100;;100;;100;;100;;100;117;100;2;;0;100;;;0;100;43;100;5534;296;-340;4898
CH;9;2010;D;3216;100;0;100;0;100;;100;1494;100;166;100;;100;;100;;100;;100;;100;104;100;2;;0;100;;;0;100;55;100;4980;163;206;5023
CH;10;2010;D;2805;100;0;100;0;100;;100;2428;100;184;100;;100;;100;;100;;100;;100;116;100;2;;0;100;;;0;100;88;100;5533;169;155;5519
CH;11;2010;D;2694;100;0;100;0;100;;100;2350;100;179;100;;100;;100;;100;;100;;100;113;100;2;;0;100;;;0;100;89;100;5336;183;644;5797
CH;12;2010;D;3169;100;0;100;0;100;;100;2445;100;178;100;;100;;100;;100;;100;;100;112;100;2;;0;100;;;0;100;89;100;5904;146;651;6409
CY;1;2013;P;0;100;;;0;100;0;;0;100;332;100;;100;;100;;100;332;100;;100;21;100;21;100;0;100;0;100;0;100;0;100;353;0;0;353
CY;2;2013;P;0;100;;;0;100;0;;0;100;275;100;;100;;100;;100;275;100;;100;21;100;21;100;0;100;0;100;0;100;0;100;296;0;0;296
CY;3;2013;P;0;100;;;0;100;0;;0;100;275;100;;100;;100;;100;275;100;;100;25;100;25;100;0;100;0;100;0;100;0;100;300;0;0;300
CY;4;2013;P;0;100;;;0;100;0;;0;100;260;100;;100;;100;;100;260;100;;100;19;100;19;100;0;100;0;100;0;100;0;100;279;0;0;279
CY;5;2013;P;0;100;;;0;100;0;;0;100;316;100;;100;;100;;100;316;100;;100;15;100;15;100;0;100;0;100;0;100;0;100;331;0;0;331
CY;6;2013;P;0;100;;;0;100;0;;0;100;348;100;;100;;100;;100;348;100;;100;20;100;20;100;0;100;0;100;0;100;0;100;368;0;0;368
CY;7;2013;P;0;100;;;0;100;0;;0;100;434;100;;100;;100;;100;434;100;;100;18;100;18;100;0;100;0;100;0;100;0;100;452;0;0;452
CY;8;2013;P;0;100;;;0;100;0;;0;100;447;100;;100;;100;;100;447;100;;100;16;100;16;100;0;100;0;100;0;100;0;100;463;0;0;463
CY;9;2013;P;0;100;;;0;100;0;;0;100;361;100;;100;;100;;100;361;100;;100;15;100;15;100;0;100;0;100;0;100;0;100;376;0;0;376
CY;10;2013;P;0;100;;;0;100;0;;0;100;299;100;;100;;100;;100;299;100;;100;19;100;19;100;0;100;0;100;0;100;0;100;318;0;0;318
CY;11;2013;P;0;100;;;0;100;0;;0;100;275;100;;100;;100;;100;275;100;;100;13;100;13;100;0;100;0;100;0;100;0;100;288;0;0;288
CY;12;2013;P;0;100;;;0;100;0;;0;100;336;100;;100;;100;;100;336;100;;100;26;100;26;100;0;100;0;100;0;100;0;100;362;0;0;362
CY;1;2012;P;0;100;0;100;0;100;;100;0;100;423;100;;100;;100;;100;423;100;;100;23;100;23;;0;100;;;0;100;0;100;446;0;0;446
CY;2;2012;P;0;100;;;0;100;0;;0;100;360;100;;100;;100;;100;360;100;;100;26;100;26;100;0;100;0;100;0;100;0;100;386;0;0;386
CY;3;2012;P;0;100;;;0;100;0;;0;100;340;100;;100;;100;;100;340;100;;100;18;100;18;100;0;100;0;100;0;100;0;100;358;0;0;358
CY;4;2012;P;0;100;;;0;100;0;;0;100;291;100;;100;;100;;100;291;100;;100;12;100;12;100;0;100;0;100;0;100;0;100;303;0;0;303
CY;5;2012;P;0;100;;;0;100;0;;0;100;328;100;;100;;100;;100;;100;;100;15;100;15;100;0;100;0;100;0;100;0;100;343;0;0;343
CY;6;2012;P;0;100;;;0;100;0;;0;100;407;100;;100;;100;;100;;100;;100;10;100;10;100;0;100;0;100;0;100;0;100;417;0;0;417
CY;7;2012;P;0;100;;;0;100;0;;0;100;525;100;;100;;100;;100;;100;;100;15;100;15;100;0;100;0;100;0;100;0;100;540;0;0;540
CY;8;2012;P;0;100;;;0;100;0;;0;100;488;100;;100;;100;;100;488;100;;100;17;100;17;100;0;100;0;100;0;100;0;100;505;0;0;505
CY;9;2012;P;0;100;;;0;100;0;;0;100;415;100;;100;;100;;100;415;100;;100;11;100;11;100;0;100;0;100;0;100;0;100;426;0;0;426
CY;10;2012;P;0;100;;;0;100;0;;0;100;355;100;;100;;100;;100;355;100;;100;8;100;8;100;0;100;0;100;0;100;0;100;363;0;0;363
CY;11;2012;P;0;100;;;0;100;0;;0;100;288;100;;100;;100;;100;288;100;;100;13;100;13;100;0;100;0;100;0;100;0;100;301;0;0;301
CY;12;2012;P;0;100;;;0;100;0;;0;100;313;100;;100;;100;;100;313;100;;100;17;100;17;100;0;100;0;100;0;100;0;100;330;0;0;330
CY;1;2011;D;0;100;0;100;0;100;;100;0;100;434;100;;100;;100;;100;434;100;;100;12;100;12;;0;100;;;0;100;0;100;446;0;0;446
CY;2;2011;D;0;100;0;100;0;100;;100;0;100;397;100;;100;;100;;100;397;100;;100;10;100;10;;0;100;;;0;100;0;100;407;0;0;407
CY;3;2011;D;0;100;0;100;0;100;;100;0;100;403;100;;100;;100;;100;403;100;;100;8;100;8;;0;100;;;0;100;0;100;411;0;0;411
CY;4;2011;D;0;100;0;100;0;100;;100;0;100;337;100;;100;;100;;100;337;100;;100;10;100;10;;0;100;;;0;100;0;100;347;0;0;347
CY;5;2011;D;0;100;0;100;0;100;;100;0;100;370;100;;100;;100;;100;370;100;;100;8;100;8;;0;100;;;0;100;0;100;378;0;0;378
CY;6;2011;D;0;100;0;100;0;100;;100;0;100;426;100;;100;;100;;100;426;100;;100;10;100;10;;0;100;;;0;100;0;100;436;0;0;436
CY;7;2011;D;0;100;0;100;0;100;;100;0;100;485;100;;100;;100;;100;485;100;;100;7;100;7;;0;100;;;0;100;0;100;492;0;0;492
CY;8;2011;D;0;100;0;100;0;100;;100;0;100;483;100;;100;;100;;100;483;100;;100;9;100;9;;0;100;;;0;100;0;100;492;0;0;492
CY;9;2011;D;0;100;0;100;0;100;;100;0;100;432;100;;100;;100;;100;432;100;;100;8;100;8;;0;100;;;0;100;0;100;440;0;0;440
CY;10;2011;D;0;100;0;100;0;100;;100;0;100;348;100;;100;;100;;100;348;100;;100;10;100;10;;0;100;;;0;100;0;100;358;0;0;358
CY;11;2011;D;0;100;0;100;0;100;;100;0;100;341;100;;100;;100;;100;341;100;;100;9;100;9;;0;100;;;0;100;0;100;350;0;0;350
CY;12;2011;D;0;100;0;100;0;100;;100;0;100;377;100;;100;;100;;100;377;100;;100;14;100;14;;0;100;;;0;100;0;100;391;0;0;391
CY;1;2010;D;0;100;0;;0;;;;0;100;437;100;;;;;;;437;100;;;0;100;0;;0;;;;0;100;6;100;437;0;0;437
CY;2;2010;D;0;100;0;;0;;;;0;100;393;100;;;;;;;393;;;;0;100;0;;0;;;;0;100;5;100;393;0;0;393
CY;3;2010;D;0;100;0;;0;;;;0;100;379;100;;;;;;;379;;;;0;100;0;;0;;;;0;100;5;100;379;0;0;379
CY;4;2010;D;0;100;0;;0;;;;0;100;341;100;;;;;;;341;;;;0;100;0;;0;;;;0;100;4;100;341;0;0;341
CY;5;2010;D;0;100;0;100;0;100;;100;0;100;381;100;;100;;100;;100;381;100;;100;0;100;0;;0;100;;;0;100;5;100;381;0;0;381
CY;6;2010;D;0;100;0;100;0;100;;100;0;100;448;100;;100;;100;;100;448;100;;100;0;100;0;;0;100;;;0;100;7;100;448;0;0;448
CY;7;2010;D;0;100;0;100;0;100;;100;0;100;549;100;;100;;100;;100;549;100;;100;0;100;0;;0;100;;;0;100;8;100;549;0;0;549
CY;8;2010;D;0;100;0;100;0;100;;100;0;100;618;100;;100;;100;;100;618;100;;100;2;100;2;;0;100;;;0;100;8;100;620;0;0;620
CY;9;2010;D;0;100;0;100;0;100;;100;0;100;501;100;;100;;100;;100;501;100;;100;6;100;6;;0;100;;;0;100;0;100;507;0;0;507
CY;10;2010;D;0;100;0;100;0;100;;100;0;100;402;100;;100;;100;;100;402;100;;100;9;100;9;;0;100;;;0;100;0;100;411;0;0;411
CY;11;2010;D;0;100;0;100;0;100;;100;0;100;362;100;;100;;100;;100;362;100;;100;3;100;3;;0;100;;;0;100;0;100;365;0;0;365
CY;12;2010;D;0;100;0;100;0;100;;100;0;100;391;100;;100;;100;;100;391;100;;100;13;100;13;;0;100;;;0;100;0;100;404;0;0;404
CZ;1;2013;P;390;100;;;0;100;79;;2833;100;4336;100;3143;100;480;100;581;100;2;100;16;100;77;100;44;100;34;100;115;100;0;100;65;100;7636;107;-1412;6117
CZ;2;2013;P;400;100;;;0;100;72;;2343;100;3995;100;2841;100;473;100;545;100;1;100;15;100;100;100;33;100;67;100;120;100;0;100;62;100;6838;98;-1223;5517
CZ;3;2013;P;391;100;;;0;100;83;;2517;100;4451;100;3203;100;500;100;586;100;1;100;25;100;206;100;47;100;159;100;137;100;0;100;59;100;7565;114;-1536;5915
CZ;4;2013;P;337;100;;;0;100;78;;2361;100;3669;100;2368;100;388;100;507;100;1;100;19;100;221;100;30;100;191;100;117;100;0;100;51;100;6588;105;-1382;5101
CZ;5;2013;P;315;100;;;0;100;63;;2133;100;3723;100;2716;100;364;100;507;100;1;100;25;100;248;100;35;100;213;100;111;100;0;100;50;100;6419;85;-1492;4842
CZ;6;2013;P;387;100;;;0;100;13;;2129;100;3103;100;2262;100;254;100;469;100;0;100;22;100;298;100;34;100;264;100;96;100;0;100;43;100;5917;20;-1262;4635
CZ;7;2013;P;262;100;;;0;100;59;;2318;100;3239;100;2337;100;404;100;370;100;1;100;18;100;348;100;23;100;326;100;109;100;0;100;52;100;6167;81;-1530;4556
CZ;8;2013;P;213;100;;;0;100;84;;2066;100;3521;100;2501;100;386;100;480;100;0;100;14;100;308;100;23;100;284;100;140;100;0;100;57;100;6108;114;-1326;4668
CZ;9;2013;P;223;100;;;0;100;74;;2171;100;3176;100;2165;100;371;100;479;100;0;100;19;100;239;100;43;100;196;100;142;100;0;100;46;100;5809;101;-893;4815
CZ;10;2013;P;275;100;;;0;100;102;;2802;100;3908;100;2805;100;355;100;602;100;1;100;16;100;207;100;49;100;159;100;130;100;0;100;71;100;7192;139;-1734;5319
CZ;11;2013;P;252;100;;;0;100;92;;2779;100;4269;100;2938;100;419;100;746;100;1;100;18;100;116;100;54;100;61;100;146;100;0;100;64;100;7416;127;-1716;5573
CZ;12;2013;P;262;100;;;;100;93;;2552;100;4206;100;2918;100;438;100;690;100;2;100;24;100;110;100;60;100;50;100;134;100;0;100;86;100;7130;126;-1353;5651
CZ;1;2012;D;343;100;;;0;100;;;2691;100;4743;100;3581;100;481;100;414;100;10;100;173;100;136;100;72;;65;100;n.a;;0;100;80;100;7913;116;-1768;6029
CZ;2;2012;D;298;100;;;0;100;78;;2268;100;4554;100;3350;100;544;100;481;100;11;100;169;100;148;100;39;100;110;100;0;100;0;100;79;100;7268;106;-986;6176
CZ;3;2012;D;359;100;;;0;100;66;;2480;100;4478;100;3464;100;367;100;466;100;6;100;175;100;246;100;33;100;215;100;0;100;0;100;71;100;7563;92;-1876;5595
CZ;4;2012;D;283;100;;;0;100;69;;2403;100;4137;100;3207;100;351;100;416;100;2;100;161;100;263;100;30;100;235;100;0;100;0;100;66;100;7086;94;-1904;5088
CZ;5;2012;D;273;100;;;0;100;61;;2138;100;3727;100;2880;100;275;100;416;100;2;100;153;100;328;100;31;100;299;100;0;100;0;100;52;100;6466;82;-1505;4879
CZ;6;2012;D;174;100;;;0;100;15;;2047;100;3612;100;2815;100;281;100;390;100;3;100;124;100;285;100;26;100;261;100;0;100;0;100;45;100;6118;21;-1445;4652
CZ;7;2012;D;167;100;;;0;100;14;;2653;100;3235;100;2462;100;307;100;331;100;1;100;134;100;279;100;28;100;253;100;0;100;0;100;59;100;6334;20;-1719;4595
CZ;8;2012;D;202;100;;;0;100;43;;2067;100;3279;100;2448;100;334;100;352;100;1;100;145;100;293;100;19;100;276;100;0;100;0;100;55;100;5841;61;-1097;4683
CZ;9;2012;D;203;100;;;0;100;63;;2279;100;3243;100;2380;100;289;100;428;100;4;100;143;100;239;100;26;100;215;100;0;100;0;100;51;100;5964;85;-1166;4713
CZ;10;2012;D;212;100;;;0;100;53;;2473;100;3820;100;2783;100;422;100;450;100;3;100;163;100;160;100;30;100;132;100;0;100;0;100;66;100;6665;72;-1212;5381
CZ;11;2012;D;234;100;;;0;100;81;;2578;100;3915;100;2816;100;404;100;499;100;1;100;195;100;94;100;38;100;58;100;0;100;0;100;56;100;6821;111;-1198;5512
CZ;12;2012;D;266;100;;;0;100;90;;2525;100;4217;100;3030;100;445;100;545;100;3;100;194;100;85;100;44;100;42;100;0;100;0;100;59;100;7093;123;-1245;5725
CZ;1;2011;D;333;100;;100;;100;;100;2743;100;4632;100;3444;100;580;100;455;100;9;100;144;100;68;100;30;;38;100;;;0;100;64;100;7776;77;-1539;6160
CZ;2;2011;D;283;100;;100;;100;;100;2392;100;4222;100;3128;100;528;100;418;100;8;100;140;100;133;100;29;;104;100;;;0;100;52;100;7030;75;-1270;5685
CZ;3;2011;D;283;100;0;100;0;100;;100;2395;100;4385;100;3226;100;528;100;463;100;6;100;162;100;242;100;32;;210;100;;;0;100;54;100;7305;83;-1432;5790
CZ;4;2011;D;260;100;0;100;0;100;;100;2352;100;3528;100;2567;100;411;100;393;100;6;100;151;100;274;100;36;;238;100;;;0;100;47;100;6414;70;-1378;4966
CZ;5;2011;D;198;100;0;100;0;100;;100;2181;100;3863;100;2797;100;510;100;399;100;8;100;149;100;320;100;22;;298;100;;;0;100;40;100;6562;34;-1553;4975
CZ;6;2011;D;158;100;0;100;0;100;;100;1965;100;3563;100;2689;100;356;100;368;100;6;100;144;100;290;100;28;;262;100;;;0;100;40;100;5976;47;-1246;4683
CZ;7;2011;D;210;100;0;100;0;100;;100;1736;100;3477;100;2774;100;303;100;273;100;6;100;121;100;265;100;36;;229;100;;;0;100;48;100;5688;85;-1039;4564
CZ;8;2011;D;217;100;0;100;0;100;;100;1963;100;3669;100;2815;100;314;100;392;100;7;100;141;100;276;100;20;;256;100;;;0;100;52;100;6125;81;-1290;4754
CZ;9;2011;D;186;100;0;100;0;100;;100;1674;100;3952;100;2986;100;426;100;381;100;12;100;147;100;242;100;20;;221;100;;;0;100;60;100;6054;90;-1251;4713
CZ;10;2011;D;234;100;0;100;0;100;;100;2243;100;4533;100;3553;100;415;100;404;100;13;100;148;100;187;100;39;;148;100;;;0;100;77;100;7197;90;-1795;5312
CZ;11;2011;D;211;100;0;100;0;100;;100;2447;100;4616;100;3548;100;437;100;448;100;9;100;174;100;104;100;30;;74;100;;;0;100;80;100;7378;111;-1550;5717
CZ;12;2011;D;248;100;0;100;0;100;;100;2618;100;4558;100;3408;100;461;100;492;100;12;100;185;100;99;100;62;;37;100;;;0;100;91;100;7523;104;-1702;5717
CZ;1;2010;D;274;100;79;;139;;;;2683;100;4896;100;3585;;724;;442;;14;;132;;19;100;13;;6;;;;0;100;59;100;7872;75;-1520;6277
CZ;2;2010;D;223;100;70;;115;;;;2450;100;4318;100;3240;;535;;413;;14;;116;;40;100;23;;17;;;;0;100;50;100;7031;53;-1338;5640
CZ;3;2010;D;314;100;99;;165;;;;2403;100;4670;100;3530;;538;;451;;8;;143;;85;100;41;;44;;;;0;100;57;100;7472;68;-1598;5806
CZ;4;2010;D;336;100;99;100;181;100;;100;2443;100;3697;100;2772;100;419;100;381;100;7;100;118;100;89;100;24;;65;100;;;0;100;59;100;6565;76;-1443;5046
CZ;5;2010;D;295;100;83;100;169;100;;100;1933;100;3437;100;2501;100;426;100;376;100;9;100;125;100;83;100;30;;53;100;;;0;100;36;100;5748;58;-727;4963
CZ;6;2010;D;346;100;151;100;168;100;;100;1927;100;3255;100;2492;100;273;100;360;100;6;100;124;100;106;100;25;;71;100;;;0;100;36;100;5634;36;-911;4687
CZ;7;2010;D;225;100;59;100;109;100;;100;2226;100;3770;100;3089;100;299;100;267;100;7;100;108;100;104;100;17;;87;100;;;0;100;53;100;6325;77;-1680;4568
CZ;8;2010;D;351;100;146;100;155;100;;100;1944;100;3278;100;2617;100;247;100;291;100;7;100;116;100;114;100;27;;87;100;;;0;100;36;100;5687;67;-941;4679
CZ;9;2010;D;257;100;63;100;134;100;;100;1750;100;4109;100;3114;100;482;100;374;100;8;100;131;100;98;100;30;;68;100;;;0;100;42;100;6214;81;-1273;4860
CZ;10;2010;D;258;100;69;100;141;100;;100;2164;100;4438;100;3336;100;549;100;397;100;13;100;143;100;97;100;35;;62;100;;;0;100;51;100;6957;66;-1474;5417
CZ;11;2010;D;210;100;43;100;128;100;;100;2098;100;4326;100;3220;100;513;100;423;100;12;100;158;100;65;100;36;;29;100;;;0;100;49;100;6699;50;-1110;5539
CZ;12;2010;D;291;100;74;100;151;100;;100;2420;100;4519;100;3327;100;553;100;471;100;15;100;153;100;48;100;33;;15;100;;;0;100;55;100;7278;90;-934;6254
DE;1;2013;P;1856;100;;;0;100;0;;8922;100;33754;100;13011;100;;100;;100;;100;;100;8469;100;5030;100;347;100;2900;100;0;100;635;100;53001;701;-3689;48611
DE;2;2013;P;1846;100;;;0;100;0;;8132;100;33414;100;12465;100;;100;;100;;100;;100;6991;100;3233;100;650;100;2916;100;0;100;388;100;50383;511;-3447;46425
DE;3;2013;P;2161;100;;;0;100;0;;8883;100;33046;100;10397;100;;100;;100;;100;;100;10103;100;4676;100;2303;100;2932;100;0;100;628;100;54193;609;-4919;48665
DE;4;2013;P;2153;100;;;0;100;0;;6961;100;26536;100;11642;100;;100;;100;;100;;100;9630;100;3331;100;3159;100;2948;100;0;100;502;100;45280;601;-2531;42148
DE;5;2013;P;2440;100;;;1718;100;722;;6324;100;23844;100;11502;100;8458;100;2567;100;126;100;1191;100;9657;100;3143;100;3432;100;3012;100;0;100;515;100;42265;700;190;41755
DE;6;2013;P;2289;100;;;1589;100;700;;6596;100;22828;100;11865;100;7284;100;2451;100;150;100;1077;100;10672;100;3518;100;4225;100;2858;100;0;100;483;100;42385;644;-945;40796
DE;7;2013;P;1981;100;;;1437;100;544;;6164;100;25663;100;12872;100;9022;100;2389;100;125;100;1255;100;9945;100;1947;100;5035;100;2884;100;0;100;443;100;43753;543;-733;42477
DE;8;2013;P;1726;100;;;1201;100;525;;7074;100;24227;100;11853;100;8576;100;2441;100;121;100;1235;100;10894;100;2558;100;5090;100;3104;100;0;100;421;100;43921;582;-1448;41891
DE;9;2013;P;1960;100;;;1343;100;616;;7729;100;26743;100;12415;100;9554;100;3490;100;182;100;1102;100;10492;100;3953;100;3288;100;3112;100;0;100;457;100;46924;636;-3591;42697
DE;10;2013;P;2049;100;;;1429;100;620;;8238;100;28285;100;13167;100;10002;100;3779;100;177;100;1160;100;11125;100;6020;100;1956;100;3069;100;0;100;562;100;49697;665;-4461;44571
DE;11;2013;P;2098;100;;;1470;100;628;;8346;100;30222;100;13672;100;10861;100;4335;100;253;100;1101;100;9104;100;5202;100;795;100;3030;100;0;100;583;100;49770;603;-3516;45651
DE;12;2013;P;1879;100;;;1250;100;630;;8779;100;27461;100;12501;100;9077;100;4550;100;231;100;1101;100;12120;100;8171;100;735;100;3131;100;0;100;698;100;50239;678;-4690;44871
DE;1;2012;D;1794;100;;;0;100;0;;8808;100;31362;100;11933;100;;100;;100;;100;;100;10220;100;7060;100;540;100;2441;100;0;100;640;100;52184;692;-2000;49492
DE;2;2012;D;1720;100;;;0;100;0;;8425;100;35651;100;12847;100;;100;;100;;100;;100;8272;100;4593;100;1042;100;2458;100;0;100;753;100;54068;546;-3491;50031
DE;3;2012;D;2081;100;;;0;100;0;;8740;100;31265;100;13342;100;;100;;100;;100;;100;9019;100;4029;100;2337;100;2474;100;0;100;644;100;51105;610;-2697;47798
DE;4;2012;D;1961;100;;;0;100;0;;5810;100;26953;100;11228;100;;100;;100;;100;;100;8640;100;3401;100;2570;100;2490;100;0;100;472;100;43364;573;-1412;41379
DE;5;2012;D;2144;100;;;0;100;0;;6743;100;23811;100;10486;100;;100;;100;;100;;100;9612;100;2900;100;4027;100;2506;100;0;100;433;100;42310;663;15;41662
DE;6;2012;D;2100;100;;;0;100;0;;6724;100;26836;100;11459;100;;100;;100;;100;;100;9216;100;2906;100;3609;100;2522;100;0;100;457;100;44876;579;-429;43868
DE;7;2012;D;1893;100;;;0;100;0;;6663;100;26795;100;11619;100;;100;;100;;100;;100;9108;100;2643;100;3748;100;2538;100;0;100;439;100;44459;627;-243;43589
DE;8;2012;D;1624;100;;;0;100;0;;8575;100;23602;100;11292;100;;100;;100;;100;;100;8775;100;2165;100;3876;100;2555;100;0;100;470;100;42576;639;-1367;40570
DE;9;2012;D;1609;100;;;0;100;0;;8001;100;26045;100;11157;100;;100;;100;;100;;100;8688;100;3027;100;2911;100;2571;100;0;100;439;100;44343;677;-2224;41442
DE;10;2012;D;2021;100;;;0;100;0;;8538;100;30908;100;12412;100;;100;;100;;100;;100;8306;100;3736;100;1804;100;2587;100;0;100;569;100;49773;726;-2920;46127
DE;11;2012;D;2059;100;;;0;100;0;;8648;100;30096;100;12988;100;;100;;100;;100;;100;7506;100;3912;100;812;100;2603;100;0;100;541;100;48309;740;-2691;44878
DE;12;2012;D;2427;100;;;0;100;0;;8921;100;33294;100;12117;100;;100;;100;;100;;100;8795;100;5642;100;355;100;2619;100;0;100;570;100;53437;770;-3636;49031
DE;1;2011;D;1914;100;;100;;100;;100;13536;100;33718;100;12650;100;;100;;100;;100;;100;6061;100;3724;;399;100;;;0;100;560;100;55229;681;-2792;51756
DE;2;2011;D;1626;100;0;100;0;100;;100;12104;100;32300;100;10912;100;;100;;100;;100;;100;7181;100;4605;;761;100;;;0;100;518;100;53211;469;-3223;49519
DE;3;2011;D;1717;100;0;100;0;100;;100;10764;100;31492;100;12018;100;;100;;100;;100;;100;6921;100;3133;;1754;100;;;0;100;517;100;50894;523;-2079;48292
DE;4;2011;D;1433;100;0;100;0;100;;100;7648;100;26893;100;11009;100;;100;;100;;100;;100;7996;100;3599;;2434;100;;;0;100;493;100;43970;468;-90;43412
DE;5;2011;D;1434;100;0;100;0;100;;100;4094;100;27876;100;10018;100;;100;;100;;100;;100;7778;100;3082;;2600;100;;;0;100;442;100;41182;590;2237;42829
DE;6;2011;D;1653;100;0;100;0;100;;100;6368;100;26947;100;10263;100;;100;;100;;100;;100;6853;100;2547;;2366;100;;;0;100;412;100;41821;582;1854;43093
DE;7;2011;D;1931;100;0;100;0;100;;100;7501;100;27619;100;11070;100;;100;;100;;100;;100;5866;100;3578;100;1241;100;;;0;100;447;100;42917;638;1028;43307
DE;8;2011;D;1848;100;0;100;0;100;;100;8004;100;25034;100;11108;100;;100;;100;;100;;100;6710;100;2493;;2239;100;;;0;100;424;100;41596;663;982;41915
DE;9;2011;D;1446;100;0;100;0;100;;100;7649;100;25353;100;10465;100;;100;;100;;100;;100;6644;100;2869;;1887;100;;;0;100;422;100;41092;588;621;41125
DE;10;2011;D;1757;100;0;100;0;100;;100;7307;100;30750;100;11553;100;;100;;100;;100;;100;7506;100;3926;;1521;100;;;0;100;613;100;47320;679;-973;45668
DE;11;2011;D;1396;100;0;100;0;100;;100;8005;100;31667;100;11301;100;;100;;100;;100;;100;5843;100;2963;100;810;100;;;0;100;643;100;46911;728;-1261;44922
DE;12;2011;D;1698;100;0;100;0;100;;100;8478;100;30807;100;11688;100;;100;;100;;100;;100;10764;100;8122;;329;100;;;0;100;715;100;51747;738;-2580;48429
DE;1;2010;D;1574;100;0;;0;;;;12546;100;35871;100;12585;;;;;;;;;;5507;100;3114;100;237;100;;;0;100;627;100;55498;838;-3564;51096
DE;2;2010;D;1472;100;0;;0;;;;11141;100;33672;100;11470;100;;;;;;;;;5960;100;3507;100;448;100;;;0;100;546;100;52245;574;-3099;48572
DE;3;2010;D;1715;100;0;;0;;;;11679;100;30940;100;11023;100;;;;;;;;;7328;100;4345;100;783;100;;;0;100;575;100;51662;539;-2438;48685
DE;4;2010;D;1648;100;0;;0;;;;10133;100;27053;100;10528;100;;;;;;;;;6260;100;2974;;1134;100;;;0;100;459;100;45094;544;-2468;42082
DE;5;2010;D;1787;100;0;100;0;100;;100;10667;100;25581;100;10813;100;;100;;100;;100;;100;6028;100;2564;;1157;100;;;0;100;449;100;44063;537;-738;42788
DE;6;2010;D;2058;100;0;100;0;100;;100;9125;100;27520;100;10775;100;;100;;100;;100;;100;5220;100;1794;;1271;100;;;0;100;416;100;43923;557;1370;44736
DE;7;2010;D;1916;100;0;100;0;100;;100;10831;100;26802;100;11032;100;;100;;100;;100;;100;5453;100;1650;;1670;100;;;0;100;568;100;45002;754;-23;44225
DE;8;2010;D;2034;100;0;100;0;100;;100;11507;100;23037;100;9567;100;;100;;100;;100;;100;6027;100;2458;;1372;100;;;0;100;409;100;42605;740;1007;42872
DE;9;2010;D;1911;100;0;100;0;100;;100;11392;100;23224;100;9597;100;;100;;100;;100;;100;6141;100;2884;;1104;100;;;0;100;417;100;42668;720;-649;41299
DE;10;2010;D;1857;100;0;100;0;100;;100;9784;100;30482;100;11084;100;;100;;100;;100;;100;7010;100;3734;;981;100;;;0;100;571;100;49133;784;-1600;46749
DE;11;2010;D;1777;100;0;100;0;100;;100;11566;100;29655;100;9752;100;;100;;100;;100;;100;6504;100;3835;;443;100;;;0;100;562;100;49502;654;-1979;46869
DE;12;2010;D;1949;100;0;100;0;100;;100;13002;100;30441;100;11793;100;;100;;100;;100;;100;6363;100;3806;;274;100;;;0;100;608;100;51755;780;-3526;47449
DK;1;2013;P;2;100;;;2;100;0;;0;100;2353;100;0;100;1485;100;843;100;26;100;0;100;1186;100;959;100;0;100;227;100;0;100;0;100;3541;0;-205;3336
DK;2;2013;P;1;100;;;1;100;0;;0;100;2308;100;0;100;1528;100;776;100;5;100;0;100;812;100;611;100;0;100;201;100;0;100;0;100;3121;0;-199;2922
DK;3;2013;P;1;100;;;1;100;0;;0;100;2210;100;0;100;1464;100;738;100;9;100;0;100;1380;100;1156;100;0;100;224;100;0;100;0;100;3591;0;-497;3094
DK;4;2013;P;1;100;;;1;100;0;;0;100;1756;100;0;100;1215;100;537;100;5;100;0;100;1092;100;885;100;0;100;207;100;0;100;0;100;2849;0;-159;2690
DK;5;2013;P;1;100;;;1;100;0;;0;100;1271;100;0;100;984;100;282;100;5;100;0;100;859;100;682;100;0;100;177;100;0;100;0;100;2131;0;459;2590
DK;6;2013;P;1;100;;;1;100;0;;0;100;991;100;0;100;855;100;136;100;0;100;0;100;1036;100;864;100;0;100;172;100;0;100;0;100;2028;0;-305;1723
DK;7;2013;P;1;100;;;1;100;0;;0;100;1058;100;0;100;964;100;89;100;6;100;0;100;709;100;542;100;0;100;167;100;0;100;0;100;1768;0;688;2456
DK;8;2013;P;1;100;;;1;100;0;;0;100;961;100;0;100;787;100;166;100;8;100;0;100;798;100;666;100;0;100;132;100;0;100;0;100;1760;0;675;2435
DK;9;2013;P;1;100;;;1;100;0;;0;100;901;100;0;100;647;100;253;100;1;100;0;100;873;100;733;100;0;100;141;100;0;100;0;100;1775;0;519;2294
DK;10;2013;P;1;100;;;1;100;0;;0;100;1477;100;0;100;1103;100;371;100;3;100;0;100;1404;100;1211;100;0;100;193;100;0;100;0;100;2882;0;-53;2829
DK;11;2013;P;1;100;;;1;100;0;;0;100;1734;100;0;100;1251;100;477;100;7;100;0;100;1275;100;1051;100;0;100;224;100;0;100;0;100;3010;0;-77;2933
DK;12;2013;P;2;100;;;2;100;0;;0;100;1620;100;0;100;1164;100;446;100;10;100;0;100;1893;100;1669;100;0;100;224;100;0;100;0;100;3515;0;-467;3048
DK;1;2012;D;2;100;;;2;100;;;0;100;2147;100;;100;;100;;100;;100;;100;1360;100;1147;;0;100;212;;0;100;0;100;3509;0;-246;3263
DK;2;2012;D;2;100;;;2;100;;;0;100;2303;100;;100;;100;;100;;100;;100;1161;100;945;;0;100;216;;0;100;0;100;3466;0;-314;3152
DK;3;2012;D;2;100;;;2;100;0;;0;100;1378;100;0;100;796;100;568;100;15;100;0;100;1292;100;1073;100;0;100;219;100;0;100;0;100;2672;0;308;2980
DK;4;2012;D;1;100;;;1;100;0;;0;100;1289;100;0;100;855;100;422;100;12;100;0;100;936;100;725;100;0;100;210;100;0;100;0;100;2226;0;468;2694
DK;5;2012;D;1;100;;;1;100;0;;0;100;1005;100;0;100;613;100;385;100;7;100;0;100;903;100;735;100;0;100;168;100;0;100;0;100;1909;0;744;2653
DK;6;2012;D;1;100;;;1;100;0;;0;100;830;100;0;100;481;100;341;100;8;100;0;100;908;100;759;100;0;100;149;100;0;100;0;100;1739;0;827;2566
DK;7;2012;D;1;100;;;1;100;0;;0;100;569;100;0;100;394;100;172;100;4;100;0;100;705;100;557;100;0;100;147;100;0;100;0;100;1275;0;1103;2378
DK;8;2012;D;1;100;;;1;100;0;;0;100;716;100;0;100;506;100;207;100;3;100;0;100;674;100;518;100;0;100;155;100;0;100;0;100;1391;0;1301;2692
DK;9;2012;D;1;100;;;1;100;0;;0;100;949;100;0;100;664;100;269;100;17;100;0;100;1104;100;932;100;0;100;172;100;0;100;0;100;2054;0;618;2672
DK;10;2012;D;2;100;;;2;100;0;;0;100;1497;100;0;100;955;100;526;100;16;100;0;100;1087;100;879;100;0;100;208;100;0;100;0;100;2586;0;367;2953
DK;11;2012;D;2;100;;;2;100;0;;0;100;1520;100;0;100;999;100;506;100;16;100;0;100;1103;100;876;100;0;100;227;100;0;100;0;100;2625;0;377;3002
DK;12;2012;D;2;100;;;2;100;0;;0;100;2178;100;0;100;1350;100;801;100;26;100;0;100;1310;100;1082;100;0;100;229;100;0;100;0;100;3490;0;-227;3263
DK;1;2011;D;2;100;0;100;2;100;;100;0;100;3052;100;;100;;100;;100;;100;;100;987;100;762;;0;100;;;0;100;0;100;4041;0;-644;3397
DK;2;2011;D;2;100;0;100;2;100;;100;0;100;3024;100;;100;;100;;100;;100;;100;744;100;517;;0;100;;;0;100;0;100;3770;0;-880;2890
DK;3;2011;D;3;100;0;100;3;100;;100;0;100;2893;100;;100;;100;;100;;100;;100;914;100;678;;0;100;;;0;100;0;100;3810;0;-671;3139
DK;4;2011;D;1;100;0;100;1;100;;100;0;100;1840;100;;100;;100;;100;;100;;100;938;100;729;;0;100;;;0;100;0;100;2779;0;-127;2652
DK;5;2011;D;1;100;0;100;1;100;;100;0;100;1534;100;;100;;100;;100;;100;;100;954;100;784;;0;100;;;0;100;0;100;2489;0;238;2727
DK;6;2011;D;1;100;0;100;1;100;;100;0;100;1337;100;;100;;100;;100;;100;;100;680;100;502;;0;100;;;0;100;0;100;2018;0;535;2553
DK;7;2011;D;1;100;0;100;1;100;;100;0;100;975;100;;100;;100;;100;;100;;100;728;100;560;;0;100;;;0;100;0;100;1704;0;823;2527
DK;8;2011;D;1;100;0;100;1;100;;100;0;100;1053;100;;100;;100;;100;;100;;100;820;100;653;;0;100;;;0;100;;100;1874;0;875;2749
DK;9;2011;D;2;100;0;100;2;100;;100;0;100;1038;100;;100;;100;;100;;100;;100;899;100;735;;0;100;;;0;100;0;100;1939;0;820;2759
DK;10;2011;D;2;100;0;100;2;100;;100;0;100;1375;100;;100;;100;;100;;100;;100;1177;100;977;;0;100;;;0;100;0;100;2554;0;341;2895
DK;11;2011;D;1;100;0;100;1;100;;100;0;100;1929;100;;100;;100;;100;;100;;100;939;100;730;;0;100;;;0;100;0;100;2869;0;145;3014
DK;12;2011;D;2;100;0;100;2;100;;100;0;100;1761;100;;100;;100;;100;;100;;100;1529;100;1311;;0;100;;;0;100;0;100;3292;0;-136;3156
DK;1;2010;D;2;100;0;;2;;;;0;100;3052;100;;;;;;;;;;;987;100;762;;0;;;;0;100;0;100;4041;0;-534;3507
DK;2;2010;D;2;100;0;;2;;;;0;100;3024;100;;;;;;;;;;;743;100;517;;0;;;;0;100;0;100;3769;0;-657;3112
DK;3;2010;D;3;100;0;100;3;100;;100;0;100;2893;100;;100;;100;;100;;100;;100;913;100;677;;0;100;;;0;100;0;100;3809;0;-612;3197
DK;4;2010;D;2;100;;100;2;100;;100;0;100;2197;100;;100;;100;;100;;100;;100;837;100;632;;0;100;;;0;100;0;100;3036;0;-313;2723
DK;5;2010;D;2;100;0;100;2;100;;100;0;100;1767;100;;100;;100;;100;;100;;100;801;100;607;;0;100;;;0;100;0;100;2570;0;172;2742
DK;6;2010;D;1;100;0;100;1;100;;100;0;100;1317;100;;100;;100;;100;;100;;100;581;100;401;;0;100;;;0;100;0;100;1899;0;756;2655
DK;7;2010;D;1;100;0;100;1;100;;100;0;100;1272;100;;100;;100;;100;;100;;100;622;100;421;;0;100;;;0;100;0;100;1895;0;678;2573
DK;8;2010;D;1;100;0;100;1;100;;100;0;100;1261;100;;100;;100;;100;;100;;100;744;100;539;;0;100;;;0;100;0;100;2006;0;677;2683
DK;9;2010;D;2;100;0;100;2;100;;100;0;100;1725;100;;100;;100;;100;;100;;100;965;100;764;;0;100;;;0;100;0;100;2692;0;70;2762
DK;10;2010;D;2;100;0;100;2;100;;100;0;100;2204;100;;100;;100;;100;;100;;100;1122;100;873;;0;100;;;0;100;0;100;3328;0;-368;2960
DK;11;2010;D;3;100;0;100;3;100;;100;0;100;2403;100;;100;;100;;100;;100;;100;1154;100;896;;0;100;;;0;100;0;100;3560;0;-380;3180
DK;12;2010;D;2;100;0;100;2;100;;100;0;100;3179;100;;100;;100;;100;;100;;100;976;100;724;;0;100;;;0;100;0;100;4157;0;-611;3546
EE;1;2013;P;2;100;;;2;100;0;;0;100;1068;100;;100;;100;;100;;100;;100;98;100;52;100;0;100;46;100;0;100;37;100;1168;0;-308;860
EE;2;2013;P;2;100;;;2;100;0;;0;100;991;100;;100;;100;;100;;100;;100;67;100;26;100;0;100;41;100;0;100;33;100;1060;0;-328;732
EE;3;2013;P;2;100;;;2;100;0;;0;100;1004;100;;100;;100;;100;;100;;100;90;100;45;100;0;100;46;100;0;100;32;100;1096;0;-285;811
EE;4;2013;P;3;100;;;3;100;0;;0;100;818;100;;100;;100;;100;;100;;100;100;100;52;100;0;100;48;100;0;100;28;100;921;0;-230;691
EE;5;2013;P;4;100;;;4;100;0;;0;100;846;100;;100;;100;;100;;100;;100;79;100;33;100;0;100;46;100;0;100;25;100;929;0;-321;608
EE;6;2013;P;1;100;;;1;100;0;;0;100;754;100;;100;;100;;100;;100;;100;61;100;23;100;0;100;38;100;0;100;22;100;816;0;-273;543
EE;7;2013;P;1;100;;;1;100;0;;0;100;787;100;;100;;100;;100;;100;;100;67;100;33;100;0;100;34;100;0;100;25;100;855;0;-301;554
EE;8;2013;P;1;100;;;1;100;0;;0;100;892;100;;100;;100;;100;;100;;100;72;100;26;100;0;100;46;100;0;100;27;100;965;0;-394;571
EE;9;2013;P;1;100;;;1;100;0;;0;100;910;100;;100;;100;;100;;100;;100;77;100;30;100;0;100;47;100;0;100;26;100;988;0;-415;573
EE;10;2013;P;1;100;;;1;100;0;;0;100;926;100;;100;;100;;100;;100;;100;112;100;59;100;0;100;53;100;0;100;29;100;1039;0;-378;661
EE;11;2013;P;3;100;;;3;100;0;;0;100;849;100;;100;;100;;100;;100;;100;123;100;87;100;0;100;59;100;0;100;30;100;975;0;-278;697
EE;12;2013;P;4;100;;;4;100;0;;0;100;678;100;;100;;100;;100;;100;;100;152;100;87;100;0;100;65;100;0;100;34;100;834;0;-86;748
EE;1;2012;D;5;100;;;0;100;;;0;100;810;100;;100;;100;;100;;100;;100;128;100;35;;0;100;93;;0;100;37;100;943;0;-123;820
EE;2;2012;D;2;100;;;0;100;0;;0;100;832;100;;100;;100;;100;;100;;100;118;100;33;100;0;100;86;100;0;100;39;100;952;0;-108;844
EE;3;2012;D;3;100;;;0;100;0;;0;100;675;100;;100;;100;;100;;100;;100;132;100;43;100;0;100;89;100;0;100;30;100;810;0;-57;753
EE;4;2012;D;5;100;;;0;100;0;;0;100;636;100;;100;;100;;100;;100;;100;126;100;35;100;0;100;91;100;0;100;26;100;767;0;-108;659
EE;5;2012;D;4;100;;;4;100;0;;0;100;649;100;;100;;100;;100;;100;;100;134;100;26;100;0;100;107;100;0;100;26;100;787;0;-194;593
EE;6;2012;D;3;100;;;3;100;0;;0;100;617;100;;100;;100;;100;;100;;100;131;100;24;100;0;100;107;100;0;100;26;100;751;0;-217;534
EE;7;2012;D;2;100;;;2;100;0;;0;100;608;100;;100;;100;;100;;100;;100;65;100;27;100;0;100;39;100;0;100;23;100;675;0;-144;531
EE;8;2012;D;1;100;;;1;100;0;;0;100;826;100;;100;;100;;100;;100;;100;96;100;24;100;0;100;72;100;0;100;27;100;923;0;-363;560
EE;9;2012;D;2;100;;;2;100;0;;0;100;759;100;;100;;100;;100;;100;;100;90;100;44;100;0;100;45;100;0;100;24;100;851;0;-267;584
EE;10;2012;D;4;100;;;4;100;0;;0;100;839;100;;100;;100;;100;;100;;100;95;100;38;100;0;100;58;100;0;100;30;100;938;0;-253;685
EE;11;2012;D;4;100;;;4;100;0;;0;100;848;100;;100;;100;;100;;100;;100;114;100;67;100;0;100;47;100;0;100;28;100;966;0;-249;717
EE;12;2012;D;3;100;;;3;100;0;;0;100;994;100;;100;;100;;100;;100;;100;97;100;52;100;0;100;46;100;0;100;36;100;1094;0;-236;858
EE;1;2011;D;3;100;0;100;0;100;;100;0;100;1111;100;;100;;100;;100;;100;;100;81;100;33;;0;100;;;0;100;42;100;1195;0;-371;824
EE;2;2011;D;3;100;0;100;0;100;;100;0;100;935;100;;100;;100;;100;;100;;100;67;100;25;;0;100;;;0;100;36;100;1005;0;-218;787
EE;3;2011;D;2;100;0;100;0;100;;100;0;100;1006;100;;100;;100;;100;;100;;100;99;100;43;;0;100;;;0;100;34;100;1107;0;-338;769
EE;4;2011;D;4;100;0;100;0;100;;100;0;100;696;100;;100;;100;;100;;100;;100;79;100;22;;0;100;;;0;100;28;100;779;0;-142;637
EE;5;2011;D;4;100;0;100;0;100;;100;0;100;754;100;;100;;100;;100;;100;;100;89;100;23;;0;100;;;0;100;27;100;847;0;-259;588
EE;6;2011;D;2;100;0;100;0;100;;100;0;100;812;100;;100;;100;;100;;100;;100;82;100;18;;0;100;;;0;100;27;100;896;0;-381;515
EE;7;2011;D;1;100;0;100;0;100;;100;0;100;793;100;;100;;100;;100;;100;;100;43;100;13;;0;100;;;0;100;26;100;837;0;-316;521
EE;8;2011;D;2;100;0;100;0;100;;100;0;100;822;100;;100;;100;;100;;100;;100;84;100;18;;0;100;;;0;100;24;100;908;0;-357;551
EE;9;2011;D;2;100;0;100;0;100;;100;0;100;753;100;;100;;100;;100;;100;;100;74;100;33;;0;100;;;0;100;23;100;829;0;-267;562
EE;10;2011;D;3;100;0;100;0;100;;100;0;100;740;100;;100;;100;;100;;100;;100;116;100;40;;0;100;;;0;100;27;100;859;0;-215;644
EE;11;2011;D;3;100;0;100;0;100;;100;0;100;941;100;;100;;100;;100;;100;;100;119;100;36;;0;100;;;0;100;30;100;1063;0;-373;690
EE;12;2011;D;4;100;0;100;0;100;;100;0;100;908;100;;100;;100;;100;;100;;100;152;100;60;;0;100;;;0;100;32;100;1064;0;-325;739
EE;1;2010;D;2;100;0;;0;;;;0;100;1039;100;;;;;;;;;;;51;100;14;;0;;;;0;100;48;100;1092;0;-190;902
EE;2;2010;D;1;100;0;100;0;100;;100;0;100;953;100;;100;;100;;100;;100;;100;47;100;18;;0;100;;;0;100;35;100;1001;0;-233;768
EE;3;2010;D;2;100;0;100;0;100;;100;0;100;979;100;;100;;100;;100;;100;;100;67;100;27;;0;100;;;0;100;35;100;1048;0;-292;756
EE;4;2010;D;4;100;0;100;0;100;;100;0;100;672;100;;100;;100;;100;;100;;100;78;100;18;;0;100;;;0;100;30;100;754;0;-119;635
EE;5;2010;D;4;100;0;100;0;100;;100;0;100;732;100;;100;;100;;100;;100;;100;105;100;21;;0;100;;;0;100;26;100;841;0;-266;575
EE;6;2010;D;2;100;0;100;0;100;;100;0;100;730;100;;100;;100;;100;;100;;100;106;100;22;;0;100;;;0;100;23;100;838;0;-333;505
EE;7;2010;D;1;100;0;100;0;100;;100;0;100;817;100;;100;;100;;100;;100;;100;33;100;13;;0;100;;;0;100;25;100;851;0;-335;516
EE;8;2010;D;1;100;0;100;0;100;;100;0;100;764;100;;100;;100;;100;;100;;100;35;100;18;;0;100;;;0;100;24;100;800;0;-272;528
EE;9;2010;D;1;100;0;100;0;100;;100;0;100;779;100;;100;;100;;100;;100;;100;56;100;28;;0;100;;;0;100;27;100;836;0;-264;572
EE;10;2010;D;2;100;0;100;0;100;;100;0;100;904;100;;100;;100;;100;;100;;100;82;100;33;;0;100;;;0;100;31;100;988;0;-317;671
EE;11;2010;D;4;100;0;100;0;100;;100;0;100;950;100;;100;;100;;100;;100;;100;91;100;32;;0;100;;;0;100;34;100;1045;0;-317;728
EE;12;2010;D;3;100;0;100;0;100;;100;0;100;1146;100;;100;;100;;100;;100;;100;85;100;32;;0;100;;;0;100;43;100;1234;0;-379;855
ES;1;2013;P;3376;100;;;936;100;2440;;4578;100;9417;100;196;100;2930;100;5418;100;874;100;;100;7313;100;6317;100;560;100;437;100;145;100;303;100;24829;698;-364;23767
ES;2;2013;P;3883;100;;;972;100;2911;;4409;100;7932;100;161;100;2492;100;4468;100;811;100;;100;6517;100;5370;100;732;100;416;100;130;100;309;100;22871;563;-642;21666
ES;3;2013;P;5063;100;;;1206;100;3857;;5189;100;6571;100;33;100;1480;100;4186;100;872;100;;100;6909;100;5763;100;692;100;454;100;139;100;296;100;23871;1052;-430;22389
ES;4;2013;P;5735;100;;;1161;100;4574;;4439;100;5688;100;17;100;1132;100;3714;100;824;100;;100;5912;100;4425;100;1065;100;422;100;134;100;293;100;21908;873;-411;20624
ES;5;2013;P;4052;100;;;1154;100;2898;;3978;100;7264;100;231;100;1926;100;4267;100;840;100;;100;5782;100;3971;100;1372;100;439;100;136;100;231;100;21212;453;-132;20627
ES;6;2013;P;3411;100;;;876;100;2535;;4308;100;7391;100;316;100;2421;100;3850;100;804;100;;100;5847;100;3876;100;1578;100;393;100;128;100;234;100;21085;385;-359;20341
ES;7;2013;P;2890;100;;;750;100;2140;;5139;100;11153;100;618;100;4904;100;4729;100;902;100;;100;5052;100;2886;100;1733;100;433;100;128;100;246;100;24362;257;-1060;23045
ES;8;2013;P;2299;100;;;592;100;1707;;5029;100;9940;100;403;100;4267;100;4411;100;859;100;;100;5430;100;3454;100;1558;100;418;100;102;100;242;100;22800;232;-518;22050
ES;9;2013;P;1961;100;;;445;100;1516;;4742;100;10308;100;452;100;4367;100;4639;100;851;100;;100;4876;100;3239;100;1239;100;399;100;125;100;228;100;22012;212;-822;20978
ES;10;2013;P;2074;100;;;476;100;1598;;4339;100;10149;100;375;100;3874;100;5033;100;866;100;;100;5323;100;3989;100;929;100;405;100;126;100;246;100;22011;306;-679;21026
ES;11;2013;P;3034;100;;;676;100;2358;;4053;100;8063;100;161;100;2581;100;4494;100;828;100;;100;7585;100;6458;100;713;100;414;100;127;100;292;100;22862;348;-893;21621
ES;12;2013;P;2777;100;;;721;100;2057;;3977;100;11053;100;469;100;4430;100;5290;100;864;100;;100;6009;100;4966;100;598;100;445;100;129;100;309;100;23945;581;-421;22943
ES;1;2012;P;1936;100;;;469;100;1467;;5173;100;13520;100;612;100;4854;100;7078;100;975;100;;100;4681;100;3665;100;622;100;394;100;28;100;259;100;25338;449;-525;24364
ES;2;2012;P;1489;100;;;476;100;1013;;5162;100;13099;100;602;100;4949;100;6628;100;920;100;;100;6284;100;5049;100;861;100;373;100;27;100;299;100;26061;444;-1376;24241
ES;3;2012;P;1570;100;;;478;100;1091;;5465;100;11538;100;499;100;4222;100;5857;100;959;100;;100;5244;100;3840;100;1005;100;399;100;28;100;239;100;23845;429;-870;22546
ES;4;2012;P;2034;100;;;699;100;1335;;5181;100;8592;100;103;100;2687;100;4898;100;904;100;;100;6546;100;5337;100;836;100;373;100;27;100;252;100;22380;566;-1212;20602
ES;5;2012;P;2739;100;;;926;100;1814;;4479;100;10140;100;389;100;3680;100;5149;100;922;100;;100;5308;100;3735;100;1212;100;362;100;27;100;234;100;22693;360;-940;21393
ES;6;2012;P;2284;100;;;646;100;1639;;3516;100;11999;100;483;100;4864;100;5718;100;934;100;;100;5171;100;3474;100;1291;100;407;100;26;100;232;100;22996;322;-625;22049
ES;7;2012;P;1853;100;;;495;100;1358;;5106;100;12075;100;388;100;4608;100;6081;100;998;100;;100;4945;100;3040;100;1483;100;422;100;27;100;218;100;24006;286;-630;23090
ES;8;2012;P;1579;100;;;390;100;1189;;5467;100;11968;100;502;100;4629;100;5846;100;992;100;;100;4933;100;3182;100;1350;100;401;100;23;100;285;100;23970;366;-646;22958
ES;9;2012;P;1296;100;;;306;100;990;;5301;100;10604;100;353;100;3744;100;5544;100;963;100;;100;5386;100;3951;100;1061;100;374;100;26;100;251;100;22613;455;-1047;21111
ES;10;2012;P;1658;100;;;338;100;1320;;5395;100;11298;100;310;100;3986;100;6024;100;978;100;;100;4442;100;3147;100;881;100;414;100;28;100;226;100;22821;397;-1457;20967
ES;11;2012;P;2242;100;;;516;100;1726;;4065;100;10724;100;262;100;3870;100;5660;100;933;100;;100;5530;100;4622;100;506;100;402;100;27;100;269;100;22588;403;-791;21394
ES;12;2012;P;2973;100;;;843;100;2130;;4359;100;10342;100;326;100;3500;100;5580;100;936;100;;100;6438;100;5466;100;538;100;435;100;28;100;324;100;24140;546;-1080;22514
ES;1;2011;D;5344;100;4097;100;1015;100;;100;4727;100;9866;100;312;100;1805;100;7379;100;370;100;;100;4746;100;4019;100;370;100;;;27;100;303;100;24710;431;-611;23668
ES;2;2011;D;3139;100;2231;100;761;100;;100;4277;100;9686;100;455;100;2069;100;6817;100;345;100;;100;4927;100;4028;100;570;100;;;25;100;233;100;22054;281;-359;21414
ES;3;2011;D;4030;100;2927;100;901;100;;100;4337;100;9805;100;455;100;2591;100;6377;100;383;100;;100;5647;100;4691;100;607;100;;;28;100;278;100;23847;348;-763;22736
ES;4;2011;D;3702;100;2621;100;901;100;;100;4463;100;7915;100;472;100;2028;100;5058;100;357;100;;100;4520;100;3399;100;769;100;;;26;100;210;100;20626;297;-1075;19254
ES;5;2011;D;2884;100;2031;100;756;100;;100;3637;100;9827;100;592;100;2426;100;6447;100;362;100;;100;4365;100;3166;100;870;100;;;27;100;209;100;20740;159;-234;20347
ES;6;2011;D;2146;100;1417;100;638;100;;100;4711;100;10123;100;577;100;2206;100;6997;100;342;100;;100;4282;100;2937;100;1009;100;;;25;100;205;100;21287;140;-405;20742
ES;7;2011;D;1751;100;1150;100;509;100;;100;4846;100;11325;100;651;100;3591;100;6733;100;350;100;;100;4719;100;3255;100;1106;100;;;26;100;220;100;22667;174;-471;22022
ES;8;2011;D;1639;100;1104;100;421;100;;100;5289;100;10934;100;622;100;3493;100;6527;100;293;100;;100;4086;100;2729;100;1002;100;;;22;100;219;100;21970;181;-197;21592
ES;9;2011;D;1350;100;846;100;383;100;;100;4998;100;11743;100;684;100;4020;100;6689;100;350;100;;100;3629;100;2323;100;931;100;;;26;100;197;100;21746;176;-549;21021
ES;10;2011;D;1449;100;953;100;298;100;;100;4510;100;10728;100;555;100;3773;100;6034;100;367;100;;100;4307;100;3149;100;775;100;;;27;100;199;100;21021;302;-382;20337
ES;11;2011;D;2352;100;1656;100;498;100;;100;4544;100;9977;100;440;100;3500;100;5671;100;365;100;;100;4620;100;3820;100;425;100;;;27;100;254;100;21520;325;-580;20615
ES;12;2011;D;2441;100;1655;100;599;100;;100;4842;100;9968;100;286;100;3576;100;5730;100;376;100;;100;5466;100;4589;100;490;100;;;28;100;243;100;22745;402;-466;21877
ES;1;2010;D;5651;100;4085;100;1277;100;;100;4491;100;9659;100;751;100;1007;100;7430;100;471;100;;;4999;100;4320;100;262;100;;;31;100;314;100;24831;757;-305;23769
ES;2;2010;D;4412;100;3178;100;991;100;;100;4639;100;8575;100;623;100;803;100;6712;100;438;100;;;5287;100;4645;100;271;100;;;29;100;262;100;22942;555;-506;21881
ES;3;2010;D;6134;100;4515;100;1310;100;;100;4896;100;7471;100;204;100;692;100;6101;100;475;100;;;5398;100;4565;100;482;100;;;31;100;298;100;23930;545;-560;22825
ES;4;2010;D;4893;100;3441;100;1250;100;;100;4903;100;7501;100;197;100;474;100;6375;100;455;100;;100;3639;100;2635;100;603;100;;;30;100;223;100;20966;303;-729;19934
ES;5;2010;D;4029;100;2557;100;1320;100;;100;4427;100;7986;100;287;100;575;100;6659;100;465;100;;100;4761;100;3612;100;752;100;;;31;100;206;100;21234;280;-543;20411
ES;6;2010;D;3688;100;2390;100;1153;100;;100;4690;100;9356;100;481;100;891;100;7531;100;453;100;;100;3735;100;2576;100;729;100;;;30;100;195;100;21499;230;-821;20448
ES;7;2010;D;3095;100;2082;100;889;100;;100;5383;100;11923;100;1092;100;1386;100;8948;100;496;100;;100;4280;100;2980;100;854;100;;;33;100;230;100;24714;199;-1001;23514
ES;8;2010;D;2175;100;1409;100;607;100;;100;5433;100;10668;100;1284;100;1585;100;7420;100;379;100;;100;4120;100;2890;100;801;100;;;25;100;220;100;22421;231;-759;21431
ES;9;2010;D;1675;100;1027;100;483;100;;100;5084;100;11672;100;1099;100;1902;100;8224;100;447;100;;100;3386;100;2299;100;683;100;;;30;100;203;100;21847;234;-964;20649
ES;10;2010;D;1823;100;1094;100;553;100;;100;5430;100;9831;100;678;100;1349;100;7340;100;466;100;;100;4935;100;3920;100;571;100;;;31;100;230;100;22050;346;-1296;20408
ES;11;2010;D;2810;100;1748;100;833;100;;100;5100;100;9794;100;488;100;1180;100;7656;100;471;100;;;5141;100;4318;100;383;100;;;31;100;237;100;22876;322;-593;21961
ES;12;2010;D;4232;100;2895;100;1072;100;;100;4834;100;9616;100;589;100;1496;100;7043;100;488;100;;;5376;100;4597;;327;100;;;32;100;272;100;24090;456;-256;23378
FI;1;2013;P;1335;100;;;0;100;1335;;2052;100;2406;100;;100;1228;100;793;100;28;100;357;100;1248;100;45;100;0;100;1203;100;73;100;0;100;7114;0;1584;8698
FI;2;2013;P;1278;100;;;0;100;1278;;1859;100;2219;100;;100;1168;100;680;100;22;100;349;100;1142;100;46;100;0;100;1096;100;67;100;0;100;6565;0;943;7508
FI;3;2013;P;1240;100;;;0;100;1240;;2046;100;2590;100;;100;1419;100;765;100;25;100;381;100;1302;100;63;100;0;100;1239;100;76;100;0;100;7254;0;1134;8388
FI;4;2013;P;1100;100;;;0;100;1100;;1992;100;2138;100;;100;1153;100;673;100;21;100;291;100;1063;100;59;100;0;100;1004;100;61;100;0;100;6354;0;708;7062
FI;5;2013;P;1523;100;;;0;100;1523;;1757;100;1073;100;;100;452;100;452;100;13;100;156;100;871;100;49;100;0;100;822;100;51;100;0;100;5275;0;1005;6280
FI;6;2013;P;990;100;;;0;100;990;;1676;100;781;100;;100;433;100;254;100;11;100;83;100;680;100;36;100;0;100;644;100;47;100;0;100;4174;0;1412;5586
FI;7;2013;P;979;100;;;0;100;979;;1994;100;720;100;;100;526;100;121;100;11;100;62;100;698;100;56;100;0;100;642;100;56;100;0;100;4447;0;1446;5893
FI;8;2013;P;849;100;;;0;100;849;;1821;100;1006;100;;100;563;100;316;100;13;100;114;100;726;100;44;100;0;100;682;100;50;100;0;100;4452;0;1678;6130
FI;9;2013;P;720;100;;;0;100;720;;1514;100;1511;100;;100;751;100;483;100;18;100;259;100;887;100;60;100;0;100;827;100;53;100;0;100;4685;0;1570;6255
FI;10;2013;P;694;100;;;0;100;694;;1988;100;1921;100;;100;1007;100;590;100;22;100;302;100;1080;100;83;100;0;100;997;100;67;100;0;100;5750;0;1336;7086
FI;11;2013;P;847;100;;;0;100;847;;1969;100;1917;100;;100;900;100;673;100;22;100;322;100;1150;100;95;100;0;100;1055;100;72;100;0;100;5955;0;1442;7397
FI;12;2013;P;1117;100;;;0;100;1117;;2006;100;1839;100;;100;796;100;690;100;19;100;334;100;1274;100;138;100;0;100;1136;100;69;100;0;100;6305;0;1456;7761
FI;1;2012;D;1277;100;;;;;1277;;2058;100;2178;100;;100;880;100;766;100;24;100;508;100;1164;100;39;100;0;100;1125;100;77;100;0;100;6754;0;1762;8516
FI;2;2012;D;1241;100;;;;;1241;;1921;100;2451;100;;100;1027;100;893;100;28;100;503;100;1151;100;43;100;0;100;1108;100;78;100;0;100;6842;0;1470;8312
FI;3;2012;D;1212;100;;;;;1212;;2048;100;1811;100;;100;677;100;674;100;22;100;438;100;1140;100;52;100;0;100;1088;100;85;100;0;100;6296;0;1466;7762
FI;4;2012;D;1080;100;;;;100;1080;;1845;100;1434;100;;100;575;100;504;100;19;100;336;100;1017;100;40;100;0;100;977;100;80;100;0;100;5456;0;1480;6936
FI;5;2012;D;1714;100;;;;100;1714;;1351;100;984;100;;100;361;100;364;100;14;100;245;100;834;100;45;100;0;100;789;100;65;100;0;100;4948;0;1388;6336
FI;6;2012;D;1506;100;;;;100;1506;;1849;100;629;100;;100;183;100;308;100;14;100;124;100;663;100;26;100;0;100;637;100;54;100;0;100;4701;0;1003;5704
FI;7;2012;D;1502;100;;;0;100;1502;;1988;100;367;100;;100;125;100;145;100;15;100;82;100;658;100;30;100;0;100;628;100;66;100;0;100;4581;0;1264;5845
FI;8;2012;D;1372;100;;;0;100;1372;;1665;100;579;100;;100;185;100;266;100;15;100;113;100;684;100;26;100;0;100;658;100;63;100;0;100;4363;0;1763;6126
FI;9;2012;D;1229;100;;;0;100;1229;;1498;100;1186;100;;100;533;100;449;100;26;100;178;100;694;100;49;100;0;100;645;100;64;100;0;100;4671;0;1593;6264
FI;10;2012;D;1626;100;;;0;100;1626;;1809;100;1559;100;;100;700;100;572;100;22;100;265;100;836;100;38;100;0;100;798;100;77;100;0;100;5907;0;1260;7167
FI;11;2012;D;1529;100;;;;100;1529;;1985;100;1512;100;;100;594;100;603;100;21;100;294;100;961;100;60;100;0;100;901;100;90;100;0;100;6077;0;1401;7478
FI;12;2012;D;1379;100;;;;100;1379;;2046;100;2430;100;;100;1195;100;776;100;30;100;429;100;1131;100;45;100;0;100;1086;100;100;100;0;100;7086;0;1593;8679
FI;1;2011;D;915;100;915;100;;100;;100;2036;100;3933;100;0;100;1821;100;1338;100;54;100;720;100;1221;100;36;100;0;100;;;75;100;0;100;8180;0;659;8839
FI;2;2011;D;896;100;896;100;;100;;100;1804;100;3572;100;0;100;1633;100;1243;100;49;100;647;100;1116;100;29;100;0;100;;;67;100;0;100;7455;0;944;8399
FI;3;2011;D;772;100;772;100;;100;;100;2032;100;3615;100;0;100;1627;100;1243;100;49;100;696;100;1239;100;63;100;0;100;;;71;100;0;100;7729;0;413;8142
FI;4;2011;D;1013;100;1013;100;;100;;100;1971;100;2177;100;0;100;704;100;972;100;33;100;468;100;1038;100;34;100;0;100;;;63;100;0;100;6262;0;655;6917
FI;5;2011;D;1003;100;1003;100;;100;;100;1381;100;2192;100;0;100;971;100;805;100;33;100;383;100;973;100;40;100;0;100;;;67;100;0;100;5616;0;909;6525
FI;6;2011;D;997;100;997;100;;100;;100;1703;100;1035;100;0;100;428;100;419;100;20;100;168;100;662;100;29;100;0;100;;;48;100;0;100;4445;0;1234;5679
FI;7;2011;D;931;100;931;100;;100;;100;1981;100;603;100;0;100;147;100;316;100;16;100;124;100;726;100;20;100;0;100;;;48;100;0;100;4289;0;1607;5896
FI;8;2011;D;921;100;921;100;;100;;100;1700;100;915;100;0;100;255;100;382;100;17;100;261;100;708;100;26;100;0;100;;;49;100;0;100;4293;0;1852;6145
FI;9;2011;D;905;100;905;100;;100;;100;1607;100;1067;100;0;100;310;100;450;100;19;100;288;100;721;100;42;100;0;100;;;51;100;0;100;4351;0;1824;6175
FI;10;2011;D;1328;100;1328;100;;100;;100;2025;100;1389;100;0;100;474;100;484;100;28;100;403;100;778;100;52;100;0;100;;;44;100;0;100;5564;0;1264;6828
FI;11;2011;D;1239;100;1239;100;;100;;100;1978;100;1872;100;0;100;642;100;723;100;34;100;473;100;862;100;50;100;0;100;;;52;100;0;100;6003;0;1231;7234
FI;12;2011;D;1359;100;1359;100;;100;;100;2048;100;1797;100;0;100;601;100;703;100;32;100;461;100;945;100;61;100;0;100;;;57;100;0;100;6206;0;1259;7465
FI;1;2010;D;1104;100;0;;1104;100;;;2022;100;3948;100;;;1949;;1298;;65;;636;;1127;100;24;;0;;;;63;100;0;100;8264;0;1019;9283
FI;2;2010;D;947;100;0;;947;;;;1826;100;3652;100;0;;1776;;1237;;62;;577;;998;100;20;;0;;;;60;100;0;100;7483;0;737;8220
FI;3;2010;D;895;100;0;;895;;;;2022;100;3532;100;;;1620;;1239;;58;;615;;1041;100;27;;0;;;;70;100;0;100;7560;0;325;7885
FI;4;2010;D;1061;100;0;;1061;;;;1954;100;2667;100;;;1244;;900;;46;;477;;897;100;20;;0;;;;61;100;0;100;6640;0;252;6892
FI;5;2010;D;1483;100;0;100;1483;100;;100;1346;100;1846;100;;100;841;100;671;100;32;100;302;100;820;100;16;;0;100;;;58;100;0;100;5553;0;965;6518
FI;6;2010;D;1228;100;0;100;1228;100;;100;1670;100;1244;100;;100;607;100;452;100;25;100;160;100;635;100;20;;0;100;;;48;100;0;100;4825;0;970;5795
FI;7;2010;D;996;100;0;100;996;100;;100;1934;100;1016;100;;100;374;100;427;100;27;100;188;100;690;100;23;;0;100;;;53;100;0;100;4689;0;1252;5941
FI;8;2010;D;949;100;0;100;949;100;;100;1661;100;1267;100;;100;473;100;481;100;31;100;282;100;746;100;17;;0;100;;;53;100;0;100;4676;0;1527;6203
FI;9;2010;D;932;100;0;100;932;100;;100;1589;100;2105;100;;100;978;100;696;100;43;100;388;100;709;100;23;;0;100;;;58;100;0;100;5393;0;1007;6400
FI;10;2010;D;980;100;0;100;980;100;;100;1857;100;2685;100;;100;1153;100;997;100;49;100;486;100;886;100;47;;0;100;;;61;100;0;100;6469;0;815;7284
FI;11;2010;D;1040;100;0;100;1040;100;;100;1971;100;3068;100;;100;1362;100;1179;100;55;100;472;100;947;100;29;;0;100;;;56;100;0;100;7082;0;970;8052
FI;12;2010;D;1150;100;0;100;1150;100;;100;2032;100;3931;100;;100;1858;100;1338;100;70;100;665;100;1150;100;27;;0;100;;;70;100;0;100;8333;0;661;8994
FR;1;2013;P;6937;100;;;3294;100;3643;;42406;100;6480;100;;100;2621;100;3243;100;616;100;;100;2079;100;1314;100;219;100;546;100;0;100;949;100;57902;599;-3547;53756
FR;2;2013;P;6926;100;;;2968;100;3958;;36749;100;6552;100;;100;2779;100;3120;100;653;100;;100;2193;100;1445;100;261;100;488;100;0;100;844;100;52420;469;-2229;49722
FR;3;2013;P;6476;100;;;3103;100;3373;;36782;100;6440;100;;100;2815;100;2991;100;635;100;0;100;2189;100;1338;100;312;100;540;100;0;100;863;100;51887;597;-1787;49503
FR;4;2013;P;7149;100;;;3627;100;3522;;31479;100;3164;100;;100;1546;100;1173;100;445;100;;100;2246;100;1479;100;346;100;422;100;0;100;725;100;44038;540;-3229;40269
FR;5;2013;P;8608;100;;;4076;100;4532;;31169;100;1506;100;0;100;571;100;567;100;368;100;0;100;2153;100;1154;100;486;100;513;100;0;100;0;100;43436;670;-5891;36875
FR;6;2013;P;7363;100;;;3802;100;3561;;28618;100;1225;100;0;100;387;100;441;100;397;100;0;100;2191;100;1157;100;559;100;475;100;0;100;0;100;39397;611;-5752;33034
FR;7;2013;P;6412;100;;;3347;100;3065;;30693;100;1707;100;0;100;860;100;446;100;402;100;0;100;2057;100;874;100;637;100;546;100;0;100;581;100;40869;546;-5546;34777
FR;8;2013;P;4552;100;;;2459;100;2093;;29903;100;2119;100;0;100;1196;100;544;100;379;100;0;100;1898;100;732;100;622;100;544;100;0;100;543;100;38472;606;-6227;31639
FR;9;2013;P;4143;100;;;2171;100;1972;;29755;100;2815;100;0;100;1711;100;739;100;366;100;0;100;1886;100;942;100;446;100;498;100;0;100;543;100;38599;532;-4885;33182
FR;10;2013;P;4861;100;;;2649;100;2212;;31092;100;3388;100;0;100;1934;100;1062;100;392;100;0;100;2414;100;1609;100;307;100;498;100;0;100;623;100;41755;606;-4101;37048
FR;11;2013;P;6383;100;;;3103;100;3280;;34631;100;4912;100;0;100;2082;100;2356;100;474;100;0;100;2547;100;1800;100;181;100;566;100;0;100;777;100;48473;632;-2611;45230
FR;12;2013;P;5708;100;;;2690;100;3018;;40426;100;4665;100;0;100;1498;100;2636;100;531;100;0;100;2783;100;1995;100;211;100;576;100;0;100;1007;100;53582;721;-2752;50109
FR;1;2012;D;6741;100;;;3284;100;3457;;42811;100;5399;100;0;100;741;100;3967;100;691;100;0;100;2229;100;1587;;121;100;413;;0;100;569;100;57180;606;-5485;51089
FR;2;2012;D;5244;100;;;2155;100;3089;;38661;100;8721;100;;100;2511;100;4901;100;1309;100;0;100;1793;100;1123;100;207;100;371;100;0;100;1017;100;54419;420;477;54476
FR;3;2012;D;3894;100;;;2288;100;1606;;37549;100;5276;100;;100;1435;100;3175;100;666;100;;100;1859;100;977;100;342;100;430;100;0;100;724;100;48578;431;-4997;43150
FR;4;2012;D;5302;100;;;3008;100;2294;;33100;100;3484;100;;100;1655;100;1343;100;486;100;0;100;2302;100;1572;100;316;100;310;100;0;100;643;100;44188;510;-3506;40172
FR;5;2012;D;7706;100;;;3964;100;3743;;29058;100;1772;100;;100;854;100;549;100;368;100;0;100;1888;100;974;100;436;100;375;100;0;100;560;100;40424;646;-4531;35247
FR;6;2012;D;6823;100;;;3667;100;3155;;26562;100;2219;100;;100;960;100;875;100;384;100;;100;1896;100;994;100;458;100;347;100;0;100;504;100;37500;580;-3719;33201
FR;7;2012;D;4901;100;;;2789;100;2113;;28818;100;2221;100;;100;1110;100;674;100;437;100;;100;1952;100;912;100;517;100;415;100;0;100;551;100;37892;519;-3250;34123
FR;8;2012;D;3563;100;;;2049;100;1514;;28314;100;2533;100;;100;1165;100;956;100;413;100;;100;1911;100;907;100;509;100;387;100;0;100;515;100;36321;481;-3611;32229
FR;9;2012;D;3641;100;;;2097;100;1544;;30130;100;2450;100;;100;1382;100;671;100;396;100;;100;1803;100;931;100;393;100;369;100;0;100;538;100;38024;662;-4105;33257
FR;10;2012;D;4534;100;;;2484;100;2051;;32848;100;3518;100;;100;2039;100;1022;100;456;100;;100;2085;100;1355;100;270;100;344;100;0;100;636;100;42985;658;-3701;38626
FR;11;2012;D;4914;100;;;2747;100;2167;;37119;100;5189;100;;100;1821;100;2845;100;524;100;;100;2008;100;1309;100;174;100;408;100;0;100;750;100;49230;546;-4423;44261
FR;12;2012;D;6521;100;;;3284;100;3237;;39912;100;5319;100;;100;1714;100;3057;100;548;100;;100;2966;100;2290;100;141;100;411;100;0;100;853;100;54718;651;-4462;49605
FR;1;2011;D;5981;100;2617;100;2890;100;;100;43853;100;6599;100;;100;1271;100;4381;100;947;100;;100;1826;100;1268;;73;100;;;0;100;905;100;58259;627;-3726;53906
FR;2;2011;D;4112;100;1888;100;1792;100;;100;38328;100;6553;100;;100;1559;100;4136;100;858;100;;100;1429;100;900;;88;100;;;0;100;856;100;50422;510;-3945;45967
FR;3;2011;D;4431;100;1768;100;2233;100;;100;37688;100;6807;100;;100;1502;100;4447;100;858;100;;100;1795;100;1135;;141;100;;;0;100;811;100;50721;532;-4623;45566
FR;4;2011;D;3998;100;1423;100;2157;100;;100;32850;100;2888;100;;100;808;100;1615;100;465;100;;100;1281;100;688;;172;100;;;0;100;666;100;41017;525;-5060;35432
FR;5;2011;D;3373;100;1028;100;1846;100;;100;33070;100;3228;100;;100;1180;100;1626;100;421;100;;100;1399;100;749;;215;100;;;0;100;653;100;41070;637;-5327;35106
FR;6;2011;D;4269;100;1349;100;2419;100;;100;32589;100;1974;100;;100;509;100;1043;100;422;100;;100;1534;100;886;;220;100;;;0;100;612;100;40366;544;-6038;33784
FR;7;2011;D;4174;100;1158;100;2582;100;;100;33487;100;1672;100;;100;221;100;1023;100;429;100;;100;1572;100;839;;240;100;;;0;100;666;100;40905;568;-6133;34204
FR;8;2011;D;3871;100;1228;100;2146;100;;100;31383;100;1805;100;;100;356;100;1033;100;416;100;;100;1535;100;687;;359;100;;;0;100;674;100;38594;547;-5325;32722
FR;9;2011;D;3218;100;1071;100;1763;100;;100;31477;100;2749;100;;100;896;100;1412;100;440;100;;100;1616;100;855;;334;100;;;0;100;604;100;39060;496;-4242;34322
FR;10;2011;D;3256;100;1218;100;1609;100;;100;32824;100;4673;100;;100;1800;100;2308;100;565;100;;100;1717;100;1070;;234;100;;;0;100;697;100;42470;643;-3815;38012
FR;11;2011;D;3937;100;1858;100;1582;100;;100;33705;100;7081;100;;100;2184;100;3936;100;961;100;0;100;1633;100;945;;190;100;;;0;100;750;100;46356;599;-3841;41916
FR;12;2011;D;5646;100;2339;100;2773;100;;100;39864;100;5475;100;;100;1122;100;3493;100;861;100;;100;2722;100;2053;;150;100;;;0;100;864;100;53707;607;-4799;48301
FR;1;2010;D;6308;100;2845;;2950;;;;40313;100;8802;100;;;2928;;4216;;1386;;;;1122;100;689;;15;;;;0;100;1048;100;56545;598;397;56344
FR;2;2010;D;5893;100;2721;;2650;;;;36318;100;6822;100;;;1893;;3782;;877;;;;1383;100;982;;18;;;;0;100;928;100;50416;580;-1129;48707
FR;3;2010;D;6210;100;2737;;2936;;;;35984;100;7250;100;;;1994;;4010;;976;;;;1633;100;1176;;31;;;;0;100;896;100;51077;643;-2134;48300
FR;4;2010;D;5688;100;2375;;2877;;;;31294;100;3563;100;;;1489;;1467;;407;;;;1140;100;732;;43;;;;0;100;644;100;41685;530;-2526;38629
FR;5;2010;D;6431;100;2623;;3390;;;;29372;100;2838;100;;;1097;;1242;;349;;;;1207;100;743;;58;;;;0;100;590;100;39848;433;-2131;37284
FR;6;2010;D;7266;100;3064;100;3749;100;;100;29575;100;2362;100;;100;681;100;1223;100;308;100;;100;1022;100;581;;64;100;;;0;100;563;100;40225;370;-5281;34574
FR;7;2010;D;5414;100;2196;100;2813;100;;100;31744;100;2960;100;;100;1056;100;1386;100;417;100;;100;957;100;488;;68;100;;;0;100;623;100;41075;442;-4592;36041
FR;8;2010;D;4359;100;1368;100;2589;100;;100;32391;100;1581;100;;100;249;100;907;100;324;100;;100;1167;100;681;;67;100;;;0;100;584;100;39498;542;-5888;33068
FR;9;2010;D;3603;100;1203;100;2011;100;;100;31657;100;2971;100;;100;1226;100;1236;100;408;100;;100;1002;100;566;;75;100;;;0;100;662;100;39233;516;-3598;35119
FR;10;2010;D;4027;100;1788;100;1731;100;;100;31885;100;4705;100;;100;1831;100;1974;100;649;100;;100;1398;100;981;;63;100;;;0;100;821;100;42015;645;-553;40817
FR;11;2010;D;5663;100;2464;100;2739;100;;100;35455;100;7033;100;;100;1945;100;4118;100;700;100;;100;1483;100;998;;31;100;;;0;100;801;100;49634;620;-2293;46721
FR;12;2010;D;7133;100;3278;100;3319;100;;100;41889;100;8566;100;;100;2727;100;4443;100;1128;100;;100;1470;100;986;;29;100;;;0;100;1051;100;59058;578;-792;57688
GB;1;2013;P;592;87;;;348;64;244;;6448;100;21338;96;0;100;14020;100;7286;94;10;87;22;100;1606;67;1606;67;0;100;0;100;0;17;615;100;29984;322;831;30493
GB;2;2013;P;511;87;;;275;64;236;;5218;100;20069;96;0;100;12587;100;7465;94;1;87;16;100;1273;67;1273;67;0;100;0;100;0;17;279;100;27071;319;279;27031
GB;3;2013;P;375;87;;;118;64;257;;5398;100;21768;96;0;100;13746;100;8021;94;1;87;0;100;1515;67;1515;67;0;100;0;100;0;17;523;100;29056;363;1019;29712
GB;4;2013;P;441;87;;;205;64;236;;5531;100;17409;96;0;100;10996;100;6405;94;1;87;7;100;1522;67;1522;67;0;100;0;100;0;17;435;100;24903;319;1050;25634
GB;5;2013;P;505;87;;;262;64;243;;4452;100;16714;96;0;100;10244;100;6453;94;1;87;16;100;1458;67;1458;67;0;100;0;100;0;100;408;100;23129;327;111;22913
GB;6;2013;P;325;87;;;105;64;220;;4583;100;15847;96;0;100;7990;100;7825;94;1;87;31;100;1073;67;1073;67;0;100;0;100;0;17;334;100;21828;297;1018;22549
GB;7;2013;P;325;87;;;104;64;221;;5869;100;15453;96;0;100;8600;100;6823;94;1;87;29;100;719;67;719;67;0;100;0;100;0;17;361;100;22366;299;1632;23699
GB;8;2013;P;367;87;;;130;64;237;;6391;100;13877;96;0;100;8622;100;5227;94;0;87;28;100;962;67;962;67;0;100;0;100;0;17;365;100;21597;328;1450;22719
GB;9;2013;P;419;87;;;178;64;241;;5206;100;15356;96;0;100;9515;100;5809;94;0;87;32;100;1269;67;1269;67;0;100;0;100;0;17;377;100;22250;332;1330;23248
GB;10;2013;P;519;87;;;277;64;242;;5535;100;16220;96;0;100;10609;100;5578;94;0;87;32;100;2093;67;2061;67;0;100;0;100;0;100;425;100;24367;321;1020;25066
GB;11;2013;P;603;87;;;355;64;247;;5404;100;18479;96;0;100;10962;100;7484;94;1;87;32;100;1819;67;1819;67;0;100;0;100;0;100;447;100;26305;328;1170;27147
GB;12;2013;P;764;87;;;478;64;286;;6026;100;17571;96;0;100;11356;100;6180;94;2;87;33;100;2750;67;2750;67;0;100;0;100;0;100;567;100;27111;359;802;27554
GB;1;2012;D;792;89;;;532;69;260;;5705;100;20890;96;0;100;12938;100;7910;94;10;90;32;100;1307;54;1307;54;0;100;0;100;0;100;626;100;28694;324;1334;29704
GB;2;2012;D;666;89;;;388;69;278;;5806;100;22090;96;0;100;14262;100;7786;94;12;90;30;100;1148;54;1148;54;0;100;0;100;0;100;648;100;29710;358;-679;28673
GB;3;2012;D;593;89;;;314;69;279;;4695;100;20803;96;0;100;13638;100;7131;94;2;90;32;100;874;54;874;54;0;100;0;100;0;100;535;100;26965;367;855;27453
GB;4;2012;D;369;89;;;152;100;217;;5807;100;17866;96;0;100;11490;100;6376;94;0;90;0;100;898;54;898;54;0;100;0;100;0;100;428;100;24940;295;854;25499
GB;5;2012;D;383;89;;;150;100;233;;5911;100;17519;96;0;100;9960;100;7532;94;27;90;0;100;806;54;806;54;0;100;0;100;0;100;407;100;24619;304;884;25199
GB;6;2012;D;349;89;;;114;100;235;;5638;100;15585;96;0;100;8281;100;7283;94;0;90;21;100;813;54;813;54;0;100;0;100;0;100;382;100;22385;320;765;22830
GB;7;2012;D;399;89;;;160;100;239;;5334;100;16293;96;0;100;8930;100;7329;94;4;90;30;100;685;54;685;54;0;100;0;100;0;100;374;100;22711;323;1240;23628
GB;8;2012;D;411;89;;;164;100;247;;6130;100;15250;96;;100;8674;100;6559;94;;90;17;100;817;54;817;54;0;100;0;100;0;100;398;100;22608;328;1156;23436
GB;9;2012;D;469;89;;;243;100;226;;5444;100;15039;96;0;100;10133;100;4877;94;2;90;27;100;1411;54;1411;54;0;100;0;100;0;100;456;100;22363;305;1288;23346
GB;10;2012;D;529;89;;;259;100;270;;5065;100;19747;96;0;100;12950;100;6770;94;5;90;22;100;905;54;905;54;0;100;0;100;0;100;490;100;26246;345;499;26400
GB;11;2012;D;600;89;;;318;100;282;;4682;100;20326;96;0;100;13302;100;6998;94;24;90;2;100;1246;54;1246;54;0;100;0;100;0;100;526;100;26854;369;940;27425
GB;12;2012;D;586;89;;;323;100;263;;5866;100;20426;96;0;100;13801;100;6592;94;11;90;22;100;1671;54;1671;54;0;100;0;100;0;100;608;100;28549;351;861;29059
GB;1;2011;D;489;89;0;100;211;69;;100;6165;100;24261;97;0;100;11884;100;12349;96;2;90;26;100;545;48;545;;0;100;;;0;100;573;100;31460;353;203;31310
GB;2;2011;D;591;89;0;100;328;100;;100;5637;100;20522;97;;100;10360;100;10143;100;2;100;17;100;614;48;614;;0;100;;;0;100;418;100;27364;326;26;27064
GB;3;2011;D;467;89;0;100;211;100;;100;6221;100;21240;97;0;100;11076;100;10153;100;1;100;10;100;422;48;422;;0;100;;;0;100;434;100;28350;341;113;28122
GB;4;2011;D;510;89;0;100;279;100;;100;6088;100;16615;97;0;100;5720;100;10876;100;1;100;18;100;545;48;545;;0;100;;;0;100;403;100;23758;298;485;23945
GB;5;2011;D;462;89;0;100;251;100;;100;6046;100;16944;97;0;100;5833;100;11079;100;0;100;32;100;873;48;873;;0;100;;;0;100;445;100;24325;268;-66;23991
GB;6;2011;D;452;89;0;100;228;100;;100;5784;100;16602;97;0;100;6319;100;10251;100;1;100;31;100;436;48;436;;0;100;;;0;100;404;100;23274;300;559;23533
GB;7;2011;D;424;89;0;100;197;100;;100;5299;100;17035;97;0;100;5499;100;11503;100;2;100;31;100;344;48;344;48;0;100;;;0;100;389;100;23102;295;879;23686
GB;8;2011;D;500;89;0;100;247;100;;100;5117;100;17204;97;0;100;6143;100;11037;100;2;100;22;100;547;48;547;48;0;100;;;0;100;413;100;23368;330;827;23865
GB;9;2011;D;589;89;0;100;344;100;;100;4417;100;17831;97;0;100;6522;100;11290;100;5;100;14;100;960;48;960;;0;100;;;0;100;502;100;23797;304;442;23935
GB;10;2011;D;681;89;0;100;423;100;;100;4223;100;19711;97;0;100;8552;100;11141;100;3;100;15;100;1179;48;1179;;0;100;;;0;100;505;100;25794;343;203;25654
GB;11;2011;D;662;89;0;100;403;100;;100;4361;100;21405;97;0;100;12151;100;9247;100;4;100;3;100;1177;48;1177;;0;100;;;0;100;596;100;27605;326;-160;27119
GB;12;2011;D;834;89;0;100;538;100;;100;5192;100;20666;97;0;100;12878;100;7766;100;7;100;15;100;1528;48;1528;;0;100;;;0;100;672;100;28220;366;1165;29019
GB;1;2010;D;456;100;65;;132;;;;5616;100;24729;100;0;;12003;;11923;;804;;0;;108;100;108;;0;;;;0;100;0;100;30909;0;171;31080
GB;2;2010;D;354;89;53;;82;69;;100;5166;100;23176;97;0;;10744;100;11656;96;776;90;0;;42;48;42;48;0;;;;0;100;0;100;28738;0;936;29674
GB;3;2010;D;414;89;40;;134;69;;100;5945;100;22411;97;0;;8046;100;13802;96;562;90;0;;93;48;93;48;0;;;;0;100;0;100;28863;0;1283;30146
GB;4;2010;D;407;89;45;100;145;69;;100;4817;100;19184;97;0;100;6432;100;12601;96;151;90;0;100;74;48;74;48;0;100;;;0;100;0;100;24482;336;0;24146
GB;5;2010;D;382;89;0;100;121;69;;100;4202;100;20361;97;0;100;6063;100;14297;96;1;90;0;100;158;48;158;48;0;100;;;0;100;398;100;25103;355;252;25000
GB;6;2010;D;319;89;0;100;71;69;;100;4088;100;18415;97;0;100;5933;100;12481;96;1;90;0;100;172;48;172;48;0;100;;;0;100;392;100;22994;330;1767;24431
GB;7;2010;D;401;89;0;100;151;69;;100;4153;100;18590;97;0;100;6527;100;12058;96;5;90;0;100;368;48;368;48;0;100;;;0;100;0;100;23512;320;784;23976
GB;8;2010;D;391;89;0;100;149;100;;100;4230;100;17848;97;0;100;5310;100;12537;100;1;100;0;100;269;48;269;;0;100;;;0;100;363;100;22738;314;1056;23480
GB;9;2010;D;453;89;0;100;217;69;;100;3944;100;19240;97;0;100;7041;100;12198;96;1;90;0;100;472;48;472;48;0;100;;;0;100;0;100;24109;298;330;24141
GB;10;2010;D;554;89;0;100;311;69;;100;5454;100;20686;97;0;100;8989;100;11679;96;18;90;0;100;617;48;617;48;0;100;;;0;100;0;100;27311;311;-499;26501
GB;11;2010;D;625;89;0;100;350;69;;100;4681;100;23447;97;0;100;10975;100;12445;96;15;90;12;100;584;48;584;48;0;100;;;0;100;429;100;29337;358;16;28995
GB;12;2010;D;451;89;0;100;137;69;;100;5907;100;26560;97;0;100;14075;100;12422;96;46;90;17;100;370;48;370;48;0;100;;;0;100;491;100;33288;423;89;32954
GR;1;2013;P;663;100;;;0;100;580;;0;100;3361;100;2230;100;;100;1131;100;;100;;100;467;100;347;100;103;100;18;100;0;100;109;100;4491;7;187;4671
GR;2;2013;P;0;100;;;799;100;709;;0;100;2706;100;1717;100;;100;989;100;;100;;100;407;100;275;100;115;100;16;100;0;100;102;100;3113;0;149;3262
GR;3;2013;P;1127;100;;;0;100;1012;;0;100;2369;100;1604;100;;100;765;100;;100;;100;581;100;366;100;197;100;18;100;0;100;102;100;4077;0;32;4109
GR;4;2013;P;416;100;;;0;100;307;;0;100;2178;100;1406;100;;100;771;100;;100;;100;539;100;259;100;262;100;0;100;18;100;74;100;3151;0;35;3186
GR;5;2013;P;392;100;;;0;100;307;;0;100;2656;100;1831;100;;100;825;100;;100;;100;575;100;262;100;295;100;18;100;0;100;79;100;3623;4;158;3777
GR;6;2013;P;404;100;;;0;100;351;;0;100;3111;100;2017;100;;100;1093;100;;100;;100;660;100;205;100;437;100;18;100;0;100;99;100;4175;0;110;4285
GR;7;2013;P;492;100;;;0;100;450;;0;100;3394;100;2105;100;;100;1289;100;;100;;100;638;100;275;100;345;100;18;100;0;100;114;100;4524;0;298;4822
GR;8;2013;P;439;100;;;0;100;406;;0;100;3424;100;2159;100;;100;1265;100;;100;;100;741;100;378;100;346;100;17;100;0;100;114;100;4604;0;142;4746
GR;9;2013;P;292;100;;;0;100;267;;0;100;3040;100;1990;100;;100;1049;100;0;100;;100;500;100;165;100;319;100;17;100;0;100;98;100;3832;0;129;3961
GR;10;2013;P;295;100;;;0;100;267;;0;100;2840;100;1943;100;;100;897;100;0;100;;100;736;100;228;100;490;100;18;100;0;100;88;100;3871;1;175;4045
GR;11;2013;P;273;100;;;0;100;225;;0;100;2768;100;1954;100;;100;815;100;0;100;;100;570;100;322;100;231;100;16;100;0;100;89;100;3611;15;357;3953
GR;12;2013;P;370;100;;;0;100;310;;0;100;3535;100;2275;100;;100;1260;100;0;100;;100;543;100;310;100;215;100;18;100;0;100;102;100;4448;26;329;4751
GR;1;2012;P;278;100;;;0;100;278;;0;100;4002;100;2529;100;0;100;1473;100;0;100;0;100;387;100;306;;45;100;17;;0;100;117;100;4667;50;160;4777
GR;2;2012;P;381;100;;;0;100;381;;0;100;3694;100;2139;100;0;100;1489;100;66;100;0;100;310;100;240;100;38;100;16;100;0;100;105;100;4385;69;106;4422
GR;3;2012;P;283;100;;;0;100;283;;0;100;3548;100;2204;100;0;100;1345;100;0;100;0;100;293;100;215;100;62;100;16;100;0;100;105;100;4124;31;137;4230
GR;4;2012;P;352;100;;;0;100;0;;0;100;2753;100;1935;100;0;100;818;100;0;100;0;100;0;100;325;100;68;100;16;100;0;100;98;100;3105;17;77;3165
GR;5;2012;P;421;100;;;0;100;337;;0;100;3063;100;2045;100;;100;1018;100;;100;;100;306;100;210;100;80;100;16;100;0;100;95;100;3790;9;41;3822
GR;6;2012;P;450;100;;;0;100;393;;0;100;3375;100;2379;100;;100;996;100;;100;;100;447;100;270;100;162;100;16;100;0;100;108;100;4272;7;277;4542
GR;7;2012;P;561;100;;;0;100;525;;0;100;4199;100;2746;100;;100;1453;100;;100;;100;385;100;251;100;117;100;16;100;0;100;137;100;5145;10;479;5614
GR;8;2012;P;464;100;;;0;100;434;;0;100;3850;100;2695;100;;100;1155;100;;100;;100;378;100;238;100;123;100;17;100;0;100;126;100;4692;7;251;4936
GR;9;2012;P;247;100;;;0;100;223;;0;100;3257;100;2166;100;;100;1091;100;;100;;100;366;100;222;100;128;100;16;100;0;100;103;100;3870;18;146;3998
GR;10;2012;P;183;100;;;0;100;155;;0;100;3325;100;2328;100;;100;996;100;;100;;100;495;100;253;100;225;100;17;100;0;100;105;100;4003;22;22;4003
GR;11;2012;P;352;100;;;0;100;309;;0;100;3126;100;2184;100;;100;942;100;;100;;100;431;100;319;100;95;100;16;100;0;100;112;100;3909;10;29;3928
GR;12;2012;P;590;100;;;0;100;507;;0;100;3578;100;2204;100;;100;1362;100;12;100;;100;418;100;312;100;89;100;18;100;0;100;109;100;4586;18;59;4627
GR;1;2011;D;519;100;494;100;0;100;;100;0;100;3682;100;2597;100;0;100;1085;100;0;100;0;100;187;100;138;;14;100;;;0;100;117;100;4388;35;230;4583
GR;2;2011;D;342;100;312;100;0;100;;100;0;100;3289;100;2328;100;0;100;961;100;0;100;0;100;240;100;195;;13;100;;;0;100;105;100;3871;43;329;4157
GR;3;2011;D;378;100;354;100;0;100;;100;0;100;3600;100;2260;100;0;100;1340;100;0;100;0;100;264;100;210;;21;100;;;0;100;106;100;4242;34;214;4422
GR;4;2011;D;305;100;292;100;0;100;;100;0;100;3002;100;1856;100;0;100;1146;100;0;100;0;100;305;100;250;;25;100;;;0;100;87;100;3612;18;272;3866
GR;5;2011;D;331;100;326;100;0;100;;100;0;100;3313;100;2103;100;0;100;1209;100;1;100;0;100;260;100;202;;29;100;;;0;100;97;100;3904;6;76;3974
GR;6;2011;D;452;100;443;100;0;100;;100;0;100;3201;100;1929;100;0;100;1268;100;3;100;0;100;215;100;134;;58;100;;;0;100;97;100;3868;13;380;4235
GR;7;2011;D;439;100;435;100;0;100;;100;0;100;4338;100;2690;100;0;100;1644;100;4;100;0;100;213;100;154;;37;100;;;0;100;127;100;4990;6;478;5462
GR;8;2011;D;419;100;404;100;0;100;;100;0;100;3764;100;2505;100;0;100;1259;100;0;100;0;100;306;100;244;;41;100;;;0;100;118;100;4489;21;394;4862
GR;9;2011;D;318;100;295;100;0;100;;100;0;100;3592;100;2287;100;0;100;1305;100;0;100;0;100;301;100;239;;41;100;;;0;100;107;100;4211;33;194;4372
GR;10;2011;D;234;100;200;100;0;100;;100;0;100;3320;100;2136;100;0;100;1184;100;0;100;0;100;414;100;300;;85;100;;;0;100;96;100;3968;49;190;4109
GR;11;2011;D;235;100;203;100;0;100;;100;0;100;3645;100;2391;100;0;100;1254;100;0;100;0;100;313;100;241;;39;100;;;0;100;113;100;4193;46;205;4352
GR;12;2011;D;282;100;229;100;0;100;;100;0;100;3685;100;2490;100;0;100;1195;100;0;100;0;100;361;100;287;;38;100;;;0;100;118;100;4328;76;269;4521
GR;1;2010;D;817;100;811;;0;;;;0;100;3398;100;2631;;0;;732;;35;;0;;267;100;231;;4;;;;0;100;133;100;4482;9;192;4665
GR;2;2010;D;942;100;0;100;0;100;;100;0;100;2600;100;1881;100;0;100;687;100;32;100;0;100;228;100;197;100;3;100;;;0;100;108;100;3770;3;340;4107
GR;3;2010;D;1076;100;1076;100;0;100;;100;0;100;2513;100;1855;100;0;100;658;100;0;100;0;100;217;100;180;;6;100;;;0;100;115;100;3806;0;519;4325
GR;4;2010;D;390;100;385;100;0;100;;100;0;100;2681;100;1993;100;0;100;688;100;0;100;0;100;214;100;180;100;7;100;;;0;100;101;100;3285;7;635;3913
GR;5;2010;D;349;100;344;100;0;100;;100;0;100;3073;100;2254;100;0;100;811;100;8;100;0;100;134;100;105;;8;100;;;0;100;115;100;3556;7;629;4178
GR;6;2010;D;364;100;362;100;0;100;;100;0;100;3230;100;2447;100;0;100;768;100;15;100;0;100;145;100;106;;19;100;;;0;100;139;100;3739;2;832;4569
GR;7;2010;D;560;100;560;100;0;100;;100;0;100;3995;100;2852;100;0;100;1124;100;19;100;0;100;168;100;139;;10;100;;;0;100;167;100;4723;0;619;5342
GR;8;2010;D;420;100;419;100;0;100;;100;0;100;4206;100;2847;100;0;100;1354;100;5;100;0;100;179;100;149;;11;100;;;0;100;156;100;4805;1;643;5447
GR;9;2010;D;263;100;254;100;0;100;;100;0;100;3306;100;2501;100;0;100;805;100;0;100;0;100;182;100;149;;12;100;;;0;100;129;100;3751;6;494;4239
GR;10;2010;D;537;100;536;100;0;100;;100;0;100;3150;100;2137;100;0;100;1013;100;0;100;0;100;216;100;162;;26;100;;;0;100;118;100;3903;1;238;4140
GR;11;2010;D;724;100;724;100;0;100;;100;0;100;2738;100;1962;100;0;100;776;100;0;100;0;100;265;100;221;;14;100;;;0;100;105;100;3727;0;343;4070
GR;12;2010;D;1015;100;1015;100;0;100;;100;0;100;3030;100;2080;100;0;100;950;100;0;100;0;100;288;100;243;;13;100;;;0;100;118;100;4333;1;224;4556
HR;1;2013;P;814;100;;;153;100;661;;0;100;426;100;0;100;197;100;185;100;0;100;45;100;42;100;33;100;0;100;9;100;0;100;45;100;1282;15;299;1566
HR;2;2013;P;754;100;;;147;100;608;;0;100;394;100;0;100;176;100;170;100;0;100;48;100;55;100;47;100;0;100;8;100;0;100;44;100;1203;21;269;1451
HR;3;2013;P;1007;100;;;222;100;785;;0;100;388;100;0;100;177;100;170;100;0;100;41;100;65;100;55;100;0;100;10;100;0;100;48;100;1460;9;73;1524
HR;4;2013;P;1073;100;;;265;100;808;;0;100;263;100;0;100;113;100;141;100;0;100;9;100;47;100;36;100;0;100;11;100;0;100;42;100;1383;13;-44;1326
HR;5;2013;P;868;100;;;265;100;603;;0;100;205;100;0;100;139;100;63;100;0;100;3;100;41;100;30;100;1;100;10;100;0;100;32;100;1114;26;204;1292
HR;6;2013;P;597;100;;;185;100;411;;0;100;213;100;0;100;178;100;35;100;0;100;0;100;40;100;28;100;1;100;11;100;0;100;35;100;850;4;465;1311
HR;7;2013;P;456;100;;;115;100;341;;0;100;303;100;0;100;207;100;94;100;0;100;2;100;60;100;47;100;2;100;11;100;0;100;40;100;819;5;678;1492
HR;8;2013;P;393;100;;;89;100;304;;0;100;385;100;0;100;205;100;142;100;15;100;23;100;52;100;40;100;2;100;10;100;0;100;37;100;830;11;665;1484
HR;9;2013;P;373;100;;;90;100;283;;0;100;327;100;0;100;200;100;127;100;0;100;0;100;42;100;32;100;1;100;9;100;0;100;33;100;742;19;584;1307
HR;10;2013;P;500;100;;;120;100;380;;0;100;443;100;0;100;218;100;225;100;0;100;0;100;51;100;40;100;1;100;10;100;0;100;35;100;994;9;364;1349
HR;11;2013;P;664;100;;;229;100;435;;0;100;360;100;0;100;176;100;166;100;0;100;18;100;74;100;63;100;1;100;10;100;0;100;36;100;1098;5;308;1401
HR;12;2013;P;547;100;;;141;100;406;;0;100;382;100;0;100;199;100;76;100;27;100;80;100;56;100;43;100;1;100;12;100;0;100;39;100;985;13;590;1562
HR;1;2012;D;303;100;;;75;100;227;;0;100;558;100;0;100;210;100;254;100;31;100;62;100;38;100;32;100;0;100;5;100;0;100;28;100;899;30;741;1610
HR;2;2012;D;272;100;;;60;100;212;;0;100;623;100;0;100;186;100;210;100;84;100;143;100;37;100;29;100;0;100;5;100;0;100;29;100;932;12;733;1653
HR;3;2012;D;254;100;;;77;100;176;;0;100;456;100;0;100;218;100;230;100;0;100;8;100;38;100;30;100;0;100;5;100;0;100;25;100;748;17;674;1405
HR;4;2012;D;373;100;;;104;100;267;;0;100;310;100;0;100;78;100;227;100;0;100;3;100;32;100;25;100;0;100;4;100;0;100;23;100;715;14;610;1311
HR;5;2012;D;368;100;;;144;100;222;;0;100;197;100;0;100;29;100;166;100;0;100;2;100;31;100;22;100;0;100;6;100;0;100;23;100;596;16;718;1298
HR;6;2012;D;259;100;;;132;100;126;;0;100;189;100;0;100;129;100;60;100;0;100;0;100;22;100;15;100;0;100;6;100;0;100;23;100;470;16;875;1329
HR;7;2012;D;314;100;;;140;100;173;;0;100;376;100;0;100;150;100;183;100;43;100;0;100;31;100;21;100;0;100;7;100;0;100;27;100;721;30;845;1536
HR;8;2012;D;307;100;;;115;100;192;;0;100;413;100;0;100;212;100;201;100;0;100;0;100;30;100;22;100;0;100;8;100;0;100;27;100;750;25;798;1523
HR;9;2012;D;330;100;;;163;100;167;;0;100;360;100;0;100;184;100;175;100;0;100;0;100;35;100;27;100;0;100;8;100;0;100;23;100;725;18;610;1317
HR;10;2012;D;429;100;;;190;100;239;;0;100;405;100;0;100;216;100;188;100;0;100;0;100;29;100;21;100;0;100;8;100;1;100;38;100;864;15;498;1347
HR;11;2012;D;730;100;;;247;100;483;;0;100;375;100;0;100;207;100;168;100;0;100;0;100;42;100;35;100;0;100;7;100;0;100;37;100;1147;24;245;1368
HR;12;2012;D;840;100;;;221;100;619;;0;100;439;100;0;100;205;100;1;100;0;100;232;100;58;100;48;100;0;100;8;100;0;100;28;100;1337;13;265;1589
HR;1;2011;D;798;100;635;100;162;100;;100;0;100;481;100;0;100;211;100;208;100;0;100;61;100;18;100;16;;0;100;;;0;100;29;100;1297;20;380;1657
HR;2;2011;D;535;100;438;100;96;100;;100;0;100;454;100;0;100;194;100;180;100;0;100;80;100;14;100;13;;0;100;;;0;100;26;100;1003;11;490;1482
HR;3;2011;D;565;100;442;100;122;100;;100;0;100;455;100;0;100;190;100;220;100;0;100;43;100;15;100;14;;0;100;;;0;100;27;100;1035;15;533;1553
HR;4;2011;D;379;100;271;100;108;100;;100;0;100;333;100;0;100;176;100;154;100;0;100;3;100;15;100;12;;0;100;;;0;100;23;100;727;13;595;1309
HR;5;2011;D;293;100;173;100;120;100;;100;0;100;190;100;0;100;121;100;63;100;5;100;0;100;18;100;17;;0;100;;;0;100;23;100;501;14;850;1337
HR;6;2011;D;323;100;165;100;158;100;;100;0;100;337;100;0;100;206;100;113;100;6;100;11;100;15;100;14;;0;100;;;0;100;23;100;675;15;670;1330
HR;7;2011;D;280;100;167;100;112;100;;100;0;100;465;100;0;100;204;100;222;100;38;100;0;100;11;100;10;;0;100;;;0;100;27;100;756;23;749;1482
HR;8;2011;D;293;100;188;100;104;100;;100;0;100;456;100;0;100;202;100;223;100;30;100;0;100;16;100;13;;0;100;;;0;100;0;100;765;0;753;1518
HR;9;2011;D;241;100;150;100;91;100;;100;0;100;487;100;0;100;196;100;201;100;62;100;26;100;18;100;16;;0;100;;;0;100;24;100;746;14;643;1375
HR;10;2011;D;255;100;140;100;115;100;;100;0;100;466;100;0;100;218;100;240;100;0;100;7;100;23;100;20;;0;100;;;0;100;24;100;744;14;665;1395
HR;11;2011;D;208;100;127;100;81;100;;100;0;100;511;100;0;100;205;100;189;100;0;100;116;100;19;100;15;;0;100;;;0;100;26;100;738;21;757;1474
HR;12;2011;D;413;100;291;100;122;100;;100;0;100;526;100;0;100;208;100;229;100;0;100;87;100;35;100;22;;0;100;;;0;100;28;100;974;13;625;1586
HR;1;2010;D;923;100;759;100;164;100;;100;0;100;417;100;0;;185;100;148;100;8;100;75;100;6;100;5;;0;100;;;1;100;29;100;1347;16;352;1683
HR;2;2010;D;811;100;681;100;128;100;;100;0;100;426;100;0;;177;100;181;100;4;100;64;100;11;100;9;;0;;;;1;100;27;100;1249;20;309;1538
HR;3;2010;D;892;100;727;100;165;100;;100;0;100;435;100;0;100;212;100;184;100;0;100;37;100;11;100;10;;0;100;;;0;100;28;100;1338;19;260;1579
HR;4;2010;D;836;100;684;100;151;100;;100;0;100;312;100;0;100;160;100;111;100;0;100;40;100;14;100;13;;0;100;;;0;100;24;100;1162;19;214;1357
HR;5;2010;D;770;100;588;100;181;100;;100;0;100;252;100;0;100;105;100;144;100;0;100;2;100;12;100;10;;0;100;;;0;100;23;100;1034;8;318;1344
HR;6;2010;D;580;100;406;100;174;100;;100;0;100;340;100;0;100;129;100;198;100;12;100;0;100;10;100;8;;0;100;;;0;100;23;100;930;8;421;1343
HR;7;2010;D;489;100;387;100;102;100;;100;0;100;438;100;0;100;208;100;229;100;0;100;0;100;13;100;11;;0;100;;;0;100;27;100;940;8;607;1539
HR;8;2010;D;378;100;266;100;112;100;;100;0;100;441;100;0;100;212;100;229;100;0;100;0;100;11;100;9;;0;100;;;0;100;25;100;830;9;631;1452
HR;9;2010;D;392;100;230;100;161;100;;100;0;100;441;100;0;100;194;100;246;100;0;100;0;100;13;100;12;;1;100;;;0;100;23;100;846;13;512;1345
HR;10;2010;D;471;100;314;100;156;100;;100;0;100;448;100;0;100;207;100;230;100;0;100;9;100;19;100;17;;0;100;;;0;100;25;100;938;6;513;1445
HR;11;2010;D;715;100;486;100;229;100;;100;0;100;390;100;0;100;179;100;176;100;0;100;34;100;15;100;13;;0;100;;;0;100;25;100;1120;10;342;1452
HR;12;2010;D;1056;100;825;100;220;100;;100;0;100;461;100;0;100;185;100;170;100;28;100;77;100;0;100;0;;0;100;;;0;100;0;100;1517;0;0;1517
HU;1;2013;P;22;100;;;22;100;0;;1427;100;1341;100;506;100;101;100;732;100;2;100;0;100;100;100;69;100;0;100;31;100;0;100;40;100;2890;0;646;3536
HU;2;2013;P;21;100;;;21;100;0;;1283;100;1102;100;461;100;85;100;552;100;5;100;0;100;134;100;61;100;0;100;73;100;0;100;30;100;2540;0;629;3169
HU;3;2013;P;11;100;;;11;100;0;;1429;100;931;100;428;100;71;100;428;100;4;100;0;100;162;100;86;100;0;100;76;100;0;100;33;100;2533;0;847;3380
HU;4;2013;P;5;100;;;5;100;0;;1087;100;779;100;365;100;61;100;348;100;4;100;0;100;117;100;54;100;0;100;63;100;0;100;29;100;1988;0;1142;3130
HU;5;2013;P;23;100;;;23;100;0;;1088;100;742;100;424;100;66;100;247;100;4;100;0;100;139;100;60;100;0;100;79;100;0;100;29;100;1992;0;1102;3094
HU;6;2013;P;20;100;;;20;100;0;;1276;100;707;100;392;100;77;100;232;100;5;100;0;100;126;100;61;100;0;100;65;100;0;100;31;100;2129;0;965;3094
HU;7;2013;P;20;100;;;20;100;0;;1247;100;847;100;479;100;66;100;298;100;4;100;0;100;112;100;38;100;0;100;74;100;0;100;31;100;2226;0;1083;3309
HU;8;2013;P;11;100;;;11;100;0;;1079;100;856;100;500;100;67;100;284;100;4;100;0;100;94;100;35;100;0;100;59;100;0;100;28;100;2040;0;1135;3175
HU;9;2013;P;16;100;;;16;100;0;;1314;100;795;100;474;100;52;100;266;100;2;100;0;100;105;100;52;100;0;100;53;100;0;100;32;100;2230;0;879;3109
HU;10;2013;P;17;100;;;17;100;0;;1062;100;938;100;503;100;66;100;365;100;4;100;0;100;101;100;44;100;0;100;57;100;0;100;31;100;2118;0;1215;3333
HU;11;2013;P;23;100;;;23;100;0;;1031;100;972;100;509;100;76;100;387;100;4;100;0;100;125;100;68;100;0;100;57;100;0;100;31;100;2151;0;1174;3325
HU;12;2013;P;18;100;;;18;100;0;;1067;100;1115;100;496;100;59;100;556;100;4;100;0;100;116;100;66;100;0;100;50;100;0;100;38;100;2316;0;1062;3378
HU;1;2012;P;21;100;;;21;100;0;;1429;100;1525;100;456;100;74;100;993;100;1;100;0;100;191;100;101;100;0;100;90;100;0;100;44;100;3166;0;321;3487
HU;2;2012;P;12;100;;;12;100;0;;1336;100;1686;100;380;100;71;100;1232;100;3;100;0;100;168;100;78;100;0;100;90;100;0;100;44;100;3202;0;226;3428
HU;3;2012;P;19;100;;;19;100;0;;1414;100;1131;100;310;100;70;100;748;100;4;100;0;100;169;100;85;100;0;100;84;100;0;100;33;100;2733;0;543;3276
HU;4;2012;P;16;100;;;16;100;0;;1025;100;850;100;234;100;50;100;561;100;4;100;0;100;213;100;74;100;0;100;139;100;0;100;30;100;2104;0;950;3054
HU;5;2012;P;23;100;;;23;100;0;;1119;100;947;100;347;100;50;100;546;100;4;100;0;100;184;100;59;100;0;100;125;100;0;100;32;100;2273;0;808;3081
HU;6;2012;P;21;100;;;21;100;0;;1237;100;1030;100;429;100;96;100;501;100;4;100;0;100;144;100;41;100;0;100;103;100;0;100;32;100;2432;0;714;3146
HU;7;2012;P;18;100;;;18;100;0;;1019;100;1130;100;435;100;100;100;591;100;3;100;0;100;138;100;41;100;0;100;98;100;0;100;32;100;2305;0;968;3273
HU;8;2012;P;12;100;;;12;100;0;;1045;100;1153;100;390;100;97;100;662;100;4;100;0;100;134;100;35;100;0;100;99;100;0;100;34;100;2344;0;838;3182
HU;9;2012;P;10;100;;;10;100;0;;1018;100;1059;100;453;100;61;100;542;100;3;100;0;100;164;100;63;100;0;100;101;100;0;100;28;100;2251;0;836;3087
HU;10;2012;P;13;100;;;13;100;0;;1410;100;1047;100;433;100;84;100;528;100;3;100;0;100;152;100;52;100;0;100;100;100;0;100;32;100;2622;0;614;3236
HU;11;2012;P;22;100;;;22;100;0;;1299;100;1168;100;460;100;92;100;612;100;4;100;0;100;163;100;58;100;0;100;105;100;0;100;31;100;2652;0;617;3269
HU;12;2012;P;21;100;;;21;100;0;;1426;100;1249;100;449;100;97;100;699;100;4;100;0;100;156;100;61;100;0;100;95;100;0;100;38;100;2852;0;530;3382
HU;1;2011;P;6;100;0;100;6;100;;100;1427;100;1697;100;499;100;51;100;1135;100;12;100;0;100;149;100;45;100;0;100;;;0;100;42;100;3279;0;316;3595
HU;2;2011;P;19;100;0;100;19;100;;100;1294;100;1558;100;462;100;45;100;1049;100;2;100;0;100;131;100;38;100;0;100;;;0;100;28;100;3002;0;335;3337
HU;3;2011;P;16;100;0;100;16;100;;100;1191;100;1669;100;500;100;45;100;1118;100;6;100;0;100;166;100;59;100;0;100;;;0;100;28;100;3042;0;443;3485
HU;4;2011;P;19;100;0;100;19;100;;100;1029;100;1273;100;341;100;44;100;882;100;6;100;0;100;201;100;67;100;0;100;;;0;100;22;100;2522;0;639;3161
HU;5;2011;P;25;100;0;100;25;100;;100;1046;100;1273;100;436;100;45;100;786;100;6;100;0;100;169;100;54;100;0;100;;;0;100;25;100;2513;0;740;3253
HU;6;2011;P;20;100;0;100;20;100;;100;1229;100;1217;100;489;100;63;100;649;100;16;100;0;100;167;100;59;100;0;100;;;0;100;31;100;2633;0;553;3186
HU;7;2011;P;27;100;0;100;27;100;;100;1037;100;1159;100;506;100;52;100;598;100;3;100;0;100;175;100;58;100;0;100;;;0;100;33;100;2398;0;943;3341
HU;8;2011;P;25;100;0;100;25;100;;100;1366;100;1131;100;495;100;55;100;579;100;2;100;0;100;135;100;36;100;0;100;;;0;100;32;100;2657;0;587;3244
HU;9;2011;P;15;100;0;100;15;100;;100;1096;100;1285;100;493;100;37;100;751;100;4;100;0;100;104;100;41;100;0;100;;;0;100;31;100;2500;0;743;3243
HU;10;2011;P;14;100;0;100;14;100;;100;1213;100;1273;100;406;100;47;100;814;100;6;100;0;100;144;100;54;100;0;100;;;0;100;33;100;2644;0;742;3386
HU;11;2011;P;11;100;0;100;11;100;;100;1383;100;1626;100;467;100;77;100;1070;100;12;100;0;100;107;100;28;100;0;100;;;0;100;40;100;3127;0;337;3464
HU;12;2011;P;18;100;0;100;18;100;;100;1432;100;1594;100;477;100;56;100;1056;100;4;100;0;100;138;100;62;100;0;100;;;0;100;43;100;3182;0;265;3447
HU;1;2010;D;9;100;0;;9;;;;1434;100;1682;100;414;;60;;1194;;14;;0;;185;100;24;;0;;;;0;100;36;100;3310;0;167;3477
HU;2;2010;D;17;100;0;;17;100;;;1295;100;1504;100;403;100;53;100;1036;100;11;100;0;100;193;100;48;100;0;;;;0;100;33;100;3009;0;173;3182
HU;3;2010;D;13;100;0;;13;100;;;1297;100;1604;100;378;100;66;100;1153;100;7;100;0;100;172;100;45;100;0;;;;0;100;27;100;3086;0;258;3344
HU;4;2010;D;13;100;0;100;13;100;;100;1085;100;1206;100;244;100;64;100;833;100;65;100;0;100;195;100;31;;0;100;;;0;100;26;100;2499;0;551;3050
HU;5;2010;D;13;100;0;100;13;100;;100;1063;100;1173;100;404;100;66;100;677;100;26;100;0;100;214;100;38;;0;100;;;0;100;27;100;2463;0;606;3069
HU;6;2010;D;5;100;0;100;5;100;;100;1034;100;1184;100;415;100;58;100;653;100;58;100;0;100;184;100;44;;0;100;;;0;100;29;100;2407;0;714;3121
HU;7;2010;D;15;100;0;100;15;100;;100;1042;100;1157;100;374;100;66;100;709;100;9;100;0;100;181;100;29;;0;100;;;0;100;28;100;2395;0;886;3281
HU;8;2010;D;20;100;0;100;20;100;;100;1383;100;966;100;360;100;59;100;505;100;42;100;0;100;184;100;25;;0;100;;;0;100;29;100;2553;0;553;3106
HU;9;2010;D;25;100;0;100;25;100;;100;1302;100;1175;100;455;100;66;100;635;100;19;100;0;100;159;100;41;;0;100;;;0;100;31;100;2661;0;483;3144
HU;10;2010;D;28;100;0;100;28;100;;100;1179;100;1463;100;404;100;71;100;907;100;82;100;0;100;202;100;48;;0;100;;;0;100;31;100;2872;0;473;3345
HU;11;2010;D;17;100;0;100;17;100;;100;1282;100;1631;100;429;100;61;100;1105;100;35;100;0;100;216;100;53;;0;100;;;0;100;31;100;3146;0;175;3321
HU;12;2010;D;6;100;0;100;6;100;;100;1434;100;1758;100;448;100;73;100;1196;100;41;100;0;100;182;100;77;;0;100;;;0;100;46;100;3380;0;156;3536
IE;1;2013;D;145;100;;;114;100;31;;0;100;1708;100;199;100;454;100;1054;100;1;100;;100;460;100;449;100;0;100;0;100;14;100;0;100;2327;52;138;2413
IE;2;2013;D;120;100;;;93;100;27;;0;100;1572;100;182;100;406;100;983;100;1;100;;100;408;100;398;100;0;100;0;100;13;100;0;100;2113;46;118;2185
IE;3;2013;D;77;100;;;47;100;30;;0;100;1885;100;198;100;450;100;1229;100;7;100;;100;437;100;432;100;0;100;0;100;12;100;0;100;2411;52;17;2376
IE;4;2013;D;71;100;;;42;100;29;;0;100;1589;100;158;100;391;100;1038;100;3;100;;100;452;100;446;100;0;100;0;100;18;100;0;100;2130;50;64;2144
IE;5;2013;D;64;100;;;38;100;26;;0;100;1278;100;115;100;272;100;890;100;1;100;;100;438;100;434;100;0;100;0;100;16;100;0;100;1796;43;340;2093
IE;6;2013;D;46;100;;;18;100;28;;0;100;1405;100;117;100;372;100;915;100;1;100;;100;259;100;247;100;0;100;0;100;11;100;0;100;1721;48;235;1908
IE;7;2013;D;32;100;;;3;100;29;;0;100;1627;100;197;100;452;100;977;100;1;100;;100;151;100;140;100;0;100;0;100;8;100;0;100;1818;50;254;2022
IE;8;2013;D;39;100;;;13;100;26;;0;100;1456;100;220;100;274;100;962;100;;100;;100;273;100;261;100;0;100;0;100;9;100;0;100;1777;45;268;2000
IE;9;2013;D;38;100;;;10;100;28;;0;100;1509;100;232;100;285;100;989;100;3;100;;100;324;100;312;100;0;100;0;100;8;100;0;100;1879;49;167;1997
IE;10;2013;D;78;100;;;50;100;28;;0;100;1512;100;241;100;231;100;1037;100;3;100;;100;428;100;418;100;0;100;0;100;10;100;0;100;2028;49;241;2220
IE;11;2013;D;77;100;;;50;100;27;;0;100;1620;100;228;100;297;100;1089;100;6;100;;100;346;100;336;100;0;100;0;100;11;100;0;100;2054;47;232;2239
IE;12;2013;D;104;100;;;74;100;30;;0;100;1462;100;231;100;293;100;934;100;4;100;;100;687;100;677;100;0;100;0;100;15;100;0;100;2268;52;166;2382
IE;1;2012;D;100;100;;;100;100;0;;0;100;1839;100;227;100;339;100;1266;100;7;100;0;100;541;100;537;100;0;100;0;100;17;100;0;100;2497;0;-113;2384
IE;2;2012;D;82;100;;;80;100;0;;0;100;1777;100;221;100;454;100;1102;100;0;100;;100;379;100;373;100;0;100;0;100;16;100;0;100;2254;2;-29;2223
IE;3;2012;D;33;100;;;37;100;4;;0;100;1772;100;210;100;412;100;1150;100;0;100;;100;320;100;309;100;0;100;0;100;16;100;0;100;2141;0;81;2222
IE;4;2012;D;15;100;;;15;100;1;;0;100;1632;100;204;100;421;100;1007;100;0;100;;100;373;100;362;100;0;100;0;100;13;100;0;100;2033;1;54;2086
IE;5;2012;D;33;100;;;22;100;11;;0;100;1748;100;231;100;354;100;1157;100;6;100;;100;267;100;258;100;0;100;0;100;11;100;0;100;2059;17;49;2091
IE;6;2012;D;93;100;;;73;100;20;;0;100;1559;100;208;100;358;100;989;100;4;100;;100;248;100;240;100;0;100;0;100;10;100;0;100;1910;32;65;1943
IE;7;2012;D;100;100;;;74;100;26;;0;100;1627;100;212;100;461;100;952;100;2;100;;100;229;100;221;100;0;100;0;100;12;100;0;100;1968;41;55;1982
IE;8;2012;D;92;100;;;63;100;29;;0;100;1561;100;155;100;311;100;1091;100;4;100;;100;297;100;293;100;0;100;0;100;12;100;0;100;1962;46;75;1991
IE;9;2012;D;65;100;;;41;100;24;;0;100;1545;100;160;100;344;100;1039;100;2;100;;100;320;100;310;100;0;100;0;100;13;100;0;100;1943;43;82;1982
IE;10;2012;D;103;100;;;75;100;28;;0;100;1807;100;181;100;485;100;1138;100;3;100;;100;283;100;272;100;0;100;0;100;14;100;0;100;2207;51;33;2189
IE;11;2012;D;116;100;;;87;100;29;;0;100;1823;100;214;100;489;100;1115;100;5;100;;100;369;100;361;100;0;100;0;100;16;100;0;100;2324;50;-4;2270
IE;12;2012;D;125;100;;;94;100;31;;0;100;1729;100;192;100;464;100;1070;100;3;100;;100;473;100;463;100;0;100;0;100;15;100;0;100;2342;53;65;2354
IE;1;2011;D;90;100;0;100;90;100;;100;0;100;2115;100;228;100;320;100;1549;100;18;100;;100;264;100;264;;0;100;;;21;100;51;100;2490;0;55;2545
IE;2;2011;D;96;100;0;100;96;100;;100;0;100;1701;100;207;100;290;100;1193;100;11;100;;100;355;100;355;;0;100;;;13;100;44;100;2165;0;49;2214
IE;3;2011;D;50;100;0;100;50;100;;100;0;100;1976;100;235;100;394;100;1341;100;6;100;;100;206;100;206;;0;100;;;15;100;0;100;2247;0;84;2331
IE;4;2011;D;29;100;0;100;29;100;;100;0;100;1634;100;117;100;304;100;1197;100;16;100;;100;246;100;246;;0;100;;;12;100;0;100;1921;0;128;2049
IE;5;2011;D;29;100;0;100;29;100;;100;0;100;1416;100;128;100;281;100;1006;100;1;100;;100;542;100;542;;0;100;;;16;100;0;100;2003;0;92;2095
IE;6;2011;D;27;100;0;100;27;100;;100;0;100;1598;100;133;100;292;100;1172;100;1;100;;100;242;100;242;;0;100;;;14;100;0;100;1881;0;101;1982
IE;7;2011;D;18;100;0;100;18;100;;100;0;100;1712;100;130;100;246;100;1334;100;1;100;;100;185;100;185;;0;100;;;13;100;0;100;1928;0;63;1991
IE;8;2011;D;15;100;0;100;15;100;;100;0;100;1771;100;92;100;290;100;1381;100;8;100;;100;190;100;190;;0;100;;;13;100;0;100;1989;0;39;2028
IE;9;2011;D;38;100;0;100;38;100;;100;0;100;1469;100;193;100;278;100;998;100;0;100;;100;483;100;483;;0;100;;;16;100;0;100;2006;0;3;2009
IE;10;2011;D;70;100;0;100;70;100;;100;0;100;1677;100;225;100;351;100;1096;100;5;100;;100;451;100;451;;0;100;;;16;100;0;100;2214;0;-28;2186
IE;11;2011;D;101;100;0;100;101;100;;100;0;100;1644;100;180;100;401;100;1058;100;5;100;;100;546;100;546;;0;100;;;11;100;0;100;2302;0;-42;2260
IE;12;2011;D;116;100;0;100;116;100;;100;0;100;1704;100;206;100;388;100;1108;100;2;100;;100;649;100;649;;0;100;;;17;100;0;100;2486;0;-54;2432
IE;1;2010;D;127;100;;;97;;;;0;100;2146;100;195;;400;;1474;;77;;;;248;100;248;;0;;;;20;100;45;100;2541;50;133;2624
IE;2;2010;D;86;100;;;60;;;;0;100;2022;100;190;;407;;1395;;30;;;;151;100;151;;0;;;;22;100;47;100;2281;44;99;2336
IE;3;2010;D;59;100;0;;29;;;;0;100;2087;100;172;;308;;1591;;16;;;;251;100;251;;0;;;;22;100;49;100;2419;48;61;2432
IE;4;2010;D;102;100;;100;74;100;;100;0;100;1828;100;213;100;233;100;1368;100;14;100;;100;186;100;186;;0;100;;;24;100;42;100;2140;46;32;2126
IE;5;2010;D;41;100;0;100;13;100;;100;0;100;1810;100;177;100;271;100;1354;100;5;100;;100;168;100;168;;0;100;;;19;100;42;100;2038;45;102;2095
IE;6;2010;D;32;100;;100;3;100;;100;0;100;1799;100;141;100;168;100;1456;100;34;100;;100;156;100;156;;0;100;;;17;100;40;100;2004;47;33;1990
IE;7;2010;D;21;100;;100;18;100;;100;0;100;1758;100;94;100;243;100;1420;100;1;100;;100;268;100;268;;0;100;;;19;100;41;100;2066;7;-18;2041
IE;8;2010;D;14;100;0;100;14;100;;100;0;100;1743;100;89;100;226;100;1413;100;16;100;;100;207;100;207;;0;100;;;21;100;40;100;1985;0;38;2023
IE;9;2010;D;51;100;0;100;51;100;;100;0;100;1767;100;164;100;220;100;1376;100;7;100;;100;288;100;288;;0;100;;;22;100;41;100;2128;0;-59;2069
IE;10;2010;D;41;100;0;100;41;100;;100;0;100;1829;100;225;100;275;100;1319;100;11;100;;100;322;100;322;;0;100;;;22;100;44;100;2214;0;-13;2201
IE;11;2010;D;101;100;;100;101;100;;100;0;100;1957;100;221;100;296;100;1419;100;21;100;;100;341;100;341;;0;100;;;22;100;48;100;2421;0;-22;2399
IE;12;2010;D;51;100;0;100;51;100;;100;0;100;2279;100;209;100;425;100;1573;100;72;100;;100;234;100;234;;0;100;;;18;100;53;100;2582;0;83;2665
IS;1;2013;P;1099;100;;;15;100;1084;;0;100;0;100;;100;;100;;100;;100;;100;434;100;0;100;0;100;0;100;0;100;34;100;1533;0;0;1533
IS;2;2013;P;1013;100;;;14;100;999;;0;100;0;100;;100;;100;;100;;100;;100;388;100;0;100;0;100;0;100;0;100;32;100;1401;0;0;1401
IS;3;2013;P;1118;100;;;12;100;1006;;0;100;0;100;;100;;100;;100;;100;;100;430;100;0;100;0;100;0;100;0;100;34;100;1548;0;0;1548
IS;4;2013;P;1044;100;;;13;100;1031;;0;100;0;100;;100;;100;;100;;100;;100;408;100;0;100;0;100;0;100;0;100;32;100;1452;0;0;1452
IS;5;2013;P;1052;100;;;15;100;1037;;0;100;0;100;;100;;100;;100;;100;;100;406;100;0;100;0;100;0;100;0;100;33;100;1458;0;0;1458
IS;6;2013;P;1016;100;;;15;100;;;0;100;0;100;;100;;100;;100;;100;;100;367;100;0;100;0;100;0;100;0;100;27;100;1383;0;0;1383
IS;7;2013;P;1050;100;;;15;100;1035;;0;100;0;100;;100;;100;;100;;100;;100;393;100;0;100;0;100;0;100;0;100;29;100;1443;0;0;1443
IS;8;2013;P;1065;100;;;15;100;1050;;0;100;0;100;;100;;100;;100;;100;;100;383;100;0;100;0;100;0;100;0;100;30;100;1448;0;0;1448
IS;9;2013;P;1026;100;;;11;100;1015;;0;100;0;100;;100;;100;;100;;100;;100;403;100;0;100;0;100;0;100;0;100;29;100;1429;0;0;1429
IS;10;2013;P;1079;100;;;15;100;1064;;0;100;0;100;;100;;100;;100;;100;;100;427;100;0;100;0;100;0;100;0;100;30;100;1506;0;0;1506
IS;11;2013;P;1075;100;;;15;100;1060;;0;100;0;100;;100;;100;;100;;100;;100;413;100;0;100;0;100;0;100;0;100;31;100;1488;0;0;1488
IS;12;2013;P;1125;100;;;15;100;1110;;0;100;0;100;;100;;100;;100;;100;;100;433;100;0;100;0;100;0;100;0;100;33;100;1558;0;0;1558
IS;1;2012;P;1058;100;;;13;100;0;;0;100;0;100;;100;;100;;100;;100;;100;432;100;0;100;0;100;0;100;0;100;31;100;1490;0;0;1490
IS;2;2012;P;1002;100;;;14;100;0;;0;100;0;100;;100;;100;;100;;100;;100;413;100;0;100;0;100;0;100;0;100;29;100;1415;0;0;1415
IS;3;2012;P;1038;100;;;15;100;1023;;0;100;0;100;0;100;0;100;0;100;0;100;0;100;438;100;0;100;0;100;0;100;0;100;29;100;1476;0;0;1476
IS;4;2012;P;964;100;;;15;100;949;;0;100;0;100;0;100;0;100;0;100;0;100;0;100;419;100;0;100;0;100;0;100;0;100;27;100;1383;0;0;1383
IS;5;2012;P;1016;100;;;16;100;1000;;0;100;0;100;;100;;100;;100;;100;;100;395;100;0;100;0;100;0;100;0;100;26;100;1411;0;0;1411
IS;6;2012;P;997;100;;;11;100;986;;0;100;0;100;;100;;100;;100;;100;;100;342;100;0;100;0;100;0;100;0;100;25;100;1339;0;0;1339
IS;7;2012;P;1018;100;;;13;100;1005;;0;100;0;100;;100;;100;;100;;100;;100;372;100;0;100;0;100;0;100;0;100;25;100;1390;0;0;1390
IS;8;2012;P;1016;100;;;14;100;1002;;0;100;0;100;;100;;100;;100;;100;;100;390;100;0;100;0;100;0;100;0;100;28;100;1406;0;0;1406
IS;9;2012;P;977;100;;;15;100;962;;0;100;0;100;;100;;100;;100;;100;;100;410;100;0;100;0;100;0;100;0;100;28;100;1387;0;0;1387
IS;10;2012;P;1036;100;;;15;100;1021;;0;100;0;100;;100;;100;;100;;100;;100;429;100;0;100;0;100;0;100;0;100;29;100;1465;0;0;1465
IS;11;2012;P;1032;100;;;14;100;1018;;0;100;0;100;;100;;100;;100;;100;;100;414;100;0;100;0;100;0;100;0;100;30;100;1446;0;0;1446
IS;12;2012;P;1079;100;;;14;100;1065;;0;100;0;100;;100;;100;;100;;100;;100;431;100;0;100;0;100;0;100;0;100;32;100;1510;0;0;1510
IS;1;2011;D;1100;100;1085;100;14;100;;100;0;100;1;100;;100;;100;;100;1;100;;100;374;100;0;;0;100;;;0;100;30;100;1475;0;0;1475
IS;2;2011;D;997;100;984;100;13;100;;100;0;100;1;100;;100;;100;;100;1;100;;100;337;100;0;;0;100;;;0;100;27;100;1335;0;0;1335
IS;3;2011;D;1082;100;1072;100;10;100;;100;0;100;0;100;;100;;100;;100;;100;;100;377;100;0;;0;100;;;0;100;29;100;1459;0;0;1459
IS;4;2011;D;997;100;986;100;11;100;;100;0;100;1;100;;100;;100;;100;1;100;;100;363;100;0;;0;100;;;0;100;26;100;1361;0;0;1361
IS;5;2011;D;1389;100;1377;100;12;100;;100;0;100;1;100;;100;;100;;100;1;100;;100;345;100;0;;0;100;;;0;100;26;100;1735;0;0;1735
IS;6;2011;D;1012;100;1002;100;8;100;;100;0;100;1;100;;100;;100;;100;1;100;;100;312;100;0;;0;100;;;0;100;25;100;1325;0;0;1325
IS;7;2011;D;1001;100;993;100;8;100;;100;0;100;1;100;;100;;100;;100;1;100;;100;372;100;0;;0;100;;;0;100;27;100;1374;0;0;1374
IS;8;2011;D;1037;100;1029;100;8;100;;100;0;100;0;100;;100;;100;;100;;100;;100;346;100;0;;0;100;;;0;100;27;100;1383;0;0;1383
IS;9;2011;D;1022;100;1015;100;7;100;;100;0;100;1;100;0;100;0;100;0;100;0;100;0;100;343;100;0;;0;100;;;0;100;26;100;1366;0;0;1366
IS;10;2011;D;1039;100;1032;100;7;100;;100;0;100;1;100;;100;;100;;100;1;100;;100;397;100;0;;0;100;;;0;100;27;100;1437;0;0;1437
IS;11;2011;D;1010;100;999;100;11;100;;100;0;100;0;100;;100;;100;;100;;100;;100;401;100;0;;0;100;;;0;100;26;100;1411;0;0;1411
IS;12;2011;D;1057;100;1038;100;19;100;;100;0;100;0;100;;100;;100;;100;0;100;;100;435;100;0;;0;100;;;0;100;29;100;1492;0;0;1492
IS;1;2010;D;1081;100;1067;100;14;;;;0;100;1;100;;;;;;;1;;;;376;100;0;;0;;;;0;100;31;100;1458;0;0;1458
IS;2;2010;D;985;100;970;;15;;;;0;100;1;100;;;;;;;;;;;341;100;0;;0;;;;0;100;27;100;1327;0;0;1327
IS;3;2010;D;1077;100;1062;100;15;100;;;0;100;1;100;;;;;;;1;100;;;377;100;0;;0;;;;0;100;30;100;1455;0;0;1455
IS;4;2010;D;1011;100;997;100;14;100;;;0;100;1;100;;;;;;;;;;;364;100;0;;0;;;;0;100;28;100;1376;0;0;1376
IS;5;2010;D;1043;100;1029;100;14;100;;100;0;100;1;100;0;100;0;100;0;100;1;100;0;100;342;100;0;;0;100;;;0;100;28;100;1386;0;0;1386
IS;6;2010;D;1061;100;1047;100;14;100;;100;0;100;1;100;;100;;100;;100;;100;;100;261;100;0;;0;100;;;0;100;28;100;1323;0;0;1323
IS;7;2010;D;990;100;975;100;15;100;;100;0;100;1;100;;100;;100;;100;;100;;100;347;100;0;;0;100;;;0;100;23;100;1338;0;0;1338
IS;8;2010;D;1011;100;977;100;34;100;;100;0;100;1;100;;100;;100;;100;1;100;;100;339;100;0;;0;100;;;0;100;24;100;1351;0;0;1351
IS;9;2010;D;1026;100;1012;100;14;100;;100;0;100;1;100;;100;;100;;100;1;100;;100;321;100;0;;0;100;;;0;100;26;100;1348;0;0;1348
IS;10;2010;D;1039;100;1025;100;14;100;;100;0;100;1;100;;100;;100;;100;1;100;;100;374;100;0;;0;100;;;0;100;26;100;1414;0;0;1414
IS;11;2010;D;1054;100;1040;100;14;100;;100;0;100;1;100;;100;;100;;100;1;100;;100;364;100;0;;0;100;;;0;100;28;100;1419;0;0;1419
IS;12;2010;D;1106;100;1094;100;12;100;;100;0;100;1;100;;100;;100;;100;1;100;;100;377;100;0;;0;100;;;0;100;29;100;1484;0;0;1484
IT;1;2013;P;3297;100;;;0;100;0;;0;100;17288;100;0;100;3384;100;10054;100;2588;100;1262;100;2970;100;1767;100;761;100;n.a;100;0;100;367;100;23555;145;4121;27531
IT;2;2013;P;3005;100;;;0;100;0;;0;100;15658;100;0;100;3588;100;8992;100;1622;100;1456;100;2876;100;1372;100;1112;100;0;100;0;100;342;100;21539;150;4338;25727
IT;3;2013;P;3743;100;;;0;100;0;;0;100;15939;100;0;100;3934;100;9083;100;1361;100;1561;100;3827;100;1882;100;1506;100;0;100;0;100;347;100;23509;216;3685;26978
IT;4;2013;P;4774;100;;;0;100;0;;0;100;12904;100;0;100;3114;100;7375;100;1077;100;1338;100;3890;100;1323;100;2129;100;0;100;0;100;299;100;21568;292;3023;24299
IT;5;2013;P;6587;100;;;0;100;0;;0;100;11870;100;0;100;2843;100;6807;100;1264;100;956;100;4423;100;1535;100;2403;100;n.a;100;0;100;315;100;22880;300;3085;25665
IT;6;2013;P;6240;100;;;0;100;0;;0;100;12721;100;0;100;2853;100;7351;100;1302;100;1215;100;4188;100;993;100;2765;100;0;100;0;100;380;100;23149;226;3214;26137
IT;7;2013;P;5605;100;;;0;100;0;;0;100;16846;100;0;100;3491;100;9709;100;2074;100;1572;100;4148;100;729;100;2957;100;0;100;0;100;436;100;26599;142;3480;29937
IT;8;2013;P;4495;100;;;0;100;0;;0;100;14711;100;0;100;3134;100;8372;100;1814;100;1391;100;4002;100;799;100;2783;100;0;100;0;100;361;100;23208;150;2413;25471
IT;9;2013;P;3277;100;;;0;100;0;;0;100;16416;100;0;100;3639;100;9518;100;1791;100;1468;100;3642;100;982;100;2224;100;0;100;0;100;356;100;23335;123;2860;26072
IT;10;2013;P;3589;100;;;0;100;0;;0;100;15915;100;;100;3454;100;9608;100;1427;100;1426;100;2639;100;746;100;1440;100;0;100;0;100;336;100;22143;228;4447;26362
IT;11;2013;P;4404;100;;;0;100;0;;0;100;14481;100;;100;3073;100;8585;100;1631;100;1192;100;2956;100;1516;100;997;100;0;100;0;100;360;100;21841;211;4038;25668
IT;12;2013;P;3826;100;;;0;100;0;;0;100;16317;100;;100;3752;100;9173;100;2022;100;1370;100;2561;100;1177;100;937;100;0;100;0;100;365;100;22704;206;3574;26072
IT;1;2012;P;2402;100;;;1187;100;1215;;0;100;19511;100;;100;3819;100;11347;100;2930;100;1416;100;2588;100;1328;100;801;100;0;100;0;100;392;100;24501;265;4188;28424
IT;2;2012;P;2104;100;;;1008;100;1096;;0;100;20707;100;;100;4745;100;11891;100;2145;100;1926;100;2463;100;1175;100;876;100;0;100;0;100;400;100;25274;205;2902;27971
IT;3;2012;P;2263;100;;;1298;100;965;;0;100;17743;100;;100;4378;100;10112;100;1515;100;1738;100;3253;100;1170;100;1646;100;0;100;0;100;360;100;23259;218;4596;27637
IT;4;2012;P;3008;100;;;1735;100;1273;;0;100;15236;100;;100;3677;100;8706;100;1271;100;1581;100;3360;100;1354;100;1569;100;0;100;0;100;318;100;21604;252;3696;25048
IT;5;2012;P;4912;100;;;2807;100;2105;;0;100;14990;100;0;100;3590;100;8596;100;1597;100;1207;100;3494;100;1050;100;2001;100;0;100;0;100;330;100;23396;236;3289;26449
IT;6;2012;P;5162;100;;;2791;100;2371;;0;100;16360;100;;100;3670;100;9454;100;1674;100;1562;100;3384;100;738;100;2213;100;0;100;0;100;404;100;24906;211;3282;27977
IT;7;2012;P;4720;100;;;2380;100;2340;;0;100;19560;100;;100;4053;100;11273;100;2409;100;1826;100;3754;100;892;100;2421;100;0;100;0;100;479;100;28034;269;3190;30955
IT;8;2012;P;3717;100;;;1958;100;1759;;0;100;18143;100;;100;3864;100;10325;100;2238;100;1716;100;3449;100;653;100;2352;100;0;100;0;100;377;100;25309;226;1923;27006
IT;9;2012;P;3257;100;;;1775;100;1482;;0;100;17505;100;;100;3880;100;10149;100;1910;100;1566;100;3076;100;883;100;1761;100;0;100;0;100;362;100;23838;203;3140;26775
IT;10;2012;P;3512;100;;;1365;100;2147;;0;100;16383;100;;100;3554;100;9891;100;1470;100;1468;100;2771;100;917;100;1407;100;0;100;0;100;349;100;22666;167;4614;27113
IT;11;2012;P;4477;100;;;2261;100;2216;;0;100;14789;100;0;100;3139;100;8768;100;1664;100;1217;100;2565;100;1310;100;853;100;0;100;0;100;351;100;21831;216;4577;26192
IT;12;2012;P;3722;100;;;1985;100;1737;;0;100;16312;100;0;100;3752;100;9173;100;2016;100;1371;100;3067;100;1865;100;737;100;0;100;0;100;380;100;23101;223;3790;26668
IT;1;2011;D;3960;100;0;100;0;100;;100;0;100;19816;100;;100;3892;100;11532;100;2940;100;1452;100;1200;100;580;;166;100;;;0;100;368;100;24976;289;3901;28588
IT;2;2011;D;3033;100;0;100;0;100;;100;0;100;18421;100;;100;4285;100;10565;100;1931;100;1640;100;1540;100;847;;278;100;;;0;100;338;100;22994;185;4093;26902
IT;3;2011;D;3575;100;0;100;0;100;;100;0;100;19458;100;;100;4849;100;11106;100;1678;100;1825;100;1951;100;1044;;456;100;;;0;100;367;100;24984;205;4049;28828
IT;4;2011;D;4125;100;0;100;0;100;;100;0;100;15938;100;;100;3923;100;9250;100;1545;100;1220;100;1974;100;849;;684;100;;;0;100;323;100;22037;202;3940;25775
IT;5;2011;D;4767;100;0;100;0;100;;100;0;100;17161;100;;100;4253;100;9882;100;1691;100;1335;100;2234;100;774;;1000;100;;;0;100;317;100;24162;179;3451;27434
IT;6;2011;D;5469;100;0;100;0;100;;100;0;100;17089;100;;100;3687;100;9994;100;1782;100;1626;100;2256;100;666;;1149;100;;;0;100;351;100;24814;172;3349;27991
IT;7;2011;D;4794;100;0;100;0;100;;100;0;100;19119;100;;100;3987;100;11100;100;2371;100;1661;100;2626;100;774;;1405;100;;;0;100;443;100;26539;266;3949;30222
IT;8;2011;D;3955;100;0;100;0;100;;100;0;100;17696;100;;100;3643;100;10327;100;2109;100;1617;100;2449;100;506;;1501;100;;;0;100;331;100;24100;131;2611;26580
IT;9;2011;D;3921;100;0;100;0;100;;100;0;100;20050;100;;100;4369;100;11768;100;2151;100;1762;100;2418;100;588;;1402;100;;;0;100;382;100;26389;162;2978;29205
IT;10;2011;D;3166;100;0;100;0;100;;100;0;100;17621;100;;100;3755;100;10764;100;1552;100;1550;100;2524;100;913;;1166;100;;;0;100;348;100;23311;248;4761;27824
IT;11;2011;D;3646;100;0;100;0;100;;100;0;100;17839;100;;100;3690;100;10759;100;1958;100;1432;100;1924;100;690;;802;100;;;0;100;357;100;23409;255;4508;27662
IT;12;2011;D;2791;100;0;100;0;100;;100;0;100;18249;100;;100;4088;100;10464;100;2204;100;1493;100;2662;100;1545;;661;100;;;0;100;360;100;23702;246;4173;27629
IT;1;2010;D;4055;100;0;;0;;;;0;100;19808;100;;;2646;;14444;;623;;2095;;1378;100;898;;48;;;;0;100;391;100;25241;529;3452;28164
IT;2;2010;D;3496;100;0;;0;;;;0;100;18341;100;;;3084;;11686;;1220;;2351;;1404;100;939;;70;;;;0;100;366;100;23241;413;3929;26757
IT;3;2010;D;4026;100;0;100;0;100;;100;0;100;19142;100;;100;3468;100;12204;100;1049;100;2421;100;1337;100;790;;120;100;;;0;100;376;100;24505;442;4399;28462
IT;4;2010;D;4253;100;0;100;0;100;;100;0;100;16784;100;;100;2972;100;10703;100;899;100;2210;100;1128;100;539;;161;100;;;0;100;0;100;22165;398;3883;25650
IT;5;2010;D;6024;100;0;100;0;100;;100;0;100;15957;100;;100;2803;100;10199;100;1092;100;1863;100;1409;100;791;;179;100;;;0;100;340;100;23390;456;3567;26501
IT;6;2010;D;6117;100;0;100;0;100;;100;0;100;16537;100;;100;2723;100;10573;100;1087;100;2154;100;1197;100;585;;211;100;;;0;100;388;100;23851;408;3802;27245
IT;7;2010;D;5238;100;0;100;0;100;;100;0;100;20981;100;;100;3190;100;12293;100;1659;100;2839;100;1072;100;417;;247;100;;;0;100;520;100;27291;273;4472;31490
IT;8;2010;D;4175;100;0;100;0;100;;100;0;100;16974;100;;100;2653;100;10656;100;1345;100;2320;100;1156;100;512;;244;100;;;0;100;326;100;22305;258;2817;24864
IT;9;2010;D;3723;100;0;100;0;100;;100;0;100;18984;100;;100;3089;100;12162;100;1330;100;2403;100;1272;100;661;;205;100;;;0;100;368;100;23979;255;3452;27176
IT;10;2010;D;3713;100;0;100;0;100;;100;0;100;19286;100;;100;3071;100;12797;100;1110;100;2308;100;1335;100;742;;164;100;;;0;100;367;100;24334;276;3747;27805
IT;11;2010;D;4517;100;0;100;0;100;;100;0;100;17999;100;;100;2804;100;11722;100;1302;100;2171;100;1575;100;1028;;117;100;;;0;100;391;100;24091;367;3888;27612
IT;12;2010;D;4461;100;0;100;0;100;;100;0;100;20145;100;;100;3401;100;12597;100;1602;100;2545;100;1707;100;1145;;109;100;;;0;100;423;100;26313;376;2792;28729
LT;1;2013;P;103;100;;;45;100;58;;0;100;272;100;;100;;100;42;100;10;100;221;100;75;100;51;100;0;100;24;100;0;100;31;100;450;81;670;1039
LT;2;2013;P;77;100;;;46;100;32;;0;100;223;100;;100;;100;29;100;9;100;185;100;60;100;39;100;0;100;21;100;0;100;20;100;360;50;572;882
LT;3;2013;P;79;100;;;42;100;37;;0;100;262;100;;100;;100;27;100;10;100;225;100;89;100;64;100;2;100;23;100;0;100;18;100;430;48;567;949
LT;4;2013;P;126;100;;;67;100;59;;0;100;167;100;;100;;100;41;100;10;100;117;100;90;100;55;100;3;100;32;100;0;100;21;100;383;81;544;846
LT;5;2013;P;110;100;;;65;100;45;;0;100;63;100;;100;;100;1;100;5;100;57;100;60;100;31;100;5;100;24;100;0;100;20;100;233;66;663;830
LT;6;2013;P;100;100;;;45;100;55;;0;100;80;100;;100;;100;0;100;6;100;75;100;57;100;26;100;7;100;24;100;0;100;20;100;237;76;639;800
LT;7;2013;P;69;100;;;30;100;40;;0;100;179;100;0;100;0;100;0;100;0;100;179;100;72;100;37;100;8;100;27;100;0;100;19;100;320;52;555;823
LT;8;2013;P;54;100;;;24;100;30;;0;100;288;100;;100;;100;163;100;5;100;120;100;69;100;31;100;8;100;29;100;0;100;17;100;411;41;462;832
LT;9;2013;P;78;100;;;29;100;49;;0;100;299;100;;100;;100;243;100;11;100;45;100;67;100;39;100;6;100;22;100;0;100;17;100;444;68;442;818
LT;10;2013;P;74;100;;;31;100;43;;0;100;237;100;;100;;100;189;100;7;100;41;100;100;100;60;100;3;100;36;100;0;100;22;100;411;64;563;910
LT;11;2013;P;91;100;;;42;100;50;;0;100;97;100;;100;;100;4;100;9;100;84;100;103;100;64;100;1;100;38;100;0;100;20;100;291;73;682;900
LT;12;2013;P;97;100;;;51;100;47;;0;100;188;100;;100;;100;16;100;11;100;161;100;140;100;103;100;1;100;38;100;0;100;19;100;425;70;587;942
LT;1;2012;D;95;100;;;42;100;53;;0;100;345;100;;;;;34;100;14;100;297;100;62;100;50;100;0;100;12;100;0;100;23;100;502;69;533;966
LT;2;2012;D;71;100;;;27;100;43;;0;100;376;100;;100;;100;31;100;16;100;329;100;61;100;47;100;0;100;13;100;0;100;25;100;508;64;521;965
LT;3;2012;D;92;100;;;57;100;35;;0;100;235;100;;100;;100;31;100;11;100;193;100;67;100;52;100;0;100;15;100;0;100;20;100;394;51;574;917
LT;4;2012;D;84;100;;;54;100;30;;0;100;124;100;;100;;100;12;100;11;100;101;100;56;100;42;100;0;100;14;100;0;100;0;100;264;45;605;824
LT;5;2012;D;87;100;;;40;100;47;;0;100;87;100;;100;;100;1;100;4;100;82;100;41;100;30;100;0;100;11;100;0;100;0;100;215;59;614;770
LT;6;2012;D;63;100;;;27;100;36;;0;100;189;100;;100;;100;1;100;7;100;180;100;48;100;31;100;0;100;17;100;0;100;17;100;300;52;532;780
LT;7;2012;D;65;100;;;26;100;39;;0;100;202;100;;100;;100;1;100;7;100;194;100;46;100;27;100;0;100;18;100;0;100;20;100;313;53;566;826
LT;8;2012;D;69;100;;;21;100;48;;0;100;305;100;;100;;100;1;100;8;100;296;100;52;100;33;100;0;100;19;100;0;100;18;100;426;66;485;845
LT;9;2012;D;59;100;;;18;100;41;;0;100;384;100;;100;;100;1;100;8;100;375;100;69;100;52;100;0;100;16;100;0;100;18;100;512;61;378;829
LT;10;2012;D;74;100;;;31;100;43;;0;100;252;100;;100;;100;4;100;8;100;240;100;58;100;46;100;0;100;12;100;0;100;22;100;384;58;587;913
LT;11;2012;D;84;100;;;43;100;41;;0;100;186;100;;100;;100;16;100;8;100;162;100;80;100;56;100;0;100;24;100;0;100;20;100;350;54;624;920
LT;12;2012;D;92;100;;;34;100;57;;0;100;295;100;;100;;100;25;100;11;100;260;100;95;100;71;100;0;100;24;100;0;100;23;100;482;86;601;997
LT;1;2011;D;103;100;0;100;55;100;;100;0;100;322;100;;100;;100;24;100;15;100;283;100;47;100;37;100;0;100;;;0;100;28;100;472;70;580;982
LT;2;2011;D;104;100;0;100;52;100;;100;0;100;306;100;;100;;100;26;100;15;100;265;100;56;100;43;100;0;100;;;0;100;23;100;466;67;509;908
LT;3;2011;D;106;100;0;100;60;100;;100;0;100;295;100;;100;;100;25;100;14;100;256;100;60;100;46;;0;100;;;0;100;20;100;461;70;519;910
LT;4;2011;D;105;100;0;100;62;100;;100;0;100;157;100;;100;;100;21;100;6;100;130;100;44;100;30;;0;100;;;0;100;22;100;306;57;546;795
LT;5;2011;D;89;100;0;100;40;100;;100;0;100;102;100;;100;;100;15;100;9;100;78;100;38;100;30;;0;100;;;0;100;22;100;229;68;655;816
LT;6;2011;D;61;100;0;100;25;100;;100;0;100;190;100;;100;;100;7;100;9;100;174;100;42;100;28;;0;100;;;0;100;17;100;293;50;538;781
LT;7;2011;D;65;100;0;100;31;100;;100;0;100;182;100;;100;;100;16;100;11;100;155;100;31;100;18;;0;100;;;0;100;20;100;278;52;586;812
LT;8;2011;D;91;100;0;100;34;100;;100;0;100;168;100;;100;;100;16;100;10;100;141;100;46;100;32;;0;100;;;0;100;19;100;305;73;596;828
LT;9;2011;D;79;100;0;100;28;100;;100;0;100;247;100;;100;;100;16;100;12;100;219;100;52;100;40;;0;100;;;0;100;19;100;378;68;505;815
LT;10;2011;D;84;100;0;100;27;100;;100;0;100;234;100;;100;;100;23;100;10;100;201;100;58;100;49;;0;100;;;0;100;23;100;376;86;578;868
LT;11;2011;D;85;100;0;100;26;100;;100;0;100;216;100;;100;;100;23;100;9;100;184;100;53;100;40;;0;100;;;0;100;21;100;354;80;625;899
LT;12;2011;D;77;100;0;100;37;100;;100;0;100;333;100;;100;;100;25;100;13;100;295;100;93;100;79;;0;100;;;0;100;0;100;503;55;500;948
LT;1;2010;D;116;95;;;33;85;;100;0;100;582;90;;;;;21;100;0;100;561;90;28;87;17;92;0;;;;0;100;29;100;726;117;337;946
LT;2;2010;D;104;95;0;;25;85;;100;0;100;509;89;;;;;19;100;0;100;490;89;20;86;12;90;0;;;;0;100;18;100;633;106;271;798
LT;3;2010;D;145;93;0;;54;83;;100;0;100;347;86;;;;;21;100;1;100;325;86;28;82;20;86;0;;;;0;100;20;100;520;128;404;796
LT;4;2010;D;109;93;0;;64;83;;100;0;100;156;86;;;;;16;100;0;100;140;86;22;82;12;86;0;;;;0;100;23;100;287;62;506;731
LT;5;2010;D;96;93;0;100;43;83;;100;0;100;181;86;;100;;100;14;100;0;100;168;86;14;82;12;86;0;100;;;0;100;20;100;291;74;524;741
LT;6;2010;D;102;93;0;100;36;83;;100;0;100;145;86;;100;;100;10;100;0;100;134;86;16;82;9;86;0;100;;;0;100;18;100;263;84;524;703
LT;7;2010;D;77;93;0;100;32;83;;100;0;100;181;86;;100;;100;3;100;0;100;179;86;15;82;6;86;0;100;;;0;100;20;100;273;65;542;750
LT;8;2010;D;57;93;0;100;28;83;;100;0;100;189;86;;100;;100;0;100;0;100;189;86;22;82;12;86;0;100;;;0;100;21;100;268;39;544;773
LT;9;2010;D;89;93;0;100;31;83;;100;0;100;149;86;;100;;100;7;100;0;100;142;86;27;82;20;86;0;100;;;0;100;22;100;265;79;574;760
LT;10;2010;D;88;93;0;100;28;83;;100;0;100;228;86;;100;;100;20;100;0;100;208;86;34;82;23;86;0;100;;;0;100;22;100;350;90;579;839
LT;11;2010;D;107;93;0;100;40;83;;100;0;100;247;86;;100;;100;20;100;0;100;227;86;36;82;26;86;0;100;;;0;100;22;100;390;86;544;848
LT;12;2010;D;106;93;0;100;27;83;;100;0;100;302;86;;100;;100;21;100;0;100;281;86;33;82;24;86;0;100;;;0;100;34;100;441;113;642;970
LU;1;2013;P;95;100;;;7;100;88;;0;100;166;100;;100;;100;166;100;;100;;100;16;100;5;100;0;100;4;100;0;100;2;100;277;117;418;578
LU;2;2013;P;87;100;;;5;100;82;;0;100;162;100;;100;;100;162;100;;100;;100;17;100;6;100;1;100;4;100;0;100;2;100;266;106;361;521
LU;3;2013;P;110;100;;;8;100;102;;0;100;210;100;;100;;100;210;100;;100;;100;20;100;6;100;4;100;4;100;0;100;2;100;340;132;342;550
LU;4;2013;P;103;100;;;6;100;97;;0;100;85;100;;100;;100;85;100;;100;;100;25;100;7;100;7;100;4;100;0;100;2;100;213;130;413;496
LU;5;2013;P;104;100;;;4;100;100;;0;100;62;100;;100;;100;62;100;;100;;100;25;100;6;100;7;100;4;100;0;100;2;100;191;134;446;503
LU;6;2013;P;109;100;;;2;100;100;;0;100;20;100;;100;;100;20;100;;100;;100;18;100;7;100;7;100;4;100;0;100;2;100;147;143;469;473
LU;7;2013;P;84;100;;;1;100;83;;0;100;22;100;;100;;100;22;100;;100;;100;23;100;4;100;7;100;4;100;0;100;2;100;129;113;505;521
LU;8;2013;P;81;100;;;1;100;80;;0;100;14;100;;100;;100;14;100;;100;;100;22;100;3;100;7;100;3;100;0;100;2;100;117;109;451;459
LU;9;2013;P;93;100;;;3;100;90;;0;100;17;100;;100;;100;17;100;;100;;100;22;100;5;100;7;100;3;100;0;100;2;100;132;121;436;447
LU;10;2013;P;92;100;;;5;100;87;;0;100;184;100;;100;;100;184;100;;100;;100;27;100;9;100;7;100;3;100;0;100;2;100;303;117;374;560
LU;11;2013;P;93;100;;;5;100;88;;0;100;221;100;;100;;100;221;100;;100;;100;25;100;10;100;7;100;4;100;0;100;2;100;339;114;328;553
LU;12;2013;P;98;100;;;7;100;91;;0;100;175;100;;100;;100;175;100;;100;;100;30;100;12;100;7;100;4;100;0;100;2;100;303;120;348;531
LU;1;2012;P;99;100;;;5;100;94;;0;100;222;100;;100;;100;222;100;;100;;100;21;100;9;100;0;100;5;100;0;100;2;100;342;130;362;574
LU;2;2012;P;84;100;;;6;100;78;;0;100;272;100;;100;;100;272;100;;100;;100;10;100;5;100;0;100;4;100;0;100;2;100;366;113;290;543
LU;3;2012;P;117;100;;;6;100;111;;0;100;234;100;;100;;100;234;100;;100;;100;11;100;4;100;3;100;4;100;0;100;2;100;362;153;362;571
LU;4;2012;P;94;100;;;4;100;90;;0;100;244;100;;100;;100;244;100;;100;;100;13;100;6;100;3;100;4;100;0;100;2;100;351;128;291;514
LU;5;2012;P;104;100;;;6;100;98;;0;100;229;100;;100;;100;229;100;;100;;100;13;100;5;100;4;100;4;100;0;100;2;100;346;134;305;517
LU;6;2012;P;91;100;;;4;100;87;;0;100;220;100;;100;;100;220;100;;100;;100;11;100;4;100;3;100;4;100;0;100;2;100;322;117;309;514
LU;7;2012;P;92;100;;;3;100;89;;0;100;201;100;;100;;100;201;100;;100;;100;12;100;4;100;4;100;4;100;0;100;2;100;305;121;334;518
LU;8;2012;P;80;100;;;1;100;79;;0;100;144;100;;100;;100;144;100;;100;;100;12;100;5;100;3;100;4;100;0;100;2;100;236;108;331;459
LU;9;2012;P;86;100;;;1;100;85;;0;100;73;100;;100;;100;73;100;;100;;100;12;100;5;100;3;100;4;100;0;100;2;100;171;118;447;500
LU;10;2012;P;101;100;;;3;100;98;;0;100;187;100;;100;;100;187;100;;100;;100;15;100;9;100;2;100;4;100;0;100;2;100;303;131;369;541
LU;11;2012;P;101;100;;;6;100;95;;0;100;194;100;;100;;100;194;100;;100;;100;12;100;7;100;1;100;4;100;0;100;2;100;307;129;358;536
LU;12;2012;P;102;100;;;5;100;97;;0;100;130;100;;100;;100;130;100;;100;;100;18;100;14;100;0;100;4;100;0;100;2;100;250;127;380;503
LU;1;2011;D;156;100;8;100;6;100;;100;0;100;270;100;;100;;100;270;100;;100;;100;18;100;7;;0;100;;;0;100;2;100;444;195;370;619
LU;2;2011;D;150;100;4;100;6;100;;100;0;100;252;100;;100;;100;252;100;;100;;100;14;100;4;;0;100;;;0;100;2;100;416;193;345;568
LU;3;2011;D;148;100;2;100;5;100;;100;0;100;265;100;;100;;100;265;100;;100;;100;19;100;6;;0;100;;;0;100;2;100;432;195;303;540
LU;4;2011;D;127;100;1;100;3;100;;100;0;100;236;100;;100;;100;236;100;;100;;100;18;100;4;;0;100;;;0;100;2;100;381;169;336;548
LU;5;2011;D;50;100;0;100;1;100;;100;0;100;216;100;;100;;100;216;100;;100;;100;17;100;4;;0;100;;;0;100;2;100;283;73;361;571
LU;6;2011;D;1;100;0;100;1;100;;100;0;100;230;100;;100;;100;230;100;;100;;100;17;100;5;;0;100;;;0;100;2;100;248;0;294;542
LU;7;2011;D;49;100;0;100;2;100;;100;0;100;202;100;;100;;100;202;100;;100;;100;20;100;4;;2;100;;;0;100;2;100;271;65;360;566
LU;8;2011;D;82;100;0;100;2;100;;100;0;100;41;100;;100;;100;41;100;;100;;100;18;100;4;;2;100;;;0;100;2;100;141;113;470;498
LU;9;2011;D;80;100;0;100;1;100;;100;0;100;26;100;;100;;100;26;100;;100;;100;17;100;5;;2;100;;;0;100;2;100;123;113;549;559
LU;10;2011;D;103;100;0;100;2;100;;100;0;100;77;100;;100;;100;77;100;;100;;100;17;100;6;;1;100;;;0;100;2;100;197;145;447;499
LU;11;2011;D;81;100;0;100;1;100;;100;0;100;255;100;;100;;100;255;100;;100;;100;16;100;3;;1;100;;;0;100;2;100;352;118;295;529
LU;12;2011;D;100;100;3;100;5;100;;100;0;100;248;100;;100;;100;248;100;;100;;100;25;100;12;;0;100;;;0;100;2;100;373;131;277;519
LU;1;2010;D;130;100;6;100;7;100;;100;0;100;258;100;;;;;258;100;;;;;11;100;3;;0;;;;0;100;2;100;399;164;362;597
LU;2;2010;D;116;100;6;100;5;100;;100;0;100;245;100;;;;;245;;;;;;14;100;6;;0;;;;0;100;2;100;375;146;317;546
LU;3;2010;D;118;100;7;100;7;100;;100;0;100;257;100;;;;;257;100;;;;;17;100;8;;0;;;;0;100;2;100;392;149;355;598
LU;4;2010;D;140;100;4;100;6;100;;100;0;100;235;100;;;;;235;100;;;;;14;100;5;;0;;;;0;100;2;100;389;177;355;567
LU;5;2010;D;160;100;2;100;3;100;;100;0;100;176;100;;100;;100;176;100;;100;;100;11;100;4;;0;100;;;0;100;2;100;347;211;438;574
LU;6;2010;D;115;100;1;100;3;100;;100;0;100;236;100;;100;;100;236;100;;100;;100;10;100;3;;0;100;;;0;100;2;100;361;152;309;518
LU;7;2010;D;84;100;1;100;1;100;;100;0;100;237;100;;100;;100;237;100;;100;;100;14;100;3;;0;100;;;0;100;2;100;335;117;346;564
LU;8;2010;D;81;100;1;100;3;100;;100;0;100;216;100;;100;;100;216;100;;100;;100;20;100;5;;0;100;;;0;100;2;100;317;111;258;464
LU;9;2010;D;94;100;1;100;3;100;;100;0;100;227;100;;100;;100;227;100;;100;;100;18;100;4;;0;100;;;0;100;2;100;339;125;339;553
LU;10;2010;D;113;100;1;100;3;100;;100;0;100;265;100;;100;;100;265;100;;100;;100;18;100;5;;0;100;;;0;100;2;100;396;152;347;591
LU;11;2010;D;150;100;5;100;6;100;;100;0;100;240;100;;100;;100;240;100;;100;;100;17;100;6;;0;100;;;0;100;2;100;407;189;353;571
LU;12;2010;D;157;100;4;100;4;100;;100;0;100;287;100;;100;;100;287;100;;100;;100;14;100;3;;0;100;;;0;100;2;100;458;206;295;547
LV;1;2013;P;302;100;;;302;100;0;;0;100;336;100;;100;;100;287;100;;100;49;100;41;100;10;100;0;100;11;100;0;100;25;100;679;0;94;773
LV;2;2013;P;190;100;;;190;100;0;;0;100;299;100;;100;;100;254;100;;100;44;100;37;100;6;100;0;100;11;100;0;100;21;100;526;0;124;650
LV;3;2013;P;164;100;;;164;100;0;;0;100;305;100;;100;;100;255;100;;100;50;100;46;100;9;100;0;100;14;100;0;100;18;100;515;0;189;704
LV;4;2013;P;582;100;;;582;100;0;;0;100;112;100;;100;;100;69;100;;100;43;100;49;100;12;100;0;100;15;100;0;100;20;100;743;0;-130;613
LV;5;2013;P;641;100;;;641;100;0;;0;100;67;100;;100;;100;30;100;;100;37;100;43;100;6;100;0;100;14;100;0;100;20;100;751;0;-195;556
LV;6;2013;P;258;100;;;258;100;0;;0;100;63;100;;100;;100;30;100;;100;34;100;40;100;6;100;0;100;12;100;0;100;17;100;361;0;161;522
LV;7;2013;P;124;100;;;124;100;0;;0;100;162;100;;100;;100;132;100;;100;30;100;50;100;7;100;0;100;18;100;0;100;19;100;336;0;208;544
LV;8;2013;P;80;100;;;80;100;0;;0;100;205;100;;100;;100;172;100;;100;33;100;44;100;6;100;0;100;14;100;0;100;19;100;329;0;227;556
LV;9;2013;P;73;100;;;73;100;0;;0;100;241;100;;100;;100;203;100;;100;37;100;48;100;7;100;0;100;16;100;0;100;18;100;362;0;193;555
LV;10;2013;D;63;100;;;63;100;0;;0;100;371;100;;100;;100;323;100;;100;48;100;62;100;14;100;0;100;21;100;0;100;20;100;496;0;134;630
LV;11;2013;D;151;100;;;151;100;0;;0;100;259;100;;100;;100;209;100;;100;49;100;63;100;15;100;0;100;23;100;0;100;20;100;473;0;157;630
LV;12;2013;D;265;100;;;265;100;0;;0;100;131;100;;100;;100;76;100;;100;55;100;76;100;22;100;0;100;26;100;0;100;21;100;472;0;193;665
LV;1;2012;P;209;100;;;0;100;0;;0;100;288;100;;100;;100;248;100;;100;;100;22;100;6;100;0;100;2;100;0;100;22;100;519;0;205;724
LV;2;2012;P;120;100;;;0;100;0;;0;100;363;100;;100;;100;324;100;;100;39;100;25;100;7;100;0;100;2;100;0;100;21;100;508;0;226;734
LV;3;2012;P;301;100;;;0;100;0;;0;100;230;100;;100;;100;188;100;;100;;100;31;100;10;100;0;100;2;100;0;100;19;100;562;0;125;687
LV;4;2012;P;740;100;;;740;100;0;;0;100;46;100;;100;;100;8;100;;100;38;100;31;100;11;100;0;100;20;100;0;100;20;100;817;0;-209;608
LV;5;2012;P;546;100;;;546;100;0;;0;100;58;100;;100;;100;25;100;;100;33;100;29;100;8;100;0;100;0;100;0;100;21;100;633;0;-53;580
LV;6;2012;D;246;100;;;246;100;0;;0;100;93;100;;100;;100;66;100;;100;27;100;29;100;8;100;0;100;0;100;0;100;18;100;368;0;179;547
LV;7;2012;D;209;100;;;209;100;0;;0;100;130;100;;100;;100;99;100;;100;31;100;32;100;8;100;0;100;0;100;0;100;19;100;371;0;202;573
LV;8;2012;P;121;100;;;121;100;0;;0;100;141;100;;100;;100;111;100;;100;30;100;35;100;8;100;0;100;27;100;0;100;18;100;297;0;298;595
LV;9;2012;P;97;100;;;97;100;0;;0;100;91;100;;100;;100;59;100;;100;32;100;38;100;13;100;0;100;0;100;0;100;16;100;226;0;358;584
LV;10;2012;P;262;100;;;262;100;0;;0;100;149;100;;100;;100;109;100;;100;39;100;37;100;9;100;0;100;0;100;0;100;28;100;448;0;217;665
LV;11;2012;P;495;100;;;495;100;0;;0;100;70;100;;100;;100;24;100;;100;46;100;40;100;11;100;0;100;29;100;0;100;18;100;605;0;73;678
LV;12;2012;P;335;100;;;335;100;0;;0;100;295;100;;100;;100;246;100;;100;50;100;41;100;12;100;0;100;29;100;0;100;22;100;671;0;71;742
LV;1;2011;D;243;100;0;100;243;100;;100;0;100;453;100;;100;;100;417;100;;100;36;100;12;100;6;;0;100;;;0;100;25;100;708;0;-5;703
LV;2;2011;D;229;100;0;100;229;100;;100;0;100;431;100;;100;;100;399;100;;100;32;100;12;100;6;;0;100;;;0;100;21;100;672;0;-14;658
LV;3;2011;D;226;100;0;100;226;100;;100;0;100;430;100;;100;;100;393;100;;100;36;100;16;100;8;;0;100;;;0;100;18;100;672;0;-14;658
LV;4;2011;D;889;100;0;100;889;100;;100;0;100;77;100;;100;;100;46;100;;100;31;100;12;100;5;;0;100;;;0;100;22;100;978;0;-415;563
LV;5;2011;D;509;100;0;100;509;100;;100;0;100;120;100;;100;;100;95;100;;100;25;100;11;100;5;;0;100;;;0;100;20;100;640;0;-103;537
LV;6;2011;D;148;100;0;100;148;100;;100;0;100;116;100;;100;;100;95;100;;100;21;100;11;100;4;;0;100;;;0;100;17;100;275;0;222;497
LV;7;2011;D;74;100;0;100;74;100;;100;0;100;170;100;;100;;100;149;100;;100;20;100;12;100;3;;0;100;;;0;100;18;100;256;0;271;527
LV;8;2011;D;82;100;0;100;82;100;;100;0;100;179;100;;100;;100;157;100;;100;22;100;15;100;5;;0;100;;;0;100;16;100;276;0;264;540
LV;9;2011;D;88;100;0;100;88;100;;100;0;100;103;100;;100;;100;79;100;;100;24;100;17;100;6;;0;100;;;0;100;18;100;208;0;342;550
LV;10;2011;D;91;100;0;100;91;100;;100;0;100;177;100;;100;;100;145;100;;100;32;100;20;100;7;;0;100;;;0;100;19;100;288;0;340;628
LV;11;2011;D;83;100;0;100;83;100;;100;0;100;319;100;;100;;100;285;100;;100;34;100;19;100;6;;0;100;;;219;100;16;100;640;0;0;640
LV;12;2011;D;208;100;0;100;208;100;;100;0;100;310;100;;100;;100;274;100;;100;36;100;26;100;11;;0;100;;;0;100;17;100;544;0;219;763
LV;1;2010;D;240;100;0;100;240;100;;100;0;100;481;100;;100;;100;447;100;;100;34;100;7;100;4;;0;100;;;0;100;26;100;728;0;21;749
LV;2;2010;D;120;100;0;100;120;100;;100;0;100;415;100;;100;;100;385;100;;100;30;100;6;100;3;;0;100;;;0;100;19;100;541;0;97;638
LV;3;2010;D;335;100;0;100;335;100;;100;0;100;347;100;;100;;100;313;100;;100;33;100;10;100;6;;0;100;;;0;100;19;100;692;0;-40;652
LV;4;2010;D;935;100;0;100;935;100;;100;0;100;46;100;;100;;100;20;100;;100;26;100;7;100;3;;0;100;;;0;100;23;100;988;0;-418;570
LV;5;2010;D;523;100;0;100;523;100;;100;0;100;52;100;;100;;100;28;100;;100;24;100;7;100;3;;0;100;;;0;100;18;100;582;0;-45;537
LV;6;2010;D;306;100;0;100;306;100;;100;0;100;86;100;;100;;100;86;100;;100;;100;7;100;3;;0;100;;;0;100;9;100;399;0;101;500
LV;7;2010;D;152;100;0;100;152;100;;100;0;100;80;100;;100;;100;80;100;;100;;100;6;100;2;100;0;100;;;0;100;14;100;238;0;306;544
LV;8;2010;D;94;100;0;100;94;100;;100;0;100;229;100;;100;;100;229;100;;100;;100;7;100;3;;0;100;;;0;100;12;100;330;0;216;546
LV;9;2010;D;172;100;0;100;172;100;;100;0;100;148;100;;100;;100;148;100;;100;;100;10;100;5;;0;100;;;0;100;12;100;330;0;221;551
LV;10;2010;D;135;100;0;100;135;100;;100;0;100;267;100;;100;;100;267;100;;100;;100;11;100;5;;0;100;;;0;100;21;100;413;0;219;632
LV;11;2010;D;301;100;0;100;301;100;;100;0;100;278;100;;100;;100;278;100;;100;;100;11;100;5;;0;100;;;0;100;24;100;590;0;56;646
LV;12;2010;D;183;100;0;100;183;100;;100;0;100;418;100;;100;;100;418;100;;100;;100;12;100;5;;0;100;;;0;100;0;100;613;0;138;751
ME;1;2013;D;236;100;;;3;100;0;;0;100;137;100;137;100;;100;;100;;100;;100;0;100;0;100;0;100;0;100;0;100;13;100;373;0;35;408
ME;2;2013;D;256;100;;;3;100;253;;0;100;110;100;110;100;;100;;100;;100;;100;0;100;0;100;0;100;0;100;0;100;14;100;366;0;54;420
ME;3;2013;D;326;100;;;3;100;323;;0;100;139;100;139;100;;100;;100;;100;;100;0;100;0;100;0;100;0;100;0;100;16;100;465;0;142;607
ME;4;2013;D;414;100;;;4;100;410;;0;100;96;100;96;100;;100;;100;;100;;100;0;100;0;100;0;100;0;100;0;100;14;100;510;0;245;755
ME;5;2013;D;322;100;;;4;100;318;;0;100;0;100;0;100;;100;;100;;100;;100;0;100;0;100;0;100;0;100;0;100;12;100;322;0;73;395
ME;6;2013;D;204;100;;;3;100;201;;0;100;38;100;38;100;;100;;100;;100;;100;0;100;0;100;0;100;0;100;0;100;12;100;242;0;-19;223
ME;7;2013;D;244;100;;;1;100;243;;0;100;139;100;139;100;;100;;100;;100;;100;0;100;0;100;0;100;0;100;0;100;11;100;383;0;-77;306
ME;8;2013;D;79;100;;;0;100;79;;0;100;140;100;140;100;;100;;100;;100;;100;0;100;0;100;0;100;0;100;0;100;11;100;219;0;0;219
ME;9;2013;D;48;100;;;0;100;48;;0;100;118;100;118;100;;100;;100;;100;;100;0;100;0;100;0;100;0;100;0;100;10;100;166;0;82;248
ME;10;2013;D;129;100;;;0;100;129;;0;100;122;100;122;100;;100;;100;;100;;100;0;100;0;100;0;100;0;100;0;100;9;100;251;0;2;253
ME;11;2013;D;256;100;;;0;100;256;;0;100;124;100;124;100;;100;;100;;100;;100;0;100;0;100;0;100;0;100;0;100;10;100;380;0;69;449
ME;12;2013;D;227;100;;;0;100;227;;0;100;145;100;145;100;;100;;100;;100;;100;0;100;0;100;0;100;0;100;0;100;10;100;372;0;-3;369
ME;1;2012;D;86;100;;;1;100;85;;0;100;144;100;144;100;;100;;100;;100;;100;0;100;0;100;0;100;0;100;0;100;15;100;230;0;184;414
ME;2;2012;D;142;100;;;1;100;141;;0;100;114;100;114;100;;100;;100;;100;;100;0;100;0;100;0;100;0;100;0;100;16;100;256;0;134;390
ME;3;2012;D;162;100;;;2;100;160;;0;100;140;100;140;100;;100;;100;;100;;100;0;100;0;100;0;100;0;100;0;100;12;100;302;0;47;349
ME;4;2012;D;185;100;;;3;100;182;;0;100;67;100;67;100;;100;;100;;100;;100;0;100;0;100;0;100;0;100;0;100;13;100;252;0;75;327
ME;5;2012;D;137;100;;;3;100;134;;0;100;0;100;;100;;100;;100;;100;;100;0;100;0;100;0;100;0;100;0;100;11;100;137;0;158;295
ME;6;2012;D;115;100;;;1;100;114;;0;100;0;100;;100;;100;;100;;100;;100;0;100;0;100;0;100;0;100;0;100;0;100;115;0;176;291
ME;7;2012;D;90;100;;;1;100;89;;0;100;141;100;141;100;;100;;100;;100;;100;0;100;0;100;0;100;0;100;0;100;14;100;231;0;114;345
ME;8;2012;D;55;100;;;0;100;55;;0;100;128;100;128;100;;100;;100;;100;;100;0;100;0;100;0;100;0;100;0;100;13;100;183;0;157;340
ME;9;2012;D;34;100;;;0;100;34;;0;100;122;100;122;100;;100;;100;;100;;100;0;100;0;100;0;100;0;100;0;100;9;100;156;0;118;274
ME;10;2012;D;100;100;;;1;100;99;;0;100;140;100;140;100;;100;;100;;100;;100;0;100;0;100;0;100;0;100;0;100;10;100;240;0;11;251
ME;11;2012;D;144;100;;;2;100;142;;0;100;134;100;134;100;;100;;100;;100;;100;0;100;0;100;0;100;0;100;0;100;11;100;278;0;-6;272
ME;12;2012;D;293;100;;;3;100;290;;0;100;105;100;105;100;;100;;100;;100;;100;0;100;0;100;0;100;0;100;0;100;16;100;398;0;-46;352
ME;1;2011;D;326;100;322;100;2;100;;100;0;100;126;100;;100;;100;;100;;100;;100;0;100;0;100;0;100;;;0;100;16;100;452;0;-44;408
ME;2;2011;D;231;100;230;100;1;100;;100;0;100;126;100;;100;;100;;100;;100;;100;0;100;0;100;0;100;;;0;100;15;100;357;0;5;362
ME;3;2011;D;175;100;174;100;0;100;;100;0;100;125;100;;100;;100;;100;;100;;100;0;100;0;100;0;100;;;0;100;14;100;300;0;70;370
ME;4;2011;D;79;100;79;100;0;100;;100;0;100;138;100;;100;;100;;100;;100;;100;0;100;0;100;0;100;;;0;100;10;100;217;0;84;301
ME;5;2011;D;62;100;62;100;0;100;;100;0;100;46;100;;100;;100;;100;;100;;100;0;100;0;100;0;100;;;0;100;11;100;108;0;190;298
ME;6;2011;D;22;100;22;100;0;100;;100;0;100;108;100;108;100;;100;;100;;100;;100;0;100;0;100;0;100;;;0;100;0;100;130;0;183;313
ME;7;2011;D;50;100;0;100;0;100;;100;0;100;125;100;;100;;100;;100;;100;;100;0;100;0;100;0;100;;;0;100;0;100;175;0;179;354
ME;8;2011;D;23;100;0;100;0;100;;100;0;100;123;100;;100;;100;;100;;100;;100;0;100;0;100;0;100;;;0;100;13;100;146;0;222;368
ME;9;2011;D;29;100;0;100;0;100;;100;0;100;134;100;134;100;;100;;100;;100;;100;0;100;0;100;0;100;;;0;100;10;100;163;0;162;325
ME;10;2011;D;85;100;0;100;0;100;;100;0;100;143;100;;100;;100;;100;;100;;100;0;100;0;100;0;100;;;0;100;11;100;228;0;103;331
ME;11;2011;D;30;100;0;100;0;100;;100;0;100;137;100;;100;;100;;100;;100;;100;0;100;0;100;0;100;;;0;100;0;100;167;0;190;357
ME;12;2011;D;74;100;0;100;0;100;;100;0;100;115;100;;100;;100;;100;;100;;100;0;100;0;100;0;100;;;0;100;15;100;189;0;207;396
ME;1;2010;D;397;100;394;100;3;100;;100;0;100;112;100;112;100;;100;;100;;100;;100;0;100;0;;0;100;;;0;100;18;100;509;0;-138;371
ME;2;2010;D;304;100;301;100;3;100;;100;0;100;89;100;89;100;;100;;100;;100;;100;0;100;0;;0;100;;;0;100;14;100;393;0;-44;349
ME;3;2010;D;341;100;338;100;3;100;;100;0;100;98;100;98;100;;100;;100;;100;;100;0;100;0;;0;100;;;0;100;16;100;439;0;-79;360
ME;4;2010;D;237;100;234;100;3;100;;100;0;100;123;100;123;100;;100;;100;;100;;100;0;100;0;;0;100;;;0;100;0;100;360;0;-53;307
ME;5;2010;D;252;100;249;100;3;100;;100;0;100;67;100;67;100;;100;;100;;100;;100;0;100;0;;0;100;;;0;100;11;100;319;0;-30;289
ME;6;2010;D;193;100;191;100;0;100;;100;0;100;101;100;101;100;;100;;100;;100;;100;0;100;0;;0;100;;;0;100;11;100;294;0;4;298
ME;7;2010;D;88;100;87;100;0;100;;100;0;100;126;100;126;100;;100;;100;;100;;100;0;100;0;;0;100;;;0;100;13;100;214;0;122;336
ME;8;2010;D;25;100;25;100;0;100;;100;0;100;120;100;120;100;;100;;100;;100;;100;0;100;0;;0;100;;;0;100;13;100;145;0;188;333
ME;9;2010;D;88;100;88;100;0;100;;100;0;100;111;100;111;100;;100;;100;;100;;100;0;100;0;;0;100;;;0;100;10;100;199;0;94;293
ME;10;2010;D;93;100;92;100;1;100;;100;0;100;137;100;137;100;;100;;100;;100;;100;0;100;0;;0;100;;;0;100;13;100;230;0;94;324
ME;11;2010;D;276;100;273;100;3;100;;100;0;100;86;100;86;100;;100;;100;;100;;100;0;100;0;;0;100;;;0;100;11;100;362;0;14;376
ME;12;2010;D;444;100;441;100;3;100;;100;0;100;97;100;97;100;;100;;100;;100;;100;0;100;0;;0;100;;;0;100;19;100;541;0;-133;408
MK;1;2013;P;55;100;;;0;100;55;;0;100;546;100;546;100;;100;;100;;100;;100;0;100;0;100;0;100;0;100;0;100;19;100;601;0;242;843
MK;2;2013;P;84;100;;;0;100;84;;0;100;496;100;496;100;;100;;100;;100;;100;0;100;0;100;0;100;0;100;0;100;17;100;580;0;139;719
MK;3;2013;P;209;100;;;0;100;209;;0;100;282;100;282;100;;100;;100;;100;;100;0;100;0;100;0;100;0;100;0;100;17;100;491;0;260;751
MK;4;2013;P;222;100;;;0;100;222;;0;100;249;100;249;100;;100;;100;;100;;100;0;100;0;100;0;100;0;100;0;100;14;100;471;0;169;640
MK;5;2013;P;222;100;;;0;100;222;;0;100;264;100;264;100;;100;;100;;100;;100;0;100;0;100;0;100;0;100;0;100;13;100;486;0;74;560
MK;6;2013;P;112;100;;;0;100;112;;0;100;334;100;334;100;;100;;100;;100;;100;0;100;0;100;0;100;0;100;0;100;13;100;446;0;113;559
MK;7;2013;P;129;100;;;0;100;129;;0;100;258;100;258;100;;100;;100;;100;;100;0;100;0;100;0;100;0;100;0;100;13;100;387;0;188;575
MK;8;2013;P;153;100;;;0;100;153;;0;100;254;100;254;100;;100;;100;;100;;100;0;100;0;100;0;100;0;100;0;100;14;100;407;0;207;614
MK;9;2013;P;61;100;;;0;100;61;;0;100;243;100;243;100;;100;;100;;100;;100;0;100;0;100;0;100;0;100;0;100;13;100;304;0;251;555
MK;10;2013;P;69;100;;;0;100;69;;0;100;340;100;340;100;;100;;100;;100;;100;0;100;0;100;0;100;0;100;0;100;15;100;409;0;230;639
MK;11;2013;P;80;100;;;0;100;80;;0;100;412;100;357;100;;100;55;100;;100;;100;0;100;0;100;0;100;0;100;0;100;17;100;492;0;218;710
MK;12;2013;P;157;100;;;0;100;157;;0;100;407;100;304;100;;100;103;100;;100;;100;0;100;0;100;0;100;0;100;0;100;18;100;564;0;320;884
MK;1;2012;P;106;100;106;100;0;100;;100;0;100;502;100;435;100;;100;67;100;;100;;100;0;100;0;;0;100;;;0;100;21;100;608;0;317;925
MK;2;2012;P;50;100;50;100;0;100;;100;0;100;553;100;453;100;;100;100;100;;100;;100;0;100;0;;0;100;;;0;100;21;100;603;0;307;910
MK;3;2012;P;55;100;;;0;100;55;;0;100;493;100;379;100;;100;114;100;;100;;100;0;100;0;100;0;100;0;100;0;100;18;100;548;0;217;765
MK;4;2012;P;145;100;;;0;100;145;;0;100;351;100;351;100;;100;0;100;;100;;100;0;100;0;100;0;100;0;100;0;100;15;100;496;0;174;670
MK;5;2012;P;94;100;;;0;100;94;;0;100;343;100;343;100;;100;;100;;100;;100;0;100;0;100;0;100;0;100;0;100;14;100;437;0;195;632
MK;6;2012;P;96;100;;;0;100;96;;0;100;376;100;376;100;;100;;100;;100;;100;0;100;0;100;0;100;0;100;0;100;14;100;472;0;94;566
MK;7;2012;P;119;100;;;0;100;119;;0;100;404;100;404;100;;100;;100;;100;;100;0;100;0;100;0;100;0;100;0;100;15;100;523;0;115;638
MK;8;2012;P;98;100;;;0;100;98;;0;100;328;100;328;100;;100;;100;;100;;100;0;100;0;100;0;100;0;100;0;100;15;100;426;0;189;615
MK;9;2012;P;42;100;;;0;100;42;;0;100;310;100;310;100;;100;;100;;100;;100;0;100;0;100;0;100;0;100;0;100;14;100;352;0;229;581
MK;10;2012;P;58;100;;;0;100;58;;0;100;318;100;318;100;;100;;100;;100;;100;0;100;0;100;0;100;0;100;0;100;14;100;376;0;215;591
MK;11;2012;P;105;100;;;0;100;105;;0;100;329;100;329;100;;100;;100;;100;;100;0;100;0;100;0;100;0;100;0;100;17;100;434;0;269;703
MK;12;2012;P;93;100;;;0;100;93;;0;100;445;100;445;100;;100;;100;;100;;100;0;100;0;100;0;100;0;100;0;100;20;100;538;0;354;892
MK;1;2011;D;185;100;185;100;0;100;;100;0;100;495;100;493;100;;100;2;100;;100;;100;0;100;0;;0;100;;;0;100;22;100;680;0;281;961
MK;2;2011;D;167;100;167;100;0;100;;100;0;100;473;100;455;100;;100;18;100;;100;;100;0;100;0;;0;100;;;0;100;20;100;640;0;215;855
MK;3;2011;D;148;100;148;100;0;100;;100;0;100;528;100;501;100;;100;27;100;;100;;100;0;100;0;;0;100;;;0;100;20;100;676;0;173;849
MK;4;2011;D;124;100;124;100;0;100;;100;0;100;458;100;447;100;;100;11;100;;100;;100;0;100;0;;0;100;;;0;100;16;100;582;0;125;707
MK;5;2011;D;94;100;94;100;0;100;;100;0;100;424;100;420;100;;100;4;100;;100;;100;0;100;0;;0;100;;;0;100;16;100;518;0;133;651
MK;6;2011;D;132;100;132;100;0;100;;100;0;100;269;100;269;100;;100;0;100;;100;;100;0;100;0;;0;100;;;0;100;13;100;401;0;178;579
MK;7;2011;D;153;100;153;100;0;100;;100;0;100;269;100;269;100;;100;0;100;;100;;100;0;100;0;;0;100;;;0;100;15;100;422;0;229;651
MK;8;2011;D;87;100;87;100;0;100;;100;0;100;334;100;334;100;;100;0;100;;100;;100;0;100;0;;0;100;;;0;100;14;100;421;0;226;647
MK;9;2011;D;70;100;70;100;0;100;;100;0;100;261;100;261;100;;100;0;100;;100;;100;0;100;0;;0;100;;;0;100;14;100;331;0;271;602
MK;10;2011;D;87;100;87;100;0;100;;100;0;100;424;100;424;100;;100;0;100;;100;;100;0;100;0;;0;100;;;0;100;18;100;511;0;194;705
MK;11;2011;D;127;100;127;100;0;100;;100;0;100;404;100;404;100;;100;0;100;;100;;100;0;100;0;;0;100;;;0;100;20;100;531;0;325;856
MK;12;2011;D;95;100;95;100;0;100;;100;0;100;519;100;507;100;;100;12;100;;100;;100;0;100;0;;0;100;;;0;100;21;100;614;0;309;923
MK;1;2010;D;250;100;250;;0;;;;0;100;426;100;426;;;;;;;;;;0;100;0;;0;;;;0;100;22;100;676;0;187;863
MK;2;2010;D;232;100;232;;0;;;;0;100;405;100;405;;;;;;;;;;0;100;0;;0;;;;0;100;19;100;637;0;146;783
MK;3;2010;D;275;100;0;;0;;;;0;100;293;100;293;;;;;;;;;;0;100;0;;0;;;;0;100;18;100;568;0;145;713
MK;4;2010;D;258;100;258;;0;;;;0;100;289;100;289;;;;;;;;;;0;100;0;;0;;;;0;100;15;100;547;0;94;641
MK;5;2010;D;282;100;282;100;0;100;;100;0;100;311;100;311;100;;100;;100;;100;;100;0;100;0;;0;100;;;0;100;15;100;593;0;12;605
MK;6;2010;D;203;100;203;100;0;100;;100;0;100;389;100;389;100;;100;;100;;100;;100;0;100;0;;0;100;;;0;100;15;100;592;0;1;593
MK;7;2010;D;113;100;113;100;0;100;;100;0;100;430;100;430;100;;100;;100;;100;;100;0;100;0;;0;100;;;0;100;14;100;543;0;59;602
MK;8;2010;D;121;100;121;100;0;100;;100;0;100;340;100;340;100;;100;;100;;100;;100;0;100;0;;0;100;;;0;100;15;100;461;0;152;613
MK;9;2010;D;98;100;98;100;0;100;;100;0;100;300;100;300;100;;100;;100;;100;;100;0;100;0;;0;100;;;0;100;15;100;398;0;168;566
MK;10;2010;D;164;100;164;100;0;100;;100;0;100;300;100;300;100;;100;;100;;100;;100;0;100;0;;0;100;;;0;100;17;100;464;0;239;703
MK;11;2010;D;117;100;117;100;0;100;;100;0;100;368;100;368;100;;100;;100;;100;;100;0;100;0;;0;100;;;0;100;18;100;485;0;255;740
MK;12;2010;D;203;100;203;100;0;100;;100;0;100;431;100;424;100;;100;7;100;;100;;100;0;100;0;;0;100;;;0;100;22;100;634;0;272;906
NI;1;2013;D;1;100;;;1;100;0;;0;100;537;100;0;100;214;100;323;100;1;100;536;100;128;100;122;100;0;100;1;100;0;100;14;100;666;0;182;848
NI;2;2013;D;1;100;;;1;100;0;;0;100;490;100;0;100;201;100;288;100;0;100;489;100;99;100;94;100;0;100;1;100;0;100;13;100;590;0;165;755
NI;3;2013;D;1;100;;;1;100;0;;0;100;561;100;0;100;207;100;282;100;1;100;489;100;118;100;112;100;0;100;2;100;0;100;14;100;680;0;139;819
NI;4;2013;D;1;100;;;1;100;0;;0;100;490;100;0;100;207;100;282;100;1;100;489;100;122;100;116;100;0;100;1;100;0;100;10;100;613;0;122;735
NI;5;2013;P;0;100;;;1;100;0;;0;100;488;100;0;100;204;100;284;100;0;100;488;100;126;100;119;100;0;100;2;100;0;100;10;100;614;0;103;717
NI;6;2013;P;1;100;;;1;100;0;;0;100;430;100;0;100;189;100;241;100;0;100;430;100;72;100;65;100;0;100;5;100;0;100;9;100;503;0;152;655
NI;7;2013;P;1;100;;;1;100;0;;0;100;472;100;0;100;239;100;233;100;0;100;472;100;48;100;40;100;0;100;5;100;0;100;10;100;521;0;131;652
NI;8;2013;P;1;100;;;0;100;1;;0;100;510;100;0;100;222;100;287;100;1;100;509;100;89;100;82;100;0;100;5;100;0;100;9;100;600;0;70;670
NI;9;2013;P;1;100;;;1;100;0;;0;100;532;100;0;100;226;100;306;100;0;100;532;100;106;100;98;100;0;100;5;100;0;100;9;100;639;0;42;681
NI;10;2013;D;1;100;;;1;100;0;;0;100;465;100;0;100;173;100;292;100;0;100;465;100;138;100;130;100;0;100;5;100;0;100;10;100;604;0;144;748
NI;11;2013;D;1;100;;;1;100;0;;0;100;531;100;0;100;188;100;342;100;1;100;530;100;118;100;110;100;0;100;5;100;0;100;11;100;650;0;134;784
NI;12;2013;D;1;100;;;1;100;0;;0;100;482;100;0;100;214;100;268;100;0;100;482;100;233;100;225;100;0;100;5;100;0;100;0;100;716;0;91;807
NI;1;2012;D;1;100;;;0;100;1;;0;100;547;100;0;100;162;100;385;100;0;100;547;100;139;100;134;100;0;100;5;100;0;100;14;100;687;0;146;833
NI;2;2012;D;1;100;;;1;100;0;;0;100;487;100;0;100;204;100;283;100;0;100;487;100;112;100;106;100;0;100;4;100;0;100;13;100;600;0;174;774
NI;3;2012;D;1;100;;;1;100;0;;0;100;466;100;0;100;161;100;305;100;0;100;466;100;91;100;86;100;0;100;5;100;0;100;14;100;558;0;215;773
NI;4;2012;D;0;100;;;1;100;0;;0;100;445;100;0;100;187;100;258;100;0;100;445;100;77;100;72;100;0;100;5;100;0;100;10;100;522;0;185;707
NI;5;2012;D;1;100;;;1;100;0;;0;100;433;100;0;100;208;100;225;100;0;100;433;100;65;100;60;100;0;100;5;100;0;100;11;100;499;0;217;716
NI;6;2012;D;1;100;;;1;100;0;;0;100;446;100;0;100;148;100;298;100;0;100;446;100;70;100;65;100;0;100;5;100;0;100;10;100;517;0;163;680
NI;7;2012;D;1;100;;;1;100;0;;0;100;490;100;0;100;205;100;285;100;0;100;490;100;60;100;55;100;0;100;5;100;0;100;6;100;551;0;103;654
NI;8;2012;D;1;100;;;1;100;0;;0;100;497;100;0;100;195;100;302;100;0;100;497;100;79;100;74;100;0;100;5;100;0;100;10;100;577;0;111;688
NI;9;2012;D;1;100;;;1;100;0;;0;100;470;100;0;100;203;100;267;100;0;100;470;100;119;100;112;100;0;100;7;100;0;100;6;100;590;0;95;685
NI;10;2012;D;1;100;;;1;100;0;;0;100;553;100;0;100;192;100;361;100;0;100;553;100;66;100;59;100;0;100;0;100;0;100;11;100;620;0;245;865
NI;11;2012;D;1;100;;;1;100;0;;0;100;517;100;0;100;199;100;317;100;1;100;516;100;103;100;97;100;0;100;6;100;0;100;11;100;621;0;163;784
NI;12;2012;D;1;100;;;1;100;0;;0;100;527;100;0;100;220;100;307;100;0;100;527;100;114;100;117;100;0;100;7;100;0;100;11;100;642;0;129;771
NI;1;2011;D;1;100;0;100;1;100;;100;0;100;569;100;0;100;113;100;456;100;0;100;0;100;73;100;68;100;0;100;;;2;100;16;100;645;0;245;890
NI;2;2011;D;1;100;0;100;1;100;;100;0;100;500;100;0;100;88;100;413;100;0;100;0;100;83;100;78;;0;100;;;1;100;14;100;585;0;186;771
NI;3;2011;D;1;100;0;100;1;100;;100;0;100;582;100;0;100;116;100;465;100;0;100;0;100;54;100;49;;0;100;;;1;100;15;100;638;0;181;819
NI;4;2011;D;0;100;0;100;0;100;;100;0;100;523;100;0;100;82;100;441;100;0;100;0;100;68;100;63;;0;100;;;1;100;10;100;592;0;105;697
NI;5;2011;D;0;100;0;100;0;100;;100;0;100;440;100;0;100;85;100;355;100;0;100;0;100;127;100;122;;0;100;;;2;100;9;100;569;0;143;712
NI;6;2011;D;0;100;0;100;0;100;;100;0;100;513;100;0;100;102;100;411;100;0;100;0;100;43;100;38;100;0;100;;;1;100;11;100;557;0;136;693
NI;7;2011;D;1;100;0;100;1;100;;100;0;100;519;100;0;100;82;100;436;100;1;100;0;100;44;100;40;;0;100;;;2;100;10;100;566;0;92;658
NI;8;2011;D;0;100;0;100;0;100;;100;0;100;571;100;0;100;111;100;458;100;1;100;0;100;47;100;42;100;0;100;;;1;100;10;100;619;0;77;696
NI;9;2011;D;0;100;0;100;0;100;;100;0;100;584;100;0;100;134;100;450;100;1;100;0;100;116;100;112;100;0;100;;;2;100;9;100;702;0;-4;698
NI;10;2011;D;1;100;0;100;1;100;;100;0;100;611;100;0;100;153;100;457;100;1;100;0;100;119;100;114;100;0;100;;;1;100;10;100;732;0;29;761
NI;11;2011;D;1;100;0;100;1;100;;100;0;100;589;100;0;100;138;100;450;100;1;100;0;100;141;100;136;100;0;100;;;2;100;10;100;733;0;41;774
NI;12;2011;D;1;100;0;100;1;100;;100;0;100;635;100;0;100;182;100;451;100;2;100;0;100;148;100;143;100;0;100;;;2;100;11;100;786;0;54;840
NI;1;2010;D;1;100;0;100;1;100;;100;0;100;711;100;0;100;173;100;537;100;1;100;0;100;74;100;69;100;0;100;;;1;100;16;100;787;0;105;892
NI;2;2010;D;1;100;0;100;1;100;;100;0;100;631;100;0;100;177;100;454;100;0;100;0;100;34;100;30;100;0;100;;;1;100;15;100;667;0;121;788
NI;3;2010;D;1;100;0;100;1;100;;100;0;100;570;100;0;100;159;100;410;100;1;100;0;100;62;100;57;100;0;100;;;1;100;15;100;634;0;190;824
NI;4;2010;D;1;100;0;100;1;100;;100;0;100;517;100;0;100;101;100;415;100;1;100;0;100;44;100;39;100;0;100;;;1;100;11;100;563;0;160;723
NI;5;2010;D;1;100;0;100;1;100;;100;0;100;545;100;0;100;91;100;453;100;1;100;0;100;47;100;43;100;0;100;;;1;100;11;100;594;0;125;719
NI;6;2010;D;0;100;0;100;0;100;;100;0;100;585;100;0;100;96;100;489;100;0;100;0;100;40;100;36;100;0;100;;;0;100;10;100;625;0;59;684
NI;7;2010;D;0;100;0;100;0;100;;100;0;100;419;100;0;100;133;100;286;100;0;100;0;100;71;100;65;100;0;100;;;1;100;10;100;491;0;173;664
NI;8;2010;D;0;100;0;100;1;100;;100;0;100;448;100;0;100;163;100;285;100;0;100;0;100;54;100;49;100;0;100;;;1;100;10;100;503;0;183;686
NI;9;2010;D;0;100;0;100;1;100;;100;0;100;435;100;0;100;171;100;263;100;1;100;0;100;73;100;68;;0;100;;;1;100;10;100;509;0;192;701
NI;10;2010;D;1;100;0;100;1;100;;100;0;100;521;100;0;100;177;100;343;100;1;100;0;100;89;100;84;100;0;100;;;1;100;11;100;612;0;153;765
NI;11;2010;D;1;100;0;100;1;100;;100;0;100;548;100;0;100;160;100;387;100;1;100;0;100;81;100;76;100;0;100;;;1;100;12;100;631;0;187;818
NI;12;2010;D;1;100;0;100;1;100;;100;0;100;651;100;0;100;189;100;461;100;1;100;0;100;55;100;50;100;0;100;;;2;100;14;100;709;0;207;916
NL;1;2013;P;0;100;;;0;100;0;;354;100;4940;100;;100;;100;;100;;100;;100;1135;100;528;100;n.a.;100;n.a;100;0;100;40;100;6429;0;1164;7593
NL;2;2013;P;0;100;;;0;100;0;;323;100;7429;100;;100;;100;;100;;100;;100;1046;100;439;100;n.a.;100;n.a;100;0;100;34;100;8798;0;811;9609
NL;3;2013;P;0;100;;;0;100;0;;382;100;7135;100;;100;;100;;100;;100;;100;1191;100;584;100;n.a.;100;n.a;100;0;100;31;100;8708;0;1052;9760
NL;4;2013;P;0;100;;;0;100;0;;139;100;6432;100;;100;;100;;100;;100;;100;1079;100;472;100;n.a.;100;n.a;100;0;100;32;100;7650;0;1115;8765
NL;5;2013;P;0;100;;;0;100;0;;84;100;5656;100;;100;;100;;100;;100;;100;1030;100;423;100;n.a.;100;n.a;100;0;100;38;100;6770;0;1785;8555
NL;6;2013;P;0;100;;;0;100;0;;346;100;5088;100;;100;;100;;100;;100;;100;1059;100;452;100;n.a.;100;n.a;100;0;100;47;100;6493;0;2396;8889
NL;7;2013;P;0;100;;;0;100;0;;371;100;5379;100;;100;;100;;100;;100;;100;801;100;194;100;n.a.;100;n.a;100;0;100;45;100;6551;0;2422;8973
NL;8;2013;P;0;100;;;0;100;0;;369;100;5491;100;;100;;100;;100;;100;;100;851;100;244;100;n.a.;100;n.a;100;0;100;41;100;6711;0;2188;8899
NL;9;2013;P;0;100;;;0;100;0;;152;100;5996;100;;100;;100;;100;;100;;100;954;100;347;100;n.a.;100;n.a;100;0;100;37;100;7102;0;1773;8875
NL;10;2013;P;0;100;;;0;100;0;;0;100;7050;100;;100;;100;;100;;100;;100;1234;100;627;100;n.a.;100;n.a;100;0;100;38;100;8284;0;1579;9863
NL;11;2013;P;0;100;;;0;100;0;;0;100;7952;100;;100;;100;;100;;100;;100;1063;100;456;100;n.a.;100;n.a;100;0;100;32;100;9015;0;1161;10176
NL;12;2013;P;0;100;;;0;100;0;;0;100;8363;100;;100;;100;;100;;100;;100;1415;100;808;100;n.a.;100;n.a;100;0;100;38;100;9778;0;791;10569
NL;1;2012;D;0;100;;;0;100;0;;363;100;7820;100;;100;;100;;100;;100;;100;1665;100;665;100;n.a.;100;n.a;100;0;100;30;100;9848;0;745;10593
NL;2;2012;D;0;100;;;0;100;0;;345;100;8134;100;;100;;100;;100;;100;;100;1467;100;467;100;n.a.;100;n.a;100;0;100;44;100;9946;0;-152;9794
NL;3;2012;D;0;100;;;0;100;0;;382;100;6989;100;;100;;100;;100;;100;;100;1267;100;267;100;n.a.;100;n.a;100;0;100;35;100;8638;0;1309;9947
NL;4;2012;D;0;100;;;0;100;0;;68;100;6331;100;;100;;100;;100;;100;;100;1411;100;411;100;n.a.;100;n.a;100;0;100;30;100;7810;0;1188;8998
NL;5;2012;D;0;100;;;0;100;0;;144;100;4836;100;;100;;100;;100;;100;;100;1315;100;315;100;n.a.;100;n.a;100;0;100;37;100;6295;0;2500;8795
NL;6;2012;D;0;100;;;0;100;0;;359;100;5224;100;;100;;100;;100;;100;;100;1381;100;381;100;n.a.;100;n.a;100;0;100;41;100;6964;0;2144;9108
NL;7;2012;D;0;100;;;0;100;0;;373;100;5379;100;;100;;100;;100;;100;;100;1300;100;300;100;n.a.;100;n.a;100;0;100;41;100;7052;0;2104;9156
NL;8;2012;D;0;100;;;0;100;0;;371;100;5627;100;;100;;100;;100;;100;;100;1254;100;254;100;n.a.;100;n.a;100;0;100;45;100;7252;0;1853;9105
NL;9;2012;D;0;100;;;0;100;0;;361;100;5470;100;;100;;100;;100;;100;;100;1375;100;375;100;n.a.;100;n.a;100;0;100;44;100;7206;0;1660;8866
NL;10;2012;D;0;100;;;0;100;0;;378;100;6930;100;;100;;100;;100;;100;;100;1411;100;411;100;n.a.;100;n.a;100;0;100;43;100;8719;0;1104;9823
NL;11;2012;D;0;100;;;0;100;0;;370;100;7212;100;;100;;100;;100;;100;;100;146;100;463;100;n.a.;100;n.a;100;0;100;40;100;7728;0;1164;8892
NL;12;2012;D;0;100;;;0;100;0;;383;100;7167;100;;100;;100;;100;;100;;100;1689;100;689;100;n.a.;100;n.a;100;0;100;43;100;9239;0;1491;10730
NL;1;2011;D;0;100;0;100;0;100;;100;354;100;8699;100;;100;;100;;100;;100;;100;1059;100;475;;n.a.;100;;;0;100;30;100;10112;0;856;10968
NL;2;2011;D;0;100;0;100;0;100;;100;329;100;8037;100;;100;;100;;100;;100;;100;1081;100;497;;n.a.;100;;;0;100;28;100;9447;0;361;9808
NL;3;2011;D;0;100;0;100;0;100;;100;363;100;8688;100;;100;;100;;100;;100;;100;883;100;299;;n.a.;100;;;0;100;34;100;9934;0;400;10334
NL;4;2011;D;0;100;0;100;0;100;;100;99;100;7374;100;;100;;100;;100;;100;;100;909;100;325;;n.a.;100;;;0;100;35;100;8382;0;469;8851
NL;5;2011;D;0;100;0;100;0;100;;100;356;100;7061;100;;100;;100;;100;;100;;100;987;100;403;;n.a.;100;;;0;100;36;100;8404;0;487;8891
NL;6;2011;D;0;100;0;100;0;100;;100;337;100;6572;100;;100;;100;;100;;100;;100;904;100;320;;n.a.;100;;;0;100;38;100;7813;0;1512;9325
NL;7;2011;D;0;100;0;100;0;100;;100;353;100;6538;100;;100;;100;;100;;100;;100;968;100;384;;n.a.;100;;;0;100;44;100;7859;0;1446;9305
NL;8;2011;D;0;100;0;100;0;100;;100;317;100;6880;100;;100;;100;;100;;100;;100;876;100;292;;n.a.;100;;;0;100;44;100;8073;0;1210;9283
NL;9;2011;D;0;100;0;100;0;100;;100;343;100;6831;100;;100;;100;;100;;100;;100;976;100;392;;n.a.;100;;;0;100;38;100;8150;0;1046;9196
NL;10;2011;D;0;100;0;100;0;100;;100;358;100;8344;100;;100;;100;;100;;100;;100;1085;100;501;;n.a.;100;;;0;100;41;100;9787;0;406;10193
NL;11;2011;D;0;100;0;100;0;100;;100;348;100;9020;100;;100;;100;;100;;100;;100;942;100;358;;n.a.;100;;;0;100;49;100;10310;0;300;10610
NL;12;2011;D;0;100;0;100;0;100;;100;362;100;8958;100;;100;;100;;100;;100;;100;1434;100;850;;n.a.;100;;;0;100;40;100;10754;0;319;11073
NL;1;2010;D;0;100;0;;0;;;;322;100;10075;100;;;;;;;;;;;861;100;328;;0;;;;0;100;45;100;11258;0;-559;10699
NL;2;2010;D;0;100;0;;0;;;;329;100;8795;100;;;;;;;;;;;905;100;372;;0;;;;0;100;37;100;10029;0;-249;9780
NL;3;2010;D;0;100;0;;0;;;;353;100;9323;100;;;;;;;;;;;946;100;413;;0;;;;0;100;42;100;10622;0;-490;10132
NL;4;2010;D;0;100;0;100;0;100;;100;21;100;7623;100;;100;;100;;100;;100;;100;822;100;289;;0;100;;;0;100;40;100;8466;0;521;8987
NL;5;2010;D;0;100;0;100;0;100;;100;296;100;7227;100;;100;;100;;100;;100;;100;831;100;298;;0;100;;;0;100;44;100;8354;0;509;8863
NL;6;2010;D;0;100;0;100;0;100;;100;345;100;6833;100;;100;;100;;100;;100;;100;732;100;199;;0;100;;;0;100;38;100;7910;0;1069;8979
NL;7;2010;D;0;100;0;100;0;100;;100;350;100;6587;100;;100;;100;;100;;100;;100;711;100;178;;0;100;;;0;100;41;100;7648;0;1413;9061
NL;8;2010;D;0;100;0;100;0;100;;100;350;100;6550;100;;100;;100;;100;;100;;100;880;100;347;;0;100;;;0;100;43;100;7780;0;1189;8969
NL;9;2010;D;0;100;0;100;0;100;;100;343;100;7556;100;;100;;100;;100;;100;;100;851;100;318;100;0;100;;;0;100;44;100;8750;0;397;9147
NL;10;2010;D;0;100;0;100;0;100;;100;359;100;9826;100;;100;;100;;100;;100;;100;996;100;463;;n.a.;100;;;0;100;50;100;11181;0;-978;10203
NL;11;2010;D;0;100;0;100;0;100;;100;350;100;9443;100;;100;;100;;100;;100;;100;936;100;403;;n.a.;100;;;0;100;40;100;10729;0;-223;10506
NL;12;2010;D;0;100;0;100;0;100;;100;337;100;9701;100;;100;;100;;100;;100;;100;920;100;387;;n.a.;100;;;0;100;40;100;10958;0;176;11134
NO;1;2013;P;14150;100;;;0;100;14150;;0;100;311;100;;100;;100;;100;;100;;100;147;100;147;100;0;100;0;100;0;100;1217;100;14608;58;-240;14310
NO;2;2013;P;12094;100;;;0;100;12094;;0;100;191;100;;100;;100;;100;;100;;100;139;100;139;100;0;100;0;100;0;100;1048;100;12424;53;121;12492
NO;3;2013;P;11951;100;;;0;100;11951;;0;100;186;100;;100;;100;;100;;100;;100;170;100;170;100;0;100;0;100;0;100;1075;100;12307;54;768;13021
NO;4;2013;P;9127;100;;;0;100;9127;;0;100;207;100;;100;;100;;100;;100;;100;140;100;140;100;0;100;0;100;0;100;866;100;9474;65;1410;10819
NO;5;2013;P;9347;100;;;0;100;9347;;0;100;310;100;;100;;100;;100;;100;;100;136;100;136;100;0;100;0;100;0;100;784;100;9793;189;-233;9371
NO;6;2013;P;9270;100;;;0;100;9270;;0;100;270;100;;100;;100;;100;;100;;100;94;100;94;100;0;100;0;100;0;100;708;100;9634;353;-1176;8105
NO;7;2013;P;9277;100;;;0;100;9277;;0;100;325;100;;100;;100;;100;;100;;100;136;100;136;100;0;100;0;100;0;100;691;100;9738;224;-1595;7919
NO;8;2013;P;9726;100;;;0;100;9726;;0;100;291;100;;100;;100;;100;;100;;100;122;100;122;100;0;100;0;100;0;100;711;100;10139;100;-1793;8246
NO;9;2013;P;9469;100;;;0;100;9469;;0;100;302;100;;100;;100;;100;;100;;100;114;100;114;100;0;100;0;100;0;100;727;100;9885;60;-1014;8811
NO;10;2013;P;10383;100;;;0;100;10383;;0;100;310;100;;100;;100;;100;;100;;100;182;100;182;100;0;100;0;100;0;100;855;100;10875;65;-287;10523
NO;11;2013;P;11719;100;;;0;100;11719;;0;100;300;100;;100;;100;300;100;;100;;100;209;100;209;100;0;100;0;100;0;100;977;100;12228;72;-417;11739
NO;12;2013;P;12512;100;;;0;100;12512;;0;100;315;100;;100;;100;315;100;;100;;100;299;100;299;100;0;100;0;100;0;100;1057;100;13126;88;-551;12487
NO;1;2012;P;15006;100;;;0;100;15006;;0;100;282;100;;100;;100;;100;;100;;100;140;100;140;100;0;100;0;100;0;100;1211;100;15428;79;-1884;13465
NO;2;2012;P;13938;100;;;0;100;13938;;0;100;322;100;;100;;100;;100;;100;;100;171;100;171;100;0;100;0;100;0;100;1129;100;14431;57;-1707;12667
NO;3;2012;P;12414;100;;;0;100;12414;;0;100;284;100;;100;;100;;100;;100;;100;183;100;183;100;0;100;0;100;0;100;989;100;12881;125;-1238;11518
NO;4;2012;P;11711;100;;;0;100;11711;;0;100;286;100;;100;;100;;100;;100;;100;85;100;85;100;0;100;0;100;0;100;915;100;12082;69;-1556;10457
NO;5;2012;P;10808;100;;;0;100;10808;;0;100;250;100;;100;;100;;100;;100;;100;102;100;102;100;0;100;0;100;0;100;818;100;11160;135;-1779;9246
NO;6;2012;P;10120;100;;;0;100;10120;;0;100;265;100;;100;;100;;100;;100;;100;72;100;72;100;0;100;0;100;0;100;746;100;10457;316;-1814;8327
NO;7;2012;P;10030;100;;;0;100;10030;;0;100;190;100;;100;;100;;100;;100;;100;91;100;91;100;0;100;0;100;0;100;719;100;10311;583;-1816;7912
NO;8;2012;P;10685;100;;;0;100;10685;;0;100;308;100;;100;;100;;100;;100;;100;74;100;74;100;0;100;0;100;0;100;771;100;11067;231;-2510;8326
NO;9;2012;P;10521;100;;;0;100;10521;;0;100;244;100;;100;;100;;100;;100;;100;139;100;139;100;0;100;0;100;0;100;785;100;10904;271;-1618;9015
NO;10;2012;P;11765;100;;;0;100;11765;;0;100;306;100;;100;;100;;100;;100;;100;139;100;139;100;0;100;0;100;0;100;943;100;12210;143;-1079;10988
NO;11;2012;P;11825;100;;;0;100;11825;;0;100;293;100;;100;;100;;100;;100;;100;177;100;177;100;0;100;0;100;0;100;989;100;12295;73;-588;11634
NO;12;2012;P;14092;100;;;0;100;14092;;0;100;340;100;;100;;100;;100;;100;;100;187;100;187;100;0;100;0;100;0;100;1222;100;14619;56;-255;14308
NO;1;2011;D;10506;100;10506;100;0;100;;100;0;100;608;100;;100;;100;;100;;100;;100;139;100;139;;0;100;;;0;100;1077;100;11253;55;2330;13528
NO;2;2011;D;9831;100;9831;100;0;100;;100;0;100;578;100;;100;;100;;100;;100;;100;106;100;106;;0;100;;;0;100;987;100;10515;53;1893;12355
NO;3;2011;D;9328;100;9328;100;0;100;;100;0;100;629;100;;100;;100;;100;;100;;100;151;100;151;;0;100;;;0;100;962;100;10108;59;2199;12248
NO;4;2011;D;7706;100;7706;100;0;100;;100;0;100;530;100;;100;;100;;100;;100;;100;109;100;109;;0;100;;;0;100;732;100;8345;243;1243;9345
NO;5;2011;D;8036;100;8036;100;0;100;;100;0;100;428;100;;100;;100;;100;;100;;100;71;100;71;;0;100;;;0;100;674;100;8535;250;396;8681
NO;6;2011;D;8929;100;8929;100;0;100;;100;0;100;277;100;;100;;100;;100;;100;;100;55;100;55;;0;100;;;0;100;667;100;9261;425;-1006;7830
NO;7;2011;D;10156;100;10156;100;0;100;;100;0;100;265;100;;100;;100;;100;;100;;100;50;100;50;;0;100;;;0;100;729;100;10471;393;-2278;7800
NO;8;2011;D;10076;100;10076;100;0;100;;100;0;100;310;100;;100;;100;;100;;100;;100;41;100;41;;0;100;;;0;100;738;100;10427;116;-2147;8164
NO;9;2011;D;9991;100;9991;100;0;100;;100;0;100;261;100;;100;;100;;100;;100;;100;109;100;109;;0;100;;;0;100;764;100;10361;316;-1459;8586
NO;10;2011;D;11672;100;11672;100;0;100;;100;0;100;275;100;;100;;100;;100;;100;;100;154;100;154;;0;100;;;0;100;900;100;12101;286;-1704;10111
NO;11;2011;D;12597;100;12597;100;0;100;;100;0;100;309;100;;100;;100;;100;;100;;100;128;100;128;;0;100;;;0;100;983;100;13034;89;-2009;10936
NO;12;2011;D;12555;100;12555;100;0;100;;100;0;100;306;100;;100;;100;;100;;100;;100;144;100;144;;0;100;;;0;100;1067;100;13005;125;-444;12436
NO;1;2010;D;14256;100;14256;;0;;;;0;100;477;100;;;;;;;;;;;94;100;94;100;0;100;;;0;100;1252;100;14827;54;152;14925
NO;2;2010;D;12071;100;12071;;0;;;;0;100;455;100;;;;;;;;;;;65;100;65;;0;;;;0;100;1076;100;12591;53;525;13063
NO;3;2010;D;10554;100;0;;0;;;;0;100;547;100;;;;;;;;;;;84;100;0;;0;;;;0;100;986;100;11185;56;1296;12425
NO;4;2010;D;8072;100;0;;0;;;;0;100;519;100;;;;;;;;;;;66;100;66;;0;;;;0;100;782;100;8657;59;1538;10136
NO;5;2010;D;6918;100;6918;100;0;100;;100;0;100;459;100;;100;;100;;100;;100;;100;43;100;43;;0;100;;;0;100;695;100;7420;155;1791;9056
NO;6;2010;D;6348;100;6348;100;0;100;;100;0;100;481;100;;100;;100;;100;;100;;100;59;100;59;;0;100;;;0;100;623;100;6888;191;1455;8152
NO;7;2010;D;7303;100;7303;100;0;100;;100;0;100;499;100;;100;;100;;100;;100;;100;64;100;64;;0;100;;;0;100;603;100;7866;199;-131;7536
NO;8;2010;D;7373;100;7373;100;0;100;;100;0;100;339;100;;100;;100;;100;;100;;100;56;100;56;;0;100;;;0;100;613;100;7768;156;299;7911
NO;9;2010;D;8540;100;8540;100;0;100;;100;0;100;223;100;;100;;100;;100;;100;;100;51;100;51;;0;100;;;0;100;689;100;8814;74;-139;8601
NO;10;2010;D;10895;100;10895;100;0;100;;100;0;100;228;100;;100;;100;;100;;100;;100;119;100;119;;0;100;;;0;100;894;100;11242;80;-620;10542
NO;11;2010;D;11589;100;11589;100;0;100;;100;0;100;441;100;;100;;100;;100;;100;;100;91;100;91;;0;100;;;0;100;1041;100;12121;60;570;12631
NO;12;2010;D;13367;100;13367;100;0;100;;100;0;100;599;100;;100;;100;;100;;100;;100;100;100;100;;0;100;;;0;100;1244;100;14066;53;801;14814
PL;1;2013;P;228;100;;;141;100;87;;0;100;12769;100;4363;100;7968;100;438;100;0;100;0;100;1092;100;498;100;0;100;594;100;0;100;127;100;14089;67;-536;13486
PL;2;2013;P;248;100;;;171;100;77;;0;100;11520;100;3930;100;7198;100;392;100;0;100;0;100;911;100;338;100;0;100;573;100;0;100;96;100;12679;40;-695;11944
PL;3;2013;P;309;100;;;179;100;192;;0;100;12173;100;4307;100;7517;100;349;100;0;100;0;100;1096;100;456;100;0;100;528;100;0;100;105;100;13578;69;-543;12966
PL;4;2013;P;346;100;;;197;100;148;;0;100;10739;100;4216;100;6301;100;222;100;0;100;0;100;932;100;394;100;0;100;538;100;0;100;95;100;12017;63;-386;11568
PL;5;2013;P;299;100;;;191;100;108;;0;100;10438;100;4296;100;5946;100;196;100;0;100;0;100;825;100;347;100;0;100;477;100;0;100;103;100;11562;54;-249;11259
PL;6;2013;P;283;100;;;167;100;116;;0;100;10270;100;4344;100;5775;100;151;100;0;100;0;100;721;100;295;100;0;100;426;100;0;100;118;100;11274;54;73;11293
PL;7;2013;P;230;100;;;143;100;88;;0;100;10842;100;4578;100;6144;100;119;100;0;100;0;100;839;100;302;100;0;100;537;100;0;100;122;100;11911;63;-124;11724
PL;8;2013;P;169;100;;;91;100;78;;0;100;10802;100;4438;100;6114;100;251;100;0;100;0;100;891;100;356;100;0;100;536;100;0;100;119;100;11862;59;-201;11602
PL;9;2013;P;170;100;;;97;100;73;;0;100;11077;100;4294;100;6560;100;223;100;0;100;0;100;966;100;444;100;0;100;523;100;0;100;133;100;12213;76;-561;11576
PL;10;2013;P;194;100;;;109;100;85;;0;100;11825;100;4613;100;6949;100;262;100;0;100;0;100;1204;100;622;100;0;100;581;100;0;100;144;100;13223;77;-435;12711
PL;11;2013;P;213;100;;;114;100;99;;0;100;11722;100;4498;100;7007;100;217;100;0;100;0;100;1154;100;649;100;0;100;506;100;0;100;125;100;13089;91;-523;12475
PL;12;2013;P;268;100;;;137;100;131;;0;100;11558;100;4290;100;7041;100;227;100;0;100;0;100;1529;100;988;100;0;100;541;100;0;100;135;100;13355;127;-342;12886
PL;1;2012;D;209;100;;;127;100;82;;0;100;12546;100;4380;100;7720;100;446;100;0;100;0;100;975;100;460;100;0;100;515;100;0;100;124;100;13730;55;-453;13222
PL;2;2012;D;177;100;;;101;100;76;;0;100;12779;100;4392;100;7951;100;436;100;0;100;0;100;851;100;377;100;0;100;474;100;0;100;137;100;13807;56;-570;13181
PL;3;2012;D;282;100;;;183;100;99;;0;100;11543;100;4206;100;6893;100;444;100;0;100;0;100;1032;100;471;100;0;100;561;100;0;100;103;100;12857;46;-136;12675
PL;4;2012;D;280;100;;;170;100;110;;0;100;10602;100;4102;100;6089;100;411;100;0;100;0;100;938;100;353;100;0;100;585;100;0;100;100;100;11820;41;-322;11457
PL;5;2012;D;227;100;;;130;100;98;;0;100;10241;100;4076;100;5912;100;253;100;0;100;0;100;898;100;304;100;0;100;594;100;0;100;109;100;11366;38;-21;11307
PL;6;2012;D;226;100;;;131;100;95;;0;100;10364;100;4295;100;5869;100;201;100;0;100;0;100;910;100;274;100;0;100;636;100;0;100;118;100;11500;50;-378;11072
PL;7;2012;D;194;100;;;112;100;82;;0;100;10311;100;4279;100;5806;100;226;100;0;100;0;100;863;100;230;100;0;100;632;100;0;100;131;100;11368;57;15;11326
PL;8;2012;D;151;100;;;80;100;71;;0;100;10479;100;4084;100;6099;100;296;100;0;100;0;100;891;100;244;100;0;100;647;100;0;100;129;100;11521;60;-44;11417
PL;9;2012;D;138;100;;;77;100;62;;0;100;10376;100;4071;100;5953;100;352;100;0;100;0;100;953;100;349;100;0;100;604;100;0;100;112;100;11467;38;-107;11322
PL;10;2012;D;156;100;;;83;100;73;;0;100;11496;100;4049;100;7040;100;407;100;0;100;0;100;1080;100;407;100;0;100;672;100;0;100;123;100;12732;69;-121;12542
PL;11;2012;D;189;100;;;109;100;80;;0;100;11466;100;4161;100;6874;100;430;100;0;100;0;100;1149;100;423;100;0;100;726;100;0;100;106;100;12804;70;-340;12394
PL;12;2012;D;202;100;;;100;100;102;;0;100;11974;100;4074;100;7459;100;442;100;0;100;0;100;1220;100;489;100;0;100;731;100;0;100;122;100;13396;61;-364;12971
PL;1;2011;D;291;100;60;100;160;100;;100;0;100;13242;100;4039;100;8780;100;423;100;0;100;0;100;176;100;150;;0;100;;;0;100;129;100;13709;76;-415;13218
PL;2;2011;D;252;100;45;100;156;100;;100;0;100;12250;100;3751;100;8106;100;393;100;0;100;0;100;241;100;216;;0;100;;;0;100;112;100;12743;57;-421;12265
PL;3;2011;D;244;100;41;100;168;100;;100;0;100;13182;100;4178;100;8555;100;449;100;0;100;0;100;241;100;216;;0;100;;;0;100;112;100;13667;35;-775;12857
PL;4;2011;D;257;100;43;100;166;100;;100;0;100;11414;100;3701;100;7297;100;416;100;0;100;0;100;284;100;206;;0;100;;;0;100;98;100;11955;44;-398;11513
PL;5;2011;D;216;100;36;100;132;100;;100;0;100;11771;100;3974;100;7550;100;246;100;0;100;0;100;211;100;184;;0;100;;;0;100;112;100;12198;51;-573;11574
PL;6;2011;D;198;100;33;100;116;100;;100;0;100;11147;100;4170;100;6794;100;182;100;0;100;0;100;207;100;181;;0;100;;;0;100;113;100;11552;51;-285;11216
PL;7;2011;D;277;100;64;100;160;100;;100;0;100;11090;100;4210;100;6654;100;226;100;0;100;0;100;200;100;173;;0;100;;;0;100;130;100;11567;59;-140;11368
PL;8;2011;D;265;100;47;100;155;100;;100;0;100;11488;100;4413;100;6769;100;307;100;0;100;0;100;230;100;204;;0;100;;;0;100;114;100;11983;52;-403;11528
PL;9;2011;D;173;100;25;100;108;100;;100;0;100;11720;100;4186;100;7265;100;269;100;0;100;0;100;238;100;211;;0;100;;;0;100;119;100;12131;48;-438;11645
PL;10;2011;D;157;100;21;100;86;100;;100;0;100;12741;100;4184;100;8122;100;435;100;0;100;0;100;305;100;275;;0;100;;;0;100;127;100;13203;61;-464;12678
PL;11;2011;D;126;100;18;100;67;100;;100;0;100;12932;100;4051;100;8447;100;434;100;0;100;0;100;233;100;207;;0;100;;;0;100;126;100;13291;53;-509;12729
PL;12;2011;D;166;100;25;100;94;100;;100;0;100;12848;100;4536;100;7872;100;440;100;0;100;0;100;571;100;522;;0;100;;;0;100;134;100;13585;58;-422;13105
PL;1;2010;D;259;100;38;100;125;100;;100;0;100;13276;100;3984;100;8785;100;508;100;;;;;136;100;117;;0;100;;;0;100;165;100;13671;103;-164;13404
PL;2;2010;D;193;100;34;100;104;100;;100;0;100;11985;100;3787;100;7749;100;449;100;;;;;125;100;106;;0;100;;;0;100;126;100;12303;65;-335;11903
PL;3;2010;D;313;100;57;100;192;100;;100;0;100;12340;100;4174;100;7763;100;403;100;0;100;0;100;179;100;158;;0;100;;;0;100;125;100;12832;57;-157;12618
PL;4;2010;D;307;100;63;100;179;100;;100;0;100;10626;100;3623;100;6644;100;358;100;0;100;0;100;149;100;127;;0;100;;;0;100;100;100;11082;48;50;11084
PL;5;2010;D;334;100;74;100;167;100;;100;0;100;10730;100;3547;100;7004;100;179;100;0;100;0;100;160;100;136;;0;100;;;0;100;105;100;11224;56;145;11313
PL;6;2010;D;313;100;45;100;169;100;;100;0;100;10573;100;3656;100;6704;100;213;100;0;100;0;100;125;100;101;;0;100;;;0;100;104;100;11011;66;-94;10851
PL;7;2010;D;266;100;40;100;136;100;;100;0;100;11007;100;4005;100;6799;100;203;100;0;100;0;100;122;100;100;;0;100;;;0;100;135;100;11395;85;60;11370
PL;8;2010;D;293;100;58;100;161;100;;100;0;100;10770;100;3812;100;6776;100;182;100;0;100;0;100;148;100;126;;0;100;;;0;100;123;100;11211;69;68;11210
PL;9;2010;D;307;100;64;100;176;100;;100;0;100;11105;100;3670;100;7143;100;292;100;0;100;0;100;227;100;203;;0;100;;;0;100;119;100;11639;56;-181;11402
PL;10;2010;D;262;100;46;100;150;100;;100;0;100;12319;100;3816;100;8056;100;447;100;0;100;0;100;255;100;231;;0;100;;;0;100;120;100;12836;74;-285;12477
PL;11;2010;D;255;100;43;100;156;100;;100;0;100;12094;100;3743;100;7928;100;423;100;0;100;0;100;242;100;221;;0;100;;;0;100;117;100;12591;69;-242;12280
PL;12;2010;D;303;100;53;100;159;100;;100;0;100;13445;100;3734;100;9334;100;377;100;0;100;0;100;240;100;217;;0;100;;;0;100;142;100;13988;89;-220;13679
PT;1;2013;P;1520;100;;;831;100;689;;0;100;1734;100;0;100;991;100;704;100;18;100;21;100;1431;100;1184;100;19;100;228;100;0;100;70;100;4685;163;-45;4477
PT;2;2013;P;1508;100;;;898;100;610;;0;100;1520;100;0;100;905;100;577;100;21;100;18;100;1265;100;1028;100;27;100;210;100;0;100;58;100;4293;150;-99;4044
PT;3;2013;P;2243;100;;;1311;100;932;;0;100;989;100;0;100;431;100;515;100;23;100;20;100;1803;100;1544;100;26;100;234;100;0;100;80;100;5035;110;-620;4305
PT;4;2013;P;2263;100;;;1408;100;855;;0;100;862;100;0;100;354;100;473;100;18;100;16;100;1325;100;1061;100;41;100;223;100;0;100;69;100;4450;69;-525;3856
PT;5;2013;P;1173;100;;;723;100;450;;0;100;1512;100;0;100;1022;100;451;100;19;100;20;100;1113;100;833;100;47;100;233;100;0;100;55;100;3798;73;150;3875
PT;6;2013;P;842;100;;;431;100;412;;0;100;1569;100;0;100;1038;100;497;100;13;100;21;100;1058;100;786;100;47;100;224;100;0;100;48;100;3469;122;440;3787
PT;7;2013;P;660;100;;;267;100;393;;0;100;1878;100;0;100;1087;100;756;100;12;100;23;100;736;100;479;100;50;100;207;100;0;100;55;100;3274;104;1092;4262
PT;8;2013;P;597;100;;;325;100;272;;0;100;1828;100;0;100;1249;100;547;100;10;100;22;100;995;100;723;100;52;100;221;100;0;100;52;100;3420;134;658;3944
PT;9;2013;P;738;100;;;370;100;367;;0;100;1645;100;0;100;1059;100;549;100;15;100;22;100;1000;100;729;100;42;100;229;100;0;100;54;100;3383;133;707;3957
PT;10;2013;P;952;100;;;573;100;378;;0;100;1524;100;0;100;984;100;506;100;15;100;18;100;1137;100;874;100;33;100;230;100;0;100;58;100;3613;128;530;4015
PT;11;2013;P;1128;100;;;606;100;523;;0;100;1435;100;0;100;895;100;507;100;13;100;19;100;1528;100;1272;100;30;100;225;100;0;100;61;100;4091;131;171;4131
PT;12;2013;P;1015;100;;;568;100;447;;0;100;1802;100;0;100;936;100;828;100;14;100;23;100;1499;100;1236;100;27;100;236;100;0;100;66;100;4316;142;317;4491
PT;1;2012;D;497;100;;;277;100;220;;0;100;2480;100;0;100;1093;100;1307;100;60;100;20;100;879;100;651;;21;100;208;;0;100;59;100;3856;78;860;4638
PT;2;2012;D;355;100;;;179;100;175;;0;100;2264;100;0;100;1080;100;1099;100;66;100;20;100;1141;100;901;;28;100;212;;0;100;54;100;3760;84;700;4376
PT;3;2012;D;425;100;;;272;100;153;;0;100;1965;100;0;100;1083;100;808;100;51;100;23;100;1047;100;796;100;29;100;221;100;0;100;51;100;3437;128;795;4104
PT;4;2012;D;431;100;;;275;100;156;;0;100;1385;100;0;100;755;100;571;100;41;100;18;100;1341;100;1093;100;23;100;225;100;0;100;50;100;3157;133;801;3825
PT;5;2012;D;721;100;;;461;100;260;;0;100;1565;100;0;100;947;100;560;100;49;100;9;100;1023;100;777;100;33;100;213;100;0;100;55;100;3309;88;747;3968
PT;6;2012;D;464;100;;;299;100;165;;0;100;1841;100;0;100;1123;100;659;100;50;100;9;100;967;100;724;100;36;100;207;100;0;100;51;100;3272;101;681;3852
PT;7;2012;D;333;100;;;177;100;156;;0;100;2226;100;0;100;1203;100;956;100;55;100;12;100;1032;100;766;100;44;100;222;100;0;100;47;100;3591;121;657;4127
PT;8;2012;D;320;100;;;166;100;154;;0;100;2269;100;0;100;1151;100;1052;100;50;100;16;100;930;100;660;100;42;100;227;100;0;100;46;100;3519;101;456;3874
PT;9;2012;D;319;100;;;130;100;188;;0;100;2125;100;0;100;1003;100;1054;100;47;100;21;100;970;100;729;100;34;100;208;100;0;100;51;100;3414;103;618;3929
PT;10;2012;D;544;100;;;281;100;262;;0;100;1780;100;0;100;884;100;834;100;44;100;19;100;944;100;686;100;29;100;229;100;0;100;50;100;3268;122;821;3967
PT;11;2012;D;965;100;;;553;100;412;;0;100;1649;100;0;100;943;100;660;100;27;100;19;100;1436;100;1200;100;19;100;217;100;0;100;56;100;4050;137;162;4075
PT;12;2012;D;1075;100;;;599;100;475;;0;100;1565;100;0;100;872;100;650;100;23;100;20;100;1281;100;1028;100;19;100;235;100;0;100;68;100;3921;191;595;4325
PT;1;2011;D;2301;100;713;100;1431;100;;100;0;100;1441;100;0;100;183;100;1137;100;99;100;53;100;1150;100;920;100;10;100;;;0;100;84;100;4892;33;51;4910
PT;2;2011;D;1447;100;436;100;941;100;;100;0;100;2064;100;0;100;595;100;1362;100;88;100;19;100;1000;100;809;100;15;100;;;0;100;53;100;4511;28;-156;4327
PT;3;2011;D;1537;100;393;100;1078;100;;100;0;100;1808;100;0;100;277;100;1412;100;100;100;19;100;1111;100;875;100;18;100;;;0;100;60;100;4456;36;12;4432
PT;4;2011;D;1218;100;267;100;918;100;;100;0;100;1286;100;0;100;89;100;1095;100;85;100;17;100;935;100;702;100;22;100;;;0;100;58;100;3439;54;502;3887
PT;5;2011;D;983;100;288;100;664;100;;100;0;100;2488;100;0;100;758;100;1629;100;81;100;20;100;711;100;464;100;26;100;;;0;100;50;100;4182;41;-46;4095
PT;6;2011;D;579;100;250;100;285;100;;100;0;100;2196;100;0;100;930;100;1159;100;86;100;22;100;908;100;666;100;30;100;;;0;100;42;100;3683;43;330;3970
PT;7;2011;D;433;100;186;100;195;100;;100;0;100;2271;100;0;100;1022;100;1136;100;90;100;23;100;1146;100;885;100;32;100;;;0;100;46;100;3850;65;437;4222
PT;8;2011;D;432;100;192;100;189;100;;100;0;100;2518;100;0;100;1138;100;1270;100;89;100;21;100;832;100;581;;28;100;;;0;100;46;100;3782;57;277;4002
PT;9;2011;D;525;100;141;100;329;100;;100;0;100;2482;100;0;100;1086;100;1283;100;91;100;22;100;705;100;459;;26;100;;;0;100;49;100;3712;82;448;4078
PT;10;2011;D;610;100;195;100;377;100;;100;0;100;2168;100;0;100;1032;100;1037;100;80;100;19;100;1035;100;785;;24;100;;;0;100;50;100;3813;87;342;4068
PT;11;2011;D;936;100;231;100;658;100;;100;0;100;1878;100;0;100;941;100;852;100;68;100;18;100;1205;100;972;;15;100;;;0;100;54;100;4019;97;187;4109
PT;12;2011;D;824;100;217;100;565;100;;100;0;100;2132;100;0;100;1077;100;972;100;61;100;23;100;1128;100;884;;16;100;;;0;100;61;100;4084;114;429;4399
PT;1;2010;D;2573;100;963;100;1519;100;;100;0;100;1493;100;0;100;504;100;862;100;82;100;45;100;1140;100;975;100;8;100;;;0;100;93;100;5206;23;-263;4920
PT;2;2010;D;1890;100;679;100;1122;100;;100;0;100;1344;100;0;100;288;100;932;100;79;100;45;100;1151;100;983;100;9;100;;;0;100;76;100;4385;36;81;4430
PT;3;2010;D;2326;100;811;100;1394;100;;100;0;100;1134;100;0;100;75;100;915;100;95;100;50;100;1112;100;915;;14;100;;;0;100;85;100;4572;34;32;4570
PT;4;2010;D;1988;100;683;100;1260;100;;100;0;100;1163;100;0;100;157;100;869;100;86;100;51;100;833;100;616;;19;100;;;0;100;78;100;3984;36;46;3994
PT;5;2010;D;1502;100;530;100;944;100;;100;0;100;1619;100;0;100;197;100;1292;100;84;100;45;100;919;100;703;100;23;100;;;0;100;63;100;4040;35;64;4069
PT;6;2010;D;959;100;285;100;644;100;;100;0;100;1888;100;0;100;458;100;1296;100;87;100;48;100;771;100;549;100;24;100;;;0;100;55;100;3618;26;415;4007
PT;7;2010;D;741;100;289;100;427;100;;100;0;100;2346;100;0;100;630;100;1575;100;90;100;51;100;807;100;585;;28;100;;;0;100;55;100;3894;22;586;4458
PT;8;2010;D;456;100;165;100;252;100;;100;0;100;2421;100;0;100;912;100;1349;100;109;100;51;100;773;100;543;100;24;100;;;0;100;51;100;3650;53;628;4225
PT;9;2010;D;508;100;194;100;277;100;;100;0;100;2581;100;0;100;1058;100;1298;100;174;100;51;100;599;100;386;100;20;100;;;0;100;50;100;3688;50;529;4167
PT;10;2010;D;570;100;182;100;345;100;;100;0;100;2042;100;0;100;703;100;1048;100;241;100;51;100;953;100;727;100;17;100;;;0;100;51;100;3565;85;630;4110
PT;11;2010;D;998;100;431;100;516;100;;100;0;100;2089;100;0;100;677;100;1138;100;233;100;40;100;1108;100;897;100;12;100;;;0;100;55;100;4195;83;239;4351
PT;12;2010;D;1736;100;568;100;1073;100;;100;0;100;2195;100;0;100;894;100;1030;100;226;100;45;100;1364;100;1144;100;9;100;;;0;100;68;100;5295;27;-363;4905
RO;1;2013;P;978;100;;;785;100;193;;960;100;2604;100;1246;100;255;100;381;100;;100;722;100;467;100;448;100;2;100;17;100;0;100;103;100;5009;5;-10;4994
RO;2;2013;P;1006;100;;;815;100;191;;878;100;2182;100;1114;100;204;100;269;100;;100;595;100;454;100;423;100;4;100;27;100;0;100;93;100;4520;4;-70;4446
RO;3;2013;P;1333;100;;;980;100;353;;940;100;1987;100;1051;100;244;100;151;100;0;100;541;100;510;100;474;100;8;100;28;100;0;100;96;100;4770;13;-93;4664
RO;4;2013;P;1661;100;;;955;100;706;;945;100;1180;100;625;100;157;100;9;100;0;100;389;100;513;100;466;100;20;100;27;100;0;100;81;100;4299;38;-48;4213
RO;5;2013;P;1718;100;;;1020;100;698;;630;100;1258;100;599;100;194;100;189;100;0;100;276;100;396;100;341;100;33;100;22;100;0;100;86;100;4002;13;28;4017
RO;6;2013;P;1646;100;;;993;100;653;;852;100;1266;100;720;100;227;100;53;100;0;100;266;100;312;100;248;100;41;100;23;100;0;100;85;100;4076;19;-57;4000
RO;7;2013;P;1432;100;;;706;100;726;;913;100;1647;100;836;100;257;100;306;100;0;100;248;100;346;100;260;100;62;100;24;100;0;100;69;100;4338;14;-138;4186
RO;8;2013;P;910;100;;;411;100;499;;940;100;2011;100;1127;100;210;100;451;100;0;100;223;100;331;100;229;100;64;100;38;100;0;100;70;100;4192;10;-46;4136
RO;9;2013;P;849;100;;;493;100;356;;929;100;1930;100;1122;100;195;100;366;100;;100;247;100;436;100;356;100;58;100;22;100;0;100;79;100;4144;10;-229;3905
RO;10;2013;P;1090;100;;;652;100;438;;829;100;2417;100;1281;100;279;100;491;100;0;100;366;100;508;100;426;100;53;100;29;100;0;100;85;100;4844;19;-379;4446
RO;11;2013;P;1096;100;;;660;100;436;;934;100;2389;100;1245;100;251;100;418;100;0;100;475;100;496;100;433;100;34;100;29;100;0;100;95;100;4915;13;-486;4416
RO;12;2013;P;1158;100;;;622;100;536;;924;100;2740;100;1188;100;322;100;565;100;0;100;665;100;554;100;493;100;31;100;30;100;0;100;91;100;5376;9;-487;4880
RO;1;2012;P;751;100;;;527;100;224;;974;100;2936;100;1600;100;347;100;97;100;;100;892;100;287;100;271;100;0;100;16;100;0;100;87;100;4948;4;42;4986
RO;2;2012;P;861;100;;;463;100;398;;912;100;3059;100;1671;100;452;100;75;100;0;100;861;100;217;100;181;100;0;100;36;100;0;100;92;100;5049;3;-61;4985
RO;3;2012;P;986;100;;;800;100;186;;972;100;2480;100;1493;100;273;100;9;100;;100;705;100;250;100;234;100;0;100;16;100;0;100;86;100;4688;7;70;4751
RO;4;2012;P;1405;100;;;991;100;414;;911;100;1748;100;1125;100;173;100;10;100;;100;440;100;239;100;224;100;n.a.;100;15;100;0;100;83;100;4303;31;-29;4243
RO;5;2012;P;1735;100;;;1043;100;692;;535;100;1865;100;1321;100;191;100;5;100;;100;348;100;182;100;180;100;0;100;2;100;0;100;92;100;4317;36;42;4323
RO;6;2012;P;1585;100;;;930;100;655;;714;100;1760;100;1279;100;141;100;56;100;;100;284;100;159;100;143;100;n.a.;100;16;100;0;100;79;100;4218;23;-1;4194
RO;7;2012;P;1198;100;;;570;100;628;;868;100;2351;100;1538;100;248;100;247;100;;100;318;100;224;100;209;100;n.a.;100;15;100;0;100;81;100;4641;9;-64;4568
RO;8;2012;P;744;100;;;441;100;303;;942;100;2335;100;1476;100;263;100;301;100;;100;295;100;271;100;208;100;n.a.;100;63;100;0;100;75;100;4292;7;80;4365
RO;9;2012;P;585;100;;;421;100;164;;923;100;2258;100;1397;100;173;100;235;100;;100;453;100;218;100;203;100;n.a.;100;15;100;0;100;72;100;3984;4;71;4051
RO;10;2012;P;654;100;;;460;100;194;;966;100;2449;100;1428;100;259;100;387;100;;100;375;100;266;100;256;100;n.a.;100;10;100;0;100;84;100;4335;5;91;4421
RO;11;2012;P;834;100;;;629;100;205;;910;100;2625;100;1487;100;284;100;252;100;;100;602;100;248;100;240;100;n.a.;100;8;100;0;100;89;100;4617;6;38;4649
RO;12;2012;P;853;100;;;638;100;215;;911;100;2752;100;1436;100;326;100;204;100;;100;786;100;412;100;395;100;n.a.;100;17;100;0;100;99;100;4928;6;-31;4891
RO;1;2011;D;1855;100;766;100;1089;100;;100;929;100;2719;100;1564;100;287;100;59;100;0;100;809;100;73;100;57;;0;100;;;0;100;128;100;5576;14;-486;5076
RO;2;2011;D;1517;100;756;100;761;100;;100;879;100;2613;100;1550;100;251;100;50;100;0;100;762;100;141;100;128;;0;100;;;0;100;92;100;5150;8;-365;4777
RO;3;2011;D;1566;100;710;100;856;100;;100;972;100;2657;100;1668;100;264;100;7;100;0;100;718;100;143;100;126;;0;100;;;0;100;92;100;5338;10;-403;4925
RO;4;2011;D;1628;100;746;100;882;100;;100;942;100;2050;100;1370;100;205;100;7;100;0;100;468;100;129;100;114;;0;100;;;0;100;85;100;4749;18;-385;4346
RO;5;2011;D;1512;100;738;100;774;100;;100;567;100;2384;100;1615;100;304;100;119;100;;100;346;100;94;100;78;;0;100;;;0;100;86;100;4557;24;-180;4353
RO;6;2011;D;1190;100;433;100;757;100;;100;896;100;2105;100;1475;100;243;100;76;100;;100;311;100;107;100;93;;0;100;;;0;100;91;100;4298;20;-106;4172
RO;7;2011;D;1246;100;524;100;722;100;;100;944;100;2109;100;1592;100;121;100;75;100;;100;321;100;76;100;61;;0;100;;;0;100;88;100;4375;21;-11;4343
RO;8;2011;D;1241;100;604;100;637;100;;100;944;100;2038;100;1500;100;214;100;28;100;;100;296;100;114;100;99;;0;100;;;0;100;81;100;4337;16;12;4333
RO;9;2011;D;901;100;476;100;425;100;;100;885;100;2487;100;1704;100;288;100;150;100;;100;345;100;88;100;73;;0;100;;;0;100;77;100;4361;7;-81;4273
RO;10;2011;D;689;100;245;100;444;100;;100;968;100;2723;100;1679;100;355;100;230;100;0;100;459;100;150;100;134;;0;100;;;0;100;84;100;4530;6;31;4555
RO;11;2011;D;674;100;297;100;377;100;;100;931;100;3158;100;1656;100;395;100;291;100;;100;816;100;112;100;96;;0;100;;;0;100;90;100;4875;4;0;4871
RO;12;2011;D;651;100;217;100;434;100;;100;939;100;3056;100;1417;100;323;100;190;100;;100;1126;100;176;100;159;;0;100;;;0;100;86;100;4822;5;75;4892
RO;1;2010;D;1481;100;957;;524;;;;921;100;2582;100;1317;;291;;60;;;;914;;4;100;2;;0;;;;0;100;89;100;4988;19;-96;4873
RO;2;2010;D;1246;100;474;;772;;;;857;100;2365;100;1292;;229;;54;;;;790;;6;100;1;;n.a.;;;;0;100;82;100;4474;19;16;4471
RO;3;2010;D;1560;100;552;;1008;;;;906;100;2248;100;1241;;215;;53;;;;739;;7;100;2;;0;;;;0;100;82;100;4721;14;20;4727
RO;4;2010;D;1691;100;558;;1133;;;;905;100;1565;100;993;;177;;6;;;;389;;6;100;2;;0;;;;0;100;84;100;4167;31;-24;4112
RO;5;2010;D;1843;100;754;100;1089;100;;100;584;100;1688;100;1303;100;123;100;2;100;;100;260;100;7;100;2;;0;100;;;0;100;100;100;4122;43;9;4088
RO;6;2010;D;1742;100;779;100;963;100;;100;898;100;1582;100;1177;100;138;100;27;100;;100;240;100;14;100;2;;0;100;;;0;100;88;100;4236;28;-158;4050
RO;7;2010;D;1973;100;918;100;1055;100;;100;840;100;1790;100;1354;100;109;100;43;100;;100;284;100;12;100;2;;0;100;;;0;100;91;100;4615;16;-375;4224
RO;8;2010;D;1945;100;929;100;1016;100;;100;944;100;1809;100;1380;100;143;100;15;100;;100;271;100;31;100;22;;0;100;;;0;100;93;100;4729;8;-401;4320
RO;9;2010;D;1536;100;737;100;799;100;;100;934;100;2045;100;1372;100;291;100;90;100;;100;292;100;57;100;40;;0;100;;;0;100;92;100;4572;15;-458;4099
RO;10;2010;D;1624;100;842;100;782;100;;100;977;100;2550;100;1667;100;356;100;109;100;;100;418;100;76;100;62;;0;100;;;0;100;92;100;5227;18;-543;4666
RO;11;2010;D;1483;100;668;100;815;100;;100;945;100;2495;100;1495;100;230;100;111;100;;100;659;100;82;100;68;;0;100;;;0;100;99;100;5005;20;-394;4591
RO;12;2010;D;2050;100;913;100;1137;100;;100;975;100;2565;100;1399;100;231;100;65;100;;100;870;100;100;100;85;;0;100;;;0;100;120;100;5690;34;-515;5141
RS;1;2013;P;1011;100;;;943;100;68;;0;100;3151;100;3099;100;0;100;52;100;0;100;0;100;0;100;0;100;0;100;0;100;0;100;108;100;4162;49;10;4123
RS;2;2013;P;1092;100;;;979;100;123;;0;100;2835;100;2791;100;0;100;44;100;;100;;100;0;100;0;100;0;100;0;100;0;100;99;100;3927;66;-201;3660
RS;3;2013;P;1513;100;;;1049;100;464;;0;100;2593;100;2586;100;0;100;7;100;0;100;0;100;0;100;0;100;0;100;0;100;0;100;97;100;4106;106;-141;3859
RS;4;2013;P;1051;100;;;873;100;178;;0;100;2242;100;2242;100;0;100;0;100;0;100;0;100;0;100;0;100;0;100;0;100;0;100;71;100;3293;136;-43;3114
RS;5;2013;P;1220;100;;;1099;100;121;;0;100;2025;100;2025;100;0;100;0;100;0;100;0;100;0;100;0;100;0;100;0;100;0;100;67;100;3245;139;-362;2744
RS;6;2013;P;1115;100;;;968;100;147;;0;100;2227;100;2227;100;0;100;0;100;0;100;0;100;0;100;0;100;0;100;0;100;0;100;71;100;3342;112;-512;2718
RS;7;2013;P;811;100;;;711;100;100;;0;100;2751;100;2751;100;0;100;0;100;0;100;0;100;0;100;0;100;0;100;0;100;0;100;75;100;3562;87;-656;2819
RS;8;2013;P;498;100;;;424;100;74;;0;100;2638;100;2638;100;0;100;0;100;0;100;0;100;0;100;0;100;0;100;0;100;0;100;72;100;3136;46;-246;2844
RS;9;2013;P;515;100;;;457;100;58;;0;100;2727;100;2727;100;0;100;0;100;0;100;0;100;0;100;0;100;0;100;0;100;0;100;75;100;3242;82;-372;2788
RS;10;2013;P;615;100;;;538;100;77;;0;100;2893;100;2893;100;0;100;0;100;0;100;0;100;0;100;0;100;0;100;0;100;0;100;85;100;3508;81;-179;3248
RS;11;2013;P;809;100;;;754;100;55;;0;100;2749;100;2742;100;0;100;7;100;0;100;0;100;0;100;0;100;0;100;0;100;0;100;90;100;3558;79;-179;3300
RS;12;2013;P;803;100;;;652;100;151;;0;100;3317;100;3260;100;0;100;57;100;0;100;0;100;0;100;0;100;0;100;0;100;0;100;103;100;4120;30;137;4227
RS;1;2012;D;729;100;;;600;100;129;;0;100;3281;100;3213;100;0;100;68;100;0;100;0;100;0;100;0;100;0;100;0;100;0;100;116;100;4010;47;294;4257
RS;2;2012;D;777;100;;;531;100;246;;0;100;2822;100;2685;100;0;100;137;100;0;100;0;100;0;100;0;100;0;100;0;100;0;100;100;100;3599;14;587;4172
RS;3;2012;D;994;100;;;909;100;85;;0;100;2702;100;2688;100;0;100;14;100;0;100;0;100;0;100;0;100;0;100;0;100;0;100;94;100;3696;148;67;3615
RS;4;2012;D;1164;100;;;1019;100;145;;0;100;2181;100;2181;100;0;100;0;100;0;100;0;100;0;100;0;100;0;100;0;100;0;100;80;100;3345;133;-147;3065
RS;5;2012;D;1128;100;;;1015;100;113;;0;100;1995;100;1995;100;0;100;0;100;0;100;0;100;0;100;0;100;0;100;0;100;0;100;77;100;3123;116;-192;2815
RS;6;2012;D;1000;100;;;862;100;138;;0;100;1843;100;1843;100;0;100;0;100;0;100;0;100;0;100;0;100;0;100;0;100;0;100;75;100;2843;43;-87;2713
RS;7;2012;D;717;100;;;609;100;108;;0;100;2178;100;2178;100;0;100;0;100;0;100;0;100;0;100;0;100;0;100;0;100;0;100;74;100;2895;46;-39;2810
RS;8;2012;D;578;100;;;454;100;124;;0;100;2236;100;2169;100;0;100;67;100;0;100;0;100;0;100;0;100;0;100;0;100;0;100;68;100;2814;31;-14;2769
RS;9;2012;D;530;100;;;434;100;96;;0;100;2227;100;2181;100;0;100;46;100;0;100;0;100;0;100;0;100;0;100;0;100;0;100;67;100;2757;77;-45;2635
RS;10;2012;D;615;100;;;506;100;109;;0;100;2650;100;2650;100;0;100;0;100;0;100;0;100;0;100;0;100;0;100;0;100;0;100;78;100;3265;116;-74;3075
RS;11;2012;D;690;100;;;652;100;38;;0;100;2768;100;2768;100;0;100;0;100;0;100;0;100;0;100;0;100;0;100;0;100;0;100;88;100;3458;95;91;3454
RS;12;2012;D;898;100;;;808;100;90;;0;100;3161;100;3107;100;0;100;54;100;0;100;0;100;0;100;0;100;0;100;0;100;0;100;107;100;4059;13;204;4250
RS;1;2011;D;1203;100;106;100;1036;100;;100;0;100;2944;100;;100;;100;;100;;100;;100;0;100;0;;0;100;;;0;100;118;100;4147;86;-277;3784
RS;2;2011;D;959;100;75;100;838;100;;100;0;100;2865;100;;100;;100;;100;;100;;100;0;100;0;;0;100;;;0;100;107;100;3824;30;-199;3595
RS;3;2011;D;1040;100;86;100;890;100;;100;0;100;3052;100;;100;;100;;100;;100;;100;0;100;0;;0;100;;;0;100;105;100;4092;41;166;4217
RS;4;2011;D;869;100;55;100;781;100;;100;0;100;2408;100;;100;;100;;100;;100;;100;0;100;0;;0;100;;;0;100;83;100;3277;56;178;3399
RS;5;2011;D;814;100;48;100;759;100;;100;0;100;2433;100;;100;;100;;100;;100;;100;0;100;0;;0;100;;;0;100;77;100;3247;85;271;3433
RS;6;2011;D;755;100;52;100;652;100;;100;0;100;2291;100;;100;;100;;100;;100;;100;0;100;0;;0;100;;;0;100;73;100;3046;87;294;3253
RS;7;2011;D;722;100;53;100;602;100;;100;0;100;2369;100;;100;;100;;100;;100;;100;0;100;0;;0;100;;;0;100;76;100;3091;56;230;3265
RS;8;2011;D;657;100;44;100;577;100;;100;0;100;2337;100;;100;;100;;100;;100;;100;0;100;0;;0;100;;;0;100;74;100;2994;64;136;3066
RS;9;2011;D;489;100;56;100;373;100;;100;0;100;2389;100;;100;;100;;100;;100;;100;0;100;0;;0;100;;;0;100;72;100;2878;100;32;2810
RS;10;2011;D;633;100;64;100;495;100;;100;0;100;2689;100;;100;;100;;100;;100;;100;0;100;0;;0;100;;;0;100;89;100;3322;41;-99;3182
RS;11;2011;D;491;100;82;100;361;100;;100;0;100;3093;100;;100;;100;;100;;100;;100;0;100;0;;0;100;;;0;100;102;100;3584;61;-387;3136
RS;12;2011;D;530;100;42;100;457;100;;100;0;100;3234;100;;100;;100;;100;;100;;100;0;100;0;;0;100;;;0;100;120;100;3764;158;-572;3034
RS;1;2010;D;1153;100;125;;981;;;;0;100;2836;100;;;;;;;;;;;0;100;0;;0;;;;0;100;104;100;3989;102;-394;3493
RS;2;2010;D;1048;100;133;;843;;;;0;100;2638;100;;;;;;;;;;;0;100;0;;0;;;;0;100;90;100;3686;42;-179;3465
RS;3;2010;D;1250;100;160;;1006;;;;0;100;2591;100;;;;;;;;;;;0;100;0;;0;;;;0;100;90;100;3841;94;-66;3681
RS;4;2010;D;1248;100;155;;1049;;;;0;100;2191;100;;;;;;;;;;;0;100;0;;0;;;;0;100;77;100;3439;129;226;3536
RS;5;2010;D;1232;100;166;;1007;;;;0;100;1985;100;;;;;;;;;;;0;100;0;;0;;;;0;100;75;100;3217;141;227;3303
RS;6;2010;D;935;100;130;100;130;100;;100;0;100;2047;100;;100;;100;;100;;100;;100;0;100;0;;0;100;;;0;100;70;100;2982;78;138;3042
RS;7;2010;D;918;100;84;100;801;100;;100;0;100;2195;100;;100;;100;;100;;100;;100;0;100;0;;0;100;;;0;100;90;100;3113;100;219;3232
RS;8;2010;D;776;100;70;100;706;100;;100;0;100;2211;100;;100;;100;;100;;100;;100;0;100;0;;0;100;;;0;100;88;100;2987;5;189;3171
RS;9;2010;D;779;100;46;100;713;100;;100;0;100;2250;100;;100;;100;;100;;100;;100;0;100;0;;0;100;;;0;100;82;100;3029;50;235;3214
RS;10;2010;D;902;100;78;100;734;100;;100;0;100;2567;100;;100;;100;;100;;100;;100;0;100;0;;0;100;;;0;100;97;100;3469;78;-122;3269
RS;11;2010;D;984;100;79;100;860;100;;100;0;100;2317;100;;100;;100;;100;;100;;100;0;100;0;;0;100;;;0;100;90;100;3301;162;-305;2834
RS;12;2010;D;1228;100;109;100;1019;100;;100;0;100;2680;100;;100;;100;;100;;100;;100;0;100;0;;0;100;;;0;100;118;100;3908;134;-489;3285
SE;1;2013;P;7272;100;;;0;100;7272;;6319;100;833;100;0;100;143;100;426;100;70;100;194;100;1985;100;765;100;0;100;1220;100;0;100;344;100;16409;0;-1104;15305
SE;2;2013;P;6463;100;;;0;100;6463;;5845;100;764;100;0;100;151;100;418;100;24;100;171;100;1655;100;562;100;0;100;1093;100;0;100;285;100;14727;0;-1274;13453
SE;3;2013;P;6117;100;;;0;100;6117;;6405;100;828;100;0;100;180;100;418;100;19;100;198;100;2083;100;890;100;0;100;1193;100;0;100;239;100;15433;0;-936;14497
SE;4;2013;P;4575;100;;;0;100;4575;;6242;100;439;100;0;100;100;100;134;100;10;100;195;100;1867;100;889;100;0;100;978;100;0;100;181;100;13123;0;-1328;11795
SE;5;2013;P;5212;100;;;0;100;5212;;4070;100;195;100;0;100;12;100;2;100;7;100;174;100;1430;100;697;100;0;100;733;100;0;100;209;100;10907;0;-813;10094
SE;6;2013;P;3622;100;;;0;100;3622;;4686;100;161;100;0;100;4;100;4;100;10;100;143;100;1109;100;542;100;0;100;567;100;0;100;165;100;9578;0;-438;9140
SE;7;2013;P;3593;100;;;0;100;3593;;5341;100;170;100;0;100;8;100;1;100;8;100;153;100;1209;100;611;100;0;100;598;100;0;100;191;100;10313;0;-1474;8839
SE;8;2013;P;4152;100;;;0;100;0;;4331;100;129;100;0;100;4;100;2;100;13;100;110;100;1057;100;537;100;0;100;520;100;0;100;227;100;9669;0;-134;9535
SE;9;2013;P;4900;100;;;0;100;0;;3873;100;255;100;0;100;16;100;103;100;10;100;126;100;1262;100;625;100;0;100;637;100;0;100;242;100;10290;0;-265;10025
SE;10;2013;P;5031;100;;;0;100;0;;4765;100;262;100;0;100;63;100;38;100;10;100;151;100;1859;100;1079;100;0;100;780;100;0;100;234;100;11917;0;-512;11405
SE;11;2013;P;4747;100;;;0;100;0;;5763;100;404;100;0;100;122;100;107;100;11;100;170;100;2068;100;1109;100;0;100;959;100;0;100;236;100;12982;0;-601;12381
SE;12;2013;P;5133;100;;;0;100;0;;5964;100;418;100;0;100;122;100;102;100;11;100;183;100;2675;100;1585;100;0;100;1090;100;0;100;270;100;14190;0;-1083;13107
SE;1;2012;D;7180;100;;;0;100;7180;;5360;100;775;100;0;100;149;100;380;100;48;100;198;100;1829;100;631;100;0;100;1198;100;0;100;326;100;15144;0;-567;14577
SE;2;2012;D;7076;100;;;0;100;7076;;4814;100;881;100;0;100;78;100;413;100;199;100;139;100;1826;100;669;100;0;100;1080;100;0;100;320;100;14597;0;-294;14303
SE;3;2012;D;6840;100;;;0;100;6840;;5598;100;484;100;0;100;61;100;195;100;18;100;210;100;1890;100;768;100;0;100;1122;100;0;100;303;100;14812;0;-2071;12741
SE;4;2012;D;6407;100;;;0;100;6407;;5476;100;285;100;0;100;60;100;28;100;140;100;191;100;1539;100;516;100;0;100;1023;100;0;100;291;100;13707;0;-2046;11661
SE;5;2012;D;6668;100;;;0;100;6668;;4393;100;228;100;0;100;11;100;24;100;11;100;182;100;1306;100;527;100;0;100;779;100;0;100;288;100;12595;0;-2085;10510
SE;6;2012;D;6155;100;;;0;100;6155;;4011;100;159;100;0;100;0;100;3;100;6;100;150;100;1058;100;425;100;0;100;633;100;0;100;296;100;11383;0;-1592;9791
SE;7;2012;D;5853;100;;;0;100;5853;;4523;100;128;100;0;100;7;100;5;100;4;100;112;100;978;100;411;100;0;100;567;100;0;100;255;100;11482;0;-2485;8997
SE;8;2012;D;6029;100;;;0;100;6029;;4381;100;131;100;0;100;4;100;2;100;5;100;80;100;933;100;346;100;0;100;587;100;0;100;290;100;11474;0;-1822;9652
SE;9;2012;D;5374;100;;;0;100;5374;;4749;100;179;100;0;100;4;100;8;100;11;100;106;100;1410;100;727;100;0;100;683;100;0;100;244;100;11712;0;-1537;10175
SE;10;2012;D;6696;100;;;0;100;6696;;5712;100;258;100;0;100;51;100;22;100;16;100;169;100;1519;100;637;100;0;100;882;100;0;100;285;100;14185;0;-2201;11984
SE;11;2012;D;6242;100;;;0;100;6242;;6107;100;315;100;0;100;49;100;67;100;18;100;181;100;1804;100;783;100;0;100;1021;100;0;100;245;100;14468;0;-2022;12446
SE;12;2012;D;7224;100;;;0;100;7224;;6119;100;821;100;0;100;115;100;464;100;59;100;183;100;1846;100;670;100;0;100;1176;100;0;100;333;100;16010;0;-851;15159
SE;1;2011;D;5466;100;0;100;0;100;;100;6571;100;893;100;0;100;150;100;460;100;117;100;166;100;1841;100;465;;0;100;;;0;100;228;100;14771;0;244;15015
SE;2;2011;D;5460;100;0;100;0;100;;100;5828;100;934;100;0;100;141;100;503;100;144;100;146;100;1688;100;496;;0;100;;;0;100;194;100;13910;0;84;13994
SE;3;2011;D;4107;100;0;100;0;100;;100;6475;100;901;100;0;100;153;100;533;100;51;100;164;100;1903;100;629;;0;100;;;0;100;152;100;13386;0;304;13690
SE;4;2011;D;4523;100;0;100;0;100;;100;4972;100;495;100;0;100;62;100;273;100;12;100;148;100;1437;100;414;;0;100;;;0;100;149;100;11427;0;-557;10870
SE;5;2011;D;4231;100;0;100;0;100;;100;4861;100;415;100;0;100;27;100;238;100;10;100;140;100;1321;100;447;;0;100;;;0;100;132;100;10828;0;-351;10477
SE;6;2011;D;5167;100;0;100;0;100;;100;3747;100;155;100;0;100;0;100;23;100;7;100;125;100;989;100;341;;0;100;;;0;100;242;100;10058;0;-634;9424
SE;7;2011;D;4077;100;0;100;0;100;;100;5061;100;119;100;0;100;5;100;2;100;8;100;66;100;876;100;288;;0;100;;;0;100;159;100;10133;0;-1113;9020
SE;8;2011;D;5630;100;0;100;0;100;;100;4305;100;81;100;0;100;5;100;2;100;8;100;66;100;872;100;344;;0;100;;;0;100;206;100;10888;0;-1190;9698
SE;9;2011;D;7210;100;0;100;0;100;;100;3314;100;150;100;0;100;3;100;41;100;20;100;85;100;1181;100;552;;0;100;;;0;100;254;100;11855;0;-1677;10178
SE;10;2011;D;7061;100;0;100;0;100;;100;3468;100;227;100;0;100;46;100;35;100;22;100;124;100;1499;100;669;;0;100;;;0;100;170;100;12255;0;-652;11603
SE;11;2011;D;6040;100;0;100;0;100;;100;3902;100;496;100;0;100;87;100;276;100;17;100;116;100;1536;100;544;;0;100;;;0;100;328;100;11974;0;-156;11818
SE;12;2011;D;6811;100;0;100;0;100;;100;5519;100;493;100;0;100;90;100;227;100;30;100;116;100;2113;100;881;;0;100;;;0;100;310;100;14936;0;-1501;13435
SE;1;2010;D;7273;100;0;;0;;;;4670;100;1142;100;0;100;132;100;555;100;282;100;173;100;1602;100;253;100;0;;;;0;100;293;100;14687;3;1537;16221
SE;2;2010;D;6277;100;0;;0;;;;3891;100;1082;100;0;100;125;100;522;100;281;100;154;100;1401;100;200;100;0;;;;0;100;243;100;12651;2;1560;14209
SE;3;2010;D;4904;100;0;;0;;;;5088;100;902;100;0;100;126;100;506;100;100;100;170;100;1586;100;280;100;0;;;;0;100;192;100;12480;2;1431;13909
SE;4;2010;D;3795;100;0;;0;;;;5522;100;625;100;0;100;92;100;380;100;19;100;134;100;1299;100;240;;0;;;;0;100;124;100;11241;0;-72;11169
SE;5;2010;D;5597;100;0;100;0;100;;100;5699;100;406;100;0;100;44;100;204;100;16;100;142;100;1083;100;216;;0;100;;;0;100;197;100;12785;3;-2151;10631
SE;6;2010;D;5362;100;0;100;0;100;;100;5082;100;368;100;0;100;4;100;213;100;14;100;137;100;895;100;188;;0;100;;;0;100;194;100;11707;3;-2057;9647
SE;7;2010;D;4957;100;0;100;0;100;;100;4427;100;333;100;0;100;0;100;230;100;13;100;90;100;840;100;240;;0;100;;;0;100;172;100;10557;0;-1495;9062
SE;8;2010;D;5274;100;0;100;0;100;;100;4619;100;71;100;0;100;1;100;9;100;2;100;59;100;828;100;227;;0;100;;;0;100;154;100;10792;0;-1130;9662
SE;9;2010;D;4739;100;0;100;0;100;;100;3356;100;347;100;0;100;0;100;25;100;204;100;118;100;1066;100;328;;0;100;;;0;100;140;100;9508;2;772;10278
SE;10;2010;D;5786;100;0;100;0;100;;100;2864;100;586;100;0;100;48;100;27;100;370;100;141;100;1430;100;458;;0;100;;;0;100;215;100;10666;1;1425;12090
SE;11;2010;D;6133;100;0;100;0;100;;100;4653;100;860;100;0;100;116;100;500;100;101;100;143;100;1639;100;469;;0;100;;;0;100;231;100;13285;0;477;13762
SE;12;2010;D;6118;100;0;100;0;100;;100;5755;100;1081;100;0;100;189;100;410;100;326;100;156;100;1717;100;380;;0;100;;;0;100;265;100;14671;2;1781;16450
SI;1;2013;P;270;100;;;0;100;0;;519;100;424;100;323;100;101;100;;100;;100;;100;0;100;0;100;0;100;0;100;0;100;13;100;1213;0;-50;1163
SI;2;2013;P;241;100;;;0;100;0;;408;100;390;100;287;100;103;100;;100;;100;;100;0;100;0;100;0;100;0;100;0;100;11;100;1039;0;32;1071
SI;3;2013;P;372;100;;;0;100;0;;469;100;376;100;295;100;81;100;;100;;100;;100;0;100;0;100;0;100;0;100;0;100;12;100;1217;0;-101;1116
SI;4;2013;P;505;100;;;0;100;0;;501;100;207;100;171;100;36;100;;100;;100;;100;0;100;0;100;0;100;0;100;0;100;11;100;1213;0;-209;1004
SI;5;2013;P;595;100;;;0;100;0;;517;100;173;100;152;100;21;100;;100;;100;;100;0;100;0;100;0;100;0;100;0;100;11;100;1285;0;-294;991
SI;6;2013;P;488;100;;;0;100;0;;496;100;303;100;292;100;11;100;;100;;100;;100;0;100;0;100;0;100;0;100;0;100;12;100;1287;0;-298;989
SI;7;2013;P;328;100;;;0;100;0;;503;100;447;100;368;100;79;100;;100;;100;;100;0;100;0;100;0;100;0;100;0;100;11;100;1278;0;-240;1038
SI;8;2013;P;256;100;;;0;100;0;;497;100;392;100;353;100;39;100;;100;;100;;100;0;100;0;100;0;100;0;100;0;100;7;100;1145;0;-132;1013
SI;9;2013;P;262;100;;;0;100;0;;493;100;400;100;324;100;76;100;;100;;100;;100;0;100;0;100;0;100;0;100;0;100;10;100;1155;0;-126;1029
SI;10;2013;P;323;100;;;0;100;0;;0;100;448;100;352;100;96;100;;100;;100;;100;0;100;0;100;0;100;0;100;0;100;9;100;771;0;323;1094
SI;11;2013;P;505;100;;;0;100;0;;115;100;399;100;310;100;89;100;;100;;100;;100;0;100;0;100;0;100;0;100;0;100;12;100;1019;0;42;1061
SI;12;2013;P;334;100;;;0;100;0;;507;100;423;100;318;100;103;100;2;100;;100;;100;0;100;0;100;0;100;0;100;0;100;11;100;1264;0;-163;1101
SI;1;2012;D;155;100;;;0;100;0;;516;100;451;100;340;100;111;100;;100;;100;;100;0;100;0;100;0;100;0;100;0;100;10;100;1122;0;17;1139
SI;2;2012;D;122;100;;;0;100;0;;476;100;479;100;354;100;124;100;1;100;;100;;100;0;100;0;100;0;100;0;100;0;100;10;100;1077;0;54;1131
SI;3;2012;D;140;100;;;0;100;0;;510;100;389;100;294;100;95;100;;100;;100;;100;0;100;0;100;0;100;0;100;0;100;10;100;1039;0;28;1067
SI;4;2012;D;253;100;;;0;100;0;;209;100;340;100;265;100;75;100;;100;;100;;100;0;100;0;100;0;100;0;100;0;100;10;100;802;0;178;980
SI;5;2012;D;347;100;;;0;100;0;;42;100;322;100;271;100;51;100;;100;;100;;100;0;100;0;100;0;100;0;100;0;100;14;100;711;0;307;1018
SI;6;2012;D;355;100;;;0;100;0;;494;100;303;100;262;100;41;100;;100;;100;;100;0;100;0;100;0;100;0;100;0;100;14;100;1152;0;-129;1023
SI;7;2012;D;380;100;;;0;100;0;;502;100;376;100;303;100;73;100;;100;;100;;100;0;100;0;100;0;100;0;100;0;100;15;100;1258;0;-208;1050
SI;8;2012;D;307;100;;;0;100;0;;495;100;389;100;367;100;21;100;1;100;;100;;100;0;100;0;100;0;100;0;100;0;100;15;100;1191;0;-165;1026
SI;9;2012;D;365;100;;;0;100;0;;495;100;383;100;314;100;69;100;;100;;100;;100;0;100;0;100;0;100;0;100;0;100;13;100;1243;0;-225;1018
SI;10;2012;D;438;100;;;0;100;0;;476;100;421;100;326;100;92;100;3;100;;100;;100;0;100;0;100;0;100;0;100;0;100;13;100;1335;0;-297;1038
SI;11;2012;D;480;100;;;0;100;0;;498;100;411;100;322;100;88;100;1;100;;100;;100;0;100;0;100;0;100;0;100;0;100;13;100;1389;0;-341;1048
SI;12;2012;D;388;100;;;0;100;0;;519;100;370;100;268;100;102;100;;100;;100;;100;0;100;0;100;0;100;0;100;0;100;12;100;1277;0;-176;1101
SI;1;2011;D;338;100;0;100;0;100;;100;517;100;290;100;357;100;119;100;;100;;100;;100;0;100;0;;0;100;;;0;100;13;100;1145;0;-193;952
SI;2;2011;D;205;100;0;100;0;100;;100;469;100;435;100;327;100;108;100;;100;;100;;100;0;100;0;;0;100;;;0;100;11;100;1109;0;-61;1048
SI;3;2011;D;257;100;0;100;0;100;;100;397;100;485;100;370;100;115;100;;100;;100;;100;0;100;0;;0;100;;;0;100;11;100;1139;0;-14;1125
SI;4;2011;D;248;100;0;100;0;100;;100;498;100;438;100;355;100;83;100;;100;;100;;100;0;100;0;;0;100;;;0;100;11;100;1184;0;-190;994
SI;5;2011;D;303;100;0;100;0;100;;100;510;100;354;100;272;100;82;100;;100;;100;;100;0;100;0;;0;100;;;0;100;12;100;1167;0;-109;1058
SI;6;2011;D;452;100;0;100;0;100;;100;495;100;235;100;163;100;72;100;;100;;100;;100;0;100;0;;0;100;;;0;100;13;100;1182;0;-124;1058
SI;7;2011;D;306;100;0;100;0;100;;100;503;100;305;100;238;100;67;100;;100;;100;;100;0;100;0;;0;100;;;0;100;13;100;1114;0;-78;1036
SI;8;2011;D;285;100;0;100;0;100;;100;502;100;380;100;343;100;35;100;2;100;;100;;100;0;100;0;;0;100;;;0;100;11;100;1167;0;-134;1033
SI;9;2011;D;233;100;0;100;0;100;;100;482;100;442;100;362;100;78;100;2;100;;100;;100;0;100;0;;0;100;;;0;100;10;100;1157;0;-117;1040
SI;10;2011;D;298;100;0;100;0;100;;100;512;100;371;100;278;100;89;100;4;100;;100;;100;0;100;0;;0;100;;;0;100;11;100;1181;0;-122;1059
SI;11;2011;D;229;100;0;100;0;100;;100;499;100;447;100;344;100;103;100;;100;;100;;100;0;100;0;;0;100;;;0;100;11;100;1175;0;-94;1081
SI;12;2011;D;208;100;0;100;0;100;;100;516;100;420;100;311;100;109;100;;100;;100;;100;0;100;0;;0;100;;;0;100;10;100;1144;0;-70;1074
SI;1;2010;D;282;100;0;;0;;;;505;100;486;100;360;;126;;0;;;;;;0;100;0;;0;;;;0;100;14;100;1273;0;-193;1080
SI;2;2010;D;223;100;0;;0;;;;468;100;397;100;288;;109;;;;;;;;0;100;0;;0;;;;0;100;13;100;1088;0;-100;988
SI;3;2010;D;274;100;0;100;0;100;;100;517;100;496;100;381;100;115;100;;100;;100;;100;0;100;0;;0;100;;;0;100;13;100;1287;0;-238;1049
SI;4;2010;D;280;100;0;100;0;100;;100;499;100;358;100;320;100;37;100;;100;;100;;100;0;100;0;;0;100;;;0;100;12;100;1137;0;-199;938
SI;5;2010;D;448;100;0;100;0;100;;100;515;100;321;100;299;100;22;100;;100;;100;;100;0;100;0;;0;100;;;0;100;14;100;1284;0;-292;992
SI;6;2010;D;413;100;0;100;0;100;;100;494;100;320;100;309;100;11;100;;100;;100;;100;0;100;0;;0;100;;;0;100;14;100;1227;0;-240;987
SI;7;2010;D;280;100;0;100;0;100;;100;499;100;335;100;324;100;11;100;;100;;100;;100;0;100;0;;0;100;;;0;100;14;100;1114;0;-78;1036
SI;8;2010;D;323;100;0;100;0;100;;100;507;100;339;100;281;100;58;100;;100;;100;;100;0;100;0;;0;100;;;0;100;10;100;1169;0;-208;961
SI;9;2010;D;398;100;0;100;0;100;;100;474;100;382;100;310;100;72;100;;100;;100;;100;0;100;0;;0;100;;;0;100;13;100;1254;0;-273;981
SI;10;2010;D;371;100;0;100;0;100;;100;0;100;484;100;380;100;104;100;;100;;100;;100;0;100;0;;0;100;;;0;100;14;100;855;0;206;1061
SI;11;2010;D;494;100;0;100;0;100;;100;381;100;433;100;320;100;113;100;0;100;;100;;100;0;100;0;;0;100;;;0;100;17;100;1308;0;-264;1044
SI;12;2010;D;463;100;0;100;0;100;;100;518;100;443;100;319;100;123;100;1;100;;100;;100;0;100;0;;0;100;;;0;100;15;100;1424;0;-293;1131
SK;1;2013;P;427;100;;;0;100;0;;1340;100;635;100;185;100;123;100;326;100;1;100;;100;60;100;0;100;11;100;44;100;118;100;29;100;2580;47;-46;2487
SK;2;2013;P;435;100;;;0;100;0;;1208;100;504;100;171;100;99;100;234;100;0;100;;100;84;100;0;100;23;100;44;100;97;100;21;100;2328;44;-33;2251
SK;3;2013;P;488;100;;;0;100;0;;1343;100;502;100;165;100;109;100;228;100;0;100;;100;109;100;1;100;46;100;47;100;101;100;21;100;2543;32;-87;2424
SK;4;2013;P;546;100;;;0;100;0;;1027;100;417;100;154;100;72;100;191;100;0;100;;100;126;100;0;100;62;100;46;100;81;100;17;100;2197;34;-8;2155
SK;5;2013;P;593;100;;;0;100;0;;1105;100;362;100;118;100;65;100;179;100;0;100;;100;136;100;1;100;74;100;44;100;81;100;0;100;2277;28;-130;2119
SK;6;2013;P;579;100;;;0;100;0;;1156;100;265;100;126;100;47;100;92;100;0;100;;100;129;100;0;100;70;100;40;100;81;100;0;100;2210;34;-143;2033
SK;7;2013;P;402;100;;;0;100;0;;1184;100;257;100;107;100;54;100;96;100;0;100;;100;147;100;0;100;90;100;39;100;75;100;0;100;2065;31;46;2080
SK;8;2013;P;254;100;;;0;100;0;;1303;100;307;100;143;100;72;100;92;100;0;100;;100;141;100;0;100;80;100;43;100;80;100;0;100;2085;39;48;2094
SK;9;2013;P;329;100;;;0;100;0;;1277;100;303;100;128;100;80;100;94;100;1;100;;100;114;100;1;100;61;100;34;100;78;100;20;100;2101;39;33;2095
SK;10;2013;P;294;100;;;0;100;0;;1263;100;401;100;125;100;84;100;192;100;0;100;;100;113;100;1;100;42;100;53;100;85;100;0;100;2156;39;154;2271
SK;11;2013;P;345;100;;;0;100;0;;1117;100;475;100;158;100;95;100;222;100;0;100;;100;88;100;1;100;15;100;51;100;95;100;0;100;2120;34;196;2282
SK;12;2013;P;308;100;;;0;100;0;;1339;100;501;100;168;100;90;100;243;100;0;100;0;100;78;100;1;100;13;100;49;100;110;100;0;100;2336;36;60;2360
SK;1;2012;D;399;100;;;0;100;0;;1336;100;513;100;143;100;117;100;253;100;;100;;100;68;100;0;100;20;100;42;100;103;100;37;100;2419;40;96;2475
SK;2;2012;D;304;100;;;0;100;0;;1237;100;598;100;172;100;172;100;253;100;1;100;;100;79;100;0;100;29;100;43;100;90;100;31;100;2308;25;188;2471
SK;3;2012;D;500;100;;;0;100;0;;1336;100;480;100;154;100;90;100;236;100;;100;;100;112;100;0;100;57;100;45;100;96;100;27;100;2524;27;-142;2355
SK;4;2012;D;449;100;;;0;100;0;;1104;100;459;100;154;100;83;100;221;100;;100;;100;123;100;0;100;56;100;51;100;75;100;29;100;2210;30;-65;2115
SK;5;2012;D;407;100;;;0;100;0;;1142;100;436;100;140;100;75;100;221;100;;100;;100;127;100;0;100;68;100;45;100;74;100;24;100;2186;27;-62;2097
SK;6;2012;D;408;100;;;0;100;0;;956;100;362;100;124;100;85;100;153;100;;100;;100;125;100;0;100;61;100;49;100;67;100;21;100;1918;3;145;2060
SK;7;2012;D;360;100;;;0;100;0;;1102;100;335;100;126;100;91;100;117;100;;100;;100;126;100;0;100;68;100;45;100;62;100;26;100;1985;26;132;2091
SK;8;2012;D;258;100;;;0;100;0;;1283;100;434;100;149;100;100;100;184;100;1;100;;100;137;100;0;100;75;100;45;100;62;100;35;100;2174;28;-67;2079
SK;9;2012;D;262;100;;;0;100;0;;1255;100;390;100;151;100;59;100;179;100;1;100;;100;106;100;0;100;59;100;32;100;65;100;23;100;2078;30;15;2063
SK;10;2012;D;288;100;;;0;100;0;;1213;100;539;100;161;100;92;100;285;100;1;100;;100;101;100;0;100;38;100;49;100;90;100;25;100;2231;34;107;2304
SK;11;2012;D;313;100;;;0;100;0;;1155;100;614;100;171;100;103;100;340;100;0;100;;100;83;100;0;100;19;100;49;100;97;100;25;100;2262;34;73;2301
SK;12;2012;D;346;100;;;0;100;0;;1331;100;640;100;184;100;130;100;325;100;1;100;;100;71;100;0;100;13;100;41;100;111;100;29;100;2499;40;-28;2431
SK;1;2011;D;553;100;;100;;100;;100;1336;100;685;100;195;100;114;100;376;100;0;100;;100;39;100;0;;1;100;;;105;100;26;100;2718;48;-123;2547
SK;2;2011;D;400;100;;100;;100;;100;1210;100;670;100;203;100;109;100;358;100;0;100;;100;42;100;0;;2;100;;;86;100;22;100;2408;48;-20;2340
SK;3;2011;D;339;100;;100;;100;;100;1331;100;605;100;184;100;111;100;310;100;0;100;;100;55;100;0;;6;100;;;87;100;20;100;2417;59;50;2408
SK;4;2011;D;281;100;0;100;0;100;;100;1197;100;573;100;165;100;95;100;313;100;;100;;100;67;100;0;;16;100;;;81;100;18;100;2199;40;-47;2112
SK;5;2011;D;260;100;0;100;0;100;;100;1158;100;653;100;195;100;95;100;363;100;;100;;100;71;100;0;;22;100;;;56;100;18;100;2198;37;-42;2119
SK;6;2011;D;309;100;0;100;0;100;;100;1179;100;398;100;144;100;63;100;191;100;;100;;100;74;100;0;;30;100;;;59;100;18;100;2019;41;43;2021
SK;7;2011;D;489;100;0;100;0;100;;100;1073;100;402;100;130;100;51;100;221;100;;100;;100;81;100;0;;39;100;;;67;100;28;100;2112;40;-26;2046
SK;8;2011;D;393;100;0;100;0;100;;100;971;100;416;100;127;100;89;100;200;100;;100;;100;110;100;0;;64;100;;;71;100;26;100;1961;17;130;2074
SK;9;2011;D;220;100;0;100;0;100;;100;1229;100;330;100;94;100;84;100;152;100;;100;;100;101;100;0;;60;100;;;76;100;24;100;1956;0;94;2050
SK;10;2011;D;312;100;0;100;0;100;;100;1147;100;494;100;166;100;95;100;233;100;;100;;100;89;100;0;;37;100;;;85;100;27;100;2127;44;200;2283
SK;11;2011;D;200;100;0;100;0;100;;100;1230;100;559;100;193;100;118;100;247;100;1;100;;100;72;100;0;;22;100;;;95;100;32;100;2156;60;269;2365
SK;12;2011;D;251;100;0;100;0;100;;100;1318;100;546;100;169;100;123;100;253;100;1;100;;100;62;100;0;;8;100;;;100;100;34;100;2277;61;199;2415
SK;1;2010;D;363;100;0;;0;;;;1299;100;573;100;106;;231;;235;;0;;;;39;100;0;;0;;;;108;100;21;100;2382;44;134;2472
SK;2;2010;D;310;100;0;;0;;;;1171;100;490;100;167;;108;;215;;;;;;45;100;1;;0;;;;95;100;19;100;2111;39;215;2287
SK;3;2010;D;471;100;0;;0;;;;1297;100;473;100;176;;79;;218;;;;;;34;100;1;;0;;;;85;100;19;100;2360;38;66;2388
SK;4;2010;D;385;100;0;;0;;;;1239;100;432;100;163;;72;;197;;;;;;37;100;0;;0;;;;84;100;19;100;2177;35;-36;2106
SK;5;2010;D;556;100;0;100;0;100;;100;1045;100;383;100;140;100;69;100;174;100;;100;;100;38;100;0;;0;100;;;76;100;19;100;2098;38;27;2087
SK;6;2010;D;635;100;0;100;0;100;;100;1159;100;293;100;119;100;81;100;93;100;0;100;;100;38;100;1;;1;100;;;64;100;17;100;2189;41;-121;2027
SK;7;2010;D;452;100;0;100;0;100;;100;922;100;349;100;131;100;118;100;100;100;;100;;100;36;100;0;;1;100;;;62;100;22;100;1821;43;283;2061
SK;8;2010;D;587;100;0;100;0;100;;100;1161;100;309;100;116;100;77;100;116;100;;100;;100;38;100;0;;1;100;;;60;100;19;100;2155;43;-102;2010
SK;9;2010;D;534;100;0;100;0;100;;100;928;100;459;100;151;100;104;100;203;100;1;100;;100;36;100;1;;1;100;;;62;100;18;100;2019;47;90;2062
SK;10;2010;D;376;100;0;100;0;100;;100;1006;100;655;100;211;100;108;100;335;100;1;100;;100;44;100;1;;1;100;;;70;100;19;100;2151;48;204;2307
SK;11;2010;D;376;100;0;100;0;100;;100;1109;100;551;100;173;100;120;100;257;100;0;100;;100;44;100;1;;2;100;;;70;100;16;100;2150;57;187;2280
SK;12;2010;D;478;100;0;100;0;100;;100;1240;100;653;100;157;100;137;100;358;100;1;100;;100;45;100;1;;2;100;;;95;100;25;100;2511;57;95;2549
UA_W;1;2013;P;8;100;;;8;100;0;;0;100;807;100;;100;;100;;100;;100;807;100;0;100;0;100;0;100;0;100;0;100;23;100;815;0;-341;474
UA_W;2;2013;P;9;100;;;9;100;0;;0;100;849;100;;100;;100;;100;;100;849;100;0;100;0;100;0;100;0;100;0;100;19;100;858;0;-368;490
UA_W;3;2013;P;17;100;;;17;100;0;;0;100;801;100;;100;;100;;100;;100;801;100;0;100;0;100;0;100;0;100;0;100;21;100;818;0;-382;436
UA_W;4;2013;P;21;100;;;21;100;0;;0;100;742;100;;100;;100;;100;;100;742;100;1;100;0;100;1;100;0;100;0;100;16;100;764;0;-413;351
UA_W;5;2013;P;16;100;;;16;100;0;;0;100;716;100;;100;;100;;100;;100;716;100;1;100;0;100;1;100;0;100;0;100;15;100;733;0;-428;305
UA_W;6;2013;P;18;100;;;18;100;0;;0;100;691;100;;100;;100;;100;;100;691;100;1;100;0;100;1;100;0;100;0;100;15;100;710;0;-409;301
UA_W;7;2013;P;7;100;;;7;100;0;;0;100;529;100;;100;;100;;100;;100;529;100;2;100;0;100;2;100;0;100;0;100;11;100;538;0;-232;306
UA_W;8;2013;P;3;100;;;3;100;0;;0;100;596;100;;100;;100;;100;;100;596;100;2;100;0;100;2;100;0;100;0;100;13;100;601;0;-292;309
UA_W;9;2013;P;6;100;;;6;100;0;;0;100;678;100;;100;;100;;100;;100;678;100;2;100;0;100;2;100;0;100;0;100;15;100;686;0;-368;318
UA_W;10;2013;P;3;100;;;3;100;0;;0;100;714;100;;100;;100;;100;;100;714;100;1;100;0;100;1;100;0;100;0;100;16;100;718;0;-351;367
UA_W;11;2013;P;12;100;;;12;100;0;;0;100;820;100;;100;;100;;100;;100;820;100;1;100;0;100;1;100;0;100;0;100;17;100;833;0;-433;400
UA_W;12;2013;P;3;100;;;3;100;0;;0;100;812;100;;100;;100;;100;;100;812;100;0;100;0;100;0;100;0;100;0;100;19;100;815;0;-340;475
UA_W;1;2012;D;8;100;;;8;100;;;0;100;832;100;;100;;100;;100;;100;832;100;0;100;0;;0;100;0;;0;100;22;100;840;0;-346;494
UA_W;2;2012;D;4;100;;;4;100;;;0;100;859;100;;100;;100;;100;;100;859;100;0;100;0;;0;100;0;;0;100;20;100;863;0;-349;514
UA_W;3;2012;D;13;100;;;13;100;0;;0;100;729;100;;100;;100;;100;;100;729;100;0;100;0;100;0;100;0;100;0;100;15;100;742;0;-298;444
UA_W;4;2012;D;19;100;;;19;100;0;;0;100;499;100;;100;;100;;100;;100;499;100;0;100;0;100;0;100;0;100;0;100;9;100;518;0;-143;375
UA_W;5;2012;D;15;100;;;15;100;0;;0;100;624;100;;100;;100;;100;;100;624;100;0;100;0;100;0;100;0;100;0;100;12;100;639;0;-299;340
UA_W;6;2012;D;15;100;;;15;100;0;;0;100;696;100;;100;;100;;100;;100;696;100;0;100;0;100;0;100;0;100;0;100;14;100;711;0;-381;330
UA_W;7;2012;D;9;100;;;9;100;0;;0;100;724;100;;100;;100;;100;;100;724;100;0;100;0;100;0;100;0;100;0;100;16;100;733;0;-378;355
UA_W;8;2012;D;4;100;;;4;100;0;;0;100;558;100;;100;;100;;100;;100;558;100;0;100;0;100;0;100;0;100;0;100;13;100;562;0;-217;345
UA_W;9;2012;D;2;100;;;2;100;0;;0;100;688;100;;100;;100;;100;;100;688;100;0;100;0;100;0;100;0;100;0;100;15;100;690;0;-383;307
UA_W;10;2012;D;5;100;;;5;100;0;;0;100;725;100;;100;;100;;100;;100;725;100;0;100;0;100;0;100;0;100;0;100;16;100;730;0;-369;361
UA_W;11;2012;P;11;100;;;11;100;0;;0;100;727;100;;100;;100;;100;;100;727;100;0;100;0;100;0;100;0;100;0;100;16;100;738;0;-344;394
UA_W;12;2012;P;12;100;;;12;100;0;;0;100;777;100;;100;;100;;100;;100;777;100;0;100;0;100;0;100;0;100;0;100;21;100;789;0;-321;468
UA_W;1;2011;D;14;100;0;100;14;100;;100;0;100;726;100;;100;;100;;100;;100;726;100;0;100;0;;0;100;;;0;100;19;100;740;0;-237;503
UA_W;2;2011;D;7;100;0;100;7;100;;100;0;100;632;100;;100;;100;;100;;100;632;100;0;100;0;;0;100;;;0;100;16;100;639;0;-194;445
UA_W;3;2011;D;9;100;0;100;9;100;;100;0;100;569;100;;100;;100;;100;;100;569;100;0;100;0;;0;100;;;0;100;10;100;578;0;-161;417
UA_W;4;2011;D;11;100;0;100;11;100;;100;0;100;490;100;;100;;100;;100;;100;490;100;0;100;0;;0;100;;;0;100;9;100;501;0;-154;347
UA_W;5;2011;D;9;100;0;100;9;100;;100;0;100;671;100;;100;;100;;100;;100;671;100;0;100;0;;0;100;;;0;100;13;100;680;0;-344;336
UA_W;6;2011;D;7;100;0;100;7;100;;100;0;100;606;100;;100;;100;;100;;100;606;100;0;100;0;;0;100;;;0;100;12;100;613;0;-290;323
UA_W;7;2011;D;19;100;0;100;19;100;;100;0;100;614;100;;100;;100;;100;;100;614;100;0;100;0;;0;100;;;0;100;13;100;633;0;-286;347
UA_W;8;2011;D;16;100;0;100;16;100;;100;0;100;522;100;;100;;100;;100;;100;522;100;0;100;0;;0;100;;;0;100;10;100;538;0;-187;351
UA_W;9;2011;D;4;100;0;100;4;100;;100;0;100;561;100;;100;;100;;100;;100;561;100;0;100;0;;0;100;;;0;100;12;100;565;0;-234;331
UA_W;10;2011;D;4;100;0;100;4;100;;100;0;100;740;100;;100;;100;;100;;100;740;100;0;100;0;;0;100;;;0;100;15;100;744;0;-341;403
UA_W;11;2011;D;2;100;0;100;2;100;;100;0;100;798;100;;100;;100;;100;;100;798;100;0;100;0;;0;100;;;0;100;20;100;800;0;-351;449
UA_W;12;2011;D;13;100;0;100;13;100;;100;0;100;773;100;;100;;100;;100;;100;773;100;0;100;0;;0;100;;;0;100;22;100;786;0;-306;480
UA_W;1;2010;D;13;100;0;;13;100;;;0;100;731;100;;;;;;;;;731;100;0;100;0;;0;;;;0;100;15;100;744;0;-291;453
UA_W;2;2010;D;9;100;0;;9;100;;;0;100;606;100;;;;;;;;;606;100;0;100;0;;0;;;;0;100;13;100;615;0;-219;396
UA_W;3;2010;D;12;100;0;;12;100;;;0;100;382;100;;;;;;;;;382;100;0;100;0;;0;;;;0;100;8;100;394;0;-7;387
UA_W;4;2010;D;11;100;0;100;11;100;;100;0;100;307;100;;100;;100;;100;;100;307;100;0;100;0;;0;100;;;0;100;4;100;318;0;-5;313
UA_W;5;2010;D;16;100;0;100;16;100;;100;0;100;275;100;;100;;100;;100;;100;275;100;0;100;0;;0;100;;;0;100;6;100;291;0;-5;286
UA_W;6;2010;D;15;100;0;100;15;100;;100;0;100;272;100;;100;;100;;100;;100;272;100;0;100;0;;0;100;;;0;100;8;100;287;0;-5;282
UA_W;7;2010;D;17;100;0;100;17;100;;100;0;100;278;100;;100;;100;;100;;100;278;100;0;100;0;;0;100;;;0;100;9;100;295;0;-5;290
UA_W;8;2010;D;14;100;0;100;14;100;;100;0;100;302;100;;100;;100;;100;;100;302;100;0;100;0;;0;100;;;0;100;8;100;316;0;-6;310
UA_W;9;2010;D;12;100;0;100;12;100;;100;0;100;311;100;;100;;100;;100;;100;311;100;0;100;0;;0;100;;;0;100;9;100;323;0;-6;317
UA_W;10;2010;D;4;100;0;100;4;100;;100;0;100;615;100;;100;;100;;100;;100;615;100;0;100;0;;0;100;;;0;100;11;100;619;0;-226;393
UA_W;11;2010;D;14;100;0;100;14;100;;100;0;100;596;100;;100;;100;;100;;100;596;100;0;100;0;;0;100;;;0;100;11;100;610;0;-205;405
UA_W;12;2010;D;15;100;0;100;15;100;;100;0;100;683;100;;100;;100;;100;;100;683;100;0;100;0;;0;100;;;0;100;21;100;698;0;-178;520
