siec,unit,geo\time	2022M04 	2022M03 	2022M02 	2022M01 	2021M12 	2021M11 	2021M10 	2021M09 	2021M08 	2021M07 	2021M06 	2021M05 	2021M04 	2021M03 	2021M02 	2021M01 	2020M12 	2020M11 	2020M10 	2020M09 	2020M08 	2020M07 	2020M06 	2020M05 	2020M04 	2020M03 	2020M02 	2020M01 	2019M12 	2019M11 	2019M10 	2019M09 	2019M08 	2019M07 	2019M06 	2019M05 	2019M04 	2019M03 	2019M02 	2019M01 	2018M12 	2018M11 	2018M10 	2018M09 	2018M08 	2018M07 	2018M06 	2018M05 	2018M04 	2018M03 	2018M02 	2018M01 	2017M12 	2017M11 	2017M10 	2017M09 	2017M08 	2017M07 	2017M06 	2017M05 	2017M04 	2017M03 	2017M02 	2017M01 	2016M12 	2016M11 	2016M10 	2016M09 	2016M08 	2016M07 	2016M06 	2016M05 	2016M04 	2016M03 	2016M02 	2016M01 
C0000,GWH,AL	: 	0.000 	0.000 	0.000 	0.000 	0.000 	0.000 	0.000 	0.000 	0.000 	0.000 	0.000 	0.000 	0.000 	0.000 	0.000 	0.000 	0.000 	0.000 	0.000 	0.000 	0.000 	0.000 	0.000 	0.000 	0.000 	0.000 	0.000 	0.000 	0.000 	0.000 	0.000 	0.000 	0.000 	0.000 	0.000 	0.000 	0.000 	0.000 	0.000 	0.000 	0.000 	0.000 	0.000 	0.000 	0.000 	0.000 	0.000 	0.000 	0.000 	0.000 	0.000 	: 	: 	: 	: 	: 	: 	: 	: 	: 	: 	: 	: 	: 	: 	: 	: 	: 	: 	: 	: 	: 	: 	: 	: 
C0000,GWH,AT	: 	169.811 	143.377 	165.333 	163.837 	164.526 	164.731 	144.393 	165.035 	137.918 	169.577 	184.513 	158.973 	182.632 	160.367 	167.793 	170.223 	149.781 	175.696 	142.421 	143.488 	128.357 	134.765 	139.213 	131.107 	281.332 	274.941 	292.147 	259.363 	263.318 	305.497 	156.339 	136.737 	286.812 	251.168 	237.378 	266.525 	311.954 	344.164 	355.459 	397.870 	394.918 	391.961 	168.780 	106.711 	135.053 	161.986 	187.384 	218.977 	410.010 	387.824 	391.157 	406.287 	419.984 	340.628 	183.012 	190.776 	201.199 	193.254 	200.568 	248.780 	340.544 	397.125 	508.458 	: 	: 	: 	: 	: 	: 	: 	: 	: 	: 	: 	: 
C0000,GWH,BA	: 	: 	821.186 	926.896 	841.088 	859.913 	820.954 	774.858 	802.271 	898.481 	774.981 	652.251 	671.213 	828.408 	873.760 	1027.328 	961.908 	960.255 	740.678 	749.714 	942.794 	836.285 	680.048 	824.245 	838.391 	851.165 	936.056 	1099.804 	906.880 	839.375 	705.066 	820.366 	981.843 	963.187 	671.341 	588.873 	507.408 	846.348 	836.243 	955.961 	: 	: 	: 	: 	: 	: 	: 	760.481 	539.470 	830.760 	923.503 	949.291 	: 	: 	: 	: 	933.804 	945.234 	933.313 	667.715 	742.893 	936.444 	961.436 	1065.049 	: 	: 	: 	: 	: 	: 	: 	: 	: 	: 	: 	: 
C0000,GWH,BE	: 	: 	134.797 	179.946 	191.497 	158.441 	1.508 	13.126 	207.106 	197.011 	170.348 	151.491 	182.590 	153.086 	54.493 	95.473 	78.594 	61.480 	100.303 	112.826 	166.553 	198.045 	142.405 	148.188 	131.657 	176.138 	174.439 	185.458 	165.561 	185.090 	213.059 	166.122 	206.059 	203.414 	188.292 	207.205 	186.245 	208.543 	180.355 	194.270 	175.037 	175.141 	185.107 	194.085 	192.052 	203.318 	182.855 	170.619 	158.185 	193.087 	159.630 	145.355 	195.131 	167.167 	193.198 	174.815 	192.352 	201.608 	169.536 	199.159 	172.381 	193.451 	183.838 	177.694 	: 	: 	: 	: 	: 	: 	: 	: 	: 	: 	: 	: 
C0000,GWH,BG	: 	: 	1729.433 	1902.058 	1801.431 	1689.846 	1868.297 	1428.951 	1235.301 	975.295 	492.966 	1034.511 	1228.984 	1081.542 	886.310 	1065.492 	1088.052 	971.350 	994.146 	871.388 	803.762 	800.175 	683.357 	777.560 	932.973 	1142.123 	1297.405 	1228.814 	1332.091 	1315.496 	1487.561 	1199.521 	1121.764 	1071.759 	710.485 	1147.867 	1103.584 	1240.146 	1490.566 	1854.000 	1951.481 	1856.292 	1782.668 	1564.639 	1352.972 	1164.273 	1177.353 	1069.320 	774.763 	1281.961 	1414.710 	1573.486 	1539.884 	1666.082 	1647.235 	1563.312 	1391.042 	1312.688 	1100.604 	1470.574 	1252.667 	1370.895 	1606.241 	1999.251 	: 	: 	: 	: 	: 	: 	: 	: 	: 	: 	: 	: 
C0000,GWH,CY	: 	: 	0.000 	0.000 	0.000 	0.000 	0.000 	0.000 	0.000 	0.000 	0.000 	0.000 	0.000 	0.000 	0.000 	0.000 	0.000 	0.000 	0.000 	0.000 	0.000 	0.000 	0.000 	0.000 	0.000 	0.000 	0.000 	0.000 	0.000 	0.000 	0.000 	0.000 	0.000 	0.000 	0.000 	0.000 	0.000 	0.000 	0.000 	0.000 	0.000 	0.000 	0.000 	0.000 	0.000 	0.000 	0.000 	0.000 	0.000 	0.000 	0.000 	0.000 	0.000 	0.000 	0.000 	0.000 	0.000 	0.000 	0.000 	0.000 	0.000 	0.000 	0.000 	0.000 	: 	: 	: 	: 	: 	: 	: 	: 	: 	: 	: 	: 
C0000,GWH,CZ	: 	: 	2782.353 	3531.217 	3591.407 	3452.713 	3128.808 	2320.528 	2206.341 	2203.531 	1704.452 	1696.148 	2238.124 	2711.715 	2815.210 	3477.501 	2970.777 	3151.024 	2620.493 	2235.247 	1927.672 	1595.584 	1892.535 	1758.084 	2064.944 	2832.108 	2958.473 	3650.666 	3484.894 	3208.492 	3117.615 	2805.170 	2523.970 	2082.151 	2137.576 	2746.591 	2941.968 	3386.773 	3462.443 	3948.785 	3773.349 	3747.527 	3549.548 	3145.511 	2954.536 	3040.671 	2748.189 	2885.730 	2774.022 	4022.009 	3447.371 	3644.156 	3533.319 	3757.124 	3524.646 	3260.385 	2718.706 	2227.865 	2467.805 	2957.185 	3644.059 	3781.300 	3802.545 	4384.827 	: 	: 	: 	: 	: 	: 	: 	: 	: 	: 	: 	: 
C0000,GWH,DE	: 	: 	11375.165 e	15680.051 e	15992.408 e	16544.158 e	14030.452 e	14962.830 e	10746.378 e	10479.903 e	10953.664 e	7957.741 e	10648.226 e	11708.671 e	11612.285 e	16151.663 e	14117.960 e	14963.237 e	12739.241 e	12046.335 e	10294.576 e	8187.322 e	7586.233 e	6175.259 e	6100.342 e	9416.592 e	8238.098 e	13010.209 e	12096.247 e	16729.298 e	12498.180 e	10521.465 e	11025.342 e	11618.428 e	9815.128 e	12651.008 e	13070.741 e	12072.166 e	16312.655 e	18361.465 e	15681.653 e	19074.780 e	18081.565 e	17009.585 e	17639.054 e	18438.476 e	16135.705 e	14883.651 e	15565.367 e	20354.455 e	20096.618 e	17370.698 e	16986.158 e	19691.571 e	16353.700 e	18368.104 e	17226.414 e	16659.249 e	15664.313 e	18328.660 e	17616.264 e	20054.286 e	20143.825 e	24630.691 e	: 	: 	: 	: 	: 	: 	: 	: 	: 	: 	: 	: 
C0000,GWH,DK	: 	834.192 	450.135 	633.374 	777.859 	511.106 	356.951 	483.903 	223.431 	337.779 	261.104 	253.036 	408.828 	523.876 	730.135 	880.016 	494.648 	336.564 	264.205 	163.774 	163.818 	168.147 	164.017 	285.566 	256.253 	470.696 	481.411 	509.792 	500.831 	385.789 	229.882 	76.926 	15.588 	0.000 	28.626 	207.721 	383.463 	519.869 	597.785 	848.334 	776.982 	576.386 	456.490 	323.694 	313.293 	332.565 	114.928 	335.162 	672.046 	1253.150 	967.126 	749.818 	635.497 	597.989 	445.801 	423.530 	269.001 	205.827 	139.607 	413.216 	540.879 	863.361 	882.385 	948.169 	: 	: 	: 	: 	: 	: 	: 	: 	: 	: 	: 	: 
C0000,GWH,EA19	: 	: 	15880.311 	21794.078 	22408.242 	22197.274 	19338.420 	19560.822 	14806.374 	13942.044 	13457.162 	10717.948 	14049.923 	15978.468 	15511.884 	22357.399 	18710.593 	19371.828 	16335.685 	15919.994 	13051.766 	10766.536 	9621.511 	8224.378 	8530.432 	13004.017 	12601.082 	18087.353 	18180.281 	23405.006 	18033.461 	13773.456 	14385.824 	16797.394 	14141.640 	17063.129 	18643.656 	18828.397 	25193.354 	30190.531 	26949.927 	30578.325 	29743.691 	28903.582 	29952.891 	29492.700 	24572.025 	23392.144 	23017.468 	30645.719 	33606.008 	29630.819 	30544.516 	34315.123 	29693.422 	28597.840 	27096.565 	28469.011 	27488.699 	28976.425 	27299.376 	30439.497 	33826.029 	41868.884 	: 	: 	: 	: 	: 	: 	: 	: 	: 	: 	: 	: 
C0000,GWH,EE	: 	: 	0.000 	0.000 	0.000 	0.000 	0.000 	0.000 	0.000 	0.000 	0.000 	0.000 	0.000 	0.000 	0.000 	0.000 	0.000 	0.000 	0.000 	0.000 	0.000 	0.000 	0.000 	0.000 	0.000 	0.000 	0.000 	0.000 	0.000 	0.000 	0.000 	0.000 	0.000 	0.000 	0.000 	0.000 	0.000 	0.000 	0.000 	0.000 	0.000 	0.000 	0.000 	0.000 	0.000 	0.000 	0.000 	0.000 	0.000 	0.000 	0.000 	0.000 	0.000 	0.000 	0.000 	0.000 	0.000 	0.000 	0.000 	0.000 	0.000 	0.000 	0.000 	0.000 	: 	: 	: 	: 	: 	: 	: 	: 	: 	: 	: 	: 
C0000,GWH,EL	: 	671.610 	412.580 	509.130 	470.820 	296.690 	361.527 	357.920 	622.200 	458.755 	253.961 	363.609 	411.780 	644.070 	517.470 	582.289 	829.830 	616.990 	338.599 	311.626 	330.832 	293.980 	206.898 	210.610 	338.206 	457.069 	756.840 	1030.320 	1006.395 	762.824 	680.233 	610.059 	819.955 	795.490 	841.791 	733.480 	905.860 	995.420 	884.710 	1381.780 	1594.030 	1271.640 	992.010 	1167.140 	1985.180 	1562.200 	1365.340 	1096.320 	626.390 	896.080 	1313.080 	1551.720 	1346.760 	1529.200 	1460.300 	1202.260 	1345.530 	1466.090 	1214.600 	1080.310 	1129.270 	1330.770 	1573.380 	1708.240 	: 	: 	: 	: 	: 	: 	: 	: 	: 	: 	: 	: 
C0000,GWH,ES	: 	: 	568.631 	709.964 	720.481 	576.855 	527.604 	477.382 	319.616 	311.710 	473.944 	332.362 	270.349 	242.255 	176.467 	557.915 	300.248 	355.090 	304.642 	351.249 	337.223 	302.225 	361.539 	242.800 	305.165 	474.653 	821.223 	865.902 	511.833 	676.744 	866.484 	683.202 	598.957 	835.350 	515.525 	464.528 	849.160 	965.695 	2410.498 	3291.832 	3026.443 	3983.478 	3551.179 	4375.738 	3753.957 	3730.242 	2497.818 	2462.212 	1569.275 	1538.418 	3693.524 	3240.093 	4345.733 	4827.667 	4107.690 	3073.648 	3248.540 	4310.643 	4533.751 	3763.710 	2090.845 	1969.144 	3516.025 	5387.197 	: 	: 	: 	: 	: 	: 	: 	: 	: 	: 	: 	: 
C0000,GWH,EU27_2020	: 	: 	30342.367 	38934.070 	41219.034 	39423.455 	35719.633 	35267.865 	29260.548 	28804.267 	26037.776 	22833.165 	27718.702 	30842.890 	30355.516 	39366.991 	33653.187 	33781.431 	30130.256 	28717.422 	25579.587 	22496.232 	20621.758 	18770.250 	19363.386 	26765.682 	26534.226 	34020.637 	33554.364 	38411.329 	33651.957 	27936.121 	28658.534 	30448.580 	27261.506 	31326.004 	32817.321 	34393.998 	41147.536 	49437.611 	45824.889 	48918.519 	47183.663 	45322.987 	46413.167 	45992.531 	39501.657 	38128.257 	36901.831 	49833.437 	51771.889 	47835.766 	47998.014 	52376.815 	46790.846 	45175.079 	43264.290 	44039.640 	41960.660 	45218.971 	43176.746 	48365.541 	52455.932 	63552.884 	: 	: 	: 	: 	: 	: 	: 	: 	: 	: 	: 	: 
C0000,GWH,FI	427.000 	511.000 	525.000 	641.000 	798.000 	615.000 	479.000 	471.000 	207.000 	75.744 e	146.000 	312.000 	408.000 	628.000 	757.000 	747.000 	633.000 	478.000 	420.000 	211.000 	166.000 	132.000 	185.000 	316.000 	546.000 	664.000 	723.000 	712.000 	769.000 	825.000 	727.000 	475.000 	250.000 	271.000 	270.000 	503.000 	631.000 	930.000 	927.000 	1229.000 	1061.000 	904.000 	724.000 	452.000 	385.000 	549.000 	381.000 	468.000 	795.000 	1237.000 	998.000 	1004.000 	908.000 	853.000 	792.000 	449.000 	287.000 	316.000 	435.000 	772.000 	854.000 	1031.000 	1005.000 	1046.000 	: 	: 	: 	: 	: 	: 	: 	: 	: 	: 	: 	: 
C0000,GWH,FR	: 	781.342 e	1097.398 e	1402.369 e	992.681 e	1036.969 e	1007.277 e	859.130 e	285.943 e	209.237 e	163.482 e	145.043 e	373.188 e	573.678 e	654.899 e	1486.372 e	686.798 e	334.573 e	266.031 e	491.376 e	207.060 e	323.736 e	136.340 e	215.089 e	144.758 e	188.807 e	293.399 e	396.140 e	613.151 e	881.632 e	185.967 e	184.292 e	192.737 e	245.244 e	165.694 e	152.026 e	186.510 e	174.220 e	546.175 e	836.898 e	591.272 e	993.227 e	1206.552 e	697.212 e	885.758 e	985.441 e	682.294 e	538.707 e	628.567 e	1641.466 e	1721.083 e	924.633 e	1339.101 	2079.453 	1470.456 	787.968 	318.699 	1179.723 	541.110 	782.671 	858.139 	654.344 	1474.558 	2426.178 	: 	: 	: 	: 	: 	: 	: 	: 	: 	: 	: 	: 
C0000,GWH,GE	: 	0.000 	0.000 	0.000 	0.000 	0.000 	0.000 	0.000 	0.000 	0.000 	0.000 	0.000 	0.000 	0.000 	0.000 	0.000 	0.000 	0.000 	0.000 	0.000 	0.000 	0.000 	0.000 	0.000 	0.000 	0.000 	0.000 	0.000 	0.000 	0.000 	0.000 	0.000 	0.000 	0.000 	0.000 	0.000 	0.000 	0.000 	0.000 	0.000 	0.000 	0.000 	0.000 	0.000 	0.000 	0.000 	0.000 	0.335 	1.731 	3.948 	2.500 	3.200 	: 	: 	: 	: 	: 	: 	: 	: 	: 	: 	: 	: 	: 	: 	: 	: 	: 	: 	: 	: 	: 	: 	: 	: 
C0000,GWH,HR	: 	94.188 	127.770 	134.206 	115.620 	138.681 	142.634 	128.622 	141.809 	146.361 	136.514 	1.101 	7.993 	136.189 	118.240 	119.742 	122.067 	125.262 	126.120 	111.877 	140.872 	133.562 	113.101 	0.000 	0.000 	45.087 	136.363 	55.820 	82.260 	110.719 	147.036 	109.276 	140.087 	142.104 	124.208 	126.361 	118.731 	141.130 	115.205 	146.637 	135.177 	123.229 	148.696 	138.146 	137.327 	145.695 	131.946 	0.000 	0.000 	118.574 	114.634 	141.752 	142.911 	140.662 	70.896 	31.329 	0.000 	0.000 	0.000 	129.585 	167.409 	177.199 	193.256 	190.196 	: 	: 	: 	: 	: 	: 	: 	: 	: 	: 	: 	: 
C0000,GWH,HU	: 	: 	202.498 	221.391 	244.457 	203.391 	242.989 	240.571 	276.940 	254.653 	206.339 	203.066 	217.209 	206.631 	190.235 	214.468 	296.940 	285.066 	292.214 	305.118 	303.418 	273.507 	191.971 	189.038 	206.993 	333.801 	317.415 	329.988 	260.202 	283.928 	380.338 	300.517 	287.258 	358.260 	279.869 	197.274 	245.968 	349.065 	311.985 	359.065 	362.755 	369.517 	416.297 	380.894 	387.370 	408.731 	244.438 	292.275 	245.494 	328.427 	334.366 	398.228 	312.375 	462.250 	462.932 	463.464 	464.041 	362.806 	199.484 	229.799 	194.208 	459.156 	383.040 	390.398 	: 	: 	: 	: 	: 	: 	: 	: 	: 	: 	: 	: 
C0000,GWH,IE	: 	278.989 	243.246 	301.106 	370.386 	405.210 	307.504 	388.783 	279.469 	290.857 	253.891 	273.681 	234.837 	127.938 	91.284 	273.395 	105.723 	89.965 	78.827 	88.500 	100.590 	101.712 	83.022 	9.937 	74.230 	28.259 	0.000 	3.917 	70.348 	77.613 	9.701 	40.999 	24.906 	1.594 	62.014 	1.569 	10.341 	60.609 	88.295 	129.639 	0.030 	0.000 	0.000 	122.362 	125.763 	161.874 	155.743 	172.506 	257.261 	466.456 	373.813 	272.296 	425.973 	326.179 	186.406 	218.405 	130.500 	155.419 	159.847 	335.455 	327.988 	343.874 	422.486 	520.336 	: 	: 	: 	: 	: 	: 	: 	: 	: 	: 	: 	: 
C0000,GWH,IS	: 	0.000 	0.000 	0.000 	0.000 	0.000 	0.000 	0.000 	0.000 	0.000 	0.000 	0.000 	0.000 	0.000 	0.000 	0.000 	0.000 	0.000 	0.000 	0.000 	0.000 	0.000 	0.000 	0.000 	0.000 	0.000 	0.000 	0.000 	0.000 	0.000 	0.000 	0.000 	0.000 	0.000 	0.000 	0.000 	0.000 	0.000 	0.000 	0.000 	0.000 	0.000 	0.000 	0.000 	0.000 	0.000 	0.000 	0.000 	0.000 	0.000 	0.000 	0.000 	0.000 	0.000 	0.000 	0.000 	0.000 	0.000 	0.000 	0.000 	0.000 	0.000 	0.000 	0.000 	: 	: 	: 	: 	: 	: 	: 	: 	: 	: 	: 	: 
C0000,GWH,IT	: 	: 	: 	: 	0.000 	: 	: 	: 	: 	: 	: 	: 	: 	: 	: 	: 	: 	: 	: 	: 	: 	: 	: 	: 	: 	: 	: 	: 	: 	: 	: 	: 	0.000 	0.000 	0.000 	0.000 	0.000 	0.000 	: 	: 	: 	: 	: 	: 	: 	: 	: 	: 	: 	: 	: 	: 	: 	: 	: 	: 	: 	: 	: 	: 	: 	: 	: 	: 	: 	: 	: 	: 	: 	: 	: 	: 	: 	: 	: 	: 
C0000,GWH,LT	: 	: 	0.000 	0.000 	0.000 	0.000 	0.000 	0.000 	0.000 	0.000 	0.000 	0.000 	0.000 	0.000 	0.000 	0.000 	0.000 	0.000 	0.000 	0.000 	0.000 	0.000 	0.000 	0.000 	0.000 	0.000 	0.000 	0.000 	0.000 	0.000 	0.000 	0.000 	0.000 	0.000 	0.000 	0.000 	0.000 	0.000 	0.000 	0.000 	0.000 	0.000 	0.000 	0.000 	0.000 	0.000 	0.000 	0.000 	0.000 	0.000 	0.000 	0.000 	0.000 	0.000 	0.000 	0.000 	0.000 	0.000 	0.000 	0.000 	0.000 	0.000 	0.000 	0.000 	: 	: 	: 	: 	: 	: 	: 	: 	: 	: 	: 	: 
C0000,GWH,LU	: 	: 	0.000 	0.000 	0.000 	0.000 	0.000 	0.000 	0.000 	0.000 	0.000 	0.000 	0.000 	0.000 	0.000 	0.000 	0.000 	0.000 	0.000 	0.000 	0.000 	0.000 	0.000 	0.000 	0.000 	0.000 	0.000 	0.000 	0.000 	0.000 	0.000 	0.000 	0.000 	0.000 	0.000 	0.000 	0.000 	0.000 	0.000 	0.000 	0.000 	0.000 	0.000 	0.000 	0.000 	0.000 	0.000 	0.000 	0.000 	0.000 	0.000 	0.000 	0.000 	0.000 	0.000 	0.000 	0.000 	0.000 	0.000 	0.000 	0.000 	0.000 	0.000 	0.000 	: 	: 	: 	: 	: 	: 	: 	: 	: 	: 	: 	: 
C0000,GWH,LV	: 	0.000 	0.000 	0.000 	0.000 	0.000 	0.000 	0.000 	0.000 	0.000 	0.000 	0.000 	0.000 	0.000 	0.000 	0.000 	0.000 	0.000 	0.000 	0.000 	0.000 	0.000 	0.000 	0.000 	0.000 	0.000 	0.000 	0.000 	0.000 	0.000 	0.000 	0.000 	0.000 	0.000 	0.000 	0.000 	0.000 	0.000 	0.000 	0.000 	1.000 	2.000 	0.000 	0.000 	0.000 	0.000 	0.000 	0.000 	0.000 	0.000 	0.000 	0.000 	0.000 	0.000 	0.000 	0.000 	0.000 	0.000 	0.000 	0.000 	0.000 	0.000 	0.000 	0.000 	: 	: 	: 	: 	: 	: 	: 	: 	: 	: 	: 	: 
C0000,GWH,MD	: 	: 	0.000 	0.000 	0.000 	0.000 	0.000 	0.000 	0.000 	0.000 	0.000 	0.000 	0.000 	0.000 	0.000 	0.000 	0.000 	0.000 	0.000 	0.000 	0.000 	0.000 	0.000 	0.000 	0.000 	0.000 	0.000 	0.000 	: 	: 	: 	: 	: 	: 	: 	: 	: 	: 	: 	: 	: 	: 	: 	: 	: 	: 	: 	: 	: 	: 	: 	: 	: 	: 	: 	: 	: 	: 	: 	: 	: 	: 	: 	: 	: 	: 	: 	: 	: 	: 	: 	: 	: 	: 	: 	: 
C0000,GWH,ME	: 	: 	: 	: 	: 	: 	: 	: 	: 	: 	: 	: 	: 	: 	: 	: 	: 	: 	: 	: 	: 	: 	: 	: 	: 	: 	: 	: 	: 	: 	: 	: 	: 	: 	: 	: 	0.000 	153.000 	139.000 	154.000 	154.000 	130.000 	152.000 	147.000 	139.000 	152.000 	148.000 	3.000 	0.000 	130.000 	139.000 	150.000 	68.000 	137.000 	151.000 	144.000 	133.000 	144.000 	45.000 	0.000 	56.000 	131.000 	130.000 	126.000 	: 	: 	: 	: 	: 	: 	: 	: 	: 	: 	: 	: 
C0000,GWH,MK	: 	: 	185.723 	231.100 	221.207 	147.063 	153.184 	216.037 	192.108 	185.865 	137.087 	100.830 	192.987 	186.068 	140.683 	164.337 	225.779 	178.297 	207.685 	186.757 	121.516 	164.667 	131.563 	170.056 	204.656 	239.173 	310.744 	310.041 	281.329 	237.779 	211.685 	240.486 	289.323 	225.718 	220.264 	247.645 	258.331 	338.588 	316.728 	372.509 	365.859 	262.224 	255.051 	214.025 	247.267 	189.390 	192.627 	99.467 	118.057 	215.378 	212.163 	241.531 	272.180 	233.040 	241.171 	237.530 	239.792 	228.897 	241.804 	250.021 	249.032 	294.957 	326.273 	330.355 	: 	: 	: 	: 	: 	: 	: 	: 	: 	: 	: 	: 
C0000,GWH,MT	: 	0.000 	0.000 	0.000 	0.000 	0.000 	0.000 	0.000 	0.000 	0.000 	0.000 	0.000 	0.000 	0.000 	0.000 	0.000 	0.000 	0.000 	0.000 	0.000 	0.000 	0.000 	0.000 	0.000 	0.000 	0.000 	0.000 	0.000 	0.000 	0.000 	0.000 	0.000 	0.000 	0.000 	0.000 	0.000 	0.000 	0.000 	0.000 	0.000 	0.000 	0.000 	0.000 	0.000 	0.000 	0.000 	0.000 	0.000 	0.000 	0.000 	0.000 	0.000 	0.000 	0.000 	0.000 	0.000 	0.000 	0.000 	0.000 	0.000 	0.000 	0.000 	0.000 	0.000 	: 	: 	: 	: 	: 	: 	: 	: 	: 	: 	: 	: 
C0000,GWH,NL	: 	: 	923.657 	1699.240 	2215.643 	1836.672 	2005.655 	1439.271 	1545.868 	1489.974 	652.586 	715.785 	797.271 	1210.889 	1036.376 	1588.943 	1073.082 	1070.487 	1093.429 	1152.938 	596.685 	540.390 	388.944 	500.895 	471.440 	920.319 	841.608 	935.300 	1994.535 	2263.190 	1631.382 e	544.247 	635.986 	1135.459 	1047.287 	1346.853 	1615.031 	1981.988 	2334.391 	2735.828 	2747.000 	2167.000 	3076.000 	2978.000 	3200.000 e	1913.000 e	1674.000 e	2206.000 e	2497.000 e	2932.000 e	3171.000 e	3092.000 e	2922.000 e	2710.000 e	3076.000 e	2462.000 e	2311.000 e	: u	2933.000 e	1808.000 e	2454.000 e	2976.000 e	3524.000 e	3574.000 e	: 	: 	: 	: 	: 	: 	: 	: 	: 	: 	: 	: 
C0000,GWH,NO	0.000 	0.000 	0.000 	0.000 	0.000 	0.000 	0.000 	0.000 	0.000 	0.000 	0.000 	0.000 	0.000 	0.000 	0.000 	0.000 	0.000 	0.000 	0.000 	0.000 	0.000 	0.000 	0.000 	0.000 	0.000 	0.000 	0.000 	0.000 	0.000 	0.000 	0.000 	0.000 	0.000 	0.000 	0.000 	0.000 	0.000 	0.000 	0.000 	0.000 	0.000 	0.000 	0.000 	0.000 	0.000 	0.000 	0.000 	0.000 	0.000 	0.000 	0.000 	0.000 	0.000 	0.000 	0.000 	0.000 	0.000 	0.000 	0.000 	0.000 	0.000 	0.000 	0.000 	0.000 	: 	: 	: 	: 	: 	: 	: 	: 	: 	: 	: 	: 
C0000,GWH,PL	: 	: 	8548.867 	10061.746 	11515.358 	10450.274 	9829.364 	10372.218 	9605.352 	10049.604 	9073.239 	8271.355 	8746.641 	9461.279 	9328.132 	10518.363 	9148.389 	8810.169 	8804.393 	8360.019 	8390.279 	7987.721 	7544.266 	7157.624 	6983.517 	8262.817 	8108.244 	9237.980 	8750.464 	8772.113 	9271.108 	8721.191 	9200.043 	8964.912 	8982.102 	8944.061 	8331.696 	8839.478 	8923.420 	10894.804 	10505.534 	10412.314 	9985.874 	9840.715 	10238.848 	10359.896 	9551.778 	9191.617 	8673.423 	10758.336 	10415.872 	10138.276 	9982.882 	10151.872 	9686.949 	9720.766 	10072.890 	10145.696 	9354.686 	9751.789 	9115.325 	10137.968 	10431.340 	12091.658 	: 	: 	: 	: 	: 	: 	: 	: 	: 	: 	: 	: 
C0000,GWH,PT	: 	: 	0.000 	0.000 	0.000 	75.638 	42.712 	62.995 	34.873 	73.365 	36.518 	35.090 	128.587 	28.322 	25.089 	187.984 	155.437 	663.705 	230.914 	552.488 	333.273 	89.061 	6.315 	16.984 	0.000 	7.217 	19.654 	113.854 	137.000 	219.444 	292.340 	49.660 	81.515 	757.168 	527.997 	337.657 	491.000 	587.000 	597.000 	1018.000 	1053.000 	989.000 	902.000 	1208.000 	1127.000 	1231.000 	1070.000 	924.000 	235.000 	347.000 	1022.000 	1035.000 	1099.000 	1119.000 	1178.000 	1209.359 	1225.330 	1192.624 	1209.695 	1247.532 	1037.567 	902.391 	926.195 	1271.596 	: 	: 	: 	: 	: 	: 	: 	: 	: 	: 	: 	: 
C0000,GWH,RO	: 	746.000 	620.000 	655.000 	759.000 	779.000 	812.000 	732.000 	765.000 	895.000 	706.000 	656.000 	821.000 	743.000 	771.000 	732.000 	821.000 	730.000 	693.000 	750.000 	798.000 	771.000 	411.000 	378.000 	388.000 	675.000 	633.000 	920.000 	963.000 	928.000 	983.000 	950.000 	984.000 	1032.000 	857.000 	893.000 	1008.000 	1015.000 	979.000 	1083.000 	1262.000 	1231.000 	1089.000 	1023.000 	1075.000 	1048.000 	961.000 	962.000 	706.000 	1322.000 	1373.000 	1461.000 	1229.000 	1219.000 	1239.000 	1109.000 	1252.000 	1315.000 	1208.000 	1284.000 	931.000 	1060.000 	1232.000 	1608.000 	: 	: 	: 	: 	: 	: 	: 	: 	: 	: 	: 	: 
C0000,GWH,RS	: 	2117.531 e	1676.330 e	1846.927 e	1855.696 e	1861.957 e	1998.038 e	1719.884 e	1763.033 e	1753.179 e	1394.282 e	1297.001 e	1676.097 e	2293.777 e	2072.190 e	2275.971 e	2406.708 e	2219.304 e	2069.889 e	1881.031 e	1910.585 e	1718.916 e	1544.495 e	1625.648 e	1813.240 e	2264.440 e	2268.305 e	2471.287 e	2266.812 e	2013.237 e	1984.816 e	1709.591 e	1857.650 e	1734.136 e	1541.933 e	1540.937 e	1856.374 e	2496.265 e	2030.676 e	2233.275 e	2277.617 e	2232.680 e	2242.275 e	1799.503 e	1633.219 e	1648.033 e	1750.719 e	1544.870 e	1591.527 e	2032.792 e	1979.764 e	2434.243 e	2167.130 e	1748.569 e	2227.380 e	2115.372 e	2118.992 e	2099.734 e	1771.871 e	1745.682 e	1708.070 e	1641.834 e	2142.377 e	2632.229 e	: 	: 	: 	: 	: 	: 	: 	: 	: 	: 	: 	: 
C0000,GWH,SE	: 	0.000 	1.000 	1.000 	5.660 	1.170 	0.170 	0.250 	0.000 	0.000 	0.000 	0.000 	0.000 	0.190 	4.370 	2.010 	0.721 	0.168 	0.000 	0.005 	0.000 	0.000 	0.000 	0.000 	0.274 	0.033 	0.833 	0.224 	0.341 	1.786 	1.956 	0.064 	0.000 	0.000 	0.000 	0.000 	40.255 	74.140 	73.778 	112.455 	107.684 	23.929 	11.399 	2.806 	0.930 	0.000 	0.000 	0.009 	38.615 	103.261 	98.802 	98.231 	77.630 	66.713 	19.965 	5.453 	0.045 	0.747 	1.775 	6.398 	31.823 	76.165 	99.096 	71.501 	: 	: 	: 	: 	: 	: 	: 	: 	: 	: 	: 	: 
C0000,GWH,SI	: 	: 	319.460 	348.939 	336.489 	350.115 	305.450 	264.992 	350.886 	145.570 	116.191 	171.633 	309.122 	369.927 	305.154 	378.572 	386.698 	436.520 	477.003 	345.235 	329.486 	398.708 	314.050 	174.403 	196.527 	226.631 	287.880 	295.106 	340.848 	331.853 	468.618 	251.071 	275.630 	431.435 	300.744 	283.425 	248.243 	296.802 	352.111 	400.360 	326.592 	432.141 	452.317 	366.680 	408.416 	366.096 	130.284 	142.745 	299.446 	410.747 	422.436 	354.867 	318.373 	338.902 	330.044 	287.269 	398.424 	409.456 	257.593 	306.360 	322.142 	414.693 	401.597 	517.494 	: 	: 	: 	: 	: 	: 	: 	: 	: 	: 	: 	: 
C0000,GWH,SK	: 	120.000 	137.000 	157.000 	156.000 	137.000 	105.000 	119.000 	42.000 	72.000 	67.000 	75.000 	127.000 	109.000 	121.000 	140.000 	173.000 	152.000 	111.000 	114.000 	46.000 	71.000 	76.000 	75.000 	91.000 	163.000 	170.000 	247.000 	216.000 	189.000 	155.000 	91.000 	138.000 	216.000 	156.000 	145.000 	183.000 	244.000 	216.000 	256.000 	295.000 	191.000 	181.000 	164.000 	144.000 	217.000 	135.000 	140.000 	167.000 	219.000 	247.000 	249.000 	252.000 	253.000 	205.000 	182.000 	222.000 	163.000 	177.000 	152.000 	188.000 	229.000 	258.000 	101.000 	: 	: 	: 	: 	: 	: 	: 	: 	: 	: 	: 	: 
C0000,GWH,TR	: 	: 	9401.529 	9655.557 	9522.085 	8966.273 	6155.473 	7670.306 	8874.592 	8014.726 	7291.796 	6648.349 	6604.458 	7761.178 	8183.394 	8566.539 	9154.540 	8755.878 	8522.423 	8629.859 	8916.802 	9167.583 	8753.877 	5568.990 	4619.104 	7465.589 	8060.126 	8896.502 	10088.356 	9614.390 	9820.356 	9596.068 	9590.970 	9853.184 	7020.577 	6311.399 	6461.448 	7815.959 	8367.575 	8165.105 	9073.814 	9119.052 	9240.702 	8590.301 	9381.185 	8852.376 	8396.688 	8034.432 	7147.657 	7512.066 	8752.788 	9023.603 	8021.704 	7994.726 	7822.003 	7561.739 	8272.304 	8517.426 	6982.643 	5595.994 e	5462.527 e	6973.693 e	7060.564 e	8266.729 e	: 	: 	: 	: 	: 	: 	: 	: 	: 	: 	: 	: 
C0000,GWH,UA	: 	: 	: 	0.000 	0.000 	0.000 	0.000 	0.000 	0.000 	0.000 	0.000 	0.000 	0.000 	0.000 	0.000 	0.000 	0.000 	0.000 	0.000 	0.000 	0.000 	0.000 	0.000 	0.000 	0.000 	0.000 	0.000 	0.000 	0.000 	0.000 	0.000 	0.000 	0.000 	0.000 	0.000 	0.000 	0.000 	0.000 	0.000 	0.000 	0.000 	0.000 	0.000 	0.000 	0.000 	0.000 	0.000 	0.000 	0.000 	0.000 	0.000 	0.000 	0.000 	0.000 	0.000 	: 	: 	: 	: 	: 	: 	: 	: 	: 	: 	: 	: 	: 	: 	: 	: 	: 	: 	: 	: 	: 
C0000,GWH,UK	: 	: 	: 	: 	: 	: 	: 	: 	: 	: 	: 	: 	: 	: 	: 	: 	: 	: 	178.783 	255.690 	139.450 	99.573 	129.648 	67.781 	150.211 	529.489 	1041.372 	1543.350 	1047.150 	1086.711 	387.847 	227.422 	333.352 	128.291 	93.325 	39.164 	297.600 	449.866 	621.619 	1819.846 	1463.082 	2319.365 	1013.561 	1294.489 	283.291 	180.941 	257.032 	284.872 	605.513 	3925.763 	2793.485 	1544.638 	3834.931 	3185.976 	945.200 	1131.171 	496.649 	430.888 	450.630 	581.683 	442.805 	1559.311 	3582.793 	1548.857 	: 	: 	: 	: 	: 	: 	: 	: 	: 	: 	: 	: 
CF,GWH,AL	: 	0.000 	0.000 	0.000 	0.000 	0.000 	0.000 	0.000 	0.000 	0.000 	0.000 	0.000 	0.000 	0.000 	0.000 	0.000 	0.000 	0.000 	0.000 	0.000 	0.000 	0.000 	0.000 	0.000 	0.000 	0.000 	0.000 	0.000 	0.000 	0.000 	0.000 	0.000 	0.000 	0.000 	0.000 	0.000 	0.000 	0.000 	0.000 	0.000 	0.000 	0.000 	0.000 	0.000 	0.000 	0.000 	0.000 	0.000 	0.000 	0.000 	0.000 	0.000 	: 	: 	: 	: 	: 	: 	: 	: 	: 	: 	: 	: 	: 	: 	: 	: 	: 	: 	: 	: 	: 	: 	: 	: 
CF,GWH,AT	: 	1986.608 	1747.257 	2101.677 	2068.750 	2132.407 	1413.908 	725.613 	628.742 	613.563 	618.317 	823.962 	1309.950 	1615.369 	1615.661 	2001.074 	1987.810 	1626.764 	1264.236 	865.499 	887.514 	900.296 	587.841 	597.533 	866.140 	1565.309 	1584.769 	2410.204 	1824.341 	1803.933 	1821.995 	1425.642 	1191.691 	1130.950 	802.363 	711.234 	1161.877 	1333.531 	1925.473 	2321.566 	2309.318 	1904.342 	1486.160 	1049.244 	865.807 	765.329 	740.678 	714.156 	858.051 	1745.705 	2008.896 	1903.068 	1784.236 	1848.399 	1428.173 	956.173 	915.092 	948.355 	957.797 	708.651 	1113.839 	1626.041 	2232.747 	3090.181 	2324.000 	1844.000 	1513.000 	949.000 	572.000 	629.000 	624.000 	672.000 	1048.000 	1491.000 	1585.000 	1981.000 
CF,GWH,BA	: 	: 	821.186 	926.896 	841.088 	859.913 	820.954 	774.858 	802.271 	898.481 	774.981 	652.251 	671.213 	828.408 	873.760 	1027.328 	961.908 	960.255 	740.678 	749.714 	942.794 	836.285 	680.048 	824.245 	838.931 	851.165 	936.056 	1099.804 	906.880 	839.375 	705.066 	820.366 	981.843 	963.187 	671.341 	588.873 	507.408 	846.348 	836.243 	955.961 	: 	: 	: 	: 	: 	: 	: 	760.481 	539.470 	830.760 	923.503 	949.291 	: 	: 	: 	: 	933.804 	945.234 	933.313 	667.715 	742.893 	936.444 	961.436 	1065.049 	: 	: 	: 	: 	: 	: 	: 	: 	: 	: 	: 	: 
CF,GWH,BE	: 	: 	1803.795 	2977.511 	2814.707 	3025.625 	1783.158 	1653.396 	1761.928 	1917.029 	2143.845 	2002.766 	2846.347 	2833.084 	2399.845 	3118.589 	3108.754 	2800.597 	2481.130 	2729.883 	3059.525 	3468.277 	2843.184 	2291.118 	1926.975 	2617.083 	2482.452 	3200.547 	2632.566 	3375.370 	3251.202 	2641.126 	2492.299 	2509.358 	2342.955 	1984.090 	2112.621 	2162.291 	2623.027 	3423.739 	2868.049 	3693.656 	3350.795 	2279.086 	2482.031 	2413.891 	2161.372 	1854.010 	1773.276 	2421.292 	2586.185 	2208.992 	2883.126 	2977.858 	2694.104 	2035.739 	2001.527 	2042.130 	1951.085 	2196.311 	2525.978 	2464.669 	2630.380 	3279.089 	3259.000 	3071.000 	3129.000 	2208.000 	2089.000 	1955.000 	1744.000 	1803.000 	1941.000 	2482.000 	2229.000 	2715.000 
CF,GWH,BG	: 	: 	2146.514 	2432.371 	2296.642 	2101.234 	2282.402 	1846.329 	1616.915 	1437.713 	815.452 	1376.499 	1602.514 	1602.355 	1336.965 	1548.855 	1562.621 	1437.097 	1374.451 	1163.197 	1061.360 	1023.758 	842.407 	914.831 	1115.590 	1417.260 	1572.737 	1650.420 	1700.854 	1604.063 	1770.537 	1406.239 	1362.459 	1314.809 	896.189 	1375.143 	1379.775 	1554.049 	1845.247 	2258.890 	2243.056 	2094.302 	1968.829 	1710.957 	1501.809 	1317.321 	1315.008 	1241.337 	953.355 	1521.997 	1652.482 	1816.133 	1786.260 	1877.566 	1806.683 	1684.413 	1528.936 	1448.944 	1236.957 	1626.020 	1428.932 	1597.577 	1847.104 	2296.212 	2188.000 	1941.000 	2077.000 	1494.000 	1393.000 	1349.000 	1089.000 	1108.000 	1209.000 	1247.000 	1465.000 	2200.000 
CF,GWH,CY	: 	: 	332.441 	412.532 	353.163 	284.306 	315.808 	384.868 	525.935 	515.939 	339.849 	280.922 	242.851 	283.070 	289.177 	342.869 	345.684 	305.525 	339.269 	445.187 	454.710 	457.530 	298.543 	263.099 	209.200 	282.569 	351.035 	384.363 	338.875 	292.040 	343.598 	420.054 	500.231 	491.548 	405.769 	321.135 	280.006 	315.681 	323.289 	397.016 	344.632 	304.093 	350.924 	420.126 	479.322 	494.468 	390.899 	355.775 	283.971 	289.666 	304.355 	361.912 	343.440 	296.744 	328.680 	417.231 	479.614 	525.116 	366.230 	307.874 	269.241 	305.646 	334.575 	394.783 	384.000 	285.000 	335.000 	388.000 	482.000 	488.000 	391.000 	294.000 	271.000 	269.000 	295.000 	349.000 
CF,GWH,CZ	: 	: 	3525.179 	4488.502 	4741.838 	4612.582 	3956.800 	3131.888 	2929.952 	3141.486 	2726.390 	2515.531 	3446.281 	3983.870 	3909.181 	4718.559 	4260.582 	4388.295 	3485.721 	2927.570 	2945.456 	2671.756 	2822.968 	2589.045 	2843.774 	3744.120 	3914.625 	4738.088 	4365.286 	4201.085 	4171.306 	3810.752 	3470.770 	3028.848 	2941.562 	3378.478 	3655.370 	4111.374 	4274.903 	4933.855 	4651.490 	4628.252 	4315.876 	3803.741 	3696.411 	3730.952 	3292.627 	3385.155 	3287.082 	4716.171 	4182.634 	4352.524 	4261.850 	4584.231 	4157.801 	3899.058 	3391.054 	2974.609 	3133.814 	3509.949 	4231.265 	4474.169 	4533.027 	5277.660 	4825.000 	4705.000 	4581.000 	4059.000 	3530.000 	3401.000 	3439.000 	3479.000 	3641.000 	4380.000 	4134.000 	4736.000 
CF,GWH,DE	: 	: 	20701.173 e	26900.927 e	27056.039 e	27735.834 e	22083.878 e	23007.459 e	17720.569 e	18509.942 e	19317.152 e	16105.809 e	21123.483 e	22723.872 e	22618.870 e	28057.888 e	25584.620 e	26271.195 e	22461.093 e	21253.582 e	19757.059 e	18443.239 e	17160.781 e	14014.209 e	13650.483 e	19122.571 e	17766.093 e	24404.454 e	21970.116 e	27647.067 e	23625.623 e	20081.379 e	20749.002 e	21187.773 e	18269.066 e	21499.427 e	21895.662 e	21382.769 e	26598.756 e	30193.837 e	26381.250 e	29856.307 e	27417.247 e	24909.030 e	26742.321 e	27026.153 e	23770.989 e	22191.891 e	23265.427 e	30571.332 e	30805.993 e	27499.761 e	27408.411 e	30393.827 e	25286.179 e	27214.322 e	25310.804 e	25360.501 e	23536.300 e	27079.542 e	26408.947 e	30151.651 e	30321.746 e	37543.792 e	27998.000 	27911.000 	27140.000 	24850.000 	21140.000 	21260.000 	21379.000 	20552.000 	23040.000 	26632.000 	23997.000 	28188.000 
CF,GWH,DK	: 	1688.958 	1196.547 	1532.905 	1805.640 	1432.653 	1084.273 	1007.712 	605.480 	565.289 	746.154 	901.700 	1198.017 	1438.313 	1733.447 	2049.315 	1402.015 	953.725 	727.774 	568.142 	475.619 	443.455 	524.518 	653.900 	739.174 	1135.772 	1159.851 	1342.566 	1412.214 	1253.318 	909.810 	446.708 	382.298 	373.470 	325.163 	673.573 	956.133 	1295.622 	1419.123 	1873.416 	1662.286 	1371.681 	1061.835 	628.210 	582.606 	579.710 	369.128 	686.364 	1284.588 	2192.700 	1932.767 	1720.462 	1474.280 	1367.934 	982.707 	820.185 	595.064 	509.036 	462.904 	905.781 	1277.954 	1804.502 	1758.329 	1919.797 	1746.000 	1823.000 	1492.000 	840.000 	853.000 	811.000 	674.000 	816.000 	1259.000 	1659.000 	1457.000 	1950.000 
CF,GWH,EA19	: 	: 	68903.986 	86794.957 	86274.356 	87600.552 	68731.670 	70423.727 	58802.516 	64134.755 	60670.732 	52212.201 	66166.799 	71414.158 	67311.705 	84160.325 	79156.409 	77994.909 	68207.425 	72707.390 	71754.922 	71315.716 	60424.467 	51019.567 	48093.309 	63270.221 	65548.593 	83283.069 	72156.941 	83210.270 	80112.643 	71640.599 	72509.622 	77404.645 	64777.276 	66119.253 	66873.098 	71146.335 	80515.713 	98620.028 	85645.105 	91100.723 	83556.384 	77653.485 	79848.107 	80926.413 	68562.085 	64815.083 	63589.860 	83496.457 	90104.217 	84822.538 	90292.021 	98227.071 	84605.386 	77433.551 	76479.903 	81889.113 	75884.474 	75236.765 	73330.531 	82581.306 	88796.685 	112171.428 	: 	: 	: 	: 	: 	: 	: 	: 	: 	: 	: 	: 
CF,GWH,EE	: 	: 	405.000 	643.000 	786.000 	601.000 	491.000 	476.000 	339.000 	395.000 	370.000 	293.000 	312.000 	292.000 	516.000 	520.000 	434.000 	398.000 	420.000 	409.000 	513.000 	283.000 	285.471 	217.254 	199.087 	307.290 	258.423 	301.243 	361.000 	500.000 	373.458 	411.000 	366.500 	272.200 	271.366 	444.079 	556.200 	592.900 	597.700 	984.900 	692.000 	876.800 	737.400 	772.700 	1018.400 	779.500 	743.200 	677.243 	938.400 	1087.300 	897.400 	949.700 	794.200 	905.600 	889.000 	779.000 	800.000 	734.100 	813.500 	967.800 	821.300 	963.500 	932.000 	1068.000 	855.000 	1009.000 	992.000 	922.000 	953.000 	791.000 	620.000 	585.000 	692.000 	630.000 	677.000 	1039.000 
CF,GWH,EL	: 	3001.328 	2128.640 	2352.503 	2625.923 	2356.657 	2653.857 	2791.010 	3495.287 	3435.412 	2692.637 	1975.664 	2383.436 	2390.797 	1765.822 	2654.348 	3000.645 	2407.708 	2212.992 	2441.290 	2729.217 	2786.993 	1981.831 	1818.517 	1744.745 	1995.422 	2379.653 	3167.617 	2460.346 	2259.771 	2637.294 	2690.474 	3145.399 	3225.465 	2775.855 	2152.371 	2266.818 	2294.518 	2643.802 	3931.972 	3664.469 	2925.634 	2919.588 	3040.631 	3289.149 	3500.785 	2997.679 	2528.477 	1815.523 	2006.882 	2821.025 	3293.402 	3162.909 	3386.913 	3035.731 	3012.710 	3615.313 	3637.310 	3191.122 	2535.485 	2325.285 	2521.119 	3239.224 	4232.925 	3815.000 	2898.000 	2945.000 	2773.000 	3096.000 	3397.000 	2887.000 	2101.000 	1921.000 	2118.000 	2253.000 	3209.000 
CF,GWH,ES	: 	: 	8259.031 	9822.047 	8793.482 	10109.931 	8155.860 	8663.235 	7578.826 	7259.885 	7220.814 	5873.391 	6772.002 	5564.226 	4450.939 	6673.988 	6656.585 	7459.420 	6852.886 	8736.183 	9118.295 	9824.998 	7390.247 	5647.503 	5167.475 	5528.548 	6904.791 	8150.109 	6980.668 	8321.990 	10363.442 	9847.574 	11420.054 	11743.883 	9462.732 	8202.708 	7387.180 	7069.873 	8542.712 	10539.737 	9845.149 	11084.426 	10097.603 	10428.997 	10359.580 	9914.171 	8458.640 	8174.009 	6446.820 	6541.368 	9288.354 	9445.121 	11375.877 	13322.191 	11929.170 	10032.272 	10563.758 	11992.559 	11493.722 	9240.467 	6827.171 	7167.850 	8528.750 	12179.722 	12288.000 	11780.000 	11636.000 	10378.000 	9397.000 	10081.000 	7680.000 	6103.000 	5456.000 	6665.000 	6490.000 	8110.000 
CF,GWH,EU27_2020	: 	: 	90947.839 	112730.172 	114363.581 	113554.749 	92461.674 	92548.329 	79308.429 	85242.641 	79477.455 	70476.037 	86940.334 	94548.207 	90137.646 	110714.410 	103065.710 	100680.510 	88658.308 	91567.218 	90335.374 	89246.246 	76912.720 	66918.105 	64384.825 	84033.660 	86999.461 	107873.001 	95844.844 	106000.544 	103186.101 	91569.481 	92815.849 	96990.482 	82630.304 	85469.123 	87136.126 	93744.474 	103760.531 	126919.629 	112811.077 	116855.716 	107190.546 	98908.698 	101661.606 	102341.584 	88047.734 	84107.497 	82315.605 	109501.779 	115579.285 	110512.310 	114973.108 	123546.570 	107418.518 	98762.747 	97682.805 	102356.816 	94800.406 	96081.698 	94886.458 	106972.942 	114117.886 	141775.755 	: 	: 	: 	: 	: 	: 	: 	: 	: 	: 	: 	: 
CF,GWH,FI	1584.000 	1886.000 	1914.000 	2112.000 	2924.000 	1949.000 	1588.000 	1507.000 	1067.000 	951.141 e	930.000 	1382.000 	1777.000 	2350.000 	2703.000 	2851.000 	2310.000 	1725.000 	1660.000 	1338.000 	1188.000 	949.000 	1135.000 	1477.000 	1747.000 	2106.000 	1933.000 	2231.000 	2360.000 	2339.000 	2160.000 	1529.000 	1250.000 	1300.000 	1170.000 	1617.000 	2004.000 	2722.000 	2763.000 	3465.000 	3119.000 	2566.000 	2213.000 	1752.000 	1592.000 	1538.000 	1253.000 	1348.000 	2083.000 	3241.000 	2899.000 	2821.000 	2595.000 	2252.000 	2035.000 	1336.000 	1104.000 	1155.000 	1246.000 	1753.000 	2171.000 	2667.000 	2716.000 	2886.000 	2812.000 	2982.000 	2298.000 	1304.000 	1160.000 	1033.000 	1166.000 	1454.000 	2085.000 	2532.000 	2551.000 	3398.000 
CF,GWH,FR	: 	6694.356 e	6022.132 e	7810.577 e	7076.922 e	7251.029 e	3745.094 e	3313.451 e	2118.550 e	2807.176 e	2668.351 e	2424.148 e	4168.392 e	5695.915 e	5520.875 e	7222.222 e	6341.309 e	5874.925 e	3578.313 e	4022.264 e	3723.701 e	3890.388 e	3608.990 e	2387.039 e	1742.850 e	5172.263 e	5277.507 e	6988.116 e	5818.117 e	7119.976 e	4344.965 e	3994.540 e	3376.136 e	4032.780 e	2886.909 e	3153.759 e	3314.803 e	4904.537 e	6279.041 e	7938.477 e	5964.219 e	7052.871 e	4808.901 e	3264.729 e	3613.016 e	3772.751 e	2172.448 e	1992.015 e	2306.083 e	6466.065 e	7482.564 e	5060.778 e	7012.097 	8021.540 	5943.306 	3625.676 	2641.045 	3929.504 	2666.255 	2981.797 	3994.952 	6099.421 	6965.974 	9227.314 	8379.000 	7666.000 	5576.000 	4661.000 	2779.000 	2588.000 	2103.000 	1942.000 	3049.000 	5355.000 	4560.000 	5779.000 
CF,GWH,GE	: 	478.454 	425.460 	486.593 	479.657 	415.117 	197.507 	140.325 	166.484 	3.918 	1.759 	0.246 	62.043 	170.127 	318.400 	328.623 	459.275 	327.924 	351.518 	224.535 	85.689 	45.631 	0.026 	12.382 	142.520 	146.056 	385.306 	529.958 	440.044 	384.504 	204.920 	198.708 	132.268 	3.219 	6.821 	0.146 	151.472 	406.611 	401.284 	386.905 	263.407 	316.236 	189.797 	153.955 	143.615 	6.778 	2.799 	72.234 	33.526 	204.048 	317.617 	316.331 	: 	: 	: 	: 	: 	: 	: 	: 	: 	: 	: 	: 	: 	: 	: 	: 	: 	: 	: 	: 	: 	: 	: 	: 
CF,GWH,HR	: 	464.885 	525.309 	514.703 	431.406 	575.165 	571.964 	464.527 	485.244 	488.165 	353.735 	197.187 	295.111 	478.543 	434.541 	521.563 	562.325 	538.588 	500.530 	466.025 	478.483 	492.588 	418.796 	319.059 	177.994 	365.227 	512.668 	465.353 	384.733 	465.217 	585.062 	405.490 	452.372 	374.808 	271.564 	279.144 	289.250 	349.151 	391.202 	572.193 	469.587 	403.516 	381.721 	341.144 	416.640 	346.904 	303.785 	123.618 	143.699 	324.825 	434.717 	465.498 	441.166 	541.396 	456.180 	310.375 	357.237 	341.560 	211.791 	321.754 	355.660 	397.369 	544.088 	586.658 	481.000 	437.000 	493.000 	352.000 	330.000 	331.000 	306.000 	181.000 	337.000 	383.000 	377.000 	371.000 
CF,GWH,HU	: 	: 	1271.836 	1377.947 	1478.938 	1434.978 	1242.914 	1025.446 	1067.693 	1130.113 	1053.245 	1017.649 	1071.046 	1161.114 	1124.269 	1403.938 	1329.018 	1475.161 	1283.987 	1176.287 	1166.096 	1125.813 	971.978 	819.054 	839.616 	1199.349 	1394.563 	1467.727 	1268.862 	1276.601 	1491.692 	1230.033 	1152.566 	1242.950 	971.213 	806.448 	943.644 	1111.449 	1107.495 	1604.117 	1375.463 	1390.359 	1220.105 	1092.004 	1102.258 	1167.013 	832.602 	890.519 	815.110 	1059.227 	1196.535 	1348.449 	1398.371 	1621.174 	1207.531 	1161.101 	1306.895 	1131.650 	925.177 	865.024 	854.455 	1046.785 	1093.763 	1538.069 	1319.000 	1216.000 	1205.000 	1153.000 	1124.000 	1151.000 	994.000 	945.000 	749.000 	1005.000 	1076.000 	1314.000 
CF,GWH,IE	: 	1724.450 	1152.294 	1851.692 	1699.395 	1753.826 	1558.534 	1792.749 	1736.274 	1761.792 	1601.924 	1461.487 	1625.558 	1532.630 	1120.750 	1764.253 	1519.858 	1478.668 	1393.534 	1631.300 	1739.001 	1644.255 	1581.985 	1538.828 	1491.026 	1381.148 	1177.960 	1453.296 	1434.293 	1707.748 	1495.935 	1402.461 	1369.844 	1667.309 	1650.481 	1801.777 	1586.405 	1413.341 	1188.376 	1643.652 	1384.456 	1487.864 	1618.818 	1542.799 	1749.751 	2027.147 	1976.253 	1840.594 	1637.604 	1767.551 	1502.874 	1428.023 	1735.703 	1786.882 	1564.579 	1717.387 	1804.612 	1890.218 	1637.176 	1778.142 	1794.344 	1682.719 	1562.749 	1986.216 	1801.000 	1982.000 	1918.000 	1726.000 	1807.000 	1935.000 	1830.000 	1826.000 	1770.000 	1867.000 	1673.000 	1617.000 
CF,GWH,IS	: 	0.337 	0.774 	0.260 	0.129 	0.116 	0.378 	0.392 	0.365 	0.170 	0.168 	0.106 	0.108 	0.212 	0.119 	0.200 	0.176 	0.134 	0.305 	0.266 	0.147 	0.119 	0.150 	0.129 	0.114 	0.163 	0.621 	0.742 	1.287 	0.107 	0.211 	0.124 	0.131 	0.128 	0.117 	0.123 	0.081 	0.122 	0.101 	0.129 	0.113 	0.059 	0.065 	0.125 	0.321 	0.124 	0.111 	0.109 	0.032 	0.263 	0.225 	0.024 	0.049 	0.096 	0.331 	0.219 	0.222 	0.165 	0.105 	0.219 	0.224 	0.159 	0.187 	0.109 	: 	: 	: 	: 	: 	: 	: 	: 	: 	: 	: 	: 
CF,GWH,IT	: 	: 	16083.000 	18333.000 	18195.000 	18520.000 	15355.000 	16183.000 	13484.000 	16076.000 	13737.000 	11128.000 	13708.000 	14489.000 	13532.000 	16172.000 	16061.000 	15355.000 	13951.000 	16458.000 	15813.000 	16528.000 	13408.000 	11385.000 	11379.000 	13069.000 	14605.000 	17421.000 	14181.000 	14728.000 	16669.000 	16396.000 	15749.000 	17718.000 	14181.000 	13215.000 	14326.000 	15418.000 	14902.000 	19328.000 	16315.000 	16671.000 	16696.000 	16918.000 	15792.000 	16596.000 	13137.000 	12513.000 	11940.000 	15725.000 	16093.000 	16650.000 	17894.000 	19032.000 	17081.000 	15243.000 	16079.000 	17292.000 	16333.000 	14186.000 	13803.000 	14618.000 	16850.000 	21089.000 	19519.000 	18114.000 	17735.000 	17140.000 	13798.000 	16109.000 	12591.000 	13017.000 	12509.000 	14938.000 	14881.000 	17110.000 
CF,GWH,LT	: 	: 	55.177 	85.871 	134.397 	74.128 	104.685 	212.125 	107.087 	152.639 	188.476 	100.398 	128.617 	147.757 	156.544 	160.447 	210.883 	179.386 	183.486 	244.331 	282.509 	244.886 	239.463 	155.644 	95.231 	101.575 	113.552 	91.485 	90.887 	83.573 	97.200 	85.000 	73.100 	60.400 	65.370 	83.583 	80.539 	86.183 	95.636 	83.361 	53.854 	46.095 	65.518 	54.562 	66.104 	62.482 	33.819 	86.834 	74.749 	90.116 	79.614 	89.088 	96.018 	95.304 	85.422 	96.180 	67.467 	51.323 	71.265 	144.120 	89.462 	95.250 	83.102 	101.128 	147.000 	217.000 	72.000 	130.000 	61.000 	84.000 	137.000 	99.000 	85.000 	88.000 	99.000 	165.000 
CF,GWH,LU	: 	: 	30.491 e	32.938 e	61.243 e	58.392 e	47.007 e	40.879 e	45.779 e	45.806 e	44.974 e	54.429 e	56.157 e	56.518 e	52.081 e	58.601 e	57.406 e	59.322 e	48.382 e	39.797 e	39.064 e	42.473 e	42.573 e	43.743 e	45.192 e	52.641 e	56.605 e	58.090 e	52.888 	54.031 	48.364 	37.770 	34.178 	40.759 	27.802 	35.617 	39.120 	41.584 	43.504 	50.383 	49.388 e	47.690 e	39.846 e	30.330 e	29.246 e	29.772 e	31.419 e	35.598 	35.901 	42.519 	44.485 	46.938 	41.260 e	41.809 	35.577 	28.054 	28.901 	32.211 	31.037 	33.454 	37.124 	37.620 	40.099 	46.867 	47.000 	43.000 	35.000 	25.000 	27.000 	28.000 	30.000 	33.000 	39.000 	43.000 	43.000 	46.000 
CF,GWH,LV	: 	91.000 	119.000 	266.000 	377.000 	240.000 	167.000 	230.000 	80.000 	225.000 	164.000 	88.000 	128.000 	290.000 	386.000 	404.000 	319.000 	296.000 	204.000 	216.000 	315.000 	134.000 	305.000 	214.000 	150.000 	171.000 	216.000 	209.000 	265.000 	304.000 	346.000 	463.000 	432.000 	283.000 	324.000 	238.000 	192.000 	279.000 	303.000 	501.000 	441.000 	406.000 	317.000 	311.000 	377.000 	295.000 	210.000 	145.000 	192.000 	470.000 	462.000 	336.000 	222.000 	243.000 	231.000 	171.000 	161.000 	186.000 	197.000 	154.000 	196.000 	208.000 	410.000 	461.000 	397.000 	544.000 	418.000 	174.000 	170.000 	215.000 	257.000 	193.000 	201.000 	264.000 	192.000 	562.000 
CF,GWH,MD	: 	: 	107.074 	144.047 	122.694 	108.225 	47.617 	11.903 	7.503 	7.638 	14.584 	31.544 	69.904 	134.216 	141.862 	139.459 	143.305 	116.120 	237.724 	74.589 	7.731 	8.128 	35.873 	34.442 	50.892 	91.006 	99.223 	113.897 	: 	: 	: 	: 	: 	: 	: 	: 	: 	: 	: 	: 	: 	: 	: 	: 	: 	: 	: 	: 	: 	: 	: 	: 	: 	: 	: 	: 	: 	: 	: 	: 	: 	: 	: 	: 	: 	: 	: 	: 	: 	: 	: 	: 	: 	: 	: 	: 
CF,GWH,ME	: 	: 	: 	: 	: 	: 	: 	: 	: 	: 	: 	: 	: 	: 	: 	: 	: 	: 	: 	: 	: 	: 	: 	: 	: 	: 	: 	: 	: 	: 	: 	: 	: 	: 	: 	: 	0.000 	153.000 	139.000 	154.000 	154.000 	130.000 	152.000 	147.000 	139.000 	152.000 	148.000 	3.000 	0.000 	130.000 	139.000 	150.000 	68.000 	137.000 	151.000 	144.000 	133.000 	144.000 	45.000 	0.000 	56.000 	131.000 	130.000 	126.000 	0.000 	0.000 	0.000 	0.000 	0.000 	0.000 	0.000 	0.000 p	0.000 	0.000 	0.000 	0.000 
CF,GWH,MK	: 	: 	368.175 	397.352 	414.768 	311.592 	326.238 	378.321 	354.004 	336.357 	209.226 	128.792 	198.528 	349.992 	285.341 	326.866 	390.185 	341.208 	289.477 	349.006 	285.327 	323.057 	208.199 	175.014 	226.809 	245.405 	364.926 	422.085 	363.633 	292.797 	283.555 	399.385 	430.315 	387.847 	334.927 	252.620 	263.081 	343.599 	380.164 	493.698 	446.423 	341.313 	347.157 	302.497 	251.682 	193.280 	196.170 	103.832 	125.646 	287.833 	354.106 	359.175 	385.502 	353.221 	320.968 	286.388 	331.866 	309.986 	246.310 	254.292 	253.117 	307.053 	450.879 	499.386 	405.000 	338.000 	240.000 	166.000 	206.000 	243.000 	137.000 	163.000 	232.000 	245.000 	309.000 	434.000 
CF,GWH,MT	: 	160.787 	138.329 	152.654 	146.592 	137.610 	155.059 	150.732 	204.589 	209.287 	183.474 	159.048 	165.115 	130.953 	127.313 	127.438 	119.821 	89.705 	132.940 	157.922 	184.890 	181.217 	158.686 	141.117 	133.167 	153.245 	178.906 	206.457 	154.952 	125.051 	149.721 	151.427 	192.790 	172.844 	164.632 	142.117 	126.562 	124.063 	127.230 	167.748 	143.748 	154.120 	155.506 	170.589 	195.624 	191.529 	135.307 	140.186 	85.260 	97.926 	143.948 	102.747 	136.363 	89.142 	170.153 	208.221 	185.701 	158.918 	132.104 	75.916 	89.579 	67.059 	56.256 	71.512 	60.000 	50.000 	66.000 	70.000 	81.000 	76.000 	50.000 	37.000 	40.000 	43.000 	44.000 	59.000 
CF,GWH,NL	: 	: 	5274.623 	7859.912 	8286.322 	8170.765 	6224.320 	6291.264 	5318.940 	6585.851 	6070.721 	5904.015 	6386.852 	8382.158 	7910.355 	8861.769 	8272.840 	7948.183 	7565.623 	7771.542 	8449.713 	8203.387 	6820.224 	6795.698 	5814.202 	7222.311 	7581.515 	9235.648 	8530.582 	9409.971 	8822.724 e	7188.529 	7048.567 	7412.606 	6528.775 	7584.252 	6881.737 	8360.711 	8789.891 	9901.740 	8722.000 e	8519.000 e	7844.000 e	6566.000 e	7075.000 e	7235.000 e	6918.000 e	7352.000 e	7893.000 e	8568.000 e	9105.000 e	8653.000 e	9142.000 e	9525.000 e	8079.000 e	6544.000 e	6046.000 e	7440.000 e	7250.000 e	7272.000 e	7443.000 e	8332.000 e	8429.000 e	10122.000 e	9690.000 	9617.000 	9697.000 	8495.000 	7130.000 	6944.000 	7010.000 	7192.000 	7696.000 	8702.000 	7843.000 	8790.000 
CF,GWH,NO	151.062 	160.660 	129.662 	151.270 	144.386 	142.735 	137.496 	127.783 	141.366 	147.496 	141.839 	151.766 	135.516 	135.442 	119.300 	130.856 	139.292 	72.258 	85.893 	199.114 	282.908 	289.327 	204.025 	224.907 	285.704 	282.876 	273.627 	293.535 	287.988 	272.601 	270.872 	252.308 	264.367 	266.034 	269.938 	283.692 	297.828 	300.678 	265.844 	270.314 	304.328 	285.490 	276.763 	289.610 	305.676 	303.764 	273.174 	277.652 	283.589 	294.348 	267.306 	295.580 	293.282 	289.755 	307.022 	272.274 	296.754 	312.622 	247.634 	221.099 	291.470 	295.839 	281.847 	298.046 	300.000 	280.000 	256.000 	214.000 	306.000 	293.000 	249.000 	292.000 	297.000 	292.000 	289.000 	307.000 
CF,GWH,PL	: 	: 	10266.468 	12100.787 	13516.761 	12574.585 	11879.651 	12172.700 	11463.469 	11909.120 	10974.747 	10115.270 	10554.566 	11288.854 	11138.538 	12753.855 	11547.792 	11109.059 	10883.137 	10238.176 	10232.190 	9892.962 	9198.001 	9050.383 	8860.420 	10380.457 	10031.856 	11313.158 	11100.634 	10747.430 	11173.636 	10258.207 	11119.485 	10790.123 	10551.272 	10642.723 	10278.039 	10703.831 	10541.523 	12737.226 	12338.645 	12064.712 	11562.675 	11122.953 	11926.199 	11986.869 	11005.303 	10670.975 	10069.887 	12445.527 	12046.987 	11716.655 	11369.204 	11716.115 	11141.678 	10932.366 	11317.603 	11306.818 	10549.676 	10953.212 	10535.153 	11522.776 	11674.595 	13460.229 	11619.000 	11530.000 	11268.000 	10610.000 	10440.000 	10425.000 	10160.000 	9877.000 	10079.000 	10893.000 	10042.000 	11766.000 
CF,GWH,PT	: 	: 	1745.351 	1962.027 	1674.299 	2006.133 	1861.669 	2112.188 	1775.756 	1912.573 	1645.258 	1447.578 	1978.894 	1372.066 	1001.396 	1920.793 	1688.695 	2604.136 	2369.523 	2999.326 	2659.637 	2474.277 	1749.987 	1358.732 	1033.467 	1582.307 	1736.170 	2264.817 	1701.125 	2160.930 	2472.384 	2168.597 	2306.712 	3107.988 	2643.579 	2119.399 	1886.000 	1667.000 	1791.000 	2620.000 	2395.000 	2573.000 	2507.000 	3270.000 	3228.000 	3428.000 	2934.000 	2321.000 	1219.000 	1402.000 	2583.000 	3027.000 	2769.000 	3114.000 	2955.000 	3300.761 	3791.516 	3671.120 	3315.981 	3094.026 	2623.668 	2624.612 	2501.953 	3196.141 	2982.000 	2695.000 	2624.000 	2932.000 	2933.000 	3038.000 	2501.000 	1435.000 	1214.000 	1717.000 	1511.000 	1922.000 
CF,GWH,RO	: 	1311.000 	1620.000 	1726.000 	1824.000 	1739.000 	1581.000 	1395.000 	1463.000 	1613.000 	1278.000 	1099.000 	1326.000 	1642.000 	1609.000 	1739.000 	1862.000 	1673.000 	1168.000 	1440.000 	1486.000 	1482.000 	884.000 	621.000 	751.000 	1281.000 	1592.000 	2129.000 	1896.000 	1789.000 	1803.000 	1487.000 	1514.000 	1579.000 	1078.000 	1163.000 	1356.000 	1714.000 	1973.000 	2238.000 	2460.000 	2287.000 	1995.000 	1674.000 	1781.000 	1511.000 	1549.000 	1391.000 	980.000 	2089.000 	2371.000 	2523.000 	2315.000 	2245.000 	1894.000 	1662.000 	1911.000 	1927.000 	1541.000 	1626.000 	1505.000 	1945.000 	2238.000 	2786.000 	2427.000 	2098.000 	1967.000 	1805.000 	1736.000 	1916.000 	1666.000 	1298.000 	1204.000 	1470.000 	1643.000 	2728.000 
CF,GWH,RS	: 	2196.510 	1741.970 	1918.579 	1925.132 	1932.118 	2072.184 	1785.238 	1828.883 	1818.176 	1449.246 	1350.353 	1739.630 	2373.236 	2144.697 	2355.422 	2486.749 	2293.950 	2141.101 	1945.844 	1976.138 	1779.460 	1598.709 	1678.834 	1864.477 	2334.787 	2339.741 	2549.094 	2330.458 	2071.126 	2040.854 	1757.639 	1909.190 	1784.000 	1586.213 	1585.673 	1908.042 	2562.403 	2085.140 	2292.998 	2322.970 	2276.461 	2286.336 	1835.724 	1667.568 	1681.745 	1785.613 	1576.084 	1623.558 	2072.367 	2017.139 	2479.524 	2193.979 	1771.007 	2254.577 	2140.746 	2144.733 	2124.882 	1793.512 	1767.466 	1728.772 	1662.149 	2164.017 	2658.818 	2467.000 	2055.000 	2276.000 	2018.000 	2110.000 	1698.000 	1507.000 	1739.000 	1842.000 	2421.000 	2473.000 	2777.000 
CF,GWH,SE	: 	1669.000 	1492.000 	1762.000 	1994.000 	1484.000 	1131.000 	1081.000 	874.160 	823.000 	859.000 	1041.000 	1280.000 	1539.000 	1540.000 	1819.000 	1382.948 	1110.676 	1027.283 	880.431 	735.248 	798.198 	825.585 	931.266 	963.948 	1240.254 	1272.568 	1483.620 	1559.320 	1453.560 	1168.415 	884.453 	852.277 	881.829 	818.065 	1031.361 	1404.817 	1758.663 	1692.325 	2081.904 	1965.445 	1515.171 	1128.121 	882.204 	806.576 	775.402 	818.196 	903.446 	1192.024 	1655.875 	1657.946 	1747.051 	1634.956 	1366.083 	1166.552 	859.698 	795.113 	828.086 	854.613 	1037.193 	1367.508 	1603.458 	1632.295 	1739.702 	1714.000 	1492.000 	1133.000 	673.000 	703.000 	761.000 	713.000 	859.000 	1142.000 	1460.000 	1580.000 	1827.000 
CF,GWH,SI	: 	: 	377.252 	424.089 	418.122 	408.909 	363.833 	301.758 	387.254 	176.720 	157.940 	206.584 	359.145 	437.743 	369.077 	447.046 	459.499 	506.375 	526.018 	391.284 	372.087 	440.500 	341.661 	219.533 	246.069 	291.939 	353.162 	370.623 	407.185 	393.819 	526.738 	289.026 	318.119 	460.782 	326.622 	324.705 	293.568 	358.353 	412.276 	476.900 	388.573 	490.825 	505.078 	401.662 	439.756 	396.435 	161.382 	186.295 	344.795 	472.735 	490.524 	425.008 	377.381 	395.862 	376.312 	322.825 	432.553 	441.748 	291.900 	351.180 	373.641 	480.149 	471.130 	604.758 	578.000 	453.000 	553.000 	445.000 	365.000 	483.000 	351.000 	299.000 	314.000 	398.000 	370.000 	448.000 
CF,GWH,SK	: 	550.000 	615.000 	694.000 	783.000 	785.000 	664.000 	587.000 	427.000 	584.000 	576.000 	501.000 	695.000 	827.000 	776.000 	802.000 	678.000 	609.000 	563.000 	557.000 	469.000 	419.000 	485.000 	454.000 	452.000 	548.000 	592.000 	735.000 	593.000 	584.000 	563.000 	418.000 	494.000 	587.000 	478.000 	489.000 	482.000 	620.000 	566.000 	651.000 	564.000 	441.000 	426.000 	472.000 	454.000 	460.000 	336.000 	359.000 	397.000 	490.000 	506.000 	521.000 	519.000 	499.000 	458.000 	393.000 	452.000 	401.000 	403.000 	377.000 	423.000 	469.000 	491.000 	591.000 	532.000 	496.000 	423.000 	383.000 	389.000 	374.000 	397.000 	409.000 	447.000 	534.000 	500.000 	546.000 
CF,GWH,TR	: 	: 	16126.027 	17807.358 	19004.046 	18085.581 	17295.632 	18844.205 	21238.333 	19059.593 	17523.506 	14004.758 	12540.250 	16297.678 	14831.241 	17219.274 	18375.623 	17249.235 	17058.922 	17008.543 	16586.381 	16005.167 	12624.058 	7570.795 	6435.595 	10228.278 	13117.571 	16196.582 	16606.311 	15344.478 	14902.805 	14821.625 	15094.758 	16095.096 	10349.785 	9538.981 	9833.589 	12373.167 	12193.728 	13841.140 	16229.297 	16112.606 	17462.410 	17505.917 	17303.226 	19558.108 	14790.835 	14000.399 	13803.206 	14062.733 	16335.478 	17989.331 	16999.591 	19054.073 	18221.419 	17578.179 	19135.454 	19734.788 	14933.783 	13146.457 	12895.278 	15275.335 e	15477.052 e	16467.633 e	15632.000 	16187.000 	15392.000 	14274.000 	17250.000 	14775.000 	13986.000 	12866.000 	12171.000 	12695.000 	13267.000 	15124.000 
CF,GWH,UA	: 	: 	: 	4518.400 	4792.500 	4227.100 	4060.000 	3350.700 	3537.800 	3969.300 	2773.400 	2566.000 	3337.600 	4562.200 	5086.000 	5810.900 	7114.200 	6362.800 	4567.800 	4024.400 	3626.800 	3878.600 	4035.700 	3965.600 	3312.900 	3969.900 	4887.000 	5188.100 	4892.000 	4470.900 	5005.100 	4205.100 	4755.300 	4404.900 	4670.100 	4056.500 	4519.400 	5340.400 	4984.200 	6734.900 	7021.600 	5743.600 	4678.800 	4122.000 	3640.600 	4679.800 	4109.400 	4185.900 	4549.900 	6037.300 	5567.000 	6494.800 	5772.100 	5768.900 	5662.700 	: 	: 	: 	: 	: 	: 	: 	: 	: 	: 	: 	: 	: 	: 	: 	: 	: 	: 	: 	: 	: 
CF,GWH,UK	: 	: 	: 	: 	: 	: 	: 	: 	: 	: 	: 	: 	: 	: 	: 	: 	: 	: 	12993.090 	12997.006 	13263.704 	13318.556 	12023.958 	10382.405 	10670.832 	13827.637 	11920.099 	14746.150 	14686.951 	16783.920 	14373.223 	11752.036 	11696.201 	14467.706 	13613.487 	14348.623 	14164.145 	13934.724 	14212.846 	19895.797 	16356.964 	15988.666 	15131.367 	11836.703 	12927.196 	14432.106 	13138.548 	13683.992 	14642.711 	18335.900 	16835.974 	17527.778 	18880.009 	18588.150 	14299.394 	13430.562 	12707.584 	13302.659 	12012.334 	14120.212 	14077.660 	16439.377 	16840.740 	17582.956 	19686.000 	19273.000 	17140.000 	14361.000 	13309.000 	13590.000 	15170.000 	14873.000 	16984.000 	19463.000 	16006.000 	19032.000 
CF_NR,GWH,AL	: 	0.000 	0.000 	0.000 	0.000 	0.000 	0.000 	0.000 	0.000 	0.000 	0.000 	0.000 	0.000 	0.000 	0.000 	0.000 	0.000 	0.000 	0.000 	0.000 	0.000 	0.000 	0.000 	0.000 	0.000 	0.000 	0.000 	0.000 	0.000 	0.000 	0.000 	0.000 	0.000 	0.000 	0.000 	0.000 	0.000 	0.000 	0.000 	0.000 	0.000 	0.000 	0.000 	0.000 	0.000 	0.000 	0.000 	0.000 	0.000 	0.000 	0.000 	0.000 	: 	: 	: 	: 	: 	: 	: 	: 	: 	: 	: 	: 	: 	: 	: 	: 	: 	: 	: 	: 	: 	: 	: 	: 
CF_NR,GWH,AT	: 	46.764 	52.624 	54.928 	63.834 	53.150 	41.541 	41.513 	43.487 	41.297 	40.228 	47.519 	52.772 	40.699 	48.682 	54.612 	53.316 	54.168 	49.362 	38.219 	44.682 	47.550 	39.524 	42.788 	40.451 	43.741 	52.731 	57.632 	70.356 	71.148 	58.068 	56.174 	58.513 	64.074 	55.946 	62.859 	68.563 	58.459 	62.666 	72.165 	65.111 	59.974 	50.228 	48.176 	55.016 	56.220 	60.851 	65.727 	62.050 	58.370 	63.391 	59.597 	64.330 	68.301 	56.311 	50.200 	59.367 	66.822 	63.822 	64.970 	58.006 	55.891 	61.251 	75.147 	: 	: 	: 	: 	: 	: 	: 	: 	: 	: 	: 	: 
CF_NR,GWH,BA	: 	: 	0.000 	0.000 	0.000 	0.000 	0.000 	0.000 	0.000 	0.000 	0.000 	0.000 	0.000 	0.000 	0.000 	0.000 	0.000 	0.000 	0.000 	0.000 	0.000 	0.000 	0.000 	0.000 	0.000 	0.000 	0.000 	0.000 	0.000 	0.000 	0.000 	0.000 	0.000 	0.000 	0.000 	0.000 	0.000 	0.000 	0.000 	0.000 	: 	: 	: 	: 	: 	: 	: 	0.000 	0.000 	0.000 	0.000 	0.000 	: 	: 	: 	: 	0.000 	0.000 	0.000 	0.000 	0.000 	0.000 	0.000 	0.000 	: 	: 	: 	: 	: 	: 	: 	: 	: 	: 	: 	: 
CF_NR,GWH,BE	: 	: 	68.596 	64.523 	91.577 	80.622 	93.804 	58.608 	72.988 	82.868 	67.226 	84.099 	80.525 	87.838 	79.609 	87.051 	92.592 	88.451 	88.188 	74.934 	82.649 	79.351 	78.386 	84.593 	91.943 	90.384 	78.928 	79.593 	95.185 	77.517 	83.745 	84.853 	86.647 	75.605 	76.434 	86.248 	86.195 	98.161 	85.594 	88.043 	86.800 	81.180 	80.365 	76.103 	87.304 	84.406 	72.617 	85.820 	80.881 	84.626 	81.481 	87.617 	86.284 	85.855 	91.835 	81.272 	90.510 	82.950 	77.142 	86.171 	87.226 	87.155 	87.207 	96.004 	: 	: 	: 	: 	: 	: 	: 	: 	: 	: 	: 	: 
CF_NR,GWH,BG	: 	: 	0.000 	0.000 	0.000 	0.000 	0.000 	0.000 	0.000 	0.000 	0.000 	0.000 	0.000 	0.000 	0.000 	0.000 	0.000 	0.000 	0.000 	0.000 	0.000 	0.000 	0.000 	0.000 	0.000 	0.000 	0.000 	1.073 	2.246 	6.879 	13.741 	0.000 	0.000 	0.000 	0.000 	0.000 	0.000 	0.000 	0.000 	13.994 	0.000 	0.000 	0.000 	0.000 	0.000 	0.000 	0.000 	0.000 	0.000 	0.000 	0.000 	0.000 	0.000 	0.000 	0.000 	0.000 	0.000 	0.000 	0.000 	0.000 	0.000 	0.000 	0.000 	0.000 	: 	: 	: 	: 	: 	: 	: 	: 	: 	: 	: 	: 
CF_NR,GWH,CY	: 	: 	0.000 	0.000 	0.000 	0.000 	0.000 	0.000 	0.000 	0.000 	0.000 	0.000 	0.000 	0.000 	0.000 	0.000 	0.000 	0.000 	0.000 	0.000 	0.000 	0.000 	0.000 	0.000 	0.000 	0.000 	0.000 	0.000 	0.000 	0.000 	0.000 	0.000 	0.000 	0.000 	0.000 	0.000 	0.000 	0.000 	0.000 	0.000 	0.000 	0.000 	0.000 	0.000 	0.000 	0.000 	0.000 	0.000 	0.000 	0.000 	0.000 	0.000 	0.000 	0.000 	0.000 	0.000 	0.000 	0.000 	0.000 	0.000 	0.000 	0.000 	0.000 	0.000 	: 	: 	: 	: 	: 	: 	: 	: 	: 	: 	: 	: 
CF_NR,GWH,CZ	: 	: 	7.783 	7.664 	9.343 	6.562 	4.787 	6.593 	8.512 	7.505 	8.300 	6.314 	7.249 	7.063 	7.804 	8.129 	9.610 	6.538 	5.195 	5.067 	8.029 	6.739 	7.131 	4.825 	5.802 	7.258 	8.035 	7.359 	7.959 	5.593 	5.423 	6.093 	6.614 	5.499 	5.771 	5.461 	4.358 	6.697 	6.957 	5.894 	6.439 	3.291 	4.498 	4.566 	6.436 	5.805 	5.792 	6.288 	5.783 	6.195 	5.539 	6.977 	6.890 	6.231 	6.228 	6.076 	6.808 	6.336 	5.807 	7.020 	6.564 	7.542 	6.151 	6.523 	: 	: 	: 	: 	: 	: 	: 	: 	: 	: 	: 	: 
CF_NR,GWH,DE	: 	: 	1285.215 e	1251.897 e	1319.230 e	1381.565 e	1361.340 e	1340.411 e	1386.657 e	1398.698 e	1340.281 e	1347.841 e	1388.568 e	1262.113 e	1264.168 e	1298.789 e	1270.860 e	1395.656 e	1298.069 e	1319.099 e	1366.716 e	1387.323 e	1336.497 e	1160.969 e	1160.206 e	1372.248 e	1335.991 e	1461.874 e	1403.458 e	1385.078 e	1549.336 e	1415.974 e	1519.343 e	1524.636 e	1464.210 e	1516.280 e	1466.159 e	1501.622 e	1408.619 e	1497.859 e	1529.960 e	1447.608 e	1580.550 e	1494.430 e	1576.674 e	1553.310 e	1503.844 e	1556.225 e	1516.380 e	1526.447 e	1393.093 e	1553.273 e	1608.347 e	1493.585 e	1539.513 e	1578.217 e	1615.427 e	1585.702 e	1548.082 e	1568.792 e	1531.160 e	1618.103 e	1459.579 e	1588.821 e	: 	: 	: 	: 	: 	: 	: 	: 	: 	: 	: 	: 
CF_NR,GWH,DK	: 	76.630 	65.981 	76.683 	73.571 	69.484 	66.034 	49.394 	52.148 	49.168 	52.221 	64.589 	66.376 	67.084 	62.072 	79.616 	73.038 	53.485 	53.454 	53.707 	59.117 	57.266 	49.333 	63.326 	58.471 	62.678 	53.869 	67.922 	67.660 	64.312 	64.447 	51.528 	51.377 	51.691 	50.713 	61.708 	63.190 	58.963 	61.061 	69.082 	52.437 	42.862 	55.303 	38.167 	44.885 	49.745 	49.569 	44.431 	47.009 	46.956 	44.916 	54.101 	57.838 	55.907 	47.706 	35.783 	45.448 	50.562 	46.453 	58.972 	58.446 	63.324 	53.116 	61.488 	: 	: 	: 	: 	: 	: 	: 	: 	: 	: 	: 	: 
CF_NR,GWH,EA19	: 	: 	2238.594 	2487.474 	2269.326 	2605.230 	2465.451 	2388.196 	2394.481 	2462.991 	2321.278 	2311.735 	2301.969 	2206.944 	2386.348 	2450.618 	2360.297 	2493.458 	2351.947 	2281.166 	2368.964 	2148.865 	2149.470 	1923.212 	1913.524 	2319.230 	2254.113 	2472.504 	2245.844 	2214.311 	2376.212 	2134.494 	2266.417 	2203.034 	2204.155 	2297.445 	2317.934 	2379.033 	2236.809 	2436.314 	2506.698 	2425.905 	2591.937 	2460.179 	2556.517 	2516.838 	2397.701 	2515.592 	2422.796 	2454.416 	2357.877 	2520.941 	2739.489 	2513.712 	2628.520 	2653.389 	2744.499 	2708.067 	2555.125 	2475.100 	2469.668 	2591.473 	2398.773 	2593.657 	: 	: 	: 	: 	: 	: 	: 	: 	: 	: 	: 	: 
CF_NR,GWH,EE	: 	: 	289.702 	517.100 	102.647 	453.000 	347.000 	399.465 	275.638 	329.179 	300.896 	212.306 	220.500 	170.000 	428.300 	420.000 	332.000 	307.000 	323.000 	330.000 	388.000 	195.000 	201.000 	120.000 	103.000 	195.000 	170.000 	202.000 	0.000 	0.000 	0.000 	0.000 	0.000 	0.000 	0.000 	0.000 	0.000 	0.000 	0.000 	0.000 	0.000 	0.000 	0.000 	0.000 	0.000 	0.000 	0.000 	0.000 	0.000 	0.000 	0.000 	0.000 	0.000 	0.000 	0.000 	0.000 	0.000 	0.000 	0.000 	0.000 	0.000 	0.000 	0.000 	0.000 	: 	: 	: 	: 	: 	: 	: 	: 	: 	: 	: 	: 
CF_NR,GWH,EL	: 	0.030 	0.080 	0.110 	0.080 	0.020 	0.020 	0.000 	0.010 	0.000 	0.036 	0.090 	0.100 	0.100 	0.170 	0.190 	0.220 	0.200 	0.580 	1.095 	0.090 	0.060 	0.090 	0.180 	0.188 	0.070 	0.430 	0.250 	0.107 	0.074 	0.058 	0.044 	0.012 	0.020 	0.379 	0.100 	0.340 	0.090 	0.080 	0.040 	0.050 	0.060 	0.020 	0.030 	0.040 	0.010 	0.020 	0.040 	0.070 	0.030 	0.080 	0.060 	0.070 	0.080 	0.070 	0.020 	0.020 	0.020 	0.030 	0.060 	0.050 	0.080 	0.090 	0.090 	: 	: 	: 	: 	: 	: 	: 	: 	: 	: 	: 	: 
CF_NR,GWH,ES	: 	: 	144.547 	169.947 	181.223 	179.155 	185.978 	179.817 	212.200 	204.980 	196.636 	177.333 	175.760 	184.342 	172.740 	182.932 	188.665 	194.075 	163.321 	188.784 	190.291 	141.081 	149.096 	145.363 	139.177 	177.143 	170.007 	166.714 	169.957 	158.921 	184.643 	202.078 	195.266 	176.176 	170.692 	168.295 	189.255 	212.401 	188.099 	206.705 	204.462 	199.092 	215.954 	202.905 	210.088 	214.466 	190.540 	148.029 	180.407 	227.119 	206.944 	234.574 	309.558 	295.815 	323.492 	306.696 	315.081 	303.190 	312.552 	233.166 	251.116 	290.951 	262.178 	297.585 	: 	: 	: 	: 	: 	: 	: 	: 	: 	: 	: 	: 
CF_NR,GWH,EU27_2020	: 	: 	2565.673 	2861.251 	2634.689 	2932.125 	2771.549 	2703.129 	2693.362 	2775.824 	2725.857 	2683.187 	2669.264 	2584.475 	2756.413 	2851.936 	2751.662 	2818.544 	2682.920 	2558.073 	2623.569 	2463.473 	2443.254 	2224.859 	2206.618 	2669.345 	2579.337 	2835.208 	2599.122 	2552.773 	2740.868 	2403.067 	2573.701 	2548.173 	2465.345 	2586.643 	2647.493 	2746.439 	2587.348 	2857.216 	2946.076 	2790.758 	2947.049 	2726.271 	2872.936 	2858.880 	2716.270 	2834.329 	2727.599 	2800.204 	2683.723 	2902.733 	3088.583 	2839.595 	2957.701 	2928.389 	3088.573 	3073.738 	2894.698 	2838.117 	2866.812 	2979.488 	2754.287 	2985.880 	: 	: 	: 	: 	: 	: 	: 	: 	: 	: 	: 	: 
CF_NR,GWH,FI	58.000 	63.000 	62.000 	69.000 	83.000 	58.000 	60.000 	66.000 	61.000 	70.438 e	70.000 	64.000 	65.000 	73.000 	66.000 	78.000 	70.000 	56.000 	50.000 	43.000 	55.000 	49.000 	58.000 	58.000 	65.000 	69.000 	60.000 	64.000 	71.000 	72.000 	68.000 	51.000 	63.000 	68.000 	59.000 	56.000 	71.000 	78.000 	71.000 	87.000 	100.000 	83.000 	74.000 	68.000 	73.000 	82.000 	68.000 	76.000 	81.000 	78.000 	76.000 	85.000 	85.000 	80.000 	79.000 	61.000 	67.000 	84.000 	72.000 	71.000 	78.000 	83.000 	89.000 	91.000 	: 	: 	: 	: 	: 	: 	: 	: 	: 	: 	: 	: 
CF_NR,GWH,FR	: 	: 	: 	0.000 	: 	: 	: 	: 	: 	: 	: 	: 	: 	: 	: 	0.000 	: 	: 	: 	: 	: 	: 	: 	: 	: 	: 	: 	0.000 	: 	: 	: 	: 	: 	: 	: 	: 	: 	: 	: 	0.000 	: 	: 	: 	: 	: 	: 	: 	: 	: 	: 	: 	: 	: 	: 	: 	: 	: 	: 	: 	: 	: 	: 	: 	: 	: 	: 	: 	: 	: 	: 	: 	: 	: 	: 	: 	: 
CF_NR,GWH,GE	: 	0.000 	0.000 	0.000 	0.000 	0.000 	0.000 	0.000 	0.000 	0.000 	0.000 	0.000 	0.000 	0.000 	0.000 	0.000 	0.000 	0.000 	0.000 	0.000 	0.000 	0.000 	0.000 	0.000 	0.000 	0.000 	0.000 	0.000 	0.000 	0.000 	0.000 	0.000 	0.000 	0.000 	0.000 	0.000 	0.000 	0.000 	0.000 	0.000 	0.000 	0.000 	0.000 	0.000 	0.000 	0.000 	0.000 	0.000 	0.000 	0.000 	0.000 	0.000 	: 	: 	: 	: 	: 	: 	: 	: 	: 	: 	: 	: 	: 	: 	: 	: 	: 	: 	: 	: 	: 	: 	: 	: 
CF_NR,GWH,HR	: 	0.000 	0.000 	0.000 	0.000 	0.000 	0.000 	0.000 	0.000 	0.000 	0.000 	0.000 	0.000 	0.000 	0.000 	0.000 	0.000 	0.000 	0.000 	0.000 	0.000 	0.000 	0.000 	0.000 	0.000 	0.000 	0.000 	0.000 	0.000 	0.000 	0.000 	0.000 	0.000 	0.000 	0.000 	0.000 	0.000 	0.000 	0.000 	0.000 	0.000 	0.000 	0.000 	0.000 	0.000 	0.000 	0.000 	0.000 	0.000 	0.000 	0.000 	0.000 	0.000 	0.000 	0.000 	0.000 	0.000 	0.000 	0.000 	0.000 	0.000 	0.000 	0.000 	0.000 	: 	: 	: 	: 	: 	: 	: 	: 	: 	: 	: 	: 
CF_NR,GWH,HU	: 	: 	27.853 	27.211 	21.011 	27.649 	25.396 	25.949 	27.646 	27.357 	29.831 	25.614 	28.417 	28.932 	26.019 	26.232 	28.848 	25.259 	24.251 	18.158 	20.192 	20.956 	19.564 	24.049 	28.444 	21.770 	23.437 	24.065 	33.183 	33.524 	28.807 	23.351 	30.315 	33.447 	24.924 	29.059 	30.467 	30.198 	23.418 	23.043 	18.883 	22.334 	22.043 	18.513 	24.446 	24.889 	20.873 	19.907 	23.538 	22.377 	17.798 	21.514 	35.139 	23.426 	19.197 	20.508 	21.783 	20.387 	17.598 	26.951 	29.490 	24.186 	15.881 	17.249 	: 	: 	: 	: 	: 	: 	: 	: 	: 	: 	: 	: 
CF_NR,GWH,IE	: 	89.542 	79.741 	95.020 	97.230 	84.523 	81.956 	97.932 	77.384 	26.556 	81.479 	101.107 	90.781 	92.026 	71.445 	85.710 	126.878 	201.353 	170.562 	85.022 	44.965 	32.366 	74.099 	79.750 	104.173 	182.489 	182.947 	222.272 	220.628 	254.980 	238.240 	188.762 	136.674 	82.195 	172.296 	200.331 	236.121 	227.164 	206.971 	239.708 	234.597 	242.891 	273.936 	215.049 	156.646 	148.986 	182.112 	260.127 	222.405 	185.464 	201.389 	199.689 	263.771 	222.789 	197.574 	217.301 	227.561 	233.259 	163.165 	201.000 	183.444 	205.832 	211.005 	239.736 	: 	: 	: 	: 	: 	: 	: 	: 	: 	: 	: 	: 
CF_NR,GWH,IS	: 	0.000 	0.000 	0.000 	0.000 	0.000 	0.000 	0.000 	0.000 	0.000 	0.000 	0.000 	0.000 	0.000 	0.000 	0.000 	0.000 	0.000 	0.000 	0.000 	0.000 	0.000 	0.000 	0.000 	0.000 	0.000 	0.000 	0.000 	0.000 	0.000 	0.000 	0.000 	0.000 	0.000 	0.000 	0.000 	0.000 	0.000 	0.000 	0.000 	0.000 	0.000 	0.000 	0.000 	0.000 	0.000 	0.000 	0.000 	0.000 	0.000 	0.000 	0.000 	0.000 	0.000 	0.000 	0.000 	0.000 	0.000 	0.000 	0.000 	0.000 	0.000 	0.000 	0.000 	: 	: 	: 	: 	: 	: 	: 	: 	: 	: 	: 	: 
CF_NR,GWH,IT	: 	: 	: 	: 	0.000 	: 	: 	: 	: 	: 	: 	: 	: 	: 	: 	: 	: 	: 	: 	: 	: 	: 	: 	: 	: 	: 	: 	: 	: 	0.000 	0.000 	0.000 	0.000 	0.000 	0.000 	0.000 	0.000 	0.000 	: 	: 	: 	: 	: 	: 	: 	: 	: 	: 	: 	: 	: 	: 	: 	: 	: 	: 	: 	: 	: 	: 	: 	: 	: 	: 	: 	: 	: 	: 	: 	: 	: 	: 	: 	: 	: 	: 
CF_NR,GWH,LT	: 	: 	12.216 e	6.651 e	7.645 e	7.139 e	6.657 e	7.079 e	7.251 e	6.442 e	1.084 e	7.080 e	7.138 e	6.029 e	6.373 e	5.349 e	6.942 e	5.343 e	8.514 e	6.825 e	1.267 e	5.001 e	7.729 e	6.686 e	6.015 e	7.299 e	6.666 e	7.101 e	7.481 e	6.840 e	4.600 e	6.300 e	6.700 e	5.030 e	4.030 e	7.098 e	7.143 e	5.836 e	6.514 e	6.546 e	7.077 e	6.136 e	7.338 e	7.533 e	7.689 e	7.231 e	1.347 e	6.360 e	5.562 e	7.128 e	5.920 e	4.995 e	7.716 e	6.216 e	7.866 e	2.720 e	6.278 e	6.673 e	1.278 e	5.439 e	7.102 e	5.335 e	5.708 e	6.067 e	: 	: 	: 	: 	: 	: 	: 	: 	: 	: 	: 	: 
CF_NR,GWH,LU	: 	: 	4.562 e	4.959 e	5.671 e	5.572 e	4.534 e	3.053 e	5.693 e	5.324 e	5.272 e	5.286 e	5.487 e	4.273 e	3.814 e	4.072 e	5.234 e	6.417 e	2.935 e	2.096 e	4.616 e	5.902 e	5.629 e	5.520 e	3.962 e	5.003 e	5.103 e	5.464 e	5.599 	6.004 	5.758 	4.470 	5.408 	6.292 	6.015 	6.260 	6.268 	2.910 	5.265 	5.410 	5.288 	6.051 	6.196 	4.571 	5.638 	6.120 	6.063 	6.408 	6.109 	2.300 	4.728 	5.457 	6.260 	6.059 	5.257 	3.234 	5.533 	6.167 	5.784 	5.706 	5.742 	3.688 	5.549 	6.023 	: 	: 	: 	: 	: 	: 	: 	: 	: 	: 	: 	: 
CF_NR,GWH,LV	: 	0.000 	0.000 	0.000 	0.000 	0.000 	0.000 	0.000 	0.000 	0.000 	0.000 	0.000 	0.000 	0.000 	0.000 	0.000 	0.000 	0.000 	0.000 	0.000 	0.000 	0.000 	0.000 	0.000 	0.000 	0.000 	0.000 	0.000 	0.000 	0.000 	0.000 	0.000 	0.000 	0.000 	0.000 	0.000 	0.000 	0.000 	0.000 	0.000 	0.000 	0.000 	0.000 	0.000 	0.000 	0.000 	0.000 	0.000 	0.000 	0.000 	0.000 	0.000 	0.000 	0.000 	0.000 	0.000 	0.000 	0.000 	0.000 	0.000 	0.000 	0.000 	0.000 	0.000 	: 	: 	: 	: 	: 	: 	: 	: 	: 	: 	: 	: 
CF_NR,GWH,MD	: 	: 	0.000 	0.000 	0.000 	5.138 	24.644 	0.000 	0.000 	0.000 	0.000 	0.000 	0.000 	0.000 	0.000 	0.000 	0.000 	0.000 	0.000 	0.000 	0.000 	0.000 	0.000 	0.000 	0.000 	0.000 	0.000 	0.000 	: 	: 	: 	: 	: 	: 	: 	: 	: 	: 	: 	: 	: 	: 	: 	: 	: 	: 	: 	: 	: 	: 	: 	: 	: 	: 	: 	: 	: 	: 	: 	: 	: 	: 	: 	: 	: 	: 	: 	: 	: 	: 	: 	: 	: 	: 	: 	: 
CF_NR,GWH,ME	: 	: 	: 	: 	: 	: 	: 	: 	: 	: 	: 	: 	: 	: 	: 	: 	: 	: 	: 	: 	: 	: 	: 	: 	: 	: 	: 	: 	: 	: 	: 	: 	: 	: 	: 	: 	0.000 	0.000 	0.000 	0.000 	0.000 	0.000 	0.000 	0.000 	0.000 	0.000 	0.000 	0.000 	0.000 	0.000 	0.000 	0.000 	0.000 	0.000 	0.000 	0.000 	0.000 	0.000 	0.000 	0.000 	0.000 	0.000 	0.000 	0.000 	: 	: 	: 	: 	: 	: 	: 	: 	: 	: 	: 	: 
CF_NR,GWH,MK	: 	: 	0.000 	0.000 	0.000 	0.000 	0.000 	0.000 	0.000 	0.000 	0.000 	0.000 	0.000 	0.000 	0.000 	0.000 	0.000 	0.000 	0.000 	0.000 	0.000 	0.000 	0.000 	0.000 	0.000 	0.000 	0.000 	0.000 	0.000 	0.000 	0.000 	0.000 	0.000 	0.000 	0.000 	0.000 	0.000 	0.000 	0.000 	0.000 	0.000 	0.000 	0.000 	0.000 	0.000 	0.000 	0.000 	0.000 	0.000 	0.000 	0.000 	0.000 	0.000 	0.000 	0.000 	0.000 	0.000 	0.000 	0.000 	0.000 	0.000 	0.000 	0.000 	0.000 	: 	: 	: 	: 	: 	: 	: 	: 	: 	: 	: 	: 
CF_NR,GWH,MT	: 	0.000 	0.000 	0.000 	0.000 	0.000 	0.000 	0.000 	0.000 	0.000 	0.000 	0.000 	0.000 	0.000 	0.000 	0.000 	0.000 	0.000 	0.000 	0.000 	0.000 	0.000 	0.000 	0.000 	0.000 	0.000 	0.000 	0.000 	0.000 	0.000 	0.000 	0.000 	0.000 	0.000 	0.000 	0.000 	0.000 	0.000 	0.000 	0.000 	143.748 	154.120 	155.506 	170.589 	195.624 	191.529 	135.307 	140.186 	85.260 	97.926 	143.948 	102.747 	136.363 	89.142 	170.153 	208.221 	185.701 	158.774 	132.104 	75.916 	89.579 	67.059 	56.256 	0.000 	: 	: 	: 	: 	: 	: 	: 	: 	: 	: 	: 	: 
CF_NR,GWH,NL	: 	: 	92.857 	136.452 	143.975 	118.723 	111.706 	124.189 	156.663 	152.417 	122.914 	140.820 	131.933 	132.047 	101.259 	139.127 	143.007 	127.666 	137.838 	127.580 	137.424 	139.129 	136.960 	153.639 	138.467 	112.473 	124.740 	135.971 	137.429 	126.539 	130.932 e	98.462 	128.987 	131.361 	128.719 	130.361 	123.254 	132.589 	143.233 	164.962 	64.000 	100.000 	87.000 	116.000 	116.000 e	109.000 e	109.000 e	104.000 e	116.000 e	116.000 e	116.000 e	116.000 e	100.000 e	105.000 e	87.000 e	90.000 e	100.000 e	109.000 e	109.000 e	104.000 e	106.000 e	102.000 e	90.000 e	116.000 e	: 	: 	: 	: 	: 	: 	: 	: 	: 	: 	: 	: 
CF_NR,GWH,NO	126.929 	138.112 	115.535 	134.057 	128.418 	127.189 	120.839 	114.834 	126.007 	126.146 	121.280 	127.683 	114.729 	119.008 	105.575 	116.445 	122.258 	53.863 	43.422 	46.934 	57.924 	59.565 	54.158 	56.376 	60.394 	59.912 	57.247 	64.503 	62.762 	52.231 	47.770 	51.718 	57.742 	54.888 	52.814 	57.401 	66.272 	67.939 	61.841 	67.055 	66.924 	58.258 	58.716 	52.963 	67.234 	60.962 	258.657 	263.625 	53.006 	58.585 	53.287 	58.068 	55.954 	56.778 	67.586 	48.274 	55.994 	62.231 	59.071 	58.937 	56.112 	51.414 	53.024 	55.404 	: 	: 	: 	: 	: 	: 	: 	: 	: 	: 	: 	: 
CF_NR,GWH,PL	: 	: 	109.462 	110.219 	95.998 	90.950 	87.301 	95.997 	104.235 	100.963 	127.927 	121.525 	110.843 	100.772 	102.490 	88.001 	104.045 	96.959 	94.870 	83.959 	94.638 	98.590 	88.308 	80.199 	72.093 	114.103 	97.996 	90.626 	81.854 	83.215 	108.818 	90.012 	100.318 	106.778 	90.691 	86.020 	93.124 	90.399 	70.730 	98.348 	102.940 	108.311 	109.716 	103.229 	107.701 	115.220 	105.929 	102.054 	65.746 	105.847 	92.715 	94.730 	83.665 	82.504 	95.758 	84.137 	159.349 	140.577 	127.147 	118.626 	121.552 	98.581 	98.819 	103.236 	: 	: 	: 	: 	: 	: 	: 	: 	: 	: 	: 	: 
CF_NR,GWH,PT	: 	: 	23.609 	23.973 	25.310 	26.054 	25.380 	25.129 	22.585 	21.164 	27.360 	26.436 	23.021 	25.659 	20.004 	26.071 	24.954 	14.356 	16.435 	24.897 	22.501 	22.257 	23.595 	26.451 	22.093 	27.442 	21.752 	25.817 	21.227 	15.397 	24.601 	25.778 	25.114 	27.809 	26.897 	23.925 	25.000 	23.000 	23.000 	28.000 	24.000 	8.000 	21.000 	25.000 	30.000 	27.000 	30.000 	26.000 	25.000 	28.000 	25.000 	30.000 	33.000 	23.000 	28.000 	30.043 	29.521 	30.510 	25.648 	15.078 	29.561 	29.615 	28.199 	31.322 	: 	: 	: 	: 	: 	: 	: 	: 	: 	: 	: 	: 
CF_NR,GWH,RO	: 	0.000 	0.000 	0.000 	0.000 	0.000 	0.000 	0.000 	0.000 	0.000 	0.000 	0.000 	0.000 	0.000 	0.000 	0.000 	0.000 	0.000 	0.000 	0.000 	0.000 	0.000 	0.000 	0.000 	0.000 	0.000 	0.000 	0.000 	0.000 	0.000 	0.000 	0.000 	0.000 	0.000 	0.000 	0.000 	0.000 	0.000 	0.000 	0.000 	0.000 	0.000 	0.000 	0.000 	0.000 	0.000 	0.000 	0.000 	0.000 	0.000 	0.000 	0.000 	0.000 	0.000 	0.000 	0.000 	0.000 	0.000 	0.000 	0.000 	0.000 	0.000 	0.000 	0.000 	: 	: 	: 	: 	: 	: 	: 	: 	: 	: 	: 	: 
CF_NR,GWH,RS	: 	0.648 	0.434 	0.425 	0.000 	0.000 	0.000 	0.000 	0.000 	0.000 	0.000 	0.000 	0.000 	0.000 	0.000 	0.000 	0.000 	0.000 	0.000 	0.000 	0.000 	0.000 	0.000 	0.000 	0.000 	0.000 	0.000 	0.000 	0.000 	0.000 	0.000 	0.000 	0.000 	0.000 	0.000 	0.000 	0.000 	0.000 	0.000 	0.000 	0.000 	0.000 	0.000 	0.000 	0.000 	0.000 	0.000 	0.000 	0.000 	0.000 	0.000 	0.000 	0.000 	0.000 	0.000 	0.000 	0.000 	0.000 	0.000 	0.000 	0.000 	0.000 	0.000 	0.000 	: 	: 	: 	: 	: 	: 	: 	: 	: 	: 	: 	: 
CF_NR,GWH,SE	: 	155.000 	116.000 	152.000 	165.440 	132.250 	122.580 	137.000 	106.340 	127.840 	186.300 	153.410 	154.410 	173.680 	171.680 	199.340 	175.824 	142.845 	153.203 	116.016 	72.629 	131.057 	129.448 	129.248 	128.284 	144.306 	141.887 	171.659 	160.376 	144.939 	143.420 	97.589 	118.660 	147.724 	89.091 	106.950 	138.420 	181.149 	188.373 	210.541 	258.679 	188.055 	163.552 	101.617 	132.951 	146.383 	136.406 	146.057 	162.727 	164.413 	164.878 	204.470 	165.562 	157.815 	160.292 	128.496 	110.686 	147.809 	142.568 	151.448 	181.092 	194.382 	181.547 	203.727 	: 	: 	: 	: 	: 	: 	: 	: 	: 	: 	: 	: 
CF_NR,GWH,SI	: 	: 	0.845 	0.914 	0.904 	0.707 	0.535 	0.000 	0.925 	0.628 	0.866 	0.818 	0.384 	0.818 	0.784 	0.715 	0.629 	0.773 	0.143 	0.615 	0.763 	0.845 	0.865 	0.273 	0.849 	0.938 	0.818 	0.816 	0.417 	0.813 	0.231 	0.599 	0.753 	0.836 	0.537 	0.688 	0.636 	0.801 	0.768 	0.876 	0.605 	0.793 	0.844 	0.793 	0.798 	0.560 	0.000 	0.670 	0.672 	1.006 	0.903 	0.932 	0.790 	0.870 	0.449 	0.465 	0.500 	0.000 	0.518 	0.802 	0.682 	0.764 	0.751 	0.862 	: 	: 	: 	: 	: 	: 	: 	: 	: 	: 	: 	: 
CF_NR,GWH,SK	: 	129.000 	122.000 	92.000 	147.000 	157.000 	145.000 	45.000 	72.000 	123.000 	67.000 	97.000 	60.000 	128.000 	123.000 	68.000 	45.000 	42.000 	43.000 	39.000 	30.000 	44.000 	38.000 	39.000 	38.000 	36.000 	44.000 	43.000 	43.000 	39.000 	28.000 	0.000 	40.000 	41.000 	39.000 	39.000 	38.000 	38.000 	35.000 	39.000 	41.000 	37.000 	39.000 	31.000 	42.000 	36.000 	38.000 	40.000 	41.000 	42.000 	39.000 	41.000 	38.000 	37.000 	42.000 	24.000 	42.000 	41.000 	44.000 	43.000 	42.000 	42.000 	42.000 	45.000 	: 	: 	: 	: 	: 	: 	: 	: 	: 	: 	: 	: 
CF_NR,GWH,TR	: 	: 	1.619 	0.714 	1.927 	1.318 	1.331 	1.088 	1.225 	2.215 	1.162 	1.035 	2.012 	1.500 	1.147 	1.314 	1.367 	0.569 	0.727 	0.726 	1.469 	1.511 	0.901 	0.842 	1.125 	1.211 	1.265 	0.970 	0.988 	0.609 	1.052 	0.454 	0.631 	0.707 	0.724 	1.102 	1.061 	1.051 	0.428 	0.621 	1.408 	0.276 	0.308 	1.455 	2.889 	3.493 	2.860 	2.938 	6.771 	3.515 	2.952 	3.294 	3.323 	2.793 	2.570 	2.514 	2.356 	2.514 	2.240 	2.340 e	1.947 e	1.736 e	1.382 e	0.927 e	: 	: 	: 	: 	: 	: 	: 	: 	: 	: 	: 	: 
CF_NR,GWH,UA	: 	: 	: 	0.000 	0.000 	0.000 	0.000 	0.000 	0.000 	0.000 	0.000 	0.000 	0.000 	0.000 	0.000 	0.000 	0.000 	0.000 	0.000 	0.000 	0.000 	0.000 	0.000 	0.000 	0.000 	0.000 	0.000 	0.000 	0.000 	0.000 	0.000 	0.000 	0.000 	0.000 	0.000 	0.000 	0.000 	0.000 	0.000 	0.000 	0.000 	0.000 	0.000 	0.000 	0.000 	0.000 	0.000 	0.000 	0.000 	0.000 	0.000 	0.000 	0.000 	0.000 	0.000 	: 	: 	: 	: 	: 	: 	: 	: 	: 	: 	: 	: 	: 	: 	: 	: 	: 	: 	: 	: 	: 
CF_NR,GWH,UK	: 	: 	: 	: 	: 	: 	: 	: 	: 	: 	: 	: 	: 	: 	: 	: 	: 	: 	473.786 	443.538 	461.206 	474.860 	483.163 	502.313 	472.598 	547.703 	512.155 	544.051 	509.098 	465.805 	477.204 	438.135 	468.724 	461.249 	459.544 	457.228 	431.139 	479.397 	426.983 	473.306 	447.792 	428.542 	455.171 	430.204 	460.247 	435.958 	449.684 	476.159 	440.324 	482.571 	444.180 	494.837 	478.509 	448.551 	471.927 	424.369 	444.680 	442.745 	423.044 	425.143 	400.447 	450.915 	411.770 	441.821 	: 	: 	: 	: 	: 	: 	: 	: 	: 	: 	: 	: 
CF_R,GWH,AL	: 	0.000 	0.000 	0.000 	0.000 	0.000 	0.000 	0.000 	0.000 	0.000 	0.000 	0.000 	0.000 	0.000 	0.000 	0.000 	0.000 	0.000 	0.000 	0.000 	0.000 	0.000 	0.000 	0.000 	0.000 	0.000 	0.000 	0.000 	0.000 	0.000 	0.000 	0.000 	0.000 	0.000 	0.000 	0.000 	0.000 	0.000 	0.000 	0.000 	0.000 	0.000 	0.000 	0.000 	0.000 	0.000 	0.000 	0.000 	0.000 	0.000 	0.000 	0.000 	: 	: 	: 	: 	: 	: 	: 	: 	: 	: 	: 	: 	: 	: 	: 	: 	: 	: 	: 	: 	: 	: 	: 	: 
CF_R,GWH,AT	: 	244.980 	215.265 	230.952 	234.655 	224.820 	221.498 	194.906 	199.477 	183.641 	184.263 	217.535 	219.099 	229.285 	215.044 	261.655 	270.848 	217.140 	220.961 	227.160 	226.927 	218.805 	198.625 	211.815 	223.680 	239.181 	219.497 	234.055 	198.580 	192.316 	162.255 	204.098 	210.668 	215.282 	207.302 	209.655 	215.338 	217.640 	195.751 	217.557 	241.364 	211.277 	196.507 	219.732 	214.046 	202.459 	201.477 	192.838 	199.743 	220.231 	201.678 	217.193 	213.074 	183.302 	195.543 	224.947 	206.402 	217.369 	203.094 	196.017 	189.809 	210.805 	190.172 	203.386 	: 	: 	: 	: 	: 	: 	: 	: 	: 	: 	: 	: 
CF_R,GWH,BA	: 	: 	0.000 	0.000 	0.000 	0.000 	0.000 	0.000 	0.000 	0.000 	0.000 	0.000 	0.000 	0.000 	0.000 	0.000 	0.000 	0.000 	0.000 	0.000 	0.000 	0.000 	0.000 	0.000 	0.000 	0.000 	0.000 	0.000 	0.000 	0.000 	0.000 	0.000 	0.000 	0.000 	0.000 	0.000 	0.000 	0.000 	0.000 	0.000 	: 	: 	: 	: 	: 	: 	: 	0.000 	0.000 	0.000 	0.000 	0.000 	: 	: 	: 	: 	0.000 	0.000 	0.000 	0.000 	0.000 	0.000 	0.000 	0.000 	: 	: 	: 	: 	: 	: 	: 	: 	: 	: 	: 	: 
CF_R,GWH,BE	: 	: 	269.675 	371.714 	423.041 	334.942 	393.540 	322.199 	373.280 	391.065 	320.708 	265.723 	340.895 	381.310 	292.987 	386.345 	417.925 	388.518 	238.699 	365.549 	388.299 	397.445 	385.674 	411.625 	398.784 	425.258 	266.941 	449.589 	421.290 	422.879 	349.659 	372.527 	405.310 	398.308 	404.774 	264.097 	268.447 	354.919 	382.777 	454.220 	405.292 	431.808 	361.750 	361.688 	405.276 	433.118 	432.219 	352.810 	377.748 	394.455 	395.774 	448.874 	468.445 	453.746 	419.566 	379.609 	422.343 	391.052 	404.407 	428.903 	399.358 	419.812 	424.533 	459.722 	: 	: 	: 	: 	: 	: 	: 	: 	: 	: 	: 	: 
CF_R,GWH,BG	: 	: 	184.216 	179.529 	201.972 	207.667 	240.608 	202.302 	189.244 	189.876 	143.221 	128.308 	164.815 	176.132 	139.170 	137.777 	172.392 	186.778 	172.860 	166.128 	126.904 	117.695 	63.370 	37.530 	31.877 	40.344 	33.594 	143.953 	112.333 	99.868 	130.672 	90.039 	121.019 	115.248 	70.287 	81.416 	61.673 	88.847 	106.852 	127.564 	44.647 	31.976 	36.867 	35.664 	35.898 	31.979 	30.194 	38.600 	34.375 	32.511 	30.996 	31.869 	30.993 	29.015 	27.498 	30.046 	28.986 	29.967 	30.498 	32.042 	29.562 	23.254 	20.162 	21.586 	: 	: 	: 	: 	: 	: 	: 	: 	: 	: 	: 	: 
CF_R,GWH,CY	: 	: 	3.118 	3.251 	3.595 	3.370 	3.272 	3.060 	3.005 	3.276 	3.626 	3.866 	3.961 	3.699 	3.300 	3.841 	3.384 	3.230 	3.482 	3.186 	3.258 	3.613 	3.614 	3.889 	3.908 	3.966 	3.529 	3.601 	3.720 	3.544 	3.232 	2.912 	2.924 	2.571 	3.058 	3.211 	3.237 	3.434 	2.998 	2.924 	3.215 	2.909 	2.879 	2.530 	2.402 	2.672 	2.897 	3.212 	3.518 	3.628 	3.084 	3.157 	3.455 	3.163 	2.984 	2.704 	2.655 	2.792 	3.065 	3.322 	3.255 	3.170 	2.846 	3.085 	: 	: 	: 	: 	: 	: 	: 	: 	: 	: 	: 	: 
CF_R,GWH,CZ	: 	: 	408.385 	432.385 	435.136 	444.910 	391.106 	414.690 	403.697 	400.364 	416.445 	439.621 	416.151 	419.256 	375.571 	424.791 	441.734 	422.325 	392.103 	398.066 	399.281 	377.975 	390.216 	400.469 	392.327 	415.930 	379.845 	415.378 	434.930 	404.700 	394.855 	395.377 	394.414 	367.227 	343.557 	386.464 	387.157 	408.400 	350.757 	386.229 	399.542 	380.166 	365.822 	368.554 	349.378 	359.809 	374.186 	376.039 	375.601 	388.426 	348.943 	388.464 	399.749 	390.016 	357.506 	374.746 	391.187 	353.543 	378.672 	408.007 	393.584 	406.524 	354.008 	384.358 	: 	: 	: 	: 	: 	: 	: 	: 	: 	: 	: 	: 
CF_R,GWH,DE	: 	: 	1385.680 e	1479.189 e	1492.147 e	1408.393 e	1407.083 e	1380.151 e	1435.389 e	1340.538 e	1308.284 e	1435.103 e	1396.732 e	1443.544 e	1320.474 e	1455.337 e	1478.342 e	1392.570 e	1374.377 e	1311.953 e	1367.536 e	1374.008 e	1321.033 e	1354.428 e	1323.484 e	1392.619 e	1371.217 e	1437.314 e	1439.676 e	1336.627 e	1382.217 e	1285.177 e	1353.361 e	1329.567 e	1333.276 e	1333.329 e	1328.865 e	1346.001 e	1406.014 e	1403.228 e	1444.305 e	1371.228 e	1399.138 e	1313.596 e	1394.527 e	1358.529 e	1321.397 e	1401.659 e	1322.213 e	1389.207 e	1329.318 e	1437.722 e	1391.127 e	1302.345 e	1298.133 e	1250.492 e	1279.440 e	1260.446 e	1219.522 e	1265.455 e	1287.516 e	1314.747 e	1269.402 e	1355.057 e	: 	: 	: 	: 	: 	: 	: 	: 	: 	: 	: 	: 
CF_R,GWH,DK	: 	598.003 	580.446 	659.231 	737.356 	678.931 	570.154 	406.553 	274.179 	132.947 	368.191 	472.288 	599.438 	660.832 	675.088 	783.988 	621.432 	425.315 	297.657 	266.489 	190.588 	152.718 	231.659 	228.395 	341.423 	472.485 	491.834 	593.544 	612.604 	556.008 	421.859 	228.671 	226.270 	242.067 	166.786 	283.956 	369.671 	502.036 	509.383 	612.810 	547.929 	495.521 	391.670 	168.907 	120.852 	124.228 	132.843 	223.650 	412.301 	617.614 	587.221 	614.920 	576.881 	504.983 	359.111 	249.307 	192.297 	171.892 	198.880 	300.989 	477.695 	544.630 	498.507 	542.267 	: 	: 	: 	: 	: 	: 	: 	: 	: 	: 	: 	: 
CF_R,GWH,EA19	: 	: 	5282.397 	5803.728 	: 	5596.108 	5299.296 	4959.597 	5306.407 	4947.820 	4262.608 	4990.323 	5130.922 	5604.811 	5236.116 	5809.167 	5626.478 	5053.013 	4797.351 	4655.735 	4805.547 	4603.488 	4356.350 	4844.424 	4948.914 	5370.040 	4710.232 	5110.823 	5179.624 	4962.113 	4556.827 	4101.656 	4595.600 	4408.496 	4275.506 	4268.300 	4441.859 	5063.110 	4703.305 	5165.746 	5210.526 	4831.414 	4568.211 	4461.367 	4542.590 	4546.835 	4288.742 	4413.541 	4617.813 	4970.356 	4750.473 	5050.247 	4744.996 	4581.985 	4290.066 	4069.528 	4162.619 	4135.273 	3992.070 	4149.518 	4220.688 	4506.880 	4327.594 	4875.677 	: 	: 	: 	: 	: 	: 	: 	: 	: 	: 	: 	: 
CF_R,GWH,EE	: 	: 	114.921 	125.900 	: 	147.834 	143.700 	74.811 	63.030 	64.355 	65.776 	79.067 	90.629 	121.638 	87.230 	99.786 	101.659 	90.860 	96.900 	78.656 	124.500 	87.600 	83.913 	96.686 	95.464 	111.547 	87.785 	98.852 	0.000 	0.000 	0.000 	0.000 	0.000 	0.000 	0.000 	0.000 	0.000 	0.000 	0.000 	0.000 	0.000 	0.000 	0.000 	0.000 	0.000 	0.000 	0.000 	0.000 	0.000 	0.000 	0.000 	0.000 	0.000 	0.000 	0.000 	0.000 	0.000 	0.000 	0.000 	0.000 	0.000 	0.000 	0.000 	0.000 	: 	: 	: 	: 	: 	: 	: 	: 	: 	: 	: 	: 
CF_R,GWH,EL	: 	37.991 	35.900 	38.912 	38.974 	34.757 	36.058 	33.362 	33.072 	35.704 	39.612 	41.627 	41.162 	40.238 	35.262 	41.269 	41.082 	39.888 	107.755 	110.508 	103.069 	101.485 	99.598 	109.334 	106.792 	112.445 	105.517 	115.407 	110.815 	108.868 	106.795 	97.671 	97.291 	101.859 	99.181 	100.011 	103.578 	110.678 	98.262 	107.812 	98.999 	93.484 	103.458 	98.501 	94.819 	104.394 	102.429 	102.097 	104.003 	107.392 	94.655 	111.482 	112.069 	104.833 	108.101 	104.570 	105.003 	107.300 	91.842 	107.405 	100.705 	108.269 	99.604 	113.795 	: 	: 	: 	: 	: 	: 	: 	: 	: 	: 	: 	: 
CF_R,GWH,ES	: 	: 	447.811 	508.874 	517.592 	514.345 	501.136 	463.744 	492.013 	434.543 	437.486 	450.527 	466.579 	431.944 	434.195 	450.195 	497.960 	474.747 	486.584 	468.908 	445.561 	392.105 	421.842 	422.725 	365.016 	407.340 	407.655 	399.624 	375.071 	383.716 	387.808 	379.767 	400.271 	406.941 	362.954 	333.123 	353.050 	389.297 	354.854 	378.079 	383.719 	362.224 	378.653 	398.827 	398.461 	403.854 	371.718 	327.848 	313.814 	347.569 	369.824 	374.739 	313.241 	307.709 	310.945 	310.011 	325.826 	343.853 	312.192 	298.656 	241.175 	269.580 	289.649 	327.173 	: 	: 	: 	: 	: 	: 	: 	: 	: 	: 	: 	: 
CF_R,GWH,EU27_2020	: 	: 	8599.668 	9530.921 	: 	9098.936 	8397.807 	7623.146 	7731.383 	7114.732 	6642.424 	7721.485 	8290.783 	9047.842 	8423.755 	9486.193 	8990.713 	7966.920 	7438.165 	7037.478 	6974.179 	6616.285 	6486.888 	7125.686 	7299.630 	8265.454 	7528.128 	8418.226 	8598.083 	8119.670 	7336.076 	6334.957 	6833.457 	6671.242 	6304.051 	6628.665 	7183.291 	8241.460 	7670.452 	8588.759 	8450.227 	7790.714 	7090.892 	6454.582 	6412.887 	6407.018 	6190.331 	6474.051 	7048.120 	7818.985 	7552.114 	8045.883 	7718.015 	7321.225 	6657.557 	6045.212 	6146.882 	5921.574 	5934.627 	6426.159 	6942.559 	7468.281 	7080.631 	7847.178 	: 	: 	: 	: 	: 	: 	: 	: 	: 	: 	: 	: 
CF_R,GWH,FI	1053.000 	1195.000 	1189.000 	1233.000 	1587.000 	1139.000 	938.000 	825.000 	696.000 	706.423 e	618.000 	850.000 	919.000 	1067.000 	1143.000 	1203.000 	1077.000 	854.000 	731.000 	663.000 	710.000 	594.000 	626.000 	794.000 	901.000 	1010.000 	780.000 	995.000 	1086.000 	1047.000 	1003.000 	754.000 	810.000 	827.000 	755.000 	903.000 	1039.000 	1218.000 	1142.000 	1362.000 	1375.000 	1198.000 	1104.000 	905.000 	883.000 	840.000 	768.000 	769.000 	978.000 	1215.000 	1141.000 	1167.000 	1141.000 	1091.000 	966.000 	720.000 	675.000 	701.000 	692.000 	787.000 	941.000 	1079.000 	1025.000 	1067.000 	: 	: 	: 	: 	: 	: 	: 	: 	: 	: 	: 	: 
CF_R,GWH,FR	: 	294.671 e	346.687 e	283.670 e	261.867 e	271.053 e	239.538 e	240.593 e	360.031 e	320.115 e	220.295 e	294.115 e	189.831 e	330.964 e	290.416 e	266.130 e	222.274 e	200.880 e	153.514 e	144.578 e	156.913 e	171.242 e	159.425 e	202.741 e	361.135 e	307.581 e	253.442 e	221.458 e	253.294 e	203.564 e	172.758 e	190.758 e	294.904 e	187.168 e	192.658 e	219.608 e	209.123 e	421.944 e	261.328 e	258.427 e	298.122 e	241.103 e	177.369 e	262.301 e	222.907 e	232.069 e	221.738 e	381.380 e	390.815 e	332.398 e	301.465 e	336.655 e	208.730 	246.072 	137.926 	194.499 	215.445 	216.139 	220.030 	177.983 	144.005 	191.848 	157.945 	176.636 	: 	: 	: 	: 	: 	: 	: 	: 	: 	: 	: 	: 
CF_R,GWH,GE	: 	0.000 	0.000 	0.000 	0.000 	0.000 	0.000 	0.000 	0.000 	0.000 	0.000 	0.000 	0.000 	0.000 	0.000 	0.000 	0.000 	0.000 	0.000 	0.000 	0.000 	0.000 	0.000 	0.000 	0.000 	0.000 	0.000 	0.000 	0.000 	0.000 	0.000 	0.000 	0.000 	0.000 	0.000 	0.000 	0.000 	0.000 	0.000 	0.000 	0.000 	0.000 	0.000 	0.000 	0.000 	0.000 	0.000 	0.000 	0.000 	0.000 	0.000 	0.000 	: 	: 	: 	: 	: 	: 	: 	: 	: 	: 	: 	: 	: 	: 	: 	: 	: 	: 	: 	: 	: 	: 	: 	: 
CF_R,GWH,HR	: 	88.228 	78.543 	88.445 	88.294 	87.023 	85.143 	84.645 	80.314 	80.314 	74.907 	75.380 	75.760 	76.573 	70.238 	78.860 	81.115 	75.167 	75.488 	71.443 	65.762 	68.383 	67.090 	75.815 	69.444 	71.010 	65.388 	70.502 	72.718 	68.832 	66.177 	63.982 	65.547 	62.955 	66.125 	67.176 	58.010 	64.255 	55.817 	59.929 	62.635 	53.909 	58.032 	53.599 	48.404 	46.064 	46.288 	46.493 	46.501 	53.555 	42.210 	45.884 	44.465 	42.012 	43.628 	40.690 	39.254 	33.549 	36.092 	36.134 	35.831 	39.761 	34.898 	38.357 	: 	: 	: 	: 	: 	: 	: 	: 	: 	: 	: 	: 
CF_R,GWH,HU	: 	: 	143.452 	164.122 	151.931 	170.311 	162.891 	145.521 	130.559 	159.392 	172.576 	162.918 	171.135 	176.621 	145.608 	152.802 	182.504 	186.023 	189.976 	157.029 	159.284 	156.963 	151.696 	146.884 	125.087 	128.766 	116.314 	115.460 	151.099 	149.566 	147.603 	155.492 	141.660 	172.907 	149.597 	139.346 	157.487 	182.873 	156.961 	149.498 	147.033 	192.862 	195.923 	177.886 	182.191 	182.321 	161.795 	151.195 	154.644 	143.511 	121.676 	156.661 	263.207 	141.569 	150.294 	116.791 	148.063 	143.424 	125.831 	155.495 	155.527 	143.892 	109.190 	126.048 	: 	: 	: 	: 	: 	: 	: 	: 	: 	: 	: 	: 
CF_R,GWH,IE	: 	41.841 	36.262 	40.693 	42.526 	40.142 	41.472 	41.255 	43.707 	40.960 	26.900 	43.803 	42.876 	45.099 	36.508 	44.490 	36.779 	35.686 	33.808 	42.498 	42.866 	44.470 	32.942 	39.933 	41.849 	42.760 	38.875 	41.462 	45.957 	49.819 	34.084 	29.378 	38.084 	33.383 	36.805 	37.763 	38.454 	29.833 	36.382 	22.914 	41.642 	39.106 	37.726 	32.676 	25.799 	42.250 	37.600 	39.333 	33.079 	30.570 	31.659 	17.773 	20.575 	19.606 	17.384 	20.153 	22.584 	22.130 	19.840 	17.603 	20.443 	20.689 	17.959 	21.416 	: 	: 	: 	: 	: 	: 	: 	: 	: 	: 	: 	: 
CF_R,GWH,IS	: 	0.000 	0.000 	0.000 	0.000 	0.000 	0.000 	0.000 	0.000 	0.000 	0.000 	0.000 	0.000 	0.000 	0.000 	0.000 	0.000 	0.000 	0.000 	0.000 	0.000 	0.000 	0.000 	0.000 	0.000 	0.000 	0.000 	0.000 	0.000 	0.000 	0.000 	0.000 	0.000 	0.000 	0.000 	0.000 	0.000 	0.000 	0.000 	0.000 	0.000 	0.000 	0.000 	0.000 	0.000 	0.000 	0.000 	0.000 	0.000 	0.000 	0.000 	0.000 	0.000 	0.000 	0.000 	0.000 	0.000 	0.000 	0.000 	0.000 	0.000 	0.000 	0.000 	0.000 	: 	: 	: 	: 	: 	: 	: 	: 	: 	: 	: 	: 
CF_R,GWH,IT	: 	: 	: 	: 	0.000 	: 	: 	: 	: 	: 	: 	: 	: 	: 	: 	: 	: 	: 	: 	: 	: 	: 	: 	: 	: 	: 	: 	: 	: 	: 	: 	: 	0.000 	0.000 	0.000 	0.000 	0.000 	0.000 	: 	: 	: 	: 	: 	: 	: 	: 	: 	: 	: 	: 	: 	: 	: 	: 	: 	: 	: 	: 	: 	: 	: 	: 	: 	: 	: 	: 	: 	: 	: 	: 	: 	: 	: 	: 	: 	: 
CF_R,GWH,LT	: 	: 	21.402 e	33.500 e	39.913 e	43.606 e	42.568 e	36.996 e	34.247 e	34.851 e	21.758 e	30.944 e	41.796 e	45.066 e	37.892 e	44.446 e	47.968 e	48.029 e	35.605 e	33.159 e	32.670 e	39.222 e	30.641 e	37.905 e	44.575 e	46.658 e	43.204 e	47.602 e	46.840 e	43.997 e	39.200 e	34.000 e	35.100 e	23.545 e	26.545 e	23.894 e	33.437 e	40.503 e	36.767 e	41.024 e	38.699 e	33.018 e	34.125 e	28.295 e	28.595 e	29.099 e	23.882 e	23.460 e	30.258 e	33.831 e	36.254 e	40.860 e	39.821 e	37.647 e	31.077 e	48.318 e	30.883 e	27.682 e	21.759 e	49.076 e	35.500 e	33.322 e	36.445 e	40.963 e	: 	: 	: 	: 	: 	: 	: 	: 	: 	: 	: 	: 
CF_R,GWH,LU	: 	: 	24.313 e	26.143 e	34.365 e	32.876 e	28.705 e	30.350 e	32.078 e	32.392 e	32.375 e	34.075 e	33.704 e	32.941 e	28.001 e	31.065 e	34.314 e	29.962 e	33.277 e	29.191 e	28.740 e	30.654 e	29.790 e	29.036 e	30.215 e	28.324 e	31.374 e	30.527 e	28.818 	30.570 	29.775 	25.484 	21.571 	27.154 	13.558 	16.132 	17.705 	17.164 	16.668 	18.841 	19.124 	18.856 	18.441 	16.911 	15.620 	16.686 	16.315 	18.621 	15.323 	15.810 	15.634 	16.435 	13.000 e	13.281 	13.236 	11.911 	12.464 	14.104 	13.154 	13.113 	13.176 	10.750 	10.874 	11.694 	: 	: 	: 	: 	: 	: 	: 	: 	: 	: 	: 	: 
CF_R,GWH,LV	: 	68.000 	59.000 	68.000 	67.000 	67.000 	62.000 	50.000 	51.000 	53.000 	54.000 	63.000 	62.000 	72.000 	70.000 	77.000 	74.000 	70.000 	60.000 	57.000 	59.000 	56.000 	60.000 	67.000 	69.000 	76.000 	71.000 	69.000 	74.000 	70.000 	75.000 	62.000 	59.000 	54.000 	62.000 	62.000 	71.000 	78.000 	71.000 	84.000 	81.000 	74.000 	77.000 	62.000 	57.000 	60.000 	65.000 	65.000 	64.000 	66.000 	60.000 	63.000 	64.000 	67.000 	66.000 	74.000 	84.000 	59.000 	61.000 	63.000 	58.000 	60.000 	54.000 	58.000 	: 	: 	: 	: 	: 	: 	: 	: 	: 	: 	: 	: 
CF_R,GWH,MD	: 	: 	1.587 	2.183 	2.811 	2.613 	2.497 	2.449 	2.289 	2.206 	2.300 	2.255 	2.219 	2.240 	1.578 	1.859 	2.298 	2.441 	1.876 	1.930 	2.190 	2.013 	1.734 	1.907 	1.579 	1.524 	1.942 e	2.563 e	: 	: 	: 	: 	: 	: 	: 	: 	: 	: 	: 	: 	: 	: 	: 	: 	: 	: 	: 	: 	: 	: 	: 	: 	: 	: 	: 	: 	: 	: 	: 	: 	: 	: 	: 	: 	: 	: 	: 	: 	: 	: 	: 	: 	: 	: 	: 	: 
CF_R,GWH,ME	: 	: 	: 	: 	: 	: 	: 	: 	: 	: 	: 	: 	: 	: 	: 	: 	: 	: 	: 	: 	: 	: 	: 	: 	: 	: 	: 	: 	: 	: 	: 	: 	: 	: 	: 	: 	0.000 	0.000 	0.000 	0.000 	0.000 	0.000 	0.000 	0.000 	0.000 	0.000 	0.000 	0.000 	0.000 	0.000 	0.000 	0.000 	0.000 	0.000 	0.000 	0.000 	0.000 	0.000 	0.000 	0.000 	0.000 	0.000 	0.000 	0.000 	: 	: 	: 	: 	: 	: 	: 	: 	: 	: 	: 	: 
CF_R,GWH,MK	: 	: 	3.673 	4.210 	4.644 	4.608 	4.389 	3.799 	4.229 	4.264 	4.437 	4.613 	4.521 	4.881 	4.390 	5.043 	4.991 	4.559 	4.935 	4.815 	4.893 	4.879 	4.700 	4.958 	4.292 	5.015 	4.420 	4.841 	4.862 	4.618 	4.903 	4.720 	4.208 	4.595 	4.636 	4.845 	4.750 	5.011 	4.285 	3.670 	4.667 	4.811 	4.859 	4.386 	4.415 	3.890 	3.543 	4.331 	4.649 	4.844 	4.589 	5.066 	5.001 	4.804 	4.529 	4.561 	4.707 	4.257 	3.992 	4.271 	4.085 	4.216 	3.563 	3.565 	: 	: 	: 	: 	: 	: 	: 	: 	: 	: 	: 	: 
CF_R,GWH,MT	: 	0.000 	0.000 	0.000 	0.000 	0.000 	0.000 	0.000 	0.000 	0.000 	0.000 	0.000 	0.000 	0.000 	0.000 	0.000 	0.000 	0.000 	0.000 	0.000 	0.000 	0.000 	0.000 	0.000 	0.000 	0.000 	0.000 	0.000 	0.000 	0.000 	0.000 	0.000 	0.000 	0.000 	0.000 	0.000 	0.000 	0.000 	0.000 	0.000 	0.000 	0.000 	0.000 	0.000 	0.000 	0.000 	0.000 	0.000 	0.000 	0.000 	0.000 	0.000 	0.000 	0.000 	0.000 	0.000 	0.000 	0.000 	0.000 	0.000 	0.000 	0.000 	0.000 	0.000 	: 	: 	: 	: 	: 	: 	: 	: 	: 	: 	: 	: 
CF_R,GWH,NL	: 	: 	645.463 	865.379 	822.825 	874.123 	807.277 	804.454 	987.973 	830.402 	434.622 	710.229 	796.843 	871.690 	812.835 	939.412 	830.083 	747.084 	744.629 	664.568 	680.411 	696.131 	516.141 	662.063 	552.221 	705.130 	588.600 	513.075 	710.397 	666.454 	379.021 e	248.703 	417.175 	386.743 	365.935 	368.219 	358.298 	421.846 	343.226 	393.576 	363.000 	363.000 	294.000 	371.000 	371.000 e	386.000 e	300.000 e	300.000 e	371.000 e	371.000 e	371.000 e	371.000 e	309.000 e	334.000 e	294.000 e	320.000 e	348.000 e	: u	325.000 e	331.000 e	346.000 e	340.000 e	335.000 e	371.000 e	: 	: 	: 	: 	: 	: 	: 	: 	: 	: 	: 	: 
CF_R,GWH,NO	24.133 	22.548 	14.127 	17.213 	15.968 	15.546 	16.657 	12.949 	15.359 	21.350 	20.559 	24.083 	20.787 	16.434 	13.725 	14.411 	17.034 	18.395 	17.775 	14.838 	17.337 	24.004 	19.602 	22.853 	22.242 	18.510 	17.670 	18.189 	19.596 	16.678 	20.014 	19.068 	20.923 	19.643 	16.727 	17.345 	19.104 	17.970 	17.998 	17.458 	15.132 	15.865 	13.751 	13.364 	17.215 	18.481 	14.517 	14.027 	13.424 	12.504 	12.068 	14.063 	14.174 	13.964 	18.597 	15.693 	16.566 	20.159 	20.520 	17.771 	16.652 	15.976 	15.906 	19.480 	: 	: 	: 	: 	: 	: 	: 	: 	: 	: 	: 	: 
CF_R,GWH,PL	: 	: 	539.229 	615.481 	584.123 	594.356 	632.859 	572.438 	565.213 	499.989 	516.756 	542.547 	582.852 	550.497 	488.954 	587.028 	642.132 	636.202 	625.862 	561.454 	576.566 	481.381 	528.281 	578.372 	540.516 	649.966 	587.636 	643.138 	643.827 	574.175 	583.971 	522.127 	547.666 	559.609 	502.194 	470.339 	514.449 	546.412 	480.242 	543.074 	551.022 	543.027 	530.251 	412.082 	460.827 	485.471 	474.872 	462.533 	423.149 	369.703 	463.778 	419.486 	349.281 	530.145 	443.662 	427.699 	491.973 	384.866 	457.510 	463.688 	478.138 	505.801 	467.378 	503.023 	: 	: 	: 	: 	: 	: 	: 	: 	: 	: 	: 	: 
CF_R,GWH,PT	: 	: 	401.842 	410.457 	373.053 	364.288 	334.942 	373.111 	414.028 	392.873 	410.299 	379.313 	392.583 	389.235 	342.453 	407.048 	405.447 	381.759 	389.753 	378.483 	371.968 	324.236 	319.075 	329.867 	355.878 	383.501 	356.786 	373.362 	317.619 	329.483 	356.098 	350.319 	382.501 	339.488 	334.132 	304.192 	310.000 	325.000 	271.000 	331.000 	329.000 	292.000 	273.000 	311.000 	331.000 	342.000 	329.000 	329.000 	311.000 	349.000 	316.000 	346.000 	351.000 	323.000 	323.000 	317.090 	344.050 	338.396 	309.942 	308.309 	339.577 	352.584 	329.419 	358.923 	: 	: 	: 	: 	: 	: 	: 	: 	: 	: 	: 	: 
CF_R,GWH,RO	: 	39.000 	36.000 	33.000 	36.000 	33.000 	37.000 	27.000 	28.000 	24.000 	28.000 	33.000 	38.000 	38.000 	33.000 	34.000 	40.000 	30.000 	34.000 	14.000 	12.000 	13.000 	16.000 	23.000 	24.000 	30.000 	31.000 	33.000 	26.000 	27.000 	27.000 	17.000 	21.000 	19.000 	10.000 	18.000 	22.000 	25.000 	26.000 	25.000 	21.000 	22.000 	17.000 	12.000 	15.000 	17.000 	16.000 	18.000 	14.000 	18.000 	19.000 	22.000 	24.000 	23.000 	23.000 	24.000 	22.000 	26.000 	17.000 	11.000 	16.000 	24.000 	17.000 	13.000 	: 	: 	: 	: 	: 	: 	: 	: 	: 	: 	: 	: 
CF_R,GWH,RS	: 	21.583 	20.281 	21.730 	19.705 	20.262 	20.600 	19.262 	18.602 	18.013 	17.598 	18.593 	18.614 	17.987 	16.974 	18.456 	18.078 	17.507 	17.921 	16.383 	16.362 	16.289 	14.449 	11.332 	4.553 	12.047 	13.036 	14.181 	12.654 	12.602 	11.390 	9.591 	9.752 	10.854 	9.594 	10.073 	9.909 	9.985 	8.785 	9.486 	9.729 	8.860 	8.990 	8.075 	8.804 	7.936 	7.512 	7.051 	7.138 	7.780 	6.410 	7.208 	7.168 	6.558 	6.968 	6.162 	6.497 	6.079 	5.549 	5.930 	5.190 	5.404 	2.164 e	2.659 e	: 	: 	: 	: 	: 	: 	: 	: 	: 	: 	: 	: 
CF_R,GWH,SE	: 	1474.000 	1347.000 	1555.000 	1649.090 	1286.630 	978.750 	810.400 	753.770 	680.030 	659.720 	877.100 	1111.710 	1345.120 	1260.010 	1477.780 	1182.926 	952.097 	852.868 	747.134 	638.247 	644.682 	682.226 	790.797 	826.042 	1086.913 	1112.285 	1292.428 	1364.948 	1277.408 	1007.112 	760.613 	720.281 	723.733 	719.999 	913.668 	1170.985 	1360.527 	1281.135 	1518.909 	1465.893 	1239.839 	927.116 	764.523 	657.747 	613.311 	665.411 	744.000 	969.736 	1225.309 	1187.817 	1316.352 	1284.443 	1078.500 	962.792 	712.405 	670.503 	643.060 	698.074 	869.286 	1135.534 	1273.539 	1251.894 	1342.862 	: 	: 	: 	: 	: 	: 	: 	: 	: 	: 	: 	: 
CF_R,GWH,SI	: 	: 	17.058 	19.094 	19.406 	17.559 	18.507 	18.605 	18.077 	12.682 	12.604 	13.396 	18.232 	19.158 	16.519 	19.148 	19.413 	17.660 	18.007 	12.338 	11.829 	12.472 	13.037 	18.377 	18.913 	19.730 	19.810 	20.895 	19.547 	18.276 	18.925 	14.862 	11.440 	10.487 	9.328 	18.066 	19.327 	19.851 	20.278 	21.144 	22.045 	21.401 	21.165 	16.310 	14.138 	13.705 	14.070 	21.283 	21.299 	18.265 	17.128 	23.357 	21.459 	23.281 	20.171 	17.224 	14.524 	16.010 	16.223 	24.676 	24.169 	25.304 	23.746 	25.827 	: 	: 	: 	: 	: 	: 	: 	: 	: 	: 	: 	: 
CF_R,GWH,SK	: 	74.000 	69.000 	65.000 	64.000 	78.000 	80.000 	67.000 	70.000 	71.000 	72.000 	78.000 	75.000 	80.000 	70.000 	79.000 	68.000 	61.000 	69.000 	65.000 	52.000 	60.000 	55.000 	53.000 	57.000 	58.000 	65.000 	60.000 	48.000 	55.000 	57.000 	50.000 	56.000 	65.000 	69.000 	72.000 	73.000 	69.000 	64.000 	69.000 	66.000 	78.000 	89.000 	61.000 	84.000 	80.000 	81.000 	86.000 	82.000 	76.000 	66.000 	75.000 	75.000 	72.000 	86.000 	74.000 	74.000 	79.000 	79.000 	78.000 	77.000 	67.000 	61.000 	282.000 	: 	: 	: 	: 	: 	: 	: 	: 	: 	: 	: 	: 
CF_R,GWH,TR	: 	: 	584.992 	584.101 	558.718 	547.029 	532.220 	514.667 	517.651 	482.807 	463.174 	475.754 	464.537 	449.588 	404.714 	425.349 	398.438 	358.060 	371.757 	349.837 	343.268 	345.146 	330.641 	343.175 	332.186 	340.103 	307.488 	328.367 	310.188 	292.520 	272.345 	275.883 	278.915 	253.341 	267.872 	254.502 	242.136 	270.636 	243.763 	266.355 	242.071 	222.429 	297.607 	193.848 	192.177 	197.824 	192.445 	200.155 	228.553 	199.352 	177.658 	188.537 	178.431 	174.126 	174.197 	162.669 	161.914 	166.468 	157.032 	160.453 	152.673 	162.697 e	143.575 e	150.656 e	: 	: 	: 	: 	: 	: 	: 	: 	: 	: 	: 	: 
CF_R,GWH,UA	: 	: 	: 	0.000 	0.000 	0.000 	0.000 	0.000 	0.000 	0.000 	0.000 	0.000 	0.000 	0.000 	0.000 	0.000 	0.000 	0.000 	0.000 	0.000 	0.000 	0.000 	0.000 	0.000 	0.000 	0.000 	0.000 	0.000 	0.000 	0.000 	0.000 	0.000 	0.000 	0.000 	0.000 	0.000 	0.000 	0.000 	0.000 	0.000 	0.000 	0.000 	0.000 	0.000 	0.000 	0.000 	0.000 	0.000 	0.000 	0.000 	0.000 	0.000 	0.000 	0.000 	0.000 	: 	: 	: 	: 	: 	: 	: 	: 	: 	: 	: 	: 	: 	: 	: 	: 	: 	: 	: 	: 	: 
CF_R,GWH,UK	: 	: 	: 	: 	: 	: 	: 	: 	: 	: 	: 	: 	: 	: 	: 	: 	: 	: 	2591.823 	2274.719 	2513.855 	2991.392 	2806.495 	2897.566 	2699.101 	2963.401 	2719.699 	3127.018 	3201.085 	2984.165 	2368.267 	2399.829 	2549.033 	2530.008 	2528.975 	2672.692 	2308.791 	2562.397 	2254.773 	2611.618 	2766.633 	2676.926 	2828.688 	2520.238 	2559.557 	2322.055 	2259.482 	2627.228 	2363.140 	2415.822 	1992.512 	2060.272 	2331.678 	2254.597 	1815.020 	1857.767 	2458.257 	2444.173 	1937.364 	2613.651 	2277.729 	2613.032 	2401.493 	2118.353 	: 	: 	: 	: 	: 	: 	: 	: 	: 	: 	: 	: 
G3000,GWH,AL	: 	0.000 	0.000 	0.000 	0.000 	0.000 	0.000 	0.000 	0.000 	0.000 	0.000 	0.000 	0.000 	0.000 	0.000 	0.000 	0.000 	0.000 	0.000 	0.000 	0.000 	0.000 	0.000 	0.000 	0.000 	0.000 	0.000 	0.000 	0.000 	0.000 	0.000 	0.000 	0.000 	0.000 	0.000 	0.000 	0.000 	0.000 	0.000 	0.000 	0.000 	0.000 	0.000 	0.000 	0.000 	0.000 	0.000 	0.000 	0.000 	0.000 	0.000 	0.000 	: 	: 	: 	: 	: 	: 	: 	: 	: 	: 	: 	: 	: 	: 	: 	: 	: 	: 	: 	: 	: 	: 	: 	: 
G3000,GWH,AT	: 	1467.064 	1286.039 	1595.354 	1544.569 	1628.205 	937.685 	294.604 	171.058 	202.180 	186.080 	324.572 	848.019 	1115.075 	1150.020 	1471.139 	1445.226 	1159.542 	765.597 	409.118 	421.342 	451.254 	171.901 	167.967 	440.623 	949.137 	986.674 	1776.441 	1253.639 	1232.264 	1245.150 	977.324 	733.246 	514.220 	242.507 	149.026 	558.465 	705.563 	1273.218 	1619.779 	1544.466 	1185.743 	816.313 	586.031 	435.554 	314.482 	270.996 	213.200 	327.424 	1015.486 	1298.299 	1176.722 	1047.676 	1132.994 	780.529 	443.113 	399.677 	410.223 	454.228 	221.011 	586.118 	973.851 	1482.854 	2143.494 	: 	: 	: 	: 	: 	: 	: 	: 	: 	: 	: 	: 
G3000,GWH,BA	: 	: 	0.000 	0.000 	0.000 	0.000 	0.000 	0.000 	0.000 	0.000 	0.000 	0.000 	0.000 	0.000 	0.000 	0.000 	0.000 	0.000 	0.000 	0.000 	0.000 	0.000 	0.000 	0.000 	0.000 	0.000 	0.000 	0.000 	0.000 	0.000 	0.000 	0.000 	0.000 	0.000 	0.000 	0.000 	0.000 	0.000 	0.000 	0.000 	: 	: 	: 	: 	: 	: 	: 	0.000 	0.000 	0.000 	0.000 	0.000 	: 	: 	: 	: 	0.000 	0.000 	0.000 	0.000 	0.000 	0.000 	0.000 	0.000 	: 	: 	: 	: 	: 	: 	: 	: 	: 	: 	: 	: 
G3000,GWH,BE	: 	: 	1330.011 	2358.641 	2107.606 	2450.485 	1293.584 	1258.474 	1107.835 	1245.380 	1584.369 	1500.619 	2241.111 	2209.959 	1971.828 	2548.445 	2517.459 	2261.232 	2052.602 	2175.313 	2421.201 	2792.652 	2235.904 	1645.897 	1303.899 	1924.828 	1961.377 	2485.125 	1949.450 	2688.987 	2604.123 	2016.997 	1793.443 	1831.404 	1672.932 	1426.136 	1571.133 	1500.092 	1973.288 	2685.105 	2185.253 	3002.075 	2722.025 	1646.090 	1796.478 	1692.081 	1470.799 	1238.629 	1150.059 	1745.299 	1944.000 	1518.670 	2122.514 	2266.588 	1985.391 	1397.741 	1293.869 	1364.438 	1297.543 	1479.054 	1863.786 	1758.292 	1927.550 	2536.002 	: 	: 	: 	: 	: 	: 	: 	: 	: 	: 	: 	: 
G3000,GWH,BG	: 	: 	205.162 	316.188 	254.157 	186.109 	155.015 	191.244 	175.795 	257.780 	155.889 	191.451 	192.105 	319.957 	294.147 	331.268 	293.081 	264.202 	187.247 	103.464 	107.958 	83.561 	86.541 	88.762 	131.477 	211.943 	220.636 	257.504 	233.763 	163.914 	116.781 	94.176 	94.607 	98.476 	92.043 	125.296 	187.027 	213.455 	234.159 	246.353 	231.124 	192.401 	130.823 	91.474 	90.153 	102.325 	92.119 	116.490 	132.179 	195.421 	196.724 	192.901 	196.553 	170.084 	112.396 	70.767 	8.648 	81.946 	84.553 	102.901 	130.338 	191.394 	207.623 	254.582 	: 	: 	: 	: 	: 	: 	: 	: 	: 	: 	: 	: 
G3000,GWH,CY	: 	: 	0.000 	0.000 	0.000 	0.000 	0.000 	0.000 	0.000 	0.000 	0.000 	0.000 	0.000 	0.000 	0.000 	0.000 	0.000 	0.000 	0.000 	0.000 	0.000 	0.000 	0.000 	0.000 	0.000 	0.000 	0.000 	0.000 	0.000 	0.000 	0.000 	0.000 	0.000 	0.000 	0.000 	0.000 	0.000 	0.000 	0.000 	0.000 	0.000 	0.000 	0.000 	0.000 	0.000 	0.000 	0.000 	0.000 	0.000 	0.000 	0.000 	0.000 	0.000 	0.000 	0.000 	0.000 	0.000 	0.000 	0.000 	0.000 	0.000 	0.000 	0.000 	0.000 	: 	: 	: 	: 	: 	: 	: 	: 	: 	: 	: 	: 
G3000,GWH,CZ	: 	: 	319.475 	508.515 	697.980 	700.499 	423.444 	382.795 	303.039 	521.250 	589.010 	367.415 	779.348 	839.285 	704.625 	800.310 	834.654 	801.858 	460.111 	282.097 	601.274 	683.331 	527.119 	422.100 	377.426 	481.515 	559.410 	656.510 	427.466 	574.610 	642.297 	595.109 	537.969 	563.886 	443.222 	231.997 	310.314 	300.090 	447.151 	585.122 	462.558 	486.115 	386.009 	274.588 	374.632 	314.850 	154.276 	112.499 	128.043 	292.743 	374.041 	305.565 	313.084 	424.452 	259.140 	248.530 	264.795 	379.635 	275.082 	127.604 	177.127 	263.928 	358.701 	492.171 	: 	: 	: 	: 	: 	: 	: 	: 	: 	: 	: 	: 
G3000,GWH,DE	: 	: 	6272.237 e	8120.754 e	7848.549 e	7986.409 e	4937.277 e	5012.896 e	3844.675 e	4974.114 e	5403.161 e	5042.660 e	7344.199 e	7981.264 e	8076.368 e	8820.575 e	8389.763 e	8163.702 e	6718.307 e	6249.947 e	6409.257 e	7185.874 e	6597.670 e	5066.652 e	4787.175 e	6590.407 e	6477.704 e	8109.667 e	6660.974 e	7814.988 e	7755.499 e	6503.130 e	6467.898 e	6364.497 e	5309.609 e	5633.917 e	5670.031 e	6087.599 e	7124.563 e	8475.136 e	7317.545 e	7576.058 e	5941.299 e	4702.708 e	5744.276 e	5289.545 e	4434.286 e	3963.054 e	4471.636 e	6881.457 e	7586.443 e	6719.770 e	6965.170 e	7453.385 e	5678.752 e	5561.552 e	4756.054 e	5446.400 e	4694.722 e	5508.734 e	5572.014 e	6715.718 e	7051.090 e	9447.693 e	: 	: 	: 	: 	: 	: 	: 	: 	: 	: 	: 	: 
G3000,GWH,DK	: 	169.528 	81.281 	135.998 	184.394 	143.302 	68.832 	57.472 	41.717 	37.178 	51.414 	96.883 	109.218 	168.734 	246.727 	282.242 	185.077 	113.614 	88.269 	68.444 	46.635 	52.177 	60.903 	65.170 	69.266 	116.856 	116.878 	147.809 	204.492 	220.676 	168.768 	82.490 	73.509 	64.531 	66.324 	103.739 	123.014 	195.948 	232.859 	316.699 	254.849 	229.188 	138.198 	84.618 	89.994 	58.387 	57.558 	68.427 	136.147 	253.262 	312.178 	276.870 	171.867 	181.740 	113.124 	104.640 	73.724 	67.018 	62.500 	110.727 	184.478 	317.097 	304.648 	343.889 	: 	: 	: 	: 	: 	: 	: 	: 	: 	: 	: 	: 
G3000,GWH,EA19	: 	: 	27038.282 	35589.909 	34333.777 	36091.418 	23588.942 	24604.613 	19879.457 	23848.995 	24427.736 	20756.570 	28655.230 	30749.523 	28300.575 	34780.016 	33828.458 	33288.580 	28225.060 	30664.586 	32939.177 	34617.719 	28611.988 	22551.111 	19263.369 	27012.673 	28778.648 	37308.771 	29249.049 	34800.684 	35201.210 	31938.541 	32037.534 	32959.300 	26949.575 	26208.644 	24096.393 	26309.161 	30353.977 	37542.282 	31285.537 	33084.468 	26449.562 	21287.037 	22887.534 	23940.806 	20533.000 	18593.324 	18188.830 	25993.557 	29765.509 	27293.466 	31083.018 	34519.323 	27524.616 	23422.699 	22710.531 	25681.868 	22144.409 	22151.514 	22532.307 	27065.711 	28114.113 	37303.645 	: 	: 	: 	: 	: 	: 	: 	: 	: 	: 	: 	: 
G3000,GWH,EE	: 	: 	0.000 	0.000 	0.000 	0.000 	0.000 	0.000 	0.000 	0.000 	0.000 	0.000 	0.000 	0.000 	0.000 	0.000 	0.000 	0.000 	0.000 	0.000 	0.000 	0.000 	0.000 	0.000 	0.000 	0.000 	0.000 	0.000 	0.000 	0.000 	0.000 	0.000 	0.000 	0.000 	0.000 	0.000 	0.000 	0.000 	0.000 	0.000 	0.000 	0.000 	0.000 	0.000 	0.000 	0.000 	0.000 	0.000 	0.000 	0.000 	0.000 	0.000 	0.000 	0.000 	0.000 	0.000 	0.000 	0.000 	0.000 	0.000 	0.000 	0.000 	0.000 	0.000 	: 	: 	: 	: 	: 	: 	: 	: 	: 	: 	: 	: 
G3000,GWH,EL	: 	2143.120 	1548.910 	1647.571 	1977.390 	1908.290 	1963.711 	2064.988 	2326.460 	2475.953 	2025.520 	1289.715 	1680.400 	1410.449 	923.880 	1704.146 	1812.190 	1482.310 	1420.039 	1634.954 	1859.933 	2023.960 	1412.092 	1254.780 	1059.752 	1136.488 	1199.616 	1660.700 	1013.860 	1109.752 	1471.070 	1557.257 	1689.170 	1806.250 	1395.618 	945.930 	948.880 	890.000 	1338.440 	2061.520 	1628.120 	1286.720 	1462.820 	1344.440 	675.470 	1280.900 	1078.790 	948.090 	787.850 	718.820 	1097.230 	1270.540 	1360.630 	1442.400 	1110.590 	1222.900 	1603.130 	1499.640 	1417.080 	971.590 	764.460 	763.960 	1239.830 	2000.670 	: 	: 	: 	: 	: 	: 	: 	: 	: 	: 	: 	: 
G3000,GWH,ES	: 	: 	6279.707 	7503.589 	6798.073 	7959.680 	6046.131 	6605.979 	5654.188 	5453.341 	5343.758 	4190.931 	5046.254 	3894.281 	2930.363 	4612.988 	4786.650 	5557.657 	5051.039 	6842.590 	7283.909 	8156.337 	5700.824 	4085.351 	3640.280 	3619.363 	4624.221 	5715.239 	4957.446 	6179.626 	7909.643 	7584.916 	9214.000 	9329.016 	7434.488 	6291.906 	5049.719 	4546.247 	4662.989 	5625.000 	5214.648 	5498.143 	4817.567 	4339.733 	4851.183 	4475.082 	4364.252 	4207.641 	3390.122 	3410.522 	4043.688 	4538.985 	5333.076 	6821.002 	6063.309 	5273.503 	5506.954 	5905.183 	5269.747 	3883.242 	3241.373 	3609.102 	3491.800 	5109.424 	: 	: 	: 	: 	: 	: 	: 	: 	: 	: 	: 	: 
G3000,GWH,EU27_2020	: 	: 	30899.932 	40181.311 	39215.204 	40889.610 	27452.915 	27868.573 	23152.456 	27562.570 	27807.319 	23744.078 	32179.288 	35134.168 	32657.950 	40148.992 	38982.432 	38266.410 	31835.390 	34009.180 	36506.936 	38431.569 	31618.728 	25277.197 	22023.122 	30709.309 	33096.030 	42232.699 	33709.285 	39006.288 	39426.601 	35126.203 	35449.741 	36204.706 	29321.665 	28579.420 	27039.379 	29713.663 	34254.905 	42624.254 	35803.910 	37082.506 	29677.177 	23780.126 	25961.951 	26571.000 	22791.385 	20693.425 	20223.103 	29508.995 	33849.837 	31298.187 	34839.256 	38595.572 	30454.219 	25849.635 	25254.763 	28317.938 	24240.737 	24040.000 	25027.663 	30109.390 	31608.072 	41708.607 	: 	: 	: 	: 	: 	: 	: 	: 	: 	: 	: 	: 
G3000,GWH,FI	32.000 	101.000 	122.000 	148.000 	429.000 	119.000 	91.000 	116.000 	82.000 	82.349 e	80.000 	138.000 	368.000 	559.000 	711.000 	796.000 	506.000 	316.000 	442.000 	409.000 	242.000 	161.000 	257.000 	297.000 	222.000 	346.000 	355.000 	443.000 	415.000 	375.000 	342.000 	234.000 	110.000 	118.000 	72.000 	140.000 	246.000 	475.000 	602.000 	761.000 	563.000 	361.000 	292.000 	309.000 	233.000 	53.000 	26.000 	25.000 	213.000 	691.000 	666.000 	548.000 	444.000 	213.000 	178.000 	93.000 	66.000 	44.000 	37.000 	110.000 	283.000 	456.000 	578.000 	663.000 	: 	: 	: 	: 	: 	: 	: 	: 	: 	: 	: 	: 
G3000,GWH,FR	: 	5184.244 	4195.812 	5689.319 	5443.883 	5493.048 	2131.770 	1878.358 	1144.138 	1945.194 	1928.940 	1622.819 	3239.791 	4438.706 	4188.099 	5103.153 	5054.501 	5010.543 	2822.749 	3029.900 	3029.803 	3023.424 	2962.126 	1638.266 	908.555 	4319.434 	4377.216 	6023.823 	4572.344 	5672.192 	3663.611 	3296.669 	2568.223 	3275.066 	2206.699 	2460.027 	2594.617 	3976.286 	5137.210 	6495.193 	4767.359 	5501.412 	3132.161 	2014.609 	2216.707 	2256.019 	973.076 	777.444 	992.505 	4104.843 	5058.935 	3514.422 	5428.988 	5669.996 	4318.127 	2636.968 	2109.438 	2532.288 	1868.640 	2014.606 	2991.645 	5161.469 	5264.052 	6043.548 	: 	: 	: 	: 	: 	: 	: 	: 	: 	: 	: 	: 
G3000,GWH,GE	: 	478.454 	425.460 	486.593 	479.657 	415.117 	197.507 	140.325 	166.484 	3.918 	1.759 	0.246 	62.043 	170.127 	318.400 	328.623 	459.275 	327.924 	351.518 	224.535 	85.689 	45.631 	0.026 	12.382 	142.520 	146.056 	385.306 	529.958 	440.044 	384.504 	204.920 	198.708 	132.268 	3.219 	6.821 	0.145 	151.472 	406.611 	401.284 	386.905 	263.407 	316.236 	189.797 	153.955 	143.615 	6.778 	2.799 	71.899 	31.795 	200.100 	315.117 	313.131 	: 	: 	: 	: 	: 	: 	: 	: 	: 	: 	: 	: 	: 	: 	: 	: 	: 	: 	: 	: 	: 	: 	: 	: 
G3000,GWH,HR	: 	282.469 	317.447 	288.199 	227.492 	349.461 	343.065 	249.975 	261.836 	261.490 	142.314 	118.557 	209.284 	265.781 	246.063 	322.961 	359.143 	338.159 	296.841 	280.624 	269.912 	288.545 	237.634 	241.523 	105.940 	246.520 	309.617 	339.031 	220.750 	274.559 	360.567 	222.512 	235.658 	158.673 	70.889 	77.502 	110.421 	143.766 	220.180 	365.627 	264.048 	216.871 	164.770 	139.279 	219.967 	144.473 	115.158 	66.005 	85.773 	148.006 	276.792 	266.678 	210.040 	326.063 	331.400 	229.655 	308.964 	298.560 	168.679 	147.097 	143.760 	167.177 	292.070 	326.906 	: 	: 	: 	: 	: 	: 	: 	: 	: 	: 	: 	: 
G3000,GWH,HU	: 	: 	896.376 	964.161 	1055.572 	1029.646 	803.450 	609.508 	628.753 	682.603 	640.801 	624.199 	651.253 	745.602 	760.581 	1007.502 	817.135 	976.283 	774.808 	694.085 	681.670 	670.028 	605.291 	456.231 	475.988 	712.427 	935.806 	995.843 	821.283 	807.370 	931.279 	748.143 	689.213 	673.054 	511.474 	437.887 	505.941 	546.160 	611.581 	1069.171 	842.293 	801.665 	582.853 	510.531 	503.509 	547.559 	401.749 	421.162 	386.408 	559.046 	714.728 	765.426 	784.849 	987.971 	570.232 	554.929 	669.406 	600.922 	576.046 	449.365 	472.913 	416.647 	580.540 	975.348 	: 	: 	: 	: 	: 	: 	: 	: 	: 	: 	: 	: 
G3000,GWH,IE	: 	1130.536 	785.764 	1284.871 	1079.121 	1147.128 	1021.739 	1207.429 	1322.167 	1342.993 	1193.044 	988.625 	1224.695 	1237.609 	909.638 	1317.913 	1232.838 	1137.129 	1091.543 	1381.600 	1501.692 	1445.159 	1366.531 	1398.017 	1263.881 	1117.560 	951.253 	1173.909 	1090.237 	1312.534 	1197.346 	1135.898 	1164.233 	1541.377 	1371.465 	1544.862 	1285.770 	1088.330 	852.152 	1231.460 	1098.481 	1195.905 	1300.177 	1169.378 	1438.671 	1672.965 	1600.543 	1368.560 	1124.756 	1067.655 	894.211 	938.011 	1024.380 	1215.949 	1161.437 	1257.956 	1421.376 	1477.708 	1293.201 	1223.282 	1261.640 	1110.985 	907.901 	1203.019 	: 	: 	: 	: 	: 	: 	: 	: 	: 	: 	: 	: 
G3000,GWH,IS	: 	0.000 	0.000 	0.000 	0.000 	0.000 	0.000 	0.000 	0.000 	0.000 	0.000 	0.000 	0.000 	0.000 	0.000 	0.000 	0.000 	0.000 	0.000 	0.000 	0.000 	0.000 	0.000 	0.000 	0.000 	0.000 	0.000 	0.000 	0.000 	0.000 	0.000 	0.000 	0.000 	0.000 	0.000 	0.000 	0.000 	0.000 	0.000 	0.000 	0.000 	0.000 	0.000 	0.000 	0.000 	0.000 	0.000 	0.000 	0.000 	0.000 	0.000 	0.000 	0.000 	0.000 	0.000 	0.000 	0.000 	0.000 	0.000 	0.000 	0.000 	0.000 	0.000 	0.000 	: 	: 	: 	: 	: 	: 	: 	: 	: 	: 	: 	: 
G3000,GWH,IT	: 	: 	: 	: 	0.000 	: 	: 	: 	: 	: 	: 	: 	: 	: 	: 	: 	: 	: 	: 	: 	: 	: 	: 	: 	: 	: 	: 	: 	: 	: 	: 	: 	0.000 	0.000 	0.000 	0.000 	0.000 	0.000 	: 	: 	: 	: 	: 	: 	: 	: 	: 	: 	: 	: 	: 	: 	: 	: 	: 	: 	: 	: 	: 	: 	: 	: 	: 	: 	: 	: 	: 	: 	: 	: 	: 	: 	: 	: 	: 	: 
G3000,GWH,LT	: 	: 	15.402 e	20.885 e	70.636 e	17.049 e	48.614 e	160.618 e	57.251 e	106.461 e	162.938 e	60.694 e	79.058 e	94.992 e	108.658 e	106.944 e	147.953 e	119.431 e	135.740 e	199.217 e	243.251 e	196.585 e	195.161 e	102.796 e	38.196 e	42.188 e	57.049 e	27.995 e	29.311 e	28.444 e	46.900 e	39.400 e	25.500 e	28.625 e	30.407 e	50.383 e	36.484 e	37.824 e	49.748 e	31.490 e	3.660 e	2.326 e	20.933 e	14.138 e	22.394 e	18.671 e	2.582 e	48.840 e	34.140 e	45.464 e	33.169 e	37.693 e	41.165 e	45.122 e	39.968 e	32.911 e	24.509 e	10.906 e	41.241 e	83.255 e	42.570 e	50.230 e	37.764 e	48.850 e	: 	: 	: 	: 	: 	: 	: 	: 	: 	: 	: 	: 
G3000,GWH,LU	: 	: 	1.616 e	1.836 e	21.207 e	19.944 e	13.768 e	7.476 e	8.008 e	8.090 e	7.327 e	15.068 e	16.966 e	19.304 e	20.266 e	23.464 e	17.858 e	22.943 e	12.170 e	8.510 e	5.708 e	5.917 e	7.154 e	9.187 e	11.015 e	19.314 e	20.128 e	22.099 e	18.471 	17.457 	12.831 	7.816 	7.199 	7.313 	8.229 	13.225 	15.147 	21.510 	21.571 	26.132 	24.976 	22.783 	15.209 	8.848 	7.988 	6.966 	9.041 	10.569 	14.469 	24.409 	24.123 	25.046 	22.000 e	22.469 	17.084 	12.909 	10.904 	11.940 	12.099 	14.635 	18.206 e	23.182 e	23.676 e	29.150 	: 	: 	: 	: 	: 	: 	: 	: 	: 	: 	: 	: 
G3000,GWH,LV	: 	23.000 	60.000 	198.000 	310.000 	173.000 	105.000 	180.000 	29.000 	172.000 	110.000 	25.000 	66.000 	218.000 	316.000 	327.000 	245.000 	226.000 	144.000 	159.000 	256.000 	78.000 	245.000 	147.000 	81.000 	95.000 	145.000 	140.000 	191.000 	234.000 	271.000 	401.000 	373.000 	229.000 	262.000 	176.000 	121.000 	201.000 	232.000 	417.000 	359.000 	330.000 	240.000 	249.000 	320.000 	235.000 	145.000 	80.000 	128.000 	404.000 	402.000 	273.000 	158.000 	176.000 	165.000 	97.000 	77.000 	127.000 	136.000 	91.000 	138.000 	148.000 	356.000 	403.000 	: 	: 	: 	: 	: 	: 	: 	: 	: 	: 	: 	: 
G3000,GWH,MD	: 	: 	105.487 	141.864 	119.883 	100.474 	20.476 	9.454 	5.214 	5.432 	12.284 	29.289 	67.685 	131.976 	140.284 	137.600 	141.007 	113.679 	235.848 	72.659 	5.541 	6.115 	34.139 	32.535 	49.313 	89.482 	97.281 	111.334 	: 	: 	: 	: 	: 	: 	: 	: 	: 	: 	: 	: 	: 	: 	: 	: 	: 	: 	: 	: 	: 	: 	: 	: 	: 	: 	: 	: 	: 	: 	: 	: 	: 	: 	: 	: 	: 	: 	: 	: 	: 	: 	: 	: 	: 	: 	: 	: 
G3000,GWH,ME	: 	: 	: 	: 	: 	: 	: 	: 	: 	: 	: 	: 	: 	: 	: 	: 	: 	: 	: 	: 	: 	: 	: 	: 	: 	: 	: 	: 	: 	: 	: 	: 	: 	: 	: 	: 	0.000 	0.000 	0.000 	0.000 	0.000 	0.000 	0.000 	0.000 	0.000 	0.000 	0.000 	0.000 	0.000 	0.000 	0.000 	0.000 	0.000 	0.000 	0.000 	0.000 	0.000 	0.000 	0.000 	0.000 	0.000 	0.000 	0.000 	0.000 	: 	: 	: 	: 	: 	: 	: 	: 	: 	: 	: 	: 
G3000,GWH,MK	: 	: 	137.904 	104.763 	188.917 	159.921 	168.665 	158.485 	157.667 	146.228 	67.702 	23.349 	1.020 	159.043 	140.268 	157.486 	159.415 	158.352 	76.857 	157.434 	158.881 	153.511 	71.936 	0.000 	17.861 	1.217 	49.761 	107.203 	77.442 	50.400 	66.967 	154.179 	136.784 	157.534 	110.027 	0.130 	0.000 	0.000 	59.151 	117.519 	75.897 	74.278 	87.247 	84.086 	0.000 	0.000 	0.000 	0.034 	2.940 	67.611 	137.354 	112.578 	108.321 	115.377 	75.268 	44.297 	87.367 	76.832 	0.514 	0.000 	0.000 	7.880 	121.043 	165.466 	: 	: 	: 	: 	: 	: 	: 	: 	: 	: 	: 	: 
G3000,GWH,MT	: 	149.170 	133.484 	144.168 	132.658 	126.708 	145.492 	144.409 	204.335 	209.223 	181.976 	158.987 	165.032 	130.865 	127.005 	127.391 	119.821 	86.811 	132.940 	156.911 	184.890 	181.217 	158.686 	140.882 	133.065 	148.102 	167.685 	173.134 	139.086 	121.403 	149.282 	150.810 	192.711 	172.844 	164.499 	142.117 	125.509 	123.581 	126.192 	167.748 	: c	: c	: c	: c	: c	: c	: c	: c	: c	: c	: c	: c	: c	: c	: c	: c	: c	: c	: c	: c	: c	: c	: c	0.000 	: 	: 	: 	: 	: 	: 	: 	: 	: 	: 	: 	: 
G3000,GWH,NL	: 	: 	3485.927 	5068.394 	5007.481 	5225.224 	3176.824 	3796.293 	2517.200 	4017.375 	4780.527 	4237.791 	4531.602 	6070.745 	5860.451 	6086.971 	6120.870 	5916.833 	5481.552 	5732.896 	6923.333 	6723.126 	5683.439 	5402.220 	4547.887 	5345.940 	5882.276 	7505.189 	5552.596 	6224.601 	6529.843 e	6154.767 	5745.342 	5616.206 	4907.664 	5636.262 	4703.507 	5733.352 	5878.907 	6489.219 	5526.000 	5785.000 	4361.000 	3100.000 	3358.000 e	4816.000 e	4683.000 e	4683.000 e	4876.000 e	5122.000 e	5418.000 e	5049.000 e	5797.000 e	6376.000 e	4596.000 e	3664.000 e	3276.000 e	: u	3866.000 e	5029.000 e	4531.000 e	4908.000 e	4473.000 e	6050.000 e	: 	: 	: 	: 	: 	: 	: 	: 	: 	: 	: 	: 
G3000,GWH,NO	: c	: c	: c	: c	: c	: c	: c	: c	: c	: c	: c	: c	: c	: c	: c	: c	: c	: c	24.696 	137.342 	207.647 	205.758 	130.265 	145.678 	203.068 	204.454 	198.710 	210.843 	205.630 	203.692 	203.088 	181.522 	185.702 	191.503 	200.397 	208.946 	212.452 	214.769 	186.005 	185.801 	222.272 	211.367 	204.296 	223.283 	221.227 	224.321 	: c	: c	217.159 	223.259 	201.951 	223.449 	223.154 	219.013 	220.839 	208.307 	224.194 	230.232 	168.043 	144.391 	218.706 	228.449 	212.917 	223.162 	: 	: 	: 	: 	: 	: 	: 	: 	: 	: 	: 	: 
G3000,GWH,PL	: 	: 	1068.909 	1313.341 	1321.282 	1439.005 	1330.127 	1132.046 	1188.669 	1258.564 	1256.825 	1179.843 	1114.230 	1176.306 	1218.962 	1560.463 	1653.226 	1565.729 	1358.012 	1232.744 	1170.707 	1325.270 	1037.045 	1234.188 	1264.294 	1353.571 	1237.980 	1341.414 	1624.489 	1317.927 	1209.739 	924.877 	1271.458 	1158.824 	976.285 	1142.303 	1338.770 	1227.542 	1067.131 	1201.001 	1179.149 	1001.060 	936.833 	766.927 	1118.823 	1026.282 	872.724 	914.771 	907.569 	1211.641 	1074.622 	1064.163 	953.376 	951.594 	915.309 	699.763 	593.391 	635.678 	610.333 	619.107 	820.138 	780.426 	677.058 	762.312 	: 	: 	: 	: 	: 	: 	: 	: 	: 	: 	: 	: 
G3000,GWH,PT	: 	: 	1227.394 	1432.335 	1155.617 	1422.751 	1340.872 	1527.230 	1177.033 	1312.374 	1073.939 	915.802 	1365.237 	841.346 	528.557 	1204.294 	1019.748 	1452.190 	1612.017 	1932.396 	1820.100 	1946.918 	1321.840 	907.694 	559.312 	1060.290 	1245.830 	1645.031 	1104.280 	1485.729 	1690.178 	1618.121 	1702.831 	1876.466 	1659.530 	1362.666 	983.000 	650.000 	822.000 	1150.000 	885.000 	1193.000 	1206.000 	1606.000 	1623.000 	1724.000 	1410.000 	958.000 	577.000 	600.000 	1134.000 	1515.000 	1180.000 	1544.000 	1311.000 	1630.112 	2066.968 	1990.304 	1662.126 	1425.646 	1120.268 	1246.695 	1135.506 	1437.726 	: 	: 	: 	: 	: 	: 	: 	: 	: 	: 	: 	: 
G3000,GWH,RO	: 	523.000 	961.000 	1035.000 	1026.000 	927.000 	727.000 	633.000 	667.000 	691.000 	541.000 	407.000 	462.000 	857.000 	802.000 	969.000 	996.000 	909.000 	437.000 	673.000 	673.000 	695.000 	452.000 	215.000 	335.000 	571.000 	924.000 	1173.000 	903.000 	830.000 	789.000 	517.000 	506.000 	525.000 	208.000 	249.000 	319.000 	669.000 	957.000 	1112.000 	1163.000 	1018.000 	872.000 	622.000 	674.000 	433.000 	561.000 	398.000 	248.000 	730.000 	966.000 	1022.000 	1045.000 	984.000 	615.000 	515.000 	622.000 	569.000 	316.000 	329.000 	556.000 	859.000 	988.000 	1153.000 	: 	: 	: 	: 	: 	: 	: 	: 	: 	: 	: 	: 
G3000,GWH,RS	: 	55.009 e	43.548 e	47.980 e	48.207 e	48.370 e	51.905 e	44.679 e	45.800 e	45.544 e	36.221 e	33.694 e	43.542 e	59.588 e	53.831 e	59.125 e	57.026 e	52.586 e	49.045 e	44.571 e	45.271 e	40.729 e	36.596 e	38.519 e	42.964 e	53.655 e	53.747 e	58.556 e	46.820 e	41.582 e	40.995 e	35.311 e	38.369 e	35.818 e	31.848 e	31.827 e	38.342 e	51.559 e	41.942 e	46.127 e	31.229 e	30.613 e	30.744 e	24.673 e	22.393 e	22.596 e	24.004 e	21.182 e	21.822 e	27.872 e	27.145 e	33.376 e	17.494 e	14.116 e	17.981 e	17.077 e	17.106 e	16.950 e	14.304 e	14.092 e	13.788 e	13.254 e	17.312 e	21.271 e	: 	: 	: 	: 	: 	: 	: 	: 	: 	: 	: 	: 
G3000,GWH,SE	: 	8.000 	12.000 	30.000 	114.550 	23.170 	13.040 	7.920 	6.190 	3.710 	2.330 	2.160 	6.620 	11.980 	84.270 	95.230 	15.658 	8.985 	8.042 	10.136 	16.603 	15.938 	0.207 	3.112 	0.362 	2.804 	13.055 	12.817 	24.993 	16.548 	6.960 	3.355 	3.793 	2.962 	3.853 	3.052 	48.499 	108.541 	130.867 	185.999 	121.352 	52.738 	16.129 	3.672 	3.339 	3.318 	3.801 	2.747 	10.154 	125.319 	169.243 	111.118 	81.469 	50.345 	13.002 	3.652 	3.304 	3.311 	3.135 	2.685 	10.602 	48.010 	85.319 	96.754 	: 	: 	: 	: 	: 	: 	: 	: 	: 	: 	: 	: 
G3000,GWH,SI	: 	: 	37.979 	43.192 	34.987 	29.497 	27.475 	17.859 	17.109 	16.968 	28.157 	20.287 	30.866 	46.928 	46.442 	48.593 	52.581 	51.257 	30.765 	32.234 	29.758 	28.296 	13.660 	26.402 	29.729 	44.622 	44.619 	53.419 	46.355 	42.707 	38.734 	22.436 	29.738 	18.016 	15.928 	22.187 	25.131 	40.777 	38.699 	53.500 	39.029 	35.303 	30.058 	17.062 	15.813 	15.095 	16.635 	20.297 	22.869 	41.602 	47.411 	44.607 	36.419 	32.418 	25.429 	17.034 	18.652 	15.838 	16.782 	18.459 	26.227 	38.227 	44.090 	59.069 	: 	: 	: 	: 	: 	: 	: 	: 	: 	: 	: 	: 
G3000,GWH,SK	: 	194.000 	256.000 	333.000 	373.000 	385.000 	308.000 	332.000 	217.000 	285.000 	338.000 	225.000 	408.000 	481.000 	432.000 	481.000 	360.000 	325.000 	312.000 	311.000 	307.000 	218.000 	283.000 	261.000 	237.000 	254.000 	283.000 	354.000 	255.000 	261.000 	274.000 	238.000 	221.000 	231.000 	196.000 	214.000 	162.000 	232.000 	221.000 	253.000 	129.000 	109.000 	92.000 	180.000 	149.000 	91.000 	48.000 	51.000 	79.000 	121.000 	118.000 	124.000 	122.000 	108.000 	94.000 	82.000 	80.000 	77.000 	78.000 	78.000 	92.000 	102.000 	101.000 	129.000 	: 	: 	: 	: 	: 	: 	: 	: 	: 	: 	: 	: 
G3000,GWH,TR	: 	: 	5495.321 	6916.664 	8285.113 	8027.902 	10425.645 	10617.644 	11804.328 	10516.936 	9726.878 	6842.301 	5426.800 	8038.776 	6198.835 	8180.498 	8760.729 	8081.218 	8105.358 	7982.939 	7219.076 	6441.071 	3494.287 	1612.055 	1430.436 	2375.827 	4704.813 	6921.368 	6161.351 	5393.589 	4767.178 	4911.310 	5182.257 	5946.301 	3021.614 	2885.119 	3060.205 	4210.452 	3506.639 	5327.647 	6825.151 	6678.313 	7839.709 	8641.312 	7655.691 	10422.656 	6119.139 	5680.271 	6359.165 	6291.096 	7345.360 	8700.511 	8721.054 	10794.945 	10141.910 	9783.709 	10628.978 	10974.359 	7718.013 	7314.501 e	7211.003 e	8058.777 e	7916.596 e	7269.101 e	: 	: 	: 	: 	: 	: 	: 	: 	: 	: 	: 	: 
G3000,GWH,UA	: 	: 	: 	0.000 	0.000 	0.000 	0.000 	0.000 	0.000 	0.000 	0.000 	0.000 	0.000 	0.000 	0.000 	0.000 	0.000 	0.000 	0.000 	0.000 	0.000 	0.000 	0.000 	0.000 	0.000 	0.000 	0.000 	0.000 	0.000 	0.000 	0.000 	0.000 	0.000 	0.000 	0.000 	0.000 	0.000 	0.000 	0.000 	0.000 	0.000 	0.000 	0.000 	0.000 	0.000 	0.000 	0.000 	0.000 	0.000 	0.000 	0.000 	0.000 	0.000 	0.000 	0.000 	: 	: 	: 	: 	: 	: 	: 	: 	: 	: 	: 	: 	: 	: 	: 	: 	: 	: 	: 	: 	: 
G3000,GWH,UK	: 	: 	: 	: 	: 	: 	: 	: 	: 	: 	: 	: 	: 	: 	: 	: 	: 	: 	9684.009 	9960.899 	10075.097 	9693.837 	8572.873 	6884.743 	7300.905 	9731.881 	7590.039 	9469.867 	9848.697 	12170.265 	11084.219 	8615.733 	8286.737 	11278.479 	10464.368 	11103.843 	11071.306 	10382.710 	10827.894 	14863.467 	11592.310 	10466.725 	10745.975 	7523.748 	9563.150 	11435.228 	10119.013 	10237.345 	11168.442 	11396.612 	11506.599 	13325.599 	12052.560 	12525.684 	10896.620 	9832.185 	9114.412 	9790.550 	9120.039 	10419.689 	10881.318 	11582.379 	10234.417 	12898.223 	: 	: 	: 	: 	: 	: 	: 	: 	: 	: 	: 	: 
N9000,GWH,AL	: 	0.000 	0.000 	0.000 	0.000 	0.000 	0.000 	0.000 	0.000 	0.000 	0.000 	0.000 	0.000 	0.000 	0.000 	0.000 	0.000 	0.000 	0.000 	0.000 	0.000 	0.000 	0.000 	0.000 	0.000 	0.000 	0.000 	0.000 	0.000 	0.000 	0.000 	0.000 	0.000 	0.000 	0.000 	0.000 	0.000 	0.000 	0.000 	0.000 	0.000 	0.000 	0.000 	0.000 	0.000 	0.000 	0.000 	0.000 	0.000 	0.000 	0.000 	0.000 	: 	: 	: 	: 	: 	: 	: 	: 	: 	: 	: 	: 	: 	: 	: 	: 	: 	: 	: 	: 	: 	: 	: 	: 
N9000,GWH,AT	: 	0.000 	0.000 	0.000 	0.000 	0.000 	0.000 	0.000 	0.000 	0.000 	0.000 	0.000 	0.000 	0.000 	0.000 	0.000 	0.000 	0.000 	0.000 	0.000 	0.000 	0.000 	0.000 	0.000 	0.000 	0.000 	0.000 	0.000 	0.000 	0.000 	0.000 	0.000 	0.000 	0.000 	0.000 	0.000 	0.000 	0.000 	0.000 	0.000 	0.000 	0.000 	0.000 	0.000 	0.000 	0.000 	0.000 	0.000 	0.000 	0.000 	0.000 	0.000 	0.000 	0.000 	0.000 	0.000 	0.000 	0.000 	0.000 	0.000 	0.000 	0.000 	0.000 	0.000 	0.000 	0.000 	0.000 	0.000 	0.000 	0.000 	0.000 	0.000 	0.000 	0.000 	0.000 	0.000 
N9000,GWH,BA	: 	: 	0.000 	0.000 	0.000 	0.000 	0.000 	0.000 	0.000 	0.000 	0.000 	0.000 	0.000 	0.000 	0.000 	0.000 	0.000 	0.000 	0.000 	0.000 	0.000 	0.000 	0.000 	0.000 	0.000 	0.000 	0.000 	0.000 	0.000 	0.000 	0.000 	0.000 	0.000 	0.000 	0.000 	0.000 	0.000 	0.000 	0.000 	0.000 	: 	: 	: 	: 	: 	: 	: 	0.000 	0.000 	0.000 	0.000 	0.000 	: 	: 	: 	: 	0.000 	0.000 	0.000 	0.000 	0.000 	0.000 	0.000 	0.000 	: 	: 	: 	: 	: 	: 	: 	: 	: 	: 	: 	: 
N9000,GWH,BE	: 	: 	3663.936 	4436.416 	4378.019 	3527.662 	4148.375 	3576.905 	4139.020 	4283.092 	3968.818 	3822.714 	3758.651 	4385.725 	4029.662 	3873.052 	3264.047 	2991.511 	2525.540 	2569.728 	2023.810 	2163.570 	2143.455 	3024.757 	2943.506 	3045.480 	2855.621 	3054.761 	3715.105 	3239.582 	3148.338 	4104.535 	4190.640 	3566.664 	2899.728 	3659.222 	3547.155 	3526.849 	2805.115 	2903.726 	1624.478 	1124.104 	988.662 	1373.194 	1873.187 	2169.923 	2071.941 	2431.647 	2706.032 	3630.494 	3332.670 	3669.296 	3644.106 	2915.559 	2927.463 	3606.468 	4105.565 	4087.088 	3590.754 	2661.536 	2053.912 	3471.138 	3348.543 	3618.799 	3505.000 	2792.000 	2258.000 	3048.000 	3925.000 	3530.000 	3121.000 	3155.000 	3755.000 	4048.000 	3913.000 	4234.000 
N9000,GWH,BG	: 	: 	1389.431 	1539.181 	1534.717 	1466.962 	753.933 	1364.466 	1466.382 	1459.986 	1410.021 	781.924 	1090.098 	1510.119 	1354.824 	1457.399 	1487.928 	1446.393 	920.059 	1195.389 	1482.825 	1494.902 	1451.806 	886.070 	941.924 	1514.379 	1433.063 	1532.529 	1532.836 	1432.184 	918.528 	1193.353 	1462.872 	1440.786 	1215.830 	750.235 	1431.420 	1495.897 	1352.143 	1486.361 	1477.001 	1423.225 	936.733 	995.266 	1438.757 	1443.489 	1393.287 	735.779 	1117.423 	1489.198 	1348.065 	1492.979 	1485.550 	1396.070 	831.264 	991.449 	1404.488 	1374.420 	1155.032 	713.350 	1155.655 	1452.532 	1311.012 	1447.545 	1446.000 	1161.000 	716.000 	1325.000 	1425.000 	1388.000 	1389.000 	1056.000 	847.000 	1404.000 	1323.000 	1454.000 
N9000,GWH,CY	: 	: 	0.000 	0.000 	0.000 	0.000 	0.000 	0.000 	0.000 	0.000 	0.000 	0.000 	0.000 	0.000 	0.000 	0.000 	0.000 	0.000 	0.000 	0.000 	0.000 	0.000 	0.000 	0.000 	0.000 	0.000 	0.000 	0.000 	0.000 	0.000 	0.000 	0.000 	0.000 	0.000 	0.000 	0.000 	0.000 	0.000 	0.000 	0.000 	0.000 	0.000 	0.000 	0.000 	0.000 	0.000 	0.000 	0.000 	0.000 	0.000 	0.000 	0.000 	0.000 	0.000 	0.000 	0.000 	0.000 	0.000 	0.000 	0.000 	0.000 	0.000 	0.000 	0.000 	0.000 	0.000 	0.000 	0.000 	0.000 	0.000 	0.000 	0.000 	0.000 	0.000 	0.000 	0.000 
N9000,GWH,CZ	: 	: 	2432.320 	2600.068 	2602.978 	2729.402 	2941.082 	2664.092 	2202.091 	1952.256 	2270.494 	2289.079 	2003.518 	2456.864 	2335.891 	2596.919 	2583.593 	2360.837 	2581.200 	2697.266 	2607.832 	2100.371 	2336.048 	2506.546 	1752.236 	2136.066 	2292.120 	2418.214 	2587.698 	2780.921 	2813.926 	2244.127 	2092.030 	1776.466 	2215.455 	2746.674 	2103.238 	2168.537 	2459.529 	2593.629 	2655.310 	2562.448 	2522.541 	2407.632 	2125.654 	1950.178 	2402.616 	2617.391 	2288.238 	2651.338 	1965.255 	2106.820 	2315.422 	2629.645 	2574.768 	2386.707 	2162.556 	1591.881 	1723.452 	2107.941 	2506.017 	2308.125 	2033.395 	2445.657 	1960.000 	1747.000 	1402.000 	866.000 	1482.000 	1732.000 	1800.000 	2392.000 	2415.000 	2586.000 	2158.000 	2189.000 
N9000,GWH,DE	: 	: 	2690.747 	2900.984 	5599.759 	5604.286 	5303.328 	5456.318 	5792.588 	5517.204 	4944.050 	5279.611 	5147.874 	5503.866 	5369.449 	5925.936 	5842.473 	4787.898 	5129.901 	5290.334 	5590.203 	4229.395 	4658.018 	4286.108 	4724.670 	5401.548 	5165.336 	5810.884 	6521.292 	6453.344 	6742.372 	5790.504 	5470.171 	5430.178 	4565.842 	4615.676 	5683.884 	6710.874 	6192.543 	6815.494 	6869.024 	6451.267 	5750.399 	5603.204 	6613.094 	6216.572 	5774.157 	4866.151 	5170.540 	6170.145 	6093.232 	6696.348 	7244.367 	6906.722 	7362.714 	6392.128 	7089.106 	5339.723 	6343.615 	5645.533 	4754.298 	4836.597 	4537.316 	5702.864 	6275.000 	7394.000 	7801.000 	6834.000 	7000.000 	6131.000 	5959.000 	4860.000 	5111.000 	7671.000 	7204.000 	7798.000 
N9000,GWH,DK	: 	0.000 	0.000 	0.000 	0.000 	0.000 	0.000 	0.000 	0.000 	0.000 	0.000 	0.000 	0.000 	0.000 	0.000 	0.000 	0.000 	0.000 	0.000 	0.000 	0.000 	0.000 	0.000 	0.000 	0.000 	0.000 	0.000 	0.000 	0.000 	0.000 	0.000 	0.000 	0.000 	0.000 	0.000 	0.000 	0.000 	0.000 	0.000 	0.000 	0.000 	0.000 	0.000 	0.000 	0.000 	0.000 	0.000 	0.000 	0.000 	0.000 	0.000 	0.000 	0.000 	0.000 	0.000 	0.000 	0.000 	0.000 	0.000 	0.000 	0.000 	0.000 	0.000 	0.000 	0.000 	0.000 	0.000 	0.000 	0.000 	0.000 	0.000 	0.000 	0.000 	0.000 	0.000 	0.000 
N9000,GWH,EA19	: 	: 	44574.539 	51937.021 	49730.542 	47240.019 	48963.546 	46479.595 	48200.588 	47457.049 	43428.492 	44285.333 	43534.016 	50555.068 	47989.692 	56494.090 	52879.183 	48094.861 	44248.147 	37942.844 	39361.434 	38057.216 	35215.531 	38670.610 	42458.877 	48410.217 	50101.458 	55815.787 	51871.941 	46401.924 	47320.999 	45968.815 	46420.134 	47261.307 	43909.412 	47474.990 	49485.481 	55189.404 	53642.903 	59203.940 	55939.342 	48147.831 	47129.422 	45317.705 	44408.201 	46698.410 	43225.840 	44704.363 	45568.859 	54238.342 	54288.374 	60527.403 	57566.356 	47901.985 	46433.115 	47892.900 	48653.284 	45563.246 	43665.692 	45591.660 	47005.302 	52033.580 	50170.504 	59295.771 	: 	: 	: 	: 	: 	: 	: 	: 	: 	: 	: 	: 
N9000,GWH,EE	: 	: 	0.000 	0.000 	0.000 	0.000 	0.000 	0.000 	0.000 	0.000 	0.000 	0.000 	0.000 	0.000 	0.000 	0.000 	0.000 	0.000 	0.000 	0.000 	0.000 	0.000 	0.000 	0.000 	0.000 	0.000 	0.000 	0.000 	0.000 	0.000 	0.000 	0.000 	0.000 	0.000 	0.000 	0.000 	0.000 	0.000 	0.000 	0.000 	0.000 	0.000 	0.000 	0.000 	0.000 	0.000 	0.000 	0.000 	0.000 	0.000 	0.000 	0.000 	0.000 	0.000 	0.000 	0.000 	0.000 	0.000 	0.000 	0.000 	0.000 	0.000 	0.000 	0.000 	0.000 	0.000 	0.000 	0.000 	0.000 	0.000 	0.000 	0.000 	0.000 	0.000 	0.000 	0.000 
N9000,GWH,EL	: 	0.000 	0.000 	0.000 	0.000 	0.000 	0.000 	0.000 	0.000 	0.000 	0.000 	0.000 	0.000 	0.000 	0.000 	0.000 	0.000 	0.000 	0.000 	0.000 	0.000 	0.000 	0.000 	0.000 	0.000 	0.000 	0.000 	0.000 	0.000 	0.000 	0.000 	0.000 	0.000 	0.000 	0.000 	0.000 	0.000 	0.000 	0.000 	0.000 	0.000 	0.000 	0.000 	0.000 	0.000 	0.000 	0.000 	0.000 	0.000 	0.000 	0.000 	0.000 	0.000 	0.000 	0.000 	0.000 	0.000 	0.000 	0.000 	0.000 	0.000 	0.000 	0.000 	0.000 	0.000 	0.000 	0.000 	0.000 	0.000 	0.000 	0.000 	0.000 	0.000 	0.000 	0.000 	0.000 
N9000,GWH,ES	: 	: 	4771.059 	5048.327 	3922.864 	3562.358 	4748.395 	4890.507 	5150.264 	5119.329 	3684.384 	4373.251 	4197.333 	4833.136 	4358.515 	5199.741 	5270.811 	4639.756 	4528.344 	4871.209 	5151.912 	5159.019 	3621.381 	3078.978 	4085.605 	5174.945 	4885.683 	5289.227 	4350.071 	3427.526 	4530.669 	4995.508 	5068.144 	5123.112 	4647.877 	3976.917 	4621.663 	5274.747 	4766.786 	5041.367 	4286.761 	3829.983 	5150.672 	5013.035 	5135.725 	4471.024 	3610.142 	3746.265 	3833.973 	4499.950 	4594.563 	5098.707 	5037.240 	3615.671 	4310.226 	4725.631 	5081.284 	4401.573 	4062.822 	4143.784 	4931.153 	5270.734 	4768.268 	5285.374 	4341.000 	3775.000 	5101.000 	5013.000 	5151.000 	5181.000 	4819.000 	3892.000 	5056.000 	5192.000 	3962.000 	4616.000 
N9000,GWH,EU27_2020	: 	: 	54558.472 	63434.609 	60975.829 	58343.482 	59174.960 	56330.217 	57197.726 	56470.315 	52175.547 	52825.951 	53857.054 	61916.856 	58454.832 	67819.636 	63756.935 	57594.713 	54062.687 	47228.581 	47818.149 	47107.770 	43761.922 	47708.989 	51423.394 	59573.952 	60438.615 	67941.123 	64157.122 	58502.144 	58866.899 	55712.386 	57087.617 	57815.879 	55091.071 	57638.573 	60482.113 	66641.384 	64817.905 	71725.161 	68594.684 	59653.906 	58685.715 	54998.569 	54712.413 	57800.192 	54243.712 	54440.750 	56833.822 	66815.716 	65460.396 	72599.657 	70079.866 	59648.397 	56384.179 	56427.638 	57794.317 	55015.852 	53211.111 	55974.535 	59132.499 	64711.788 	61460.529 	72223.997 	: 	: 	: 	: 	: 	: 	: 	: 	: 	: 	: 	: 
N9000,GWH,FI	2261.000 	2196.000 	1881.000 	2084.000 	2080.000 	2013.000 	2073.000 	1567.000 	1918.665 	2024.675 e	1564.645 	1499.241 	1860.010 	2081.614 	1879.944 	2081.685 	1864.000 	2001.000 	1792.196 	1621.459 	1658.636 	2029.226 	1796.137 	1615.169 	1926.773 	2031.198 	1948.033 	2083.557 	2083.000 	2013.000 	2072.000 	1567.000 	1861.000 	2047.000 	1772.000 	1505.000 	1983.000 	2072.000 	1879.000 	2071.000 	2073.000 	1994.000 	1808.000 	1595.000 	1697.000 	1906.000 	1487.000 	1511.000 	1815.000 	2060.000 	1872.000 	2072.000 	2066.000 	1998.000 	1838.000 	1751.000 	1723.000 	1620.000 	1334.000 	1518.000 	1802.000 	2065.000 	1859.000 	2001.000 	1961.000 	1985.000 	1950.000 	1606.000 	1702.000 	1987.000 	1693.000 	1504.000 	1839.000 	2060.000 	1928.000 	2064.000 
N9000,GWH,FR	: 	26857.003 	29577.651 	35220.283 	31503.128 	30370.793 	30658.264 	29001.324 	29010.950 	28449.338 	27716.162 	27574.674 	27209.135 	31695.350 	30337.834 	37176.882 	34432.460 	31565.645 	28271.643 	21739.674 	22876.543 	22499.437 	21334.969 	24714.653 	26823.538 	30624.870 	33178.555 	37352.414 	32985.835 	29133.652 	29162.929 	27533.449 	27721.146 	29195.023 	28560.686 	31668.783 	31756.651 	35497.692 	36089.935 	40157.967 	38882.473 	32649.684 	31609.437 	30096.983 	27290.979 	29954.126 	28621.712 	30580.158 	30591.938 	35677.025 	36408.421 	40790.318 	37383.412 	30334.993 	28054.176 	29346.122 	28585.542 	28159.857 	26884.246 	30136.774 	31752.185 	34272.603 	33689.410 	40491.575 	36652.000 	31143.000 	29017.000 	26481.000 	27111.000 	28340.000 	28641.000 	29440.000 	31051.000 	37170.000 	37316.000 	41581.000 
N9000,GWH,GE	: 	0.000 	0.000 	0.000 	0.000 	0.000 	0.000 	0.000 	0.000 	0.000 	0.000 	0.000 	0.000 	0.000 	0.000 	0.000 	0.000 	0.000 	0.000 	0.000 	0.000 	0.000 	0.000 	0.000 	0.000 	0.000 	0.000 	0.000 	0.000 	0.000 	0.000 	0.000 	0.000 	0.000 	0.000 	0.000 	0.000 	0.000 	0.000 	0.000 	0.000 	0.000 	0.000 	0.000 	0.000 	0.000 	0.000 	0.000 	0.000 	0.000 	0.000 	0.000 	: 	: 	: 	: 	: 	: 	: 	: 	: 	: 	: 	: 	: 	: 	: 	: 	: 	: 	: 	: 	: 	: 	: 	: 
N9000,GWH,HR	: 	0.000 	0.000 	0.000 	0.000 	0.000 	0.000 	0.000 	0.000 	0.000 	0.000 	0.000 	0.000 	0.000 	0.000 	0.000 	0.000 	0.000 	0.000 	0.000 	0.000 	0.000 	0.000 	0.000 	0.000 	0.000 	0.000 	0.000 	0.000 	0.000 	0.000 	0.000 	0.000 	0.000 	0.000 	0.000 	0.000 	0.000 	0.000 	0.000 	0.000 	0.000 	0.000 	0.000 	0.000 	0.000 	0.000 	0.000 	0.000 	0.000 	0.000 	0.000 	0.000 	0.000 	0.000 	0.000 	0.000 	0.000 	0.000 	0.000 	0.000 	0.000 	0.000 	0.000 	0.000 	0.000 	0.000 	0.000 	0.000 	0.000 	0.000 	0.000 	0.000 	0.000 	0.000 	0.000 
N9000,GWH,HU	: 	: 	958.182 	1448.339 	1159.882 	1044.549 	1240.309 	1204.164 	1196.535 	1297.504 	1346.650 	1098.615 	1382.892 	1415.245 	1290.345 	1442.948 	1309.836 	1164.675 	1435.018 	1332.361 	990.869 	1338.231 	1114.153 	1286.204 	1382.796 	1362.109 	1019.960 	1445.458 	1438.704 	1385.203 	1421.158 	1170.319 	1272.494 	1391.212 	1201.985 	1249.802 	1338.146 	1084.021 	1012.920 	1445.771 	1356.074 	1096.232 	1289.799 	1351.792 	1208.603 	1386.006 	1036.696 	1048.333 	1377.765 	1171.973 	1214.918 	1316.471 	1424.142 	1043.671 	1408.330 	1118.566 	1024.851 	1307.188 	1336.804 	1400.512 	1379.014 	1396.975 	966.618 	1407.587 	1118.000 	1033.000 	1256.000 	1334.000 	1086.000 	1362.000 	1134.000 	1289.000 	1368.000 	1428.000 	1338.000 	1411.000 
N9000,GWH,IE	: 	0.000 	0.000 	0.000 	0.000 	0.000 	0.000 	0.000 	0.000 	0.000 	0.000 	0.000 	0.000 	0.000 	0.000 	0.000 	0.000 	0.000 	0.000 	0.000 	0.000 	0.000 	0.000 	0.000 	0.000 	0.000 	0.000 	0.000 	0.000 	0.000 	0.000 	0.000 	0.000 	0.000 	0.000 	0.000 	0.000 	0.000 	0.000 	0.000 	0.000 	0.000 	0.000 	0.000 	0.000 	0.000 	0.000 	0.000 	0.000 	0.000 	0.000 	0.000 	0.000 	0.000 	0.000 	0.000 	0.000 	0.000 	0.000 	0.000 	0.000 	0.000 	0.000 	0.000 	0.000 	0.000 	0.000 	0.000 	0.000 	0.000 	0.000 	0.000 	0.000 	0.000 	0.000 	0.000 
N9000,GWH,IS	: 	0.000 	0.000 	0.000 	0.000 	0.000 	0.000 	0.000 	0.000 	0.000 	0.000 	0.000 	0.000 	0.000 	0.000 	0.000 	0.000 	0.000 	0.000 	0.000 	0.000 	0.000 	0.000 	0.000 	0.000 	0.000 	0.000 	0.000 	0.000 	0.000 	0.000 	0.000 	0.000 	0.000 	0.000 	0.000 	0.000 	0.000 	0.000 	0.000 	0.000 	0.000 	0.000 	0.000 	0.000 	0.000 	0.000 	0.000 	0.000 	0.000 	0.000 	0.000 	0.000 	0.000 	0.000 	0.000 	0.000 	0.000 	0.000 	0.000 	0.000 	0.000 	0.000 	0.000 	: 	: 	: 	: 	: 	: 	: 	: 	: 	: 	: 	: 
N9000,GWH,IT	: 	: 	0.000 	0.000 	0.000 	0.000 	0.000 	0.000 	0.000 	0.000 	0.000 	0.000 	0.000 	0.000 	0.000 	0.000 	0.000 	0.000 	0.000 	0.000 	0.000 	0.000 	0.000 	0.000 	0.000 	0.000 	0.000 	0.000 	0.000 	0.000 	0.000 	0.000 	0.000 	0.000 	0.000 	0.000 	0.000 	0.000 	0.000 	0.000 	0.000 	0.000 	0.000 	0.000 	0.000 	0.000 	0.000 	0.000 	0.000 	0.000 	0.000 	0.000 	0.000 	0.000 	0.000 	0.000 	0.000 	0.000 	0.000 	0.000 	0.000 	0.000 	0.000 	0.000 	0.000 	0.000 	0.000 	0.000 	0.000 	0.000 	0.000 	0.000 	0.000 	0.000 	0.000 	0.000 
N9000,GWH,LT	: 	: 	0.000 	0.000 	0.000 	0.000 	0.000 	0.000 	0.000 	0.000 	0.000 	0.000 	0.000 	0.000 	0.000 	0.000 	0.000 	0.000 	0.000 	0.000 	0.000 	0.000 	0.000 	0.000 	0.000 	0.000 	0.000 	0.000 	0.000 	0.000 	0.000 	0.000 	0.000 	0.000 	0.000 	0.000 	0.000 	0.000 	0.000 	0.000 	0.000 	0.000 	0.000 	0.000 	0.000 	0.000 	0.000 	0.000 	0.000 	0.000 	0.000 	0.000 	0.000 	0.000 	0.000 	0.000 	0.000 	0.000 	0.000 	0.000 	0.000 	0.000 	0.000 	0.000 	0.000 	0.000 	0.000 	0.000 	0.000 	0.000 	0.000 	0.000 	0.000 	0.000 	0.000 	0.000 
N9000,GWH,LU	: 	: 	0.000 	0.000 	0.000 	0.000 	0.000 	0.000 	0.000 	0.000 	0.000 	0.000 	0.000 	0.000 	0.000 	0.000 	0.000 	0.000 	0.000 	0.000 	0.000 	0.000 	0.000 	0.000 	0.000 	0.000 	0.000 	0.000 	0.000 	0.000 	0.000 	0.000 	0.000 	0.000 	0.000 	0.000 	0.000 	0.000 	0.000 	0.000 	0.000 	0.000 	0.000 	0.000 	0.000 	0.000 	0.000 	0.000 	0.000 	0.000 	0.000 	0.000 	0.000 	0.000 	0.000 	0.000 	0.000 	0.000 	0.000 	0.000 	0.000 	0.000 	0.000 	0.000 	0.000 	0.000 	0.000 	0.000 	0.000 	0.000 	0.000 	0.000 	0.000 	0.000 	0.000 	0.000 
N9000,GWH,LV	: 	0.000 	0.000 	0.000 	0.000 	0.000 	0.000 	0.000 	0.000 	0.000 	0.000 	0.000 	0.000 	0.000 	0.000 	0.000 	0.000 	0.000 	0.000 	0.000 	0.000 	0.000 	0.000 	0.000 	0.000 	0.000 	0.000 	0.000 	0.000 	0.000 	0.000 	0.000 	0.000 	0.000 	0.000 	0.000 	0.000 	0.000 	0.000 	0.000 	0.000 	0.000 	0.000 	0.000 	0.000 	0.000 	0.000 	0.000 	0.000 	0.000 	0.000 	0.000 	0.000 	0.000 	0.000 	0.000 	0.000 	0.000 	0.000 	0.000 	0.000 	0.000 	0.000 	0.000 	0.000 	0.000 	0.000 	0.000 	0.000 	0.000 	0.000 	0.000 	0.000 	0.000 	0.000 	0.000 
N9000,GWH,MD	: 	: 	0.000 	0.000 	0.000 	0.000 	0.000 	0.000 	0.000 	0.000 	0.000 	0.000 	0.000 	0.000 	0.000 	0.000 	0.000 	0.000 	0.000 	0.000 	0.000 	0.000 	0.000 	0.000 	0.000 	0.000 	0.000 	0.000 	: 	: 	: 	: 	: 	: 	: 	: 	: 	: 	: 	: 	: 	: 	: 	: 	: 	: 	: 	: 	: 	: 	: 	: 	: 	: 	: 	: 	: 	: 	: 	: 	: 	: 	: 	: 	: 	: 	: 	: 	: 	: 	: 	: 	: 	: 	: 	: 
N9000,GWH,ME	: 	: 	: 	: 	: 	: 	: 	: 	: 	: 	: 	: 	: 	: 	: 	: 	: 	: 	: 	: 	: 	: 	: 	: 	: 	: 	: 	: 	: 	: 	: 	: 	: 	: 	: 	: 	0.000 	0.000 	0.000 	0.000 	0.000 	0.000 	0.000 	0.000 	0.000 	0.000 	0.000 	0.000 	0.000 	0.000 	0.000 	0.000 	0.000 	0.000 	0.000 	0.000 	0.000 	0.000 	0.000 	0.000 	0.000 	0.000 	0.000 	0.000 	0.000 	0.000 	0.000 	0.000 	0.000 	0.000 	0.000 	0.000 p	0.000 	0.000 	0.000 	0.000 
N9000,GWH,MK	: 	: 	0.000 	0.000 	0.000 	0.000 	0.000 	0.000 	0.000 	0.000 	0.000 	0.000 	0.000 	0.000 	0.000 	0.000 	0.000 	0.000 	0.000 	0.000 	0.000 	0.000 	0.000 	0.000 	0.000 	0.000 	0.000 	0.000 	0.000 	0.000 	0.000 	0.000 	0.000 	0.000 	0.000 	0.000 	0.000 	0.000 	0.000 	0.000 	0.000 	0.000 	0.000 	0.000 	0.000 	0.000 	0.000 	0.000 	0.000 	0.000 	0.000 	0.000 	0.000 	0.000 	0.000 	0.000 	0.000 	0.000 	0.000 	0.000 	0.000 	0.000 	0.000 	0.000 	0.000 	0.000 	0.000 	0.000 	0.000 	0.000 	0.000 	0.000 	0.000 	0.000 	0.000 	0.000 
N9000,GWH,MT	: 	0.000 	0.000 	0.000 	0.000 	0.000 	0.000 	0.000 	0.000 	0.000 	0.000 	0.000 	0.000 	0.000 	0.000 	0.000 	0.000 	0.000 	0.000 	0.000 	0.000 	0.000 	0.000 	0.000 	0.000 	0.000 	0.000 	0.000 	0.000 	0.000 	0.000 	0.000 	0.000 	0.000 	0.000 	0.000 	0.000 	0.000 	0.000 	0.000 	0.000 	0.000 	0.000 	0.000 	0.000 	0.000 	0.000 	0.000 	0.000 	0.000 	0.000 	0.000 	0.000 	0.000 	0.000 	0.000 	0.000 	0.000 	0.000 	0.000 	0.000 	0.000 	0.000 	0.000 	0.000 	0.000 	0.000 	0.000 	0.000 	0.000 	0.000 	0.000 	0.000 	0.000 	0.000 	0.000 
N9000,GWH,NL	: 	: 	325.838 	360.879 	358.345 	346.200 	314.272 	339.127 	350.425 	328.660 	0.000 	209.691 	332.665 	359.731 	321.089 	357.827 	357.369 	301.352 	354.238 	337.204 	346.303 	303.985 	156.318 	311.150 	347.050 	359.589 	329.871 	360.683 	360.242 	347.521 	354.233 e	336.721 	317.578 	308.644 	31.514 	329.488 	347.101 	359.383 	247.090 	360.784 	360.000 	347.000 	334.000 	175.371 	40.000 e	348.000 e	222.000 e	94.000 e	342.000 e	362.000 e	327.000 e	362.000 e	362.000 e	348.000 	334.000 e	342.000 e	336.000 e	174.000 e	0.000 e	0.000 e	277.000 d	358.000 e	328.000 	363.000 e	362.000 	349.000 	343.000 	338.000 	350.000 	343.000 	343.000 	135.000 	340.000 	363.000 	340.000 	364.000 
N9000,GWH,NO	0.000 	0.000 	0.000 	0.000 	0.000 	0.000 	0.000 	0.000 	0.000 	0.000 	0.000 	0.000 	0.000 	0.000 	0.000 	0.000 	0.000 	0.000 	0.000 	0.000 	0.000 	0.000 	0.000 	0.000 	0.000 	0.000 	0.000 	0.000 	0.000 	0.000 	0.000 	0.000 	0.000 	0.000 	0.000 	0.000 	0.000 	0.000 	0.000 	0.000 	0.000 	0.000 	0.000 	0.000 	0.000 	0.000 	0.000 	0.000 	0.000 	0.000 	0.000 	0.000 	0.000 	0.000 	0.000 	0.000 	0.000 	0.000 	0.000 	0.000 	0.000 	0.000 	0.000 	0.000 	0.000 	0.000 	0.000 	0.000 	0.000 	0.000 	0.000 	0.000 	0.000 	0.000 	0.000 	0.000 
N9000,GWH,PL	: 	: 	0.000 	0.000 	0.000 	0.000 	0.000 	0.000 	0.000 	0.000 	0.000 	0.000 	0.000 	0.000 	0.000 	0.000 	0.000 	0.000 	0.000 	0.000 	0.000 	0.000 	0.000 	0.000 	0.000 	0.000 	0.000 	0.000 	0.000 	0.000 	0.000 	0.000 	0.000 	0.000 	0.000 	0.000 	0.000 	0.000 	0.000 	0.000 	0.000 	0.000 	0.000 	0.000 	0.000 	0.000 	0.000 	0.000 	0.000 	0.000 	0.000 	0.000 	0.000 	0.000 	0.000 	0.000 	0.000 	0.000 	0.000 	0.000 	0.000 	0.000 	0.000 	0.000 	0.000 	0.000 	0.000 	0.000 	0.000 	0.000 	0.000 	0.000 	0.000 	0.000 	0.000 	0.000 
N9000,GWH,PT	: 	: 	0.000 	0.000 	0.000 	0.000 	0.000 	0.000 	0.000 	0.000 	0.000 	0.000 	0.000 	0.000 	0.000 	0.000 	0.000 	0.000 	0.000 	0.000 	0.000 	0.000 	0.000 	0.000 	0.000 	0.000 	0.000 	0.000 	0.000 	0.000 	0.000 	0.000 	0.000 	0.000 	0.000 	0.000 	0.000 	0.000 	0.000 	0.000 	0.000 	0.000 	0.000 	0.000 	0.000 	0.000 	0.000 	0.000 	0.000 	0.000 	0.000 	0.000 	0.000 	0.000 	0.000 	0.000 	0.000 	0.000 	0.000 	0.000 	0.000 	0.000 	0.000 	0.000 	0.000 	0.000 	0.000 	0.000 	0.000 	0.000 	0.000 	0.000 	0.000 	0.000 	0.000 	0.000 
N9000,GWH,RO	: 	958.000 	868.000 	963.000 	952.000 	932.000 	921.000 	907.000 	926.000 	849.000 	695.000 	607.000 	929.000 	953.000 	859.000 	847.000 	969.000 	938.000 	967.000 	912.000 	812.000 	461.000 	754.000 	962.000 	935.000 	970.000 	908.000 	969.000 	971.000 	917.000 	935.000 	785.000 	910.000 	910.000 	777.000 	487.000 	913.000 	944.000 	853.000 	945.000 	945.000 	914.000 	944.000 	838.000 	913.000 	919.000 	842.000 	491.000 	923.000 	900.000 	862.000 	952.000 	910.000 	929.000 	962.000 	914.000 	893.000 	888.000 	875.000 	487.000 	937.000 	966.000 	863.000 	937.000 	956.000 	864.000 	958.000 	912.000 	937.000 	936.000 	510.000 	563.000 	929.000 	959.000 	890.000 	954.000 
N9000,GWH,RS	: 	0.000 	0.000 	0.000 	0.000 	0.000 	0.000 	0.000 	0.000 	0.000 	0.000 	0.000 	0.000 	0.000 	0.000 	0.000 	0.000 	0.000 	0.000 	0.000 	0.000 	0.000 	0.000 	0.000 	0.000 	0.000 	0.000 	0.000 	0.000 	0.000 	0.000 	0.000 	0.000 	0.000 	0.000 	0.000 	0.000 	0.000 	0.000 	0.000 	0.000 	0.000 	0.000 	0.000 	0.000 	0.000 	0.000 	0.000 	0.000 	0.000 	0.000 	0.000 	0.000 	0.000 	0.000 	0.000 	0.000 	0.000 	0.000 	0.000 	0.000 	0.000 	0.000 	0.000 	0.000 	0.000 	0.000 	0.000 	0.000 	0.000 	0.000 	0.000 	0.000 	0.000 	0.000 	0.000 
N9000,GWH,SE	: 	5108.000 	4336.000 	4947.000 	4995.710 	4930.550 	4355.090 	3710.900 	3206.130 	3454.520 	3024.890 	3764.000 	4917.530 	5026.560 	4625.080 	4981.280 	4527.395 	3589.947 	3911.263 	3148.721 	2563.189 	3656.050 	2890.384 	3397.559 	3952.561 	5181.181 	4684.014 	5760.135 	5754.943 	5584.912 	5457.288 	4350.772 	4930.087 	5036.108 	5771.389 	4929.872 	5210.828 	5759.525 	5497.410 	6050.460 	6221.957 	5510.170 	5863.220 	4088.174 	4618.198 	5403.109 	5343.273 	4843.884 	5558.537 	6364.865 	5781.784 	6203.984 	6378.396 	5748.026 	4174.702 	3124.016 	3656.138 	4291.117 	4455.131 	5674.072 	6149.511 	6554.576 	6116.000 	6690.437 	6259.000 	5291.000 	4973.000 	4801.000 	4557.000 	4482.000 	2869.000 	4245.000 	5490.000 	6022.000 	5517.000 	6036.000 
N9000,GWH,SI	: 	: 	464.308 	511.132 	515.427 	497.720 	507.912 	486.414 	501.676 	501.751 	491.433 	417.151 	0.348 	514.646 	467.199 	516.967 	488.023 	500.699 	517.285 	494.236 	506.027 	508.584 	496.253 	513.795 	496.735 	517.587 	483.359 	518.261 	514.396 	494.299 	21.458 	488.098 	502.455 	503.686 	493.765 	515.904 	500.027 	516.859 	467.434 	514.602 	517.606 	499.793 	511.252 	494.918 	498.216 	497.765 	494.888 	473.142 	0.376 	516.728 	467.488 	517.734 	516.231 	500.040 	516.536 	493.551 	494.787 	501.005 	487.255 	513.033 	472.754 	516.508 	441.967 	514.159 	517.000 	383.000 	0.000 	486.000 	506.000 	505.000 	496.000 	516.000 	501.000 	518.000 	485.000 	517.000 
N9000,GWH,SK	: 	1330.000 	1200.000 	1375.000 	1373.000 	1318.000 	1210.000 	1162.000 	1337.000 	1233.000 	1059.000 	1109.000 	1028.000 	1181.000 	1226.000 	1362.000 	1360.000 	1307.000 	1129.000 	1019.000 	1208.000 	1164.000 	1009.000 	1126.000 	1111.000 	1255.000 	1255.000 	1346.000 	1342.000 	1293.000 	1289.000 	1153.000 	1289.000 	1087.000 	938.000 	1204.000 	1046.000 	1231.000 	1195.000 	1339.000 	1326.000 	1252.000 	977.000 	966.000 	1260.000 	1135.000 	944.000 	1002.000 	1109.000 	1322.000 	1193.000 	1321.000 	1313.000 	1283.000 	1090.000 	1236.000 	1238.000 	1280.000 	963.000 	973.000 	962.000 	1243.000 	1198.000 	1319.000 	1329.000 	1281.000 	1090.000 	1236.000 	1288.000 	1281.000 	740.000 	769.000 	963.000 	1261.000 	1214.000 	1323.000 
N9000,GWH,TR	: 	: 	0.000 	0.000 	0.000 	0.000 	0.000 	0.000 	0.000 	0.000 	0.000 	0.000 	0.000 	0.000 	0.000 	0.000 	0.000 	0.000 	0.000 	0.000 	0.000 	0.000 	0.000 	0.000 	0.000 	0.000 	0.000 	0.000 	0.000 	0.000 	0.000 	0.000 	0.000 	0.000 	0.000 	0.000 	0.000 	0.000 	0.000 	0.000 	0.000 	0.000 	0.000 	0.000 	0.000 	0.000 	0.000 	0.000 	0.000 	0.000 	0.000 	0.000 	0.000 	0.000 	0.000 	0.000 	0.000 	0.000 	0.000 	0.000 	0.000 	0.000 	0.000 	0.000 	0.000 	0.000 	0.000 	0.000 	0.000 	0.000 	0.000 	0.000 	0.000 	0.000 	0.000 	0.000 
N9000,GWH,UA	: 	: 	: 	9001.900 	9176.900 	7846.000 	7237.700 	6670.700 	6839.800 	6429.100 	6205.100 	6794.100 	7203.500 	7904.100 	6748.400 	7151.000 	6954.200 	6220.300 	6256.600 	5635.800 	5942.100 	5804.500 	5034.900 	5466.700 	6322.500 	7559.200 	7199.800 	7806.400 	8319.900 	7596.800 	6523.500 	6020.300 	5822.300 	6066.600 	5737.800 	6630.500 	6720.600 	7616.100 	7857.700 	8090.600 	8061.000 	7954.200 	7499.700 	6766.400 	7489.800 	6593.400 	6597.400 	5893.500 	5559.700 	7490.600 	7254.100 	7238.100 	7705.100 	7095.100 	6610.400 	: 	: 	: 	: 	: 	: 	: 	: 	: 	: 	: 	: 	: 	: 	: 	: 	: 	: 	: 	: 	: 
N9000,GWH,UK	: 	: 	: 	: 	: 	: 	: 	: 	: 	: 	: 	: 	: 	: 	: 	: 	: 	: 	4418.859 	3242.318 	2976.960 	3709.315 	3161.991 	3967.124 	3653.253 	3257.167 	3817.752 	4829.337 	4724.096 	4658.090 	4804.236 	4498.382 	4139.790 	3708.124 	3048.893 	4396.399 	4423.333 	4070.716 	4138.371 	4421.661 	4762.849 	4284.260 	4161.848 	5065.141 	5431.692 	5169.181 	5161.311 	4964.193 	4979.119 	5171.739 	4908.772 	5037.648 	4861.706 	4853.208 	5442.724 	5433.007 	5732.695 	5340.002 	5757.301 	5545.828 	4894.133 	5395.481 	5278.298 	5037.648 	5827.000 	5760.000 	5555.000 	5612.000 	5712.000 	5804.000 	5243.000 	5050.000 	4837.000 	5121.000 	5090.000 	5537.000 
O4000XBIO,GWH,AL	: 	0.000 	0.000 	0.000 	0.000 	0.000 	0.000 	0.000 	0.000 	0.000 	0.000 	0.000 	0.000 	0.000 	0.000 	0.000 	0.000 	0.000 	0.000 	0.000 	0.000 	0.000 	0.000 	0.000 	0.000 	0.000 	0.000 	0.000 	0.000 	0.000 	0.000 	0.000 	0.000 	0.000 	0.000 	0.000 	0.000 	0.000 	0.000 	0.000 	0.000 	0.000 	0.000 	0.000 	0.000 	0.000 	0.000 	0.000 	0.000 	0.000 	0.000 	0.000 	: 	: 	: 	: 	: 	: 	: 	: 	: 	: 	: 	: 	: 	: 	: 	: 	: 	: 	: 	: 	: 	: 	: 	: 
O4000XBIO,GWH,AT	: 	57.989 	49.953 	55.110 	61.855 	61.706 	48.451 	50.197 	49.686 	48.528 	38.170 	49.824 	31.087 	47.679 	41.548 	45.876 	48.197 	46.134 	52.621 	48.580 	51.075 	54.329 	43.026 	35.750 	30.278 	51.918 	50.925 	49.929 	42.403 	44.888 	51.026 	31.706 	52.527 	50.561 	45.440 	52.316 	52.987 	39.914 	49.674 	56.607 	60.506 	52.431 	31.150 	26.526 	54.481 	57.115 	45.368 	55.006 	49.856 	41.608 	57.705 	58.399 	52.869 	43.817 	55.163 	54.901 	58.870 	52.742 	43.399 	26.084 	31.127 	44.949 	101.345 	159.696 	: 	: 	: 	: 	: 	: 	: 	: 	: 	: 	: 	: 
O4000XBIO,GWH,BA	: 	: 	0.000 	0.000 	0.000 	0.000 	0.000 	0.000 	0.000 	0.000 	0.000 	0.000 	0.000 	0.000 	0.000 	0.000 	0.000 	0.000 	0.000 	0.000 	0.000 	0.000 	0.000 	0.000 	0.000 	0.000 	0.000 	0.000 	0.000 	0.000 	0.000 	0.000 	0.000 	0.000 	0.000 	0.000 	0.000 	0.000 	0.000 	0.000 	: 	: 	: 	: 	: 	: 	: 	0.000 	0.000 	0.000 	0.000 	0.000 	: 	: 	: 	: 	0.000 	0.000 	0.000 	0.000 	0.000 	0.000 	0.000 	0.000 	: 	: 	: 	: 	: 	: 	: 	: 	: 	: 	: 	: 
O4000XBIO,GWH,BE	: 	: 	0.716 	2.687 	0.986 	1.134 	0.721 	0.989 	0.719 	0.705 	1.195 	0.834 	1.227 	0.889 	0.929 	1.275 	2.184 	0.916 	1.337 	1.262 	0.823 	0.784 	0.815 	0.814 	0.692 	0.475 	0.766 	0.782 	1.079 	0.898 	0.617 	0.627 	0.841 	0.626 	0.523 	0.404 	0.601 	0.576 	1.013 	2.100 	15.668 	3.452 	1.549 	1.120 	0.922 	0.967 	2.882 	6.131 	6.402 	3.825 	5.301 	8.475 	10.752 	4.502 	4.114 	2.301 	2.453 	2.082 	2.457 	3.024 	3.228 	5.960 	7.252 	9.668 	: 	: 	: 	: 	: 	: 	: 	: 	: 	: 	: 	: 
O4000XBIO,GWH,BG	: 	: 	27.703 	34.596 	39.082 	17.612 	18.482 	23.832 	16.575 	14.762 	23.376 	22.229 	16.610 	24.724 	17.338 	14.318 	9.096 	14.767 	20.198 	22.217 	22.735 	22.327 	9.139 	10.979 	19.261 	22.620 	21.102 	19.076 	20.421 	17.906 	21.782 	22.503 	25.069 	29.326 	23.374 	20.564 	27.491 	11.601 	13.670 	16.979 	15.804 	13.633 	18.471 	19.180 	22.786 	18.744 	15.342 	16.927 	12.038 	12.104 	10.052 	17.877 	18.830 	12.385 	19.554 	20.288 	25.260 	24.343 	21.302 	20.503 	16.365 	12.034 	13.078 	20.793 	: 	: 	: 	: 	: 	: 	: 	: 	: 	: 	: 	: 
O4000XBIO,GWH,CY	: 	: 	329.323 	409.281 	349.568 	280.936 	312.536 	381.808 	522.930 	512.663 	336.223 	277.056 	238.890 	279.371 	285.877 	339.028 	342.300 	302.295 	335.787 	442.001 	451.452 	453.917 	294.929 	259.210 	205.292 	278.603 	347.506 	380.762 	335.155 	288.496 	340.366 	417.142 	497.307 	488.977 	402.711 	317.924 	276.769 	312.247 	320.291 	394.092 	341.417 	301.184 	348.045 	417.596 	476.920 	491.796 	388.002 	352.563 	280.453 	286.038 	301.271 	358.755 	339.985 	293.581 	325.696 	414.527 	476.959 	522.324 	363.165 	304.552 	265.986 	302.476 	331.729 	391.698 	: 	: 	: 	: 	: 	: 	: 	: 	: 	: 	: 	: 
O4000XBIO,GWH,CZ	: 	: 	7.184 	8.721 	7.972 	7.898 	8.655 	7.282 	8.364 	8.835 	8.182 	6.032 	5.409 	6.551 	5.970 	7.829 	3.806 	6.550 	7.819 	7.093 	9.200 	8.128 	5.966 	3.567 	3.275 	7.308 	8.862 	8.175 	10.036 	7.690 	11.115 	9.004 	7.803 	10.085 	11.436 	7.966 	11.573 	9.416 	7.593 	7.826 	9.602 	11.153 	10.000 	10.522 	11.427 	9.817 	10.183 	4.598 	3.633 	6.798 	6.740 	7.362 	8.807 	6.409 	10.280 	9.321 	9.559 	7.231 	6.449 	10.132 	9.931 	14.874 	11.623 	9.781 	: 	: 	: 	: 	: 	: 	: 	: 	: 	: 	: 	: 
O4000XBIO,GWH,DE	: 	: 	382.875 e	369.036 e	403.705 e	415.309 e	347.725 e	311.171 e	307.469 e	316.690 e	311.762 e	322.463 e	345.759 e	328.280 e	345.574 e	331.523 e	327.694 e	356.030 e	331.099 e	326.248 e	318.973 e	308.712 e	319.348 e	256.901 e	279.276 e	350.705 e	343.083 e	385.389 e	369.762 e	381.076 e	440.391 e	355.634 e	383.058 e	350.645 e	346.842 e	364.892 e	359.865 e	375.381 e	346.905 e	456.149 e	407.788 e	386.633 e	414.695 e	388.710 e	387.790 e	386.294 e	375.757 e	387.302 e	389.831 e	419.766 e	400.521 e	418.298 e	457.609 e	452.941 e	416.081 e	455.957 e	433.469 e	408.704 e	409.660 e	407.901 e	401.992 e	448.796 e	397.850 e	521.530 e	: 	: 	: 	: 	: 	: 	: 	: 	: 	: 	: 	: 
O4000XBIO,GWH,DK	: 	10.605 	18.704 	27.619 	32.461 	29.830 	22.302 	10.390 	14.007 	8.217 	13.223 	14.904 	14.157 	17.786 	19.426 	23.453 	27.820 	24.746 	24.189 	15.728 	15.461 	13.147 	18.607 	11.443 	13.761 	13.057 	15.858 	23.499 	26.627 	26.534 	24.853 	7.093 	15.554 	15.181 	12.714 	16.449 	16.795 	18.806 	18.035 	26.490 	30.089 	27.724 	20.174 	12.824 	13.582 	14.784 	14.230 	14.694 	17.085 	21.718 	21.326 	24.753 	32.197 	27.314 	16.964 	6.924 	14.595 	13.737 	15.464 	21.878 	16.456 	16.090 	19.673 	23.984 	: 	: 	: 	: 	: 	: 	: 	: 	: 	: 	: 	: 
O4000XBIO,GWH,EA19	: 	: 	2381.025 	2786.768 	2362.700 	2590.354 	2684.259 	2725.774 	2931.465 	2855.440 	2461.623 	2306.000 	2319.886 	2385.050 	2344.310 	2590.913 	2569.241 	2432.894 	2546.282 	2727.567 	2775.968 	2650.706 	2276.587 	2090.870 	2057.449 	2494.519 	2598.877 	2882.225 	2760.142 	2600.157 	2902.476 	2885.450 	3108.646 	3046.218 	2754.035 	2622.655 	2491.054 	2555.734 	2528.567 	2972.256 	2685.418 	2632.811 	2769.583 	2850.622 	3098.179 	3053.733 	2890.418 	2710.239 	2464.551 	2620.108 	2633.955 	2727.364 	2490.801 	2359.328 	2496.763 	2668.093 	2886.687 	2868.652 	2557.672 	: 	2183.193 	2396.244 	2347.176 	3372.564 	: 	: 	: 	: 	: 	: 	: 	: 	: 	: 	: 	: 
O4000XBIO,GWH,EE	: 	: 	0.000 	0.000 	0.000 	0.000 	0.000 	0.000 	0.000 	0.000 	0.000 	0.000 	0.000 	0.000 	0.000 	0.000 	0.000 	0.000 	0.000 	0.000 	0.000 	0.000 	0.000 	0.000 	0.000 	0.000 	0.000 	0.000 	0.000 	0.000 	0.000 	0.000 	0.000 	0.000 	0.000 	0.000 	0.000 	0.000 	0.000 	0.000 	0.000 	0.000 	0.000 	0.000 	0.000 	0.000 	0.000 	0.000 	0.000 	0.000 	0.000 	0.000 	0.000 	0.000 	0.000 	0.000 	0.000 	0.000 	0.000 	0.000 	0.000 	0.000 	0.000 	0.000 	: 	: 	: 	: 	: 	: 	: 	: 	: 	: 	: 	: 
O4000XBIO,GWH,EL	: 	148.577 	131.170 	156.780 	138.658 	116.900 	292.541 	334.740 	513.545 	465.000 	373.507 	280.625 	249.994 	295.940 	289.040 	326.454 	317.322 	268.320 	346.019 	383.108 	435.293 	367.507 	263.153 	243.613 	239.808 	289.350 	317.250 	360.940 	329.168 	278.253 	379.138 	425.443 	538.970 	521.846 	438.886 	372.850 	308.160 	298.330 	322.310 	380.820 	343.270 	273.730 	361.280 	430.520 	533.640 	553.281 	451.100 	381.930 	297.210 	284.560 	315.980 	359.600 	343.380 	310.400 	356.670 	482.960 	561.630 	564.260 	467.570 	376.120 	330.800 	318.040 	326.320 	410.130 	: 	: 	: 	: 	: 	: 	: 	: 	: 	: 	: 	: 
O4000XBIO,GWH,ES	: 	: 	818.335 	929.674 	576.114 	879.896 	895.011 	936.312 	900.810 	855.310 	768.991 	722.238 	813.060 	811.404 	737.173 	869.959 	883.062 	877.851 	847.300 	884.652 	861.311 	833.250 	756.946 	751.264 	717.837 	850.049 	881.685 	1002.630 	966.361 	922.983 	1014.864 	997.611 	1011.560 	996.400 	979.073 	944.856 	945.996 	956.233 	926.271 	1038.121 	1015.877 	1041.489 	1134.250 	1111.794 	1145.891 	1090.527 	1034.312 	1028.279 	993.202 	1017.740 	974.375 	1056.730 	1074.269 	1069.998 	1123.734 	1068.414 	1167.357 	1129.691 	1065.480 	1061.693 	1002.662 	1029.072 	969.098 	1058.343 	: 	: 	: 	: 	: 	: 	: 	: 	: 	: 	: 	: 
O4000XBIO,GWH,EU27_2020	: 	: 	2456.822 	2889.619 	2510.442 	2690.365 	2764.128 	2900.500 	2986.351 	2907.592 	2523.622 	2364.076 	2373.038 	2449.349 	2411.210 	2687.737 	2626.373 	2492.068 	2620.477 	2786.723 	2837.602 	2710.286 	2333.430 	2134.541 	2112.446 	2553.897 	2656.098 	2944.838 	2841.988 	2682.486 	2988.140 	2962.132 	3184.815 	3127.578 	2825.372 	2689.312 	2566.440 	2638.016 	2600.587 	3098.891 	2778.976 	2725.419 	2858.365 	2934.034 	3190.267 	3136.653 	2967.891 	2787.191 	2536.550 	2727.857 	2731.327 	2830.040 	2640.038 	2475.763 	2586.194 	2742.428 	2974.297 	2977.684 	2623.186 	: 	2247.379 	2468.740 	2435.965 	3524.205 	: 	: 	: 	: 	: 	: 	: 	: 	: 	: 	: 	: 
O4000XBIO,GWH,FI	14.000 	16.000 	16.000 	21.000 	27.000 	18.000 	20.000 	29.000 	21.000 	16.188 e	16.000 	18.000 	17.000 	23.000 	26.000 	27.000 	24.000 	21.000 	17.000 	12.000 	15.000 	13.000 	9.000 	12.000 	13.000 	17.000 	15.000 	17.000 	19.000 	20.000 	20.000 	15.000 	17.000 	16.000 	14.000 	15.000 	17.000 	21.000 	21.000 	26.000 	20.000 	20.000 	19.000 	18.000 	18.000 	14.000 	10.000 	10.000 	16.000 	20.000 	18.000 	17.000 	16.000 	15.000 	18.000 	13.000 	9.000 	10.000 	10.000 	13.000 	14.000 	18.000 	18.000 	19.000 	: 	: 	: 	: 	: 	: 	: 	: 	: 	: 	: 	: 
O4000XBIO,GWH,FR	: 	434.099 e	382.235 e	435.219 e	378.492 e	449.959 e	366.510 e	335.370 e	328.437 e	332.630 e	355.635 e	362.171 e	365.581 e	352.567 e	387.461 e	366.567 e	377.737 e	328.929 e	336.019 e	356.410 e	329.925 e	371.985 e	351.098 e	330.942 e	328.403 e	356.442 e	353.450 e	346.695 e	379.328 e	362.588 e	322.629 e	322.821 e	320.271 e	325.303 e	321.859 e	322.098 e	324.553 e	332.088 e	334.328 e	347.959 e	307.465 e	317.128 e	292.819 e	290.607 e	287.645 e	299.221 e	295.340 e	294.485 e	294.196 e	387.357 e	401.082 e	285.068 e	35.278 	26.020 	16.798 	6.239 	-2.538 	1.354 	36.474 	6.537 	1.163 	91.760 	69.419 	580.951 	: 	: 	: 	: 	: 	: 	: 	: 	: 	: 	: 	: 
O4000XBIO,GWH,GE	: 	0.000 	0.000 	0.000 	0.000 	0.000 	0.000 	0.000 	0.000 	0.000 	0.000 	0.000 	0.000 	0.000 	0.000 	0.000 	0.000 	0.000 	0.000 	0.000 	0.000 	0.000 	0.000 	0.000 	0.000 	0.000 	0.000 	0.000 	0.000 	0.000 	0.000 	0.000 	0.000 	0.000 	0.000 	0.000 	0.000 	0.000 	0.000 	0.000 	0.000 	0.000 	0.000 	0.000 	0.000 	0.000 	0.000 	0.000 	0.000 	0.000 	0.000 	0.000 	: 	: 	: 	: 	: 	: 	: 	: 	: 	: 	: 	: 	: 	: 	: 	: 	: 	: 	: 	: 	: 	: 	: 	: 
O4000XBIO,GWH,HR	: 	0.000 	1.549 	3.853 	0.000 	0.000 	1.122 	1.285 	1.285 	0.000 	0.000 	2.149 	2.074 	0.000 	0.000 	0.000 	0.000 	0.000 	2.081 	2.081 	1.937 	2.098 	0.971 	1.721 	2.610 	2.610 	1.300 	0.000 	9.005 	11.107 	11.282 	9.720 	11.080 	11.076 	10.342 	8.105 	2.088 	0.000 	0.000 	0.000 	7.727 	9.507 	10.223 	10.120 	10.942 	10.672 	10.393 	11.120 	11.425 	4.690 	1.081 	11.184 	43.750 	32.659 	10.256 	8.701 	9.019 	9.451 	7.020 	8.938 	8.660 	13.232 	23.864 	31.199 	: 	: 	: 	: 	: 	: 	: 	: 	: 	: 	: 	: 
O4000XBIO,GWH,HU	: 	: 	1.657 	1.062 	5.967 	3.981 	8.188 	3.897 	3.795 	6.108 	3.698 	1.852 	3.032 	3.328 	1.826 	2.934 	3.591 	2.530 	2.738 	1.897 	1.532 	4.359 	3.456 	2.852 	3.104 	2.585 	1.591 	2.371 	3.095 	2.213 	3.665 	2.530 	4.120 	5.282 	5.349 	2.882 	3.781 	3.153 	3.550 	3.340 	4.499 	3.981 	2.989 	4.180 	4.742 	3.513 	3.747 	5.980 	5.026 	5.866 	7.967 	6.620 	2.801 	5.958 	4.876 	5.409 	3.602 	4.111 	6.218 	3.414 	2.317 	2.904 	5.112 	29.026 	: 	: 	: 	: 	: 	: 	: 	: 	: 	: 	: 	: 
O4000XBIO,GWH,IE	: 	183.542 	7.281 	130.002 	110.131 	76.823 	105.863 	57.350 	13.547 	60.426 	46.610 	54.271 	32.370 	29.959 	11.874 	42.746 	17.640 	14.536 	18.795 	33.680 	48.887 	20.547 	25.390 	11.190 	6.893 	10.080 	4.885 	11.736 	7.123 	12.801 	16.564 	7.424 	5.947 	8.759 	7.902 	17.252 	15.718 	7.405 	4.576 	19.932 	9.706 	9.962 	6.979 	3.335 	2.873 	1.072 	0.256 	0.068 	0.103 	17.406 	1.803 	0.254 	1.004 	2.359 	1.778 	3.572 	2.590 	1.703 	1.124 	0.802 	0.829 	1.339 	3.398 	1.709 	: 	: 	: 	: 	: 	: 	: 	: 	: 	: 	: 	: 
O4000XBIO,GWH,IS	: 	0.337 	0.774 	0.260 	0.129 	0.116 	0.378 	0.392 	0.365 	0.170 	0.168 	0.106 	0.108 	0.212 	0.119 	0.200 	0.176 	0.134 	0.305 	0.266 	0.147 	0.119 	0.150 	0.129 	0.114 	0.163 	0.621 	0.742 	1.287 	0.107 	0.211 	0.124 	0.131 	0.128 	0.117 	0.123 	0.081 	0.122 	0.101 	0.129 	0.113 	0.059 	0.065 	0.125 	0.321 	0.124 	0.111 	0.109 	0.032 	0.263 	0.225 	0.024 	0.049 	0.096 	0.331 	0.219 	0.222 	0.165 	0.105 	0.219 	0.224 	0.159 	0.187 	0.109 	: 	: 	: 	: 	: 	: 	: 	: 	: 	: 	: 	: 
O4000XBIO,GWH,IT	: 	: 	: 	: 	0.000 	: 	: 	: 	: 	: 	: 	: 	: 	: 	: 	: 	: 	: 	: 	: 	: 	: 	: 	: 	: 	: 	: 	: 	: 	: 	: 	: 	0.000 	0.000 	0.000 	0.000 	0.000 	0.000 	: 	: 	: 	: 	: 	: 	: 	: 	: 	: 	: 	: 	: 	: 	: 	: 	: 	: 	: 	: 	: 	: 	: 	: 	: 	: 	: 	: 	: 	: 	: 	: 	: 	: 	: 	: 	: 	: 
O4000XBIO,GWH,LT	: 	: 	6.157 e	24.834 e	16.203 e	6.334 e	6.847 e	7.432 e	8.338 e	4.884 e	2.696 e	1.681 e	0.626 e	1.671 e	3.621 e	3.708 e	8.019 e	6.583 e	3.627 e	5.131 e	5.322 e	4.078 e	5.931 e	8.257 e	6.445 e	5.431 e	6.633 e	8.787 e	7.255 e	4.292 e	6.500 e	5.300 e	5.700 e	3.200 e	4.388 e	2.208 e	3.474 e	2.020 e	2.607 e	4.301 e	4.419 e	4.615 e	3.122 e	4.597 e	7.426 e	7.481 e	6.008 e	8.175 e	4.789 e	3.693 e	4.271 e	5.540 e	7.315 e	6.319 e	6.510 e	12.232 e	5.797 e	6.063 e	6.988 e	6.349 e	4.290 e	6.363 e	3.185 e	5.247 e	: 	: 	: 	: 	: 	: 	: 	: 	: 	: 	: 	: 
O4000XBIO,GWH,LU	: 	: 	0.000 	0.000 	0.000 	0.000 	0.000 	0.000 	0.000 	0.000 	0.000 	0.000 	0.000 	0.000 	0.000 	0.000 	0.000 	0.000 	0.000 	0.000 	0.000 	0.000 	0.000 	0.000 	0.000 	0.000 	0.000 	0.000 	0.000 n	0.000 n	0.000 n	0.000 n	0.000 n	0.000 n	0.000 n	0.000 n	0.000 n	0.000 n	0.000 n	0.000 n	0.000 n	0.000 n	0.000 n	0.000 n	0.000 n	0.000 n	0.000 n	0.000 n	0.000 n	0.000 n	0.000 n	0.000 n	0.000 n	0.000 	0.000 n	0.000 n	0.000 n	0.000 n	0.000 n	0.000 n	0.000 n	0.000 n	0.000 n	0.000 n	: 	: 	: 	: 	: 	: 	: 	: 	: 	: 	: 	: 
O4000XBIO,GWH,LV	: 	0.000 	0.000 	0.000 	0.000 	0.000 	0.000 	0.000 	0.000 	0.000 	0.000 	0.000 	0.000 	0.000 	0.000 	0.000 	0.000 	0.000 	0.000 	0.000 	0.000 	0.000 	0.000 	0.000 	0.000 	0.000 	0.000 	0.000 	0.000 	0.000 	0.000 	0.000 	0.000 	0.000 	0.000 	0.000 	0.000 	0.000 	0.000 	0.000 	0.000 	0.000 	0.000 	0.000 	0.000 	0.000 	0.000 	0.000 	0.000 	0.000 	0.000 	0.000 	0.000 	0.000 	0.000 	0.000 	0.000 	0.000 	0.000 	0.000 	0.000 	0.000 	0.000 	0.000 	: 	: 	: 	: 	: 	: 	: 	: 	: 	: 	: 	: 
O4000XBIO,GWH,MD	: 	: 	0.000 	0.000 	0.000 	0.000 	0.000 	0.000 	0.000 	0.000 	0.000 	0.000 	0.000 	0.000 	0.000 	0.000 	0.000 	0.000 	0.000 	0.000 	0.000 	0.000 	0.000 	0.000 	0.000 	0.000 	0.000 	0.000 	: 	: 	: 	: 	: 	: 	: 	: 	: 	: 	: 	: 	: 	: 	: 	: 	: 	: 	: 	: 	: 	: 	: 	: 	: 	: 	: 	: 	: 	: 	: 	: 	: 	: 	: 	: 	: 	: 	: 	: 	: 	: 	: 	: 	: 	: 	: 	: 
O4000XBIO,GWH,ME	: 	: 	: 	: 	: 	: 	: 	: 	: 	: 	: 	: 	: 	: 	: 	: 	: 	: 	: 	: 	: 	: 	: 	: 	: 	: 	: 	: 	: 	: 	: 	: 	: 	: 	: 	: 	0.000 	0.000 	0.000 	0.000 	0.000 	0.000 	0.000 	0.000 	0.000 	0.000 	0.000 	0.000 	0.000 	0.000 	0.000 	0.000 	0.000 	0.000 	0.000 	0.000 	0.000 	0.000 	0.000 	0.000 	0.000 	0.000 	0.000 	0.000 	: 	: 	: 	: 	: 	: 	: 	: 	: 	: 	: 	: 
O4000XBIO,GWH,MK	: 	: 	40.875 	57.279 	0.000 	0.000 	0.000 	0.000 	0.000 	0.000 	0.000 	0.000 	0.000 	0.000 	0.000 	0.000 	0.000 	0.000 	0.000 	0.000 	0.000 	0.000 	0.000 	0.000 	0.000 	0.000 	0.000 	0.000 	0.000 	0.000 	0.000 	0.000 	0.000 	0.000 	0.000 	0.000 	0.000 	0.000 	0.000 	0.000 	0.000 	0.000 	0.000 	0.000 	0.000 	0.000 	0.000 	0.000 	0.000 	0.000 	0.000 	0.000 	0.000 	0.000 	0.000 	0.000 	0.000 	0.000 	0.000 	0.000 	0.000 	0.000 	0.000 	0.000 	: 	: 	: 	: 	: 	: 	: 	: 	: 	: 	: 	: 
O4000XBIO,GWH,MT	: 	11.617 	4.845 	8.486 	13.934 	10.902 	9.567 	6.323 	0.254 	0.064 	1.498 	0.061 	0.083 	0.088 	0.308 	0.047 	0.000 	2.894 	0.000 	1.011 	0.000 	0.000 	0.000 	0.235 	0.102 	5.143 	11.221 	33.323 	15.866 	3.648 	0.439 	0.617 	0.079 	0.000 	0.133 	0.000 	1.053 	0.482 	1.038 	0.000 	: c	: c	: c	: c	: c	: c	: c	: c	: c	: c	: c	: c	: c	: c	: c	: c	: c	: c	: c	: c	: c	: c	: c	71.512 	: 	: 	: 	: 	: 	: 	: 	: 	: 	: 	: 	: 
O4000XBIO,GWH,NL	: 	: 	126.719 	90.447 	96.398 	116.023 	122.858 	127.057 	111.236 	95.683 	80.072 	99.390 	129.203 	96.787 	99.434 	107.316 	105.798 	86.113 	108.175 	93.560 	111.860 	104.611 	94.740 	76.881 	104.187 	138.449 	144.291 	146.113 	135.625 	129.187 	151.546 e	142.350 	121.077 	142.837 	79.170 	102.557 	81.647 	90.936 	90.134 	118.155 	22.000 	104.000 	26.000 	1.000 	30.000 e	11.000 e	152.000 e	59.000 e	33.000 e	27.000 e	29.000 e	: u	14.000 e	0.000 e	26.000 e	8.000 e	11.000 e	9.000 e	17.000 e	: 	6.000 e	6.000 e	7.000 e	11.000 e	: 	: 	: 	: 	: 	: 	: 	: 	: 	: 	: 	: 
O4000XBIO,GWH,NO	0.000 	0.000 	0.000 	0.000 	0.000 	0.000 	0.000 	0.000 	0.000 	0.000 	0.000 	0.000 	0.000 	0.000 	0.000 	0.000 	0.000 	0.000 	0.000 	0.000 	0.000 	0.000 	0.000 	0.000 	0.000 	0.000 	0.000 	0.000 	0.000 	0.000 	0.000 	0.000 	0.000 	0.000 	0.000 	0.000 	0.000 	0.000 	0.000 	0.000 	0.000 	0.000 	0.000 	0.000 	0.000 	0.000 	0.000 	0.000 	0.000 	0.000 	0.000 	0.000 	0.000 	0.000 	0.000 	0.000 	0.000 	0.000 	0.000 	0.000 	0.000 	0.000 	0.000 	0.000 	: 	: 	: 	: 	: 	: 	: 	: 	: 	: 	: 	: 
O4000XBIO,GWH,PL	: 	: 	: c	: c	: c	: c	: c	: c	: c	: c	: c	: c	: c	: c	: c	: c	: c	: c	: c	: c	: c	: c	: c	: c	: c	: c	: c	: c	: c	0.000 	: c	: c	: c	: c	: c	: c	: c	: c	: c	: c	: c	0.000 	: c	: c	: c	: c	: c	: c	: c	: c	: c	: c	: c	: c	0.000 	: c	: c	: c	: c	: c	: c	: c	: c	: c	: 	: 	: 	: 	: 	: 	: 	: 	: 	: 	: 	: 
O4000XBIO,GWH,PT	: 	: 	92.506 	95.263 	120.319 	117.402 	117.763 	123.722 	127.236 	112.798 	97.142 	90.936 	69.465 	87.503 	85.293 	95.396 	83.109 	92.127 	120.404 	111.063 	111.796 	91.807 	79.162 	77.736 	96.184 	103.857 	92.148 	106.753 	121.000 	110.877 	109.166 	124.718 	114.751 	107.057 	95.023 	90.959 	77.000 	82.000 	78.000 	93.000 	104.000 	91.000 	105.000 	120.000 	117.000 	104.000 	95.000 	84.000 	71.000 	78.000 	86.000 	101.000 	106.000 	105.000 	115.000 	114.157 	125.647 	119.285 	108.571 	97.462 	96.695 	93.328 	82.634 	96.574 	: 	: 	: 	: 	: 	: 	: 	: 	: 	: 	: 	: 
O4000XBIO,GWH,RO	: 	3.000 	3.000 	3.000 	3.000 	0.000 	5.000 	3.000 	3.000 	3.000 	3.000 	3.000 	5.000 	4.000 	3.000 	4.000 	5.000 	4.000 	4.000 	3.000 	3.000 	3.000 	5.000 	5.000 	4.000 	5.000 	4.000 	3.000 	4.000 	4.000 	4.000 	3.000 	3.000 	3.000 	3.000 	3.000 	7.000 	5.000 	11.000 	18.000 	14.000 	16.000 	17.000 	17.000 	17.000 	13.000 	11.000 	13.000 	12.000 	19.000 	13.000 	18.000 	17.000 	19.000 	17.000 	14.000 	15.000 	17.000 	0.000 	2.000 	2.000 	2.000 	1.000 	12.000 	: 	: 	: 	: 	: 	: 	: 	: 	: 	: 	: 	: 
O4000XBIO,GWH,RS	: 	1.739 e	1.377 e	1.517 e	1.524 e	1.529 e	1.641 e	1.413 e	1.448 e	1.440 e	1.145 e	1.065 e	1.377 e	1.884 e	1.702 e	1.870 e	4.937 e	4.553 e	4.246 e	3.859 e	3.920 e	3.526 e	3.169 e	3.335 e	3.720 e	4.645 e	4.653 e	5.070 e	4.172 e	3.705 e	3.653 e	3.146 e	3.419 e	3.192 e	2.838 e	2.836 e	3.417 e	4.594 e	3.737 e	4.110 e	4.395 e	4.308 e	4.327 e	3.473 e	3.152 e	3.180 e	3.378 e	2.981 e	3.071 e	3.923 e	3.820 e	4.697 e	2.187 e	1.764 e	2.248 e	2.135 e	2.138 e	2.119 e	1.788 e	1.762 e	1.724 e	1.657 e	2.164 e	2.659 e	: 	: 	: 	: 	: 	: 	: 	: 	: 	: 	: 	: 
O4000XBIO,GWH,SE	: 	32.000 	16.000 	24.000 	59.260 	40.690 	16.120 	125.040 	7.860 	11.230 	10.520 	7.910 	6.870 	7.910 	19.340 	44.290 	7.819 	6.581 	13.170 	7.140 	7.769 	6.521 	13.704 	8.109 	8.986 	6.198 	4.508 	6.492 	8.662 	12.879 	8.967 	22.832 	9.543 	7.410 	5.122 	7.691 	6.658 	34.306 	18.172 	54.000 	11.837 	10.610 	9.925 	9.586 	11.609 	12.390 	12.578 	10.633 	10.792 	37.573 	37.206 	16.880 	25.852 	12.710 	10.501 	9.692 	10.575 	33.159 	9.061 	7.376 	8.457 	11.362 	14.439 	24.858 	: 	: 	: 	: 	: 	: 	: 	: 	: 	: 	: 	: 
O4000XBIO,GWH,SI	: 	: 	1.910 	11.949 	26.337 	11.030 	11.866 	0.303 	0.258 	0.871 	0.122 	0.450 	0.541 	0.912 	0.178 	0.018 	0.179 	0.166 	0.099 	0.861 	0.251 	0.179 	0.049 	0.077 	0.052 	0.017 	0.034 	0.386 	0.017 	0.170 	0.230 	0.057 	0.558 	0.007 	0.085 	0.339 	0.231 	0.122 	0.420 	1.020 	0.302 	1.187 	0.694 	0.817 	0.591 	0.979 	0.393 	1.300 	0.509 	1.115 	2.646 	1.245 	0.340 	0.391 	0.219 	0.833 	0.453 	0.444 	0.784 	0.883 	0.421 	1.161 	0.946 	1.506 	: 	: 	: 	: 	: 	: 	: 	: 	: 	: 	: 	: 
O4000XBIO,GWH,SK	: 	33.000 	31.000 	47.000 	43.000 	28.000 	26.000 	24.000 	26.000 	33.000 	32.000 	26.000 	25.000 	29.000 	30.000 	34.000 	32.000 	29.000 	28.000 	28.000 	34.000 	26.000 	33.000 	26.000 	29.000 	37.000 	30.000 	31.000 	31.000 	40.000 	49.000 	39.000 	39.000 	34.000 	18.000 	19.000 	26.000 	37.000 	30.000 	34.000 	33.000 	26.000 	25.000 	36.000 	35.000 	36.000 	34.000 	42.000 	28.000 	32.000 	36.000 	32.000 	32.000 	29.000 	31.000 	31.000 	34.000 	41.000 	25.000 	26.000 	24.000 	29.000 	29.000 	34.000 	: 	: 	: 	: 	: 	: 	: 	: 	: 	: 	: 	: 
O4000XBIO,GWH,TR	: 	: 	642.567 	650.322 	636.203 	543.059 	180.963 	40.500 	40.537 	42.909 	40.496 	37.319 	42.443 	46.636 	43.151 	45.574 	60.549 	53.510 	58.657 	45.182 	105.766 	49.856 	44.352 	45.733 	52.744 	45.548 	43.879 	49.375 	45.428 	43.370 	41.874 	37.910 	41.985 	41.563 	38.998 	86.859 	68.739 	75.069 	75.323 	81.412 	86.853 	92.536 	84.084 	79.001 	71.284 	81.759 	79.703 	82.603 	61.060 	56.704 	56.720 	73.386 	75.079 	87.483 	80.739 	67.548 	69.902 	74.021 	73.855 	73.169 e	67.128 e	78.431 e	354.935 e	780.220 e	: 	: 	: 	: 	: 	: 	: 	: 	: 	: 	: 	: 
O4000XBIO,GWH,UA	: 	: 	: 	0.000 	0.000 	0.000 	0.000 	0.000 	0.000 	0.000 	0.000 	0.000 	0.000 	0.000 	0.000 	0.000 	0.000 	0.000 	0.000 	0.000 	0.000 	0.000 	0.000 	0.000 	0.000 	0.000 	0.000 	0.000 	0.000 	0.000 	0.000 	0.000 	0.000 	0.000 	0.000 	0.000 	0.000 	0.000 	0.000 	0.000 	0.000 	0.000 	0.000 	0.000 	0.000 	0.000 	0.000 	0.000 	0.000 	0.000 	0.000 	0.000 	0.000 	0.000 	0.000 	: 	: 	: 	: 	: 	: 	: 	: 	: 	: 	: 	: 	: 	: 	: 	: 	: 	: 	: 	: 	: 
O4000XBIO,GWH,UK	: 	: 	: 	: 	: 	: 	: 	: 	: 	: 	: 	: 	: 	: 	: 	: 	: 	: 	64.688 	62.160 	74.096 	58.894 	31.779 	30.002 	48.016 	55.163 	56.835 	61.864 	80.922 	76.975 	55.686 	70.917 	58.355 	69.679 	67.277 	75.695 	55.309 	60.354 	81.576 	127.560 	87.147 	97.107 	87.973 	68.024 	60.952 	57.923 	53.338 	58.387 	65.291 	115.132 	99.197 	102.432 	182.330 	173.342 	170.626 	185.070 	193.585 	194.302 	81.256 	80.046 	75.362 	233.740 	210.268 	575.703 	: 	: 	: 	: 	: 	: 	: 	: 	: 	: 	: 	: 
RA100,GWH,AL	: 	647.926 	572.656 	796.475 	936.577 	343.208 	310.024 	284.315 	448.660 	634.829 	680.452 	979.898 	999.815 	1013.403 	1184.705 	1154.850 	390.936 	359.153 	552.209 	334.111 	457.472 	486.633 	412.474 	368.580 	402.676 	544.474 	467.126 	535.959 	773.454 	433.041 	263.104 	258.513 	477.790 	457.805 	443.934 	520.692 	320.069 	342.720 	525.664 	419.847 	473.668 	263.479 	271.923 	489.469 	581.776 	569.644 	533.948 	1007.731 	1174.183 	1291.465 	1054.965 	884.286 	: 	: 	: 	: 	: 	: 	: 	: 	: 	: 	: 	: 	: 	: 	: 	: 	: 	: 	: 	: 	: 	: 	: 	: 
RA100,GWH,AT	: 	2585.301 	2300.406 	2822.300 	2526.046 	2504.996 	2473.872 	3118.155 	4650.436 	4275.054 	4555.252 	4085.786 	2545.011 	2483.061 	2795.160 	2474.653 	2590.365 	3070.446 	3608.060 	3877.899 	4031.532 	4358.982 	4224.384 	3627.649 	2974.071 	3065.789 	2731.786 	2574.128 	2624.248 	2985.450 	2628.923 	2971.900 	3579.939 	3855.324 	4738.599 	4108.149 	3749.613 	3504.866 	2482.810 	3047.295 	2662.116 	2516.831 	2356.859 	2654.213 	2632.686 	3200.412 	3889.653 	4446.346 	3733.446 	2694.896 	2898.883 	3530.954 	2904.830 	3128.298 	3099.813 	4048.532 	4133.683 	3608.547 	3355.360 	3786.178 	2829.574 	2922.331 	1970.036 	2271.744 	2493.000 	2596.000 	2743.000 	3124.000 	4093.000 	4481.000 	4517.000 	3754.000 	3040.000 	2477.000 	2747.000 	2092.000 
RA100,GWH,BA	: 	: 	435.773 	592.345 	804.405 	535.463 	322.639 	299.699 	358.089 	255.448 	290.561 	430.558 	509.922 	726.491 	943.818 	871.765 	569.137 	461.910 	424.165 	301.383 	248.449 	282.904 	252.951 	159.113 	219.295 	552.619 	405.312 	578.555 	799.346 	608.076 	400.544 	329.318 	378.731 	361.122 	572.767 	605.162 	511.855 	476.133 	496.973 	404.508 	: 	: 	: 	: 	: 	: 	: 	478.801 	800.982 	1124.695 	551.490 	520.586 	: 	: 	: 	: 	261.333 	274.660 	222.594 	254.704 	315.536 	407.662 	287.871 	331.313 	: 	: 	: 	: 	: 	: 	: 	: 	: 	: 	: 	: 
RA100,GWH,BE	: 	: 	150.065 	149.796 	145.025 	120.156 	138.429 	110.183 	124.712 	72.358 	23.468 	26.449 	74.301 	140.596 	117.604 	132.813 	127.171 	94.611 	100.803 	96.278 	76.801 	87.546 	81.696 	86.382 	109.246 	119.996 	122.345 	132.254 	130.549 	105.412 	93.914 	56.681 	52.681 	55.242 	87.448 	84.578 	92.484 	109.481 	98.590 	128.834 	115.424 	90.543 	93.371 	70.005 	45.056 	64.749 	82.824 	108.300 	135.611 	151.550 	124.270 	157.545 	160.608 	130.152 	119.674 	97.360 	73.830 	75.898 	86.769 	97.023 	87.937 	139.283 	129.962 	134.865 	113.000 	123.000 	121.000 	77.000 	63.000 	100.000 	139.000 	118.000 	123.000 	137.000 	142.000 	154.000 
RA100,GWH,BG	: 	: 	280.854 	422.157 	461.316 	236.688 	265.637 	197.894 	244.447 	333.183 	521.914 	610.364 	609.889 	518.521 	534.611 	559.945 	289.958 	239.489 	203.192 	197.526 	240.679 	302.918 	382.408 	424.220 	451.699 	335.050 	158.618 	148.865 	259.073 	209.061 	181.817 	165.861 	252.310 	276.247 	460.469 	374.126 	282.423 	296.738 	328.994 	268.191 	400.644 	328.723 	265.206 	325.639 	429.650 	497.287 	328.586 	465.229 	542.055 	548.704 	323.405 	237.415 	270.290 	224.742 	182.566 	132.574 	230.097 	281.730 	389.093 	292.484 	266.401 	254.752 	201.920 	307.223 	286.000 	199.000 	302.000 	195.000 	251.000 	366.000 	437.000 	423.000 	369.000 	389.000 	341.000 	366.000 
RA100,GWH,CY	: 	: 	0.000 	0.000 	0.000 	0.000 	0.000 	0.000 	0.000 	0.000 	0.000 	0.000 	0.000 	0.000 	0.000 	0.000 	0.000 	0.000 	0.000 	0.000 	0.000 	0.000 	0.000 	0.000 	0.000 	0.000 	0.000 	0.000 	0.000 	0.000 	0.000 	0.000 	0.000 	0.000 	0.000 	0.000 	0.000 	0.000 	0.000 	0.000 	0.000 	0.000 	0.000 	0.000 	0.000 	0.000 	0.000 	0.000 	0.000 	0.000 	0.000 	0.000 	0.000 	0.000 	0.000 	0.000 	0.000 	0.000 	0.000 	0.000 	0.000 	0.000 	0.000 	0.000 	0.000 	0.000 	0.000 	0.000 	0.000 	0.000 	0.000 	0.000 	0.000 	0.000 	0.000 	0.000 
RA100,GWH,CZ	: 	: 	268.850 	311.221 	274.794 	259.581 	294.364 	263.410 	294.687 	319.884 	219.848 	336.212 	284.643 	335.797 	396.403 	305.152 	289.362 	343.846 	330.811 	259.663 	281.746 	310.742 	269.232 	225.627 	272.986 	304.817 	282.381 	229.951 	257.169 	201.930 	268.675 	198.543 	190.551 	180.693 	195.078 	268.097 	317.460 	439.661 	293.220 	331.456 	230.279 	189.836 	172.858 	124.865 	129.785 	138.222 	170.069 	213.240 	295.441 	293.119 	307.022 	385.417 	320.604 	291.888 	210.316 	203.846 	189.888 	155.937 	189.162 	336.001 	311.197 	339.698 	229.054 	228.849 	253.000 	264.000 	253.000 	210.000 	253.000 	286.000 	252.000 	231.000 	272.000 	329.000 	316.000 	250.000 
RA100,GWH,DE	: 	: 	1797.732 e	1844.526 e	1803.217 e	1488.575 e	1488.613 e	1757.862 e	2139.715 e	2051.989 e	2075.922 e	2012.198 e	1432.969 e	1827.304 e	1783.455 e	1623.310 e	1630.132 e	1667.748 e	2141.908 e	1703.647 e	1696.615 e	1968.046 e	1890.425 e	1894.430 e	1765.563 e	2147.660 e	2046.901 e	1660.882 e	1832.009 e	1673.012 e	1846.497 e	1654.250 e	1940.242 e	1805.206 e	2105.353 e	2015.995 e	1974.883 e	2284.022 e	1687.538 e	1956.213 e	1776.856 e	1200.373 e	1382.177 e	1466.160 e	1345.549 e	1443.562 e	1667.807 e	1977.972 e	2038.187 e	1828.445 e	1764.528 e	2150.262 e	2133.812 e	1997.455 e	1901.150 e	1972.527 e	1991.601 e	1847.281 e	1841.999 e	2089.601 e	1743.736 e	2100.292 e	1590.849 e	1465.329 e	1492.000 	1661.000 	1401.000 	1579.000 	1971.000 	2138.000 	2242.000 	2153.000 	2012.000 	1858.000 	2018.000 	1814.000 
RA100,GWH,DK	: 	1.956 	2.140 	1.899 	1.831 	1.398 	1.502 	1.006 	0.983 	0.744 	1.040 	1.476 	1.277 	1.695 	1.503 	1.912 	1.279 	1.249 	1.080 	1.044 	0.800 	0.864 	0.884 	1.107 	1.342 	2.642 	2.701 	2.133 	2.273 	2.054 	1.833 	1.123 	0.802 	0.565 	0.736 	0.943 	1.270 	2.216 	1.692 	1.507 	1.466 	0.986 	0.890 	1.027 	0.768 	0.585 	0.571 	1.112 	1.474 	1.848 	1.921 	2.281 	1.833 	1.874 	1.939 	1.530 	1.131 	0.842 	0.947 	1.121 	1.545 	1.706 	0.798 	0.949 	2.000 	2.000 	1.000 	1.000 	1.000 	1.000 	1.000 	1.000 	2.000 	2.000 	2.000 	2.000 
RA100,GWH,EA19	: 	: 	14949.078 	19591.226 	19983.148 	16113.868 	14698.390 	15827.423 	21431.287 	23047.251 	24750.625 	24270.510 	18586.903 	22716.037 	26562.477 	25122.016 	21910.401 	19821.822 	21718.798 	18161.218 	18994.169 	21190.620 	24084.292 	24814.902 	20892.608 	23922.201 	21744.580 	23220.428 	27484.671 	22628.250 	15145.350 	14851.248 	17751.580 	19943.087 	23724.105 	22487.368 	19301.865 	19281.630 	17937.189 	18618.539 	19466.558 	17833.282 	13923.074 	15380.205 	17010.550 	21014.378 	26474.259 	29141.344 	28969.605 	26265.017 	21079.565 	22836.195 	18466.116 	15939.851 	14340.300 	17512.319 	17764.002 	18140.615 	20073.839 	21373.086 	16904.369 	21328.953 	16195.834 	18188.506 	: 	: 	: 	: 	: 	: 	: 	: 	: 	: 	: 	: 
RA100,GWH,EE	: 	: 	4.600 	2.600 	2.100 	1.600 	0.500 	0.400 	0.500 	0.300 	1.100 	2.500 	3.600 	3.500 	2.100 	2.700 	5.100 	3.300 	2.500 	0.900 	0.800 	1.600 	2.900 	2.500 	3.700 	4.400 	5.300 	4.000 	2.600 	2.400 	1.800 	0.500 	0.300 	0.500 	0.700 	1.600 	2.600 	2.800 	1.600 	0.900 	3.300 	0.900 	0.500 	0.300 	0.300 	0.300 	0.500 	2.200 	3.300 	1.800 	2.000 	2.800 	3.600 	3.300 	3.300 	1.900 	1.400 	0.800 	1.100 	2.300 	3.600 	3.500 	2.000 	3.000 	4.000 	3.000 	2.000 	3.000 	3.000 	2.000 	2.000 	3.000 	4.000 	4.000 	4.000 	2.000 
RA100,GWH,EL	: 	411.000 	271.436 	756.905 	901.422 	267.613 	290.830 	258.810 	485.568 	530.328 	406.814 	384.917 	293.227 	355.447 	953.618 	832.846 	260.201 	227.103 	216.074 	299.599 	355.108 	410.611 	385.307 	294.863 	288.005 	244.841 	175.887 	282.705 	372.210 	241.577 	217.436 	289.788 	435.661 	408.342 	386.077 	308.735 	260.800 	269.078 	383.497 	478.340 	333.688 	296.650 	274.844 	377.641 	504.065 	503.633 	430.500 	413.788 	721.536 	1191.957 	452.974 	301.141 	380.624 	265.788 	215.698 	232.136 	388.425 	436.291 	322.764 	264.847 	209.165 	339.512 	284.190 	703.835 	528.000 	446.000 	371.000 	317.000 	449.000 	538.000 	517.000 	418.000 	501.000 	613.000 	390.000 	475.000 
RA100,GWH,ES	: 	: 	1454.170 	2286.540 	2789.474 	1396.138 	1253.802 	1511.435 	2040.503 	2324.427 	2286.912 	2397.158 	2897.228 	4045.717 	4917.982 	4376.827 	3500.205 	2617.573 	2120.577 	1863.579 	2041.008 	2005.163 	2413.874 	3102.411 	3175.978 	3415.243 	3064.546 	3958.965 	4945.852 	2830.893 	1236.322 	1330.232 	1326.959 	1607.984 	1681.911 	2061.877 	2054.320 	2321.943 	2671.719 	2292.735 	2620.438 	2304.285 	1676.010 	1966.218 	2165.678 	3061.798 	3764.693 	3662.805 	5058.259 	4765.308 	2568.157 	2469.987 	1564.387 	1065.145 	962.930 	1307.487 	1179.297 	1239.250 	1669.954 	2084.830 	1999.999 	2939.147 	2221.102 	2334.939 	2096.000 	1751.000 	1794.000 	1762.000 	2147.000 	2362.000 	3107.000 	5401.000 	5656.000 	4714.000 	4492.000 	3895.000 
RA100,GWH,EU27_2020	: 	: 	23122.950 	28675.766 	30188.509 	23785.723 	21938.719 	22649.369 	29049.340 	31132.793 	32894.993 	34468.676 	27744.802 	32321.617 	36560.116 	36461.867 	32145.865 	28690.931 	30265.752 	24832.130 	27221.419 	28807.987 	32470.624 	33149.392 	29485.195 	33639.294 	30389.255 	31432.068 	36354.432 	31368.985 	22501.076 	20879.448 	23477.904 	27258.134 	32414.497 	31756.841 	27364.490 	27768.318 	25967.806 	27340.069 	28024.468 	25630.630 	19900.386 	21383.775 	23459.861 	27584.310 	32994.354 	38519.281 	37917.775 	36952.194 	30652.737 	32646.304 	27670.416 	24324.944 	21859.821 	25341.714 	25071.367 	25287.355 	26599.558 	28871.689 	24268.832 	29655.207 	23902.980 	26471.375 	: 	: 	: 	: 	: 	: 	: 	: 	: 	: 	: 	: 
RA100,GWH,FI	1229.000 	1181.000 	1111.000 	1188.000 	1237.000 	1463.000 	1302.000 	1063.000 	992.000 	938.973 e	1315.000 	1612.000 	1400.112 	1354.207 	1326.408 	1433.328 	1440.000 	1541.000 	1232.875 	952.706 	1046.489 	1132.626 	1131.648 	1564.914 	1322.881 	1555.813 	1408.479 	1289.475 	1231.000 	1058.000 	828.000 	820.000 	669.000 	978.000 	1264.000 	1568.000 	1107.000 	975.000 	820.000 	966.000 	979.674 	974.000 	1001.000 	766.000 	679.000 	771.000 	924.000 	1618.000 	1254.000 	1326.000 	1383.000 	1483.000 	1315.000 	1294.000 	1366.000 	1459.000 	1112.000 	1237.000 	1358.000 	1330.000 	937.000 	1063.000 	1002.000 	1154.000 	1022.000 	941.000 	1127.000 	1360.000 	1390.000 	1220.000 	1290.000 	1623.000 	1425.000 	1413.000 	1402.000 	1401.000 
RA100,GWH,FR	: 	4698.897 e	4460.436 e	5992.320 e	5377.399 	4078.823 	3104.207 e	3490.286 e	4470.908 e	5698.231 e	6290.204 e	6343.224 e	4107.976 e	6019.662 e	6974.434 e	7393.212 e	5804.669 	4595.901 	5241.381 e	3453.656 e	3772.321 e	4698.441 e	6457.758 e	6781.202 e	5194.953 e	7452.653 e	6393.602 e	6422.152 e	7955.814 	6582.819 	3894.226 e	2669.749 e	3839.025 e	4489.157 e	5865.955 e	5655.337 e	4603.341 e	5261.303 e	5149.084 e	5077.729 e	5172.464 e	3988.553 e	2984.220 e	3079.656 e	3962.680 e	5332.640 e	7610.756 e	7723.315 e	7027.764 e	7198.144 e	7250.492 e	7375.868 e	5278.052 	3881.557 	2698.857 	3060.024 	3487.928 	3890.391 	5093.803 	5686.417 	4187.221 	6229.993 	4526.584 	5220.979 	4540.000 	4168.000 	3064.000 	3381.000 	3908.000 	5368.000 	7132.000 	6492.000 	6474.000 	6607.000 	6932.000 	5660.000 
RA100,GWH,GE	: 	562.412 	433.969 	502.335 	677.703 	738.078 	965.832 	940.368 	1013.205 	1217.200 	1301.182 	1198.697 	742.684 	468.322 	349.257 	454.487 	436.682 	511.664 	473.539 	627.456 	843.034 	944.796 	981.267 	952.123 	775.923 	694.669 	437.964 	463.106 	537.203 	495.326 	572.364 	598.814 	863.976 	1031.079 	1172.370 	1136.454 	789.967 	531.974 	503.912 	592.184 	695.038 	554.989 	570.101 	672.774 	818.390 	1240.873 	1187.559 	1066.536 	1006.250 	763.860 	586.040 	666.794 	: 	: 	: 	: 	: 	: 	: 	: 	: 	: 	: 	: 	: 	: 	: 	: 	: 	: 	: 	: 	: 	: 	: 	: 
RA100,GWH,HR	: 	447.906 	464.813 	753.300 	970.404 	563.479 	306.804 	246.407 	365.766 	352.792 	425.817 	676.790 	596.198 	711.446 	932.964 	1024.820 	973.297 	525.161 	713.950 	356.606 	307.576 	322.755 	387.723 	335.815 	334.109 	517.284 	395.970 	565.098 	925.505 	838.354 	245.544 	232.675 	310.636 	354.353 	535.281 	651.535 	412.687 	319.307 	551.051 	469.445 	609.655 	562.890 	357.396 	352.181 	486.699 	497.494 	499.158 	657.506 	946.377 	1098.032 	770.869 	843.080 	826.224 	441.665 	320.353 	496.288 	431.759 	362.407 	279.685 	323.985 	368.642 	562.980 	491.115 	521.540 	577.000 	742.000 	471.000 	352.000 	456.000 	451.000 	568.000 	630.000 	522.000 	837.000 	738.000 	608.000 
RA100,GWH,HU	: 	: 	14.916 	12.982 	18.227 	16.324 	13.541 	18.275 	17.530 	24.872 	24.360 	11.850 	19.272 	16.469 	6.529 	14.795 	20.063 	22.014 	21.702 	14.899 	21.993 	23.901 	16.447 	22.832 	21.702 	14.072 	17.940 	20.041 	24.105 	21.334 	10.389 	9.690 	15.214 	17.815 	18.052 	14.495 	25.171 	18.389 	19.508 	19.020 	16.949 	15.622 	13.625 	13.262 	15.211 	27.048 	25.787 	28.045 	11.146 	14.952 	17.517 	16.698 	10.866 	22.610 	18.328 	18.642 	13.535 	20.308 	23.438 	25.533 	25.348 	11.317 	9.404 	14.554 	24.000 	21.000 	21.000 	14.000 	21.000 	25.000 	27.000 	29.000 	29.000 	17.000 	9.000 	16.000 
RA100,GWH,IE	: 	113.793 	122.104 	118.068 	122.350 	95.422 	93.650 	41.903 	62.588 	33.322 	36.995 	63.108 	68.484 	105.075 	148.124 	154.310 	157.854 	152.548 	106.038 	83.207 	94.290 	68.586 	34.898 	35.756 	59.012 	149.866 	139.704 	129.738 	149.568 	135.385 	142.530 	87.731 	78.357 	35.800 	50.206 	31.487 	76.789 	137.678 	106.423 	88.189 	146.654 	76.408 	47.533 	41.101 	37.899 	14.980 	19.593 	51.687 	89.406 	97.296 	132.422 	167.000 	130.862 	109.270 	96.006 	64.637 	39.981 	24.633 	42.564 	35.325 	55.683 	133.862 	73.517 	79.427 	77.000 	72.000 	65.000 	69.000 	51.000 	51.000 	31.000 	46.000 	87.000 	115.000 	142.000 	158.000 
RA100,GWH,IS	: 	1081.340 	1032.361 	1171.581 	1235.719 	1214.416 	1226.459 	1149.353 	1141.737 	1105.859 	1103.038 	1182.972 	1109.880 	1157.009 	1025.327 	1152.232 	1157.028 	1090.117 	1120.816 	1087.563 	1079.013 	1070.932 	1006.551 	1064.856 	1067.405 	1178.703 	1084.788 	1152.171 	1155.040 	1083.935 	1124.154 	1054.357 	1033.157 	1077.341 	1086.732 	1193.355 	1145.907 	1226.739 	1093.213 	1187.534 	1194.758 	1164.594 	1173.670 	1126.900 	1146.522 	1138.421 	1098.517 	1167.679 	1117.294 	1184.261 	1086.989 	1211.393 	1207.097 	1167.427 	1168.689 	1158.467 	1194.670 	1167.280 	1141.301 	1169.435 	1144.716 	1245.673 	1101.114 	1192.853 	: 	: 	: 	: 	: 	: 	: 	: 	: 	: 	: 	: 
RA100,GWH,IT	: 	: 	1720.000 	2474.000 	3065.000 	2949.000 	3074.000 	3124.000 	4835.000 	5268.000 	5683.000 	4666.000 	3182.000 	3190.000 	3532.000 	3749.000 	3615.000 	3444.000 	4478.000 	4046.000 	4322.000 	4812.000 	5416.000 	5188.000 	3641.000 	2878.000 	2674.000 	3431.000 	4458.000 	4621.000 	2910.000 	3613.000 	4511.000 	5425.000 	5942.000 	4649.000 	3267.000 	2136.000 	2612.000 	2815.000 	3576.000 	4535.000 	2796.000 	3397.000 	4273.000 	4968.000 	6018.000 	6518.000 	4675.000 	3187.000 	2601.000 	2731.000 	2350.000 	2101.000 	2226.000 	3485.000 	3860.000 	4434.000 	4718.000 	3896.000 	2759.000 	2648.000 	2249.000 	2804.000 	2673.000 	3215.000 	2668.000 	3131.000 	4079.000 	5048.000 	5647.000 	4192.000 	3764.000 	3099.000 	2581.000 	2226.000 
RA100,GWH,LT	: 	: 	106.719 	119.873 	115.068 	107.005 	98.105 	73.522 	64.094 	58.048 	62.160 	104.840 	107.136 	102.710 	88.460 	90.313 	90.825 	94.823 	67.915 	86.732 	89.246 	84.159 	87.299 	72.502 	77.596 	112.585 	107.823 	86.377 	70.871 	48.435 	80.400 	97.700 	108.600 	100.800 	78.196 	65.645 	57.640 	68.081 	70.633 	78.111 	60.739 	59.368 	106.924 	91.138 	68.532 	44.760 	54.345 	85.533 	79.469 	86.953 	94.767 	108.149 	105.911 	112.246 	108.295 	97.866 	94.991 	85.968 	100.302 	90.517 	90.819 	104.536 	82.733 	90.932 	101.000 	79.000 	81.000 	80.000 	76.000 	59.000 	86.000 	78.000 	82.000 	105.000 	122.000 	92.000 
RA100,GWH,LU	: 	: 	96.952 e	88.257 e	96.617 e	87.406 e	90.939 e	92.409 e	84.875 e	76.481 e	75.779 e	93.922 e	94.679 e	94.725 e	87.377 e	97.483 e	88.538 e	75.638 e	102.357 	97.949 	82.811 	77.326 	81.149 	91.847 e	100.910 e	98.613 e	97.181 e	93.574 e	106.643 	94.029 	81.191 	54.236 	63.076 	50.120 	66.539 	59.159 	59.306 	110.522 	87.367 	105.439 	116.513 	105.450 	117.046 	94.550 	80.261 	50.357 	109.977 	135.532 	141.718 	139.429 	109.619 	125.877 	143.116 	119.547 	150.200 	120.841 	112.926 	75.420 	80.562 	94.812 	129.283 	130.438 	129.443 	124.334 	128.000 	131.000 	116.000 	111.000 	107.000 	100.000 	110.000 	129.000 	140.000 	138.000 	138.000 	137.000 
RA100,GWH,LV	: 	361.000 	317.000 	234.000 	281.000 	172.000 	95.000 	81.000 	72.000 	75.000 	186.000 	432.000 	511.000 	398.000 	195.000 	193.000 	177.000 	148.000 	116.000 	110.000 	75.000 	115.000 	168.000 	215.000 	215.000 	486.000 	365.000 	396.000 	275.000 	271.000 	154.000 	77.000 	87.000 	65.000 	76.000 	172.000 	296.000 	387.000 	151.000 	85.000 	78.000 	80.000 	57.000 	54.000 	65.000 	76.000 	84.000 	281.000 	616.000 	247.000 	249.000 	531.000 	483.000 	473.000 	374.000 	352.000 	223.000 	168.000 	155.000 	419.000 	535.000 	727.000 	179.000 	265.000 	311.000 	258.000 	96.000 	86.000 	174.000 	109.000 	149.000 	327.000 	383.000 	308.000 	239.000 	76.000 
RA100,GWH,MD	: 	: 	2.545 	2.887 	4.508 	4.941 	2.421 	2.356 	4.939 	9.118 	9.003 	7.483 	7.297 	9.388 	2.959 	3.120 	3.271 	3.584 	3.745 	3.378 	6.732 	11.704 	10.857 	3.480 	0.000 	0.000 	0.000 	0.000 	: 	: 	: 	: 	: 	: 	: 	: 	: 	: 	: 	: 	: 	: 	: 	: 	: 	: 	: 	: 	: 	: 	: 	: 	: 	: 	: 	: 	: 	: 	: 	: 	: 	: 	: 	: 	: 	: 	: 	: 	: 	: 	: 	: 	: 	: 	: 	: 
RA100,GWH,ME	: 	: 	: 	: 	: 	: 	: 	: 	: 	: 	: 	: 	: 	: 	: 	: 	: 	: 	: 	: 	: 	: 	: 	: 	: 	: 	: 	: 	: 	: 	: 	: 	: 	: 	: 	: 	96.000 	102.000 	167.000 	146.000 	177.000 	130.000 	61.000 	58.000 	114.000 	97.000 	81.000 	189.000 	327.000 	360.000 	313.000 	230.000 	277.000 	118.000 	29.000 	5.000 	39.000 	30.000 	48.000 	67.000 	80.000 	142.000 	131.000 	66.000 	133.000 	185.000 	125.000 	79.000 	71.000 	83.000 	129.000 	237.000 p	164.000 	283.000 	172.000 	129.000 
RA100,GWH,MK	: 	: 	59.091 	150.989 	132.268 	69.728 	67.407 	47.363 	128.596 	117.848 	110.640 	124.467 	107.948 	184.423 	180.358 	175.184 	68.265 	31.499 	58.610 	71.568 	181.554 	146.129 	119.574 	124.951 	139.129 	146.479 	67.913 	116.232 	117.363 	86.120 	69.576 	54.697 	92.834 	100.121 	90.225 	118.339 	107.747 	82.742 	100.616 	134.629 	116.254 	114.371 	76.505 	101.708 	112.410 	158.381 	152.589 	204.112 	208.306 	226.125 	191.285 	112.450 	157.246 	112.164 	60.235 	37.335 	77.435 	74.919 	54.820 	72.608 	98.695 	83.312 	96.557 	167.183 	220.000 	176.000 	190.000 	133.000 	104.000 	85.000 	201.000 	198.000 	118.000 	199.000 	102.000 	143.000 
RA100,GWH,MT	: 	0.000 	0.000 	0.000 	0.000 	0.000 	0.000 	0.000 	0.000 	0.000 	0.000 	0.000 	0.000 	0.000 	0.000 	0.000 	0.000 	0.000 	0.000 	0.000 	0.000 	0.000 	0.000 	0.000 	0.000 	0.000 	0.000 	0.000 	0.000 	0.000 	0.000 	0.000 	0.000 	0.000 	0.000 	0.000 	0.000 	0.000 	0.000 	0.000 	0.000 	0.000 	0.000 	0.000 	0.000 	0.000 	0.000 	0.000 	0.000 	0.000 	0.000 	0.000 	0.000 	0.000 	0.000 	0.000 	0.000 	0.000 	0.000 	0.000 	0.000 	0.000 	0.000 	0.000 	0.000 	0.000 	0.000 	0.000 	0.000 	0.000 	0.000 	0.000 	0.000 	0.000 	0.000 	0.000 
RA100,GWH,NL	: 	: 	5.260 	9.313 	5.043 	3.430 	3.300 	3.405 	10.202 	8.008 	8.983 	9.451 	8.157 	11.735 	4.237 	7.390 	7.237 	2.757 	2.648 	0.666 	0.077 	1.152 	2.405 	3.700 	6.620 	5.751 	2.405 	10.648 	8.180 	8.043 	4.763 e	0.506 	1.025 	0.976 	6.403 	8.446 	8.459 	8.892 	8.055 	10.434 	10.000 e	8.000 e	3.000 e	5.000 e	5.000 e	1.000 e	13.000 e	13.000 e	13.000 e	5.000 e	5.000 e	5.000 e	5.000 e	8.000 e	3.000 e	2.000 e	1.000 e	2.000 e	1.000 e	2.000 e	3.000 e	14.000 e	11.000 e	5.000 e	3.000 	5.000 	2.000 	2.000 	11.000 	11.000 	9.000 	13.000 	16.000 	14.000 	5.000 	14.000 
RA100,GWH,NO	10135.299 	13058.649 	11278.232 	13174.582 	14473.974 	13011.619 	10743.049 	10126.077 	9657.224 	10211.550 	10671.064 	11396.090 	11375.454 	12382.901 	13172.279 	16448.461 	14720.107 	11948.576 	12904.382 	10990.895 	10838.408 	10451.615 	9995.953 	11282.714 	11616.737 	13010.771 	11806.300 	12018.606 	11289.732 	12075.503 	10800.207 	10178.611 	9511.439 	9233.708 	8847.063 	9168.275 	9342.332 	10477.292 	10991.055 	13880.701 	12961.540 	12932.368 	12507.962 	10528.726 	10027.285 	8896.670 	9165.049 	9757.635 	10037.426 	13477.906 	14252.555 	14966.904 	14211.921 	13106.785 	11748.097 	10827.917 	10638.498 	10189.374 	10671.504 	10874.086 	11058.537 	12264.195 	12667.724 	14737.330 	13409.000 	12553.000 	11557.000 	10100.000 	9871.000 	9873.000 	10577.000 	10803.000 	11169.000 	10803.000 	13501.000 	15710.000 
RA100,GWH,PL	: 	: 	345.299 	309.981 	222.669 	189.615 	224.311 	268.754 	228.850 	196.427 	190.169 	340.024 	317.460 	329.292 	273.249 	287.507 	266.418 	267.338 	286.992 	175.218 	166.823 	242.717 	281.434 	201.119 	183.531 	290.157 	304.126 	236.432 	219.805 	186.937 	158.382 	140.954 	138.610 	134.909 	242.633 	310.392 	247.979 	335.291 	258.045 	254.346 	189.440 	130.735 	132.080 	110.896 	141.367 	182.351 	135.159 	200.196 	281.151 	254.218 	246.699 	349.044 	373.706 	322.452 	278.949 	224.225 	146.153 	154.275 	162.542 	288.106 	305.689 	337.647 	213.225 	210.071 	881.000 	778.000 	815.000 	666.000 	689.000 	810.000 	783.000 	838.000 	819.000 	931.000 	932.000 	825.000 
RA100,GWH,PT	: 	: 	427.355 	906.735 	943.956 	821.571 	670.477 	526.431 	575.169 	803.254 	756.248 	794.286 	1133.529 	1851.518 	2718.906 	1731.854 	1598.484 	1313.465 	990.326 	663.768 	500.621 	486.512 	709.649 	1088.511 	1361.956 	1366.313 	1681.918 	2136.699 	2462.417 	1003.772 	545.066 	654.139 	490.202 	444.775 	300.859 	621.970 	888.000 	874.000 	921.000 	920.000 	1260.000 	860.000 	549.000 	748.000 	661.000 	894.000 	1018.000 	1098.000 	2307.000 	2571.000 	812.000 	711.000 	629.000 	434.000 	319.000 	360.367 	423.641 	386.865 	461.302 	584.832 	669.360 	1057.681 	1143.734 	987.872 	783.000 	736.000 	762.000 	704.000 	622.000 	689.000 	1034.000 	2307.000 	2530.000 	1988.000 	2396.000 	2215.000 
RA100,GWH,RO	: 	1105.000 	949.000 	1248.000 	1167.000 	896.000 	932.000 	977.000 	1110.000 	1512.000 	2050.000 	2147.000 	1614.000 	1516.000 	1638.000 	1262.000 	1281.000 	1280.000 	1287.000 	1025.000 	1342.000 	1721.000 	1707.000 	1045.000 	1109.000 	1255.000 	1041.000 	1078.000 	1060.000 	948.000 	829.000 	815.000 	991.000 	1400.000 	2349.000 	2282.000 	1396.000 	1309.000 	1122.000 	971.000 	984.000 	1099.000 	1073.000 	1213.000 	1629.000 	2085.000 	1498.000 	1742.000 	1949.000 	1885.000 	1256.000 	1240.000 	1397.000 	1172.000 	1000.000 	910.000 	926.000 	1027.000 	1379.000 	1605.000 	1333.000 	1399.000 	1105.000 	1193.000 	1430.000 	1644.000 	1354.000 	1140.000 	1405.000 	1796.000 	2034.000 	1827.000 	2255.000 	1861.000 	1492.000 	1137.000 
RA100,GWH,RS	: 	892.748 	805.573 	1059.878 	1101.286 	740.942 	576.410 	612.847 	679.225 	808.119 	986.845 	1234.443 	1248.663 	1212.424 	1394.853 	1329.965 	761.535 	831.078 	944.328 	629.260 	820.553 	848.050 	894.729 	693.586 	660.446 	1038.345 	808.317 	761.697 	913.513 	717.151 	512.599 	518.974 	611.704 	695.899 	1043.465 	1158.152 	882.343 	1197.636 	1005.209 	882.251 	752.467 	592.363 	447.856 	576.215 	858.480 	976.512 	838.552 	1161.967 	1419.753 	1416.716 	1205.033 	1207.156 	1203.345 	846.034 	643.859 	599.004 	642.364 	505.057 	715.762 	965.334 	923.146 	1212.958 	930.669 	697.279 	844.000 	1087.000 	716.000 	640.000 	718.000 	867.000 	1019.000 	1189.000 	1168.000 	1286.000 	1088.000 	857.000 
RA100,GWH,SE	: 	5833.000 	5848.000 	6025.000 	7089.120 	5508.770 	5202.170 	4849.200 	5355.790 	5345.640 	4711.220 	6074.450 	5715.160 	6176.360 	6214.380 	7883.720 	7114.087 	6190.012 	5702.227 	4640.956 	5865.633 	4692.470 	5341.204 	6078.770 	6218.218 	6998.071 	6441.939 	5931.120 	6121.831 	6333.065 	5660.086 	4464.354 	3827.201 	4950.465 	4889.143 	5367.885 	5379.635 	5766.086 	5456.107 	6406.565 	6125.477 	5469.556 	3962.257 	3862.700 	3616.831 	3141.945 	3862.765 	6070.609 	4921.526 	6591.304 	6649.739 	6736.174 	6003.777 	5907.862 	5507.070 	5842.290 	5368.802 	5144.241 	4101.852 	4626.373 	4752.641 	5419.154 	5456.630 	5806.683 	4338.000 	4448.000 	4553.000 	4357.000 	3900.000 	3765.000 	4588.000 	5498.000 	5471.000 	6283.000 	6598.000 	7133.000 
RA100,GWH,SI	: 	: 	189.843 	277.993 	298.431 	335.133 	263.666 	229.622 	404.017 	453.478 	592.788 	711.671 	370.494 	350.780 	455.612 	461.977 	506.620 	390.909 	673.336 	480.632 	449.450 	458.870 	505.900 	466.235 	316.117 	343.678 	232.703 	320.831 	538.710 	634.023 	251.282 	221.836 	293.513 	344.861 	564.859 	533.390 	391.630 	260.964 	311.873 	193.320 	255.692 	480.921 	279.590 	339.223 	279.844 	330.187 	492.611 	637.866 	644.909 	421.239 	265.453 	403.612 	474.314 	381.093 	332.377 	536.642 	339.299 	324.271 	344.360 	374.404 	249.992 	293.378 	241.684 	191.250 	272.000 	469.000 	310.000 	271.000 	431.000 	442.000 	561.000 	480.000 	405.000 	412.000 	363.000 	256.000 
RA100,GWH,SK	: 	351.000 	414.000 	320.000 	274.000 	222.000 	257.000 	345.000 	419.000 	380.000 	394.000 	531.000 	357.000 	382.000 	462.000 	367.000 	311.000 	382.000 	518.000 	344.000 	360.000 	424.000 	491.000 	299.000 	280.000 	475.000 	495.000 	291.000 	321.000 	333.000 	229.000 	252.000 	275.000 	276.000 	509.000 	542.000 	412.000 	570.000 	374.000 	375.000 	299.000 	256.000 	198.000 	230.000 	205.000 	257.000 	294.000 	368.000 	431.000 	352.000 	366.000 	582.000 	404.000 	436.000 	364.000 	314.000 	301.000 	304.000 	441.000 	535.000 	414.000 	483.000 	359.000 	352.000 	382.000 	394.000 	344.000 	274.000 	406.000 	404.000 	451.000 	411.000 	375.000 	425.000 	506.000 	293.000 
RA100,GWH,TR	: 	: 	5049.683 	4695.246 	3626.515 	3070.959 	3236.412 	2836.742 	4776.457 	4999.768 	4467.932 	5745.994 	7987.543 	6132.934 	3975.633 	4250.724 	3917.143 	3258.710 	4448.224 	5537.594 	6660.782 	6754.265 	6694.640 	8973.237 	9079.000 	9545.918 	7111.446 	5444.297 	5047.777 	4480.346 	5075.497 	5647.794 	6923.688 	7599.842 	9566.565 	11538.157 	9934.703 	7682.613 	7142.145 	7616.013 	5922.952 	3685.273 	2426.679 	3645.180 	5549.292 	5825.204 	5650.114 	6452.878 	6304.649 	6229.605 	3642.974 	4530.551 	4928.355 	2232.443 	2340.552 	3771.325 	4806.800 	4706.043 	5562.837 	7362.854 e	7124.821 e	5665.827 e	4235.908 e	5576.759 e	5867.000 	3656.000 	3986.000 	4302.000 	5446.000 	6021.000 	6206.000 	6508.000 	6816.000 	6596.000 	4992.000 	5403.000 
RA100,GWH,UA	: 	: 	: 	757.800 	651.300 	807.500 	825.700 	591.200 	543.600 	785.200 	1274.900 	1221.300 	1169.700 	976.600 	762.800 	722.800 	630.000 	699.100 	636.000 	573.200 	662.600 	736.200 	747.900 	566.100 	524.800 	551.000 	519.400 	640.900 	630.300 	581.900 	471.900 	450.000 	484.300 	583.200 	755.200 	863.300 	698.000 	783.500 	742.300 	724.800 	651.300 	724.300 	630.000 	579.900 	793.200 	746.400 	773.700 	1367.900 	1646.200 	1534.600 	1157.900 	1314.800 	1230.900 	974.300 	712.400 	: 	: 	: 	: 	: 	: 	: 	: 	: 	: 	: 	: 	: 	: 	: 	: 	: 	: 	: 	: 	: 
RA100,GWH,UK	: 	: 	: 	: 	: 	: 	: 	: 	: 	: 	: 	: 	: 	: 	: 	: 	: 	: 	741.906 	472.331 	384.485 	540.810 	365.966 	373.188 	465.502 	850.778 	897.760 	874.198 	866.955 	508.515 	791.829 	699.015 	600.063 	427.799 	467.881 	291.956 	443.064 	881.735 	675.542 	734.012 	869.679 	758.768 	841.950 	634.822 	427.944 	314.660 	392.142 	541.685 	663.949 	630.983 	759.445 	842.632 	880.476 	852.351 	888.289 	718.581 	646.597 	537.103 	526.049 	468.444 	563.490 	948.944 	756.565 	801.128 	731.000 	632.000 	644.000 	633.000 	607.000 	564.000 	432.000 	562.000 	659.000 	835.000 	801.000 	1027.000 
RA110,GWH,AL	: 	647.926 	572.656 	796.475 	936.577 	343.208 	310.024 	284.315 	448.660 	634.829 	680.452 	979.898 	999.815 	1013.403 	1184.705 	1154.850 	0.000 	0.000 	0.000 	0.000 	0.000 	0.000 	0.000 	0.000 	0.000 	0.000 	0.000 	0.000 	773.454 	433.041 	263.104 	258.513 	477.790 	457.805 	443.934 	520.692 	320.069 	342.720 	525.664 	419.847 	473.668 	263.479 	271.923 	489.469 	581.776 	569.644 	533.948 	1007.731 	1174.183 	1291.465 	1054.965 	884.286 	: 	: 	: 	: 	: 	: 	: 	: 	: 	: 	: 	: 	: 	: 	: 	: 	: 	: 	: 	: 	: 	: 	: 	: 
RA110,GWH,AT	: 	1524.293 	1565.099 	1745.236 	1584.026 	1364.981 	1535.160 	1974.246 	2895.798 	2753.905 	2956.752 	2952.649 	1814.941 	1677.033 	1891.265 	1451.986 	1596.564 	1936.320 	2541.795 	2444.897 	2553.624 	2748.881 	2715.071 	2487.124 	1956.601 	2061.748 	1958.832 	1458.886 	1710.308 	1913.153 	1641.843 	1812.559 	2114.780 	2295.506 	3081.412 	2911.047 	2557.400 	2509.014 	1643.674 	1908.807 	1736.100 	1437.146 	1380.162 	1706.952 	1584.304 	2044.550 	2578.146 	2932.534 	2724.650 	1687.609 	1629.087 	2378.472 	1927.330 	2045.992 	2089.264 	2664.752 	2606.643 	2369.953 	2233.714 	2706.533 	1956.245 	2100.349 	1356.744 	1130.493 	: 	: 	: 	: 	: 	: 	: 	: 	: 	: 	: 	: 
RA110,GWH,BA	: 	: 	430.359 	584.781 	743.553 	497.920 	299.046 	258.562 	298.384 	248.449 	282.226 	418.989 	475.444 	667.932 	815.328 	788.023 	0.000 	0.000 	0.000 	0.000 	0.000 	0.000 	0.000 	0.000 	0.000 	0.000 	0.000 	0.000 	0.000 	0.000 	0.000 	0.000 	0.000 	0.000 	0.000 	0.000 	0.000 	0.000 	0.000 	0.000 	: 	: 	: 	: 	: 	: 	: 	0.000 	0.000 	0.000 	0.000 	0.000 	: 	: 	: 	: 	0.000 	0.000 	0.000 	0.000 	0.000 	0.000 	0.000 	0.000 	: 	: 	: 	: 	: 	: 	: 	: 	: 	: 	: 	: 
RA110,GWH,BE	: 	: 	41.822 	36.497 	38.518 	26.367 	19.181 	14.706 	24.947 	30.111 	19.230 	21.427 	21.635 	35.263 	33.601 	39.278 	30.657 	14.730 	15.733 	4.383 	1.900 	3.310 	6.324 	12.814 	22.019 	33.887 	34.611 	39.482 	32.697 	31.139 	15.588 	3.085 	3.304 	3.187 	9.878 	19.924 	20.360 	33.226 	32.427 	40.158 	34.886 	4.914 	3.536 	3.315 	3.303 	5.107 	20.487 	18.715 	32.621 	44.776 	43.254 	41.141 	45.230 	28.706 	14.744 	15.302 	5.498 	4.103 	4.028 	8.180 	15.176 	45.946 	36.156 	17.042 	: 	: 	: 	: 	: 	: 	: 	: 	: 	: 	: 	: 
RA110,GWH,BG	: 	: 	251.240 	371.857 	392.548 	198.876 	227.317 	164.305 	200.557 	282.374 	447.225 	532.177 	530.386 	432.559 	434.161 	435.092 	181.430 	154.809 	130.647 	130.355 	184.486 	246.999 	319.020 	365.001 	393.985 	272.150 	105.175 	69.900 	181.324 	148.000 	110.923 	115.497 	198.437 	229.542 	386.634 	349.526 	241.552 	218.015 	280.919 	200.488 	290.620 	238.120 	194.471 	260.879 	369.006 	421.037 	276.542 	361.918 	449.614 	450.978 	242.286 	147.343 	190.776 	136.554 	117.183 	87.854 	157.894 	218.953 	300.957 	249.416 	195.713 	167.083 	111.148 	200.702 	: 	: 	: 	: 	: 	: 	: 	: 	: 	: 	: 	: 
RA110,GWH,CY	: 	: 	0.000 	0.000 	0.000 	0.000 	0.000 	0.000 	0.000 	0.000 	0.000 	0.000 	0.000 	0.000 	0.000 	0.000 	0.000 	0.000 	0.000 	0.000 	0.000 	0.000 	0.000 	0.000 	0.000 	0.000 	0.000 	0.000 	0.000 	0.000 	0.000 	0.000 	0.000 	0.000 	0.000 	0.000 	0.000 	0.000 	0.000 	0.000 	0.000 	0.000 	0.000 	0.000 	0.000 	0.000 	0.000 	0.000 	0.000 	0.000 	0.000 	0.000 	0.000 	0.000 	0.000 	0.000 	0.000 	0.000 	0.000 	0.000 	0.000 	0.000 	0.000 	0.000 	: 	: 	: 	: 	: 	: 	: 	: 	: 	: 	: 	: 
RA110,GWH,CZ	: 	: 	174.996 	203.472 	143.199 	142.576 	176.059 	150.675 	191.273 	248.632 	170.718 	259.968 	183.815 	243.833 	290.294 	188.175 	167.021 	238.879 	229.380 	156.957 	180.601 	210.667 	209.050 	109.437 	137.095 	195.945 	170.810 	119.197 	121.281 	104.411 	157.958 	95.864 	92.075 	96.490 	128.681 	176.221 	228.725 	347.049 	215.069 	227.173 	118.991 	85.870 	86.600 	83.293 	88.214 	100.051 	110.366 	119.899 	181.538 	175.597 	206.875 	255.546 	184.341 	180.810 	129.128 	109.256 	97.144 	108.318 	104.983 	240.887 	217.483 	231.779 	126.121 	120.699 	: 	: 	: 	: 	: 	: 	: 	: 	: 	: 	: 	: 
RA110,GWH,DE	: 	: 	1196.517 e	1217.527 e	1178.694 e	893.547 e	978.760 e	1304.901 e	1731.344 e	1715.729 e	1643.118 e	1619.508 e	987.385 e	1253.095 e	1270.212 e	1052.625 e	1030.004 e	1108.311 e	1588.426 e	1191.434 e	1160.428 e	1415.894 e	1435.726 e	1269.568 e	1070.585 e	1450.268 e	1372.457 e	1061.281 e	1199.813 e	1173.952 e	1258.330 e	1160.995 e	1452.355 e	1369.923 e	1590.310 e	1581.561 e	1415.578 e	1650.628 e	1190.687 e	1335.857 e	1169.648 e	665.927 e	762.005 e	922.108 e	887.398 e	1109.063 e	1239.797 e	1400.750 e	1394.627 e	1220.417 e	1214.614 e	1394.438 e	1471.451 e	1425.587 e	1323.139 e	1501.380 e	1553.168 e	1450.016 e	1377.512 e	1615.199 e	1218.711 e	1523.591 e	1068.421 e	809.798 e	: 	: 	: 	: 	: 	: 	: 	: 	: 	: 	: 	: 
RA110,GWH,DK	: 	1.956 	2.140 	1.899 	1.831 	1.398 	1.502 	1.006 	0.983 	0.744 	1.040 	1.476 	1.277 	1.695 	1.503 	1.912 	1.279 	1.249 	1.080 	1.044 	0.800 	0.864 	0.884 	1.107 	1.342 	2.642 	2.701 	2.133 	2.273 	2.054 	1.833 	1.123 	0.802 	0.565 	0.736 	0.943 	1.270 	2.216 	1.692 	1.507 	1.466 	0.986 	0.890 	1.027 	0.768 	0.585 	0.571 	1.112 	1.474 	1.848 	1.921 	2.281 	1.833 	1.874 	1.939 	1.530 	1.131 	0.842 	0.947 	1.121 	1.545 	1.706 	0.798 	0.949 	: 	: 	: 	: 	: 	: 	: 	: 	: 	: 	: 	: 
RA110,GWH,EA19	: 	: 	11943.815 	16009.211 	16335.072 	12651.687 	11690.357 	12934.650 	17731.957 	19730.027 	21200.909 	20846.303 	15919.259 	19341.792 	22553.735 	21198.251 	18214.030 	16518.812 	18263.445 	14770.277 	15601.248 	17518.700 	20384.652 	21044.569 	17183.794 	19918.036 	18356.976 	19478.866 	23393.348 	19268.357 	12252.090 	12133.631 	14641.717 	16822.082 	20198.859 	19407.405 	16171.858 	16136.121 	15122.709 	15283.489 	16255.077 	14859.760 	10951.242 	12804.673 	14331.807 	18206.797 	23016.693 	24846.615 	24378.117 	21804.867 	17167.223 	18346.454 	13004.784 	11336.086 	10336.366 	12981.637 	13278.520 	13946.522 	15305.099 	15784.239 	11588.810 	14603.168 	11201.018 	12073.779 	: 	: 	: 	: 	: 	: 	: 	: 	: 	: 	: 	: 
RA110,GWH,EE	: 	: 	4.600 	2.600 	2.100 	1.600 	0.500 	0.400 	0.500 	0.300 	1.100 	2.500 	3.600 	3.500 	2.100 	2.700 	5.100 	3.300 	2.500 	0.900 	0.800 	1.600 	2.900 	2.500 	3.700 	4.400 	5.300 	4.000 	0.000 	0.000 	0.000 	0.000 	0.000 	0.000 	0.000 	0.000 	0.000 	0.000 	0.000 	0.000 	0.000 	0.000 	0.000 	0.000 	0.000 	0.000 	0.000 	0.000 	0.000 	0.000 	0.000 	0.000 	0.000 	0.000 	0.000 	0.000 	0.000 	0.000 	0.000 	0.000 	3.600 	3.500 	2.000 	3.000 	: 	: 	: 	: 	: 	: 	: 	: 	: 	: 	: 	: 
RA110,GWH,EL	: 	374.980 	242.306 	684.485 	803.592 	240.273 	240.040 	224.960 	417.438 	456.608 	338.828 	320.917 	253.817 	327.777 	869.018 	741.996 	222.251 	199.083 	183.384 	259.819 	312.778 	352.721 	333.247 	257.553 	225.384 	204.432 	154.274 	264.795 	350.509 	224.513 	193.555 	253.739 	378.287 	351.362 	341.753 	282.725 	238.300 	244.028 	329.897 	427.900 	311.288 	276.140 	250.454 	328.091 	444.555 	424.773 	381.830 	357.858 	626.026 	1065.057 	426.884 	273.361 	333.594 	220.608 	185.988 	205.156 	338.745 	376.001 	284.114 	240.507 	196.955 	328.892 	267.500 	637.145 	: 	: 	: 	: 	: 	: 	: 	: 	: 	: 	: 	: 
RA110,GWH,ES	: 	: 	1169.083 	2071.089 	2519.565 	1193.351 	1021.688 	1393.195 	1881.416 	2208.636 	2181.206 	2158.449 	2743.549 	3714.922 	4516.689 	4056.317 	3181.460 	2411.575 	1890.610 	1675.911 	1882.153 	1838.002 	2261.478 	2858.771 	2861.627 	3111.719 	2834.706 	3725.186 	4627.101 	2658.787 	1120.288 	1225.967 	1256.319 	1583.676 	1626.608 	1934.343 	1934.935 	2132.700 	2482.920 	2126.628 	2485.769 	2161.382 	1461.008 	1926.191 	2105.647 	3026.492 	3705.970 	3509.531 	4712.622 	4395.530 	2387.534 	2196.551 	0.000 	0.000 	0.000 	0.000 	0.000 	0.000 	0.000 	0.000 	0.000 	0.000 	0.000 	0.000 	: 	: 	: 	: 	: 	: 	: 	: 	: 	: 	: 	: 
RA110,GWH,EU27_2020	: 	: 	19854.183 	24796.893 	26132.219 	20022.925 	18681.107 	19547.672 	25135.425 	27644.313 	29168.132 	30777.771 	24808.191 	28680.977 	32194.879 	32077.505 	27991.676 	25085.773 	26475.709 	21178.251 	23600.746 	24937.917 	28560.728 	29117.623 	25495.620 	29334.731 	26703.724 	27385.666 	31823.146 	27628.803 	19348.872 	17936.242 	20162.720 	23951.553 	28667.278 	28443.542 	24010.535 	24356.172 	22902.661 	23728.749 	24485.124 	22391.291 	16708.218 	18662.652 	20640.931 	24639.707 	29395.279 	33972.506 	33027.364 	32064.083 	26473.317 	27767.506 	21765.157 	19395.849 	17629.581 	20599.902 	20356.843 	20933.630 	21615.793 	23088.826 	18724.366 	22613.557 	18592.115 	20051.625 	: 	: 	: 	: 	: 	: 	: 	: 	: 	: 	: 	: 
RA110,GWH,FI	1229.000 	1181.000 	1111.000 	1188.000 	1237.000 	1463.000 	1302.000 	1063.000 	992.000 	938.973 e	1315.000 	1612.000 	1400.112 	1354.207 	1326.408 	1433.328 	1440.000 	1541.000 	1232.875 	952.706 	1046.489 	1132.626 	1131.648 	1564.914 	1322.881 	1555.813 	1408.479 	1289.475 	1231.000 	1058.000 	828.000 	820.000 	669.000 	978.000 	1264.000 	1568.000 	1107.000 	975.000 	820.000 	966.000 	979.674 	974.000 	1001.000 	766.000 	679.000 	771.000 	924.000 	1618.000 	1254.000 	1326.000 	1383.000 	1483.000 	1315.000 	1294.000 	1366.000 	1459.000 	1112.000 	1237.000 	1358.000 	1330.000 	937.000 	1063.000 	1002.000 	1154.000 	: 	: 	: 	: 	: 	: 	: 	: 	: 	: 	: 	: 
RA110,GWH,FR	: 	4010.420 e	3803.674 e	5131.818 e	4598.963 e	3473.098 e	2628.105 e	2962.836 e	3813.035 e	4877.124 e	5390.364 e	5436.333 e	3498.373 e	5155.805 e	5983.592 e	6346.673 e	4946.603 e	3898.601 e	4458.233 e	2908.276 e	3184.558 e	3987.504 e	5512.832 e	5793.257 e	4417.979 e	6375.406 e	5457.209 e	5481.961 e	6909.239 e	5718.852 e	3387.841 e	2326.220 e	3339.982 e	3903.646 e	5097.331 e	4914.725 e	4002.645 e	4573.097 e	4475.804 e	4413.939 e	4489.740 e	3464.473 e	2594.721 e	2677.369 e	3442.067 e	4628.452 e	6601.301 e	6698.777 e	6096.430 e	6243.979 e	6289.312 e	6397.888 e	4475.788 e	3291.560 e	2288.631 e	2594.900 e	2957.763 e	3299.052 e	4319.545 e	4822.082 e	3550.763 e	5283.034 e	3838.544 e	4427.390 e	: 	: 	: 	: 	: 	: 	: 	: 	: 	: 	: 	: 
RA110,GWH,GE	: 	562.412 	433.969 	502.335 	677.703 	738.078 	965.832 	940.368 	1013.205 	1217.200 	1301.182 	1198.697 	742.684 	468.322 	349.257 	454.487 	436.682 	511.664 	473.539 	627.456 	843.034 	944.796 	981.267 	952.123 	775.923 	694.669 	437.964 	463.106 	537.203 	495.326 	572.364 	598.814 	863.976 	1031.079 	1172.370 	1136.454 	789.967 	531.974 	503.912 	592.184 	695.038 	554.989 	570.101 	672.774 	818.390 	1240.873 	1187.559 	1066.536 	1006.250 	763.860 	586.040 	666.794 	: 	: 	: 	: 	: 	: 	: 	: 	: 	: 	: 	: 	: 	: 	: 	: 	: 	: 	: 	: 	: 	: 	: 	: 
RA110,GWH,HR	: 	417.256 	426.083 	705.669 	836.958 	481.525 	282.071 	233.730 	353.237 	341.997 	413.877 	635.208 	564.772 	680.947 	843.300 	902.199 	865.783 	496.059 	628.377 	318.873 	285.347 	312.109 	343.757 	306.280 	299.994 	452.779 	352.208 	533.129 	790.343 	688.088 	220.582 	208.306 	299.861 	340.013 	509.530 	584.220 	384.219 	300.503 	475.323 	412.874 	562.863 	521.356 	330.751 	334.990 	474.079 	492.377 	492.749 	640.344 	888.823 	915.634 	708.160 	735.223 	674.576 	369.634 	304.455 	458.290 	394.904 	333.472 	257.836 	293.615 	338.502 	479.272 	407.233 	460.464 	: 	: 	: 	: 	: 	: 	: 	: 	: 	: 	: 	: 
RA110,GWH,HU	: 	: 	14.916 	12.982 	18.227 	16.324 	13.541 	18.275 	17.530 	24.872 	24.360 	11.850 	19.272 	16.469 	6.529 	14.795 	20.063 	22.014 	21.702 	14.899 	21.993 	23.901 	16.447 	22.832 	21.702 	14.072 	17.940 	20.041 	24.105 	21.334 	10.389 	9.690 	15.214 	17.815 	18.052 	14.495 	25.171 	18.389 	19.508 	19.020 	16.949 	15.622 	13.625 	13.262 	15.211 	27.048 	25.787 	28.045 	11.146 	14.952 	17.517 	16.698 	10.866 	22.610 	18.328 	18.642 	13.535 	20.308 	23.438 	25.533 	25.348 	11.317 	9.404 	14.554 	: 	: 	: 	: 	: 	: 	: 	: 	: 	: 	: 	: 
RA110,GWH,IE	: 	88.177 	96.923 	93.995 	96.131 	71.347 	69.478 	18.504 	36.344 	10.434 	14.573 	39.392 	44.241 	87.498 	124.087 	130.497 	135.591 	136.157 	82.681 	58.936 	69.187 	43.975 	10.480 	9.168 	33.097 	124.905 	115.074 	103.913 	124.294 	112.473 	117.810 	67.098 	56.399 	15.563 	39.330 	21.100 	52.515 	116.656 	87.382 	66.921 	126.794 	56.895 	28.842 	20.743 	17.901 	1.237 	7.822 	31.332 	69.213 	73.565 	110.691 	142.008 	107.354 	86.920 	92.406 	64.635 	39.981 	12.777 	19.873 	11.871 	33.915 	109.703 	51.527 	53.593 	: 	: 	: 	: 	: 	: 	: 	: 	: 	: 	: 	: 
RA110,GWH,IS	: 	1081.340 	1032.361 	1171.581 	1235.719 	1214.416 	1226.459 	1149.353 	1141.737 	1105.859 	1103.038 	1182.972 	1109.880 	1157.009 	1025.327 	1152.232 	1157.028 	1090.117 	1120.816 	1087.563 	1079.013 	1070.932 	1006.551 	1064.856 	1067.405 	1178.703 	1084.788 	1152.171 	1155.040 	1083.935 	1124.154 	1054.357 	1033.157 	1077.341 	1086.732 	1193.355 	1145.907 	1226.739 	1093.213 	1187.534 	1194.758 	1164.594 	1173.670 	1126.900 	1146.522 	1138.421 	1098.517 	1167.679 	1117.294 	1184.261 	1086.898 	1211.393 	1207.097 	1167.427 	1168.689 	1158.467 	1194.670 	1167.280 	1141.301 	1169.435 	1144.716 	1245.673 	1101.114 	1192.853 	: 	: 	: 	: 	: 	: 	: 	: 	: 	: 	: 	: 
RA110,GWH,IT	: 	: 	1550.000 e	2354.000 e	2830.000 e	2724.000 e	2918.000 e	2965.000 e	4686.000 e	5162.000 e	5544.000 e	4458.000 e	2989.000 e	3015.000 e	3349.000 e	3607.000 e	3428.000 e	3303.000 e	4276.000 e	3905.000 e	4210.000 e	4716.000 e	5316.000 e	5002.000 e	3421.000 e	2655.000 e	2538.000 e	3306.000 e	4255.000 e	4478.000 e	2716.000 e	3500.000 e	4419.000 e	5326.000 e	5811.000 e	4504.000 e	3100.000 e	1972.000 e	2478.000 e	2631.000 e	3407.000 	4417.000 	2683.000 	3323.000 	4193.000 	4869.000 	5917.000 	6371.000 e	4456.000 e	2978.000 e	2461.000 e	2568.000 e	2119.000 e	1918.000 e	2100.000 e	3383.000 e	3755.000 e	4337.000 e	4592.000 e	3747.000 e	2577.000 e	2509.000 e	2095.000 e	2610.000 e	: 	: 	: 	: 	: 	: 	: 	: 	: 	: 	: 	: 
RA110,GWH,LT	: 	: 	63.505 	52.113 	39.804 	33.062 	30.644 	26.446 	20.327 	20.583 	26.009 	41.104 	36.803 	49.275 	28.632 	26.887 	22.560 	21.301 	17.882 	14.588 	12.392 	17.083 	22.859 	24.524 	27.553 	40.563 	38.770 	36.955 	28.430 	26.407 	22.600 	14.800 	14.800 	13.510 	18.940 	26.363 	34.436 	51.518 	48.361 	40.135 	31.162 	26.650 	22.580 	18.190 	18.789 	23.027 	17.636 	35.997 	63.892 	58.711 	53.594 	56.765 	62.901 	66.720 	51.156 	37.057 	27.916 	30.785 	49.050 	48.788 	56.955 	80.328 	41.632 	44.320 	: 	: 	: 	: 	: 	: 	: 	: 	: 	: 	: 	: 
RA110,GWH,LU	: 	: 	13.979 e	11.948 e	10.746 e	5.712 e	2.793 e	2.570 e	5.515 e	9.470 e	7.099 e	10.250 e	8.185 e	12.382 e	12.563 e	15.967 e	11.885 e	11.678 e	1.823 e	1.381 e	0.828 e	1.715 e	3.920 e	4.378 e	6.153 e	15.612 e	15.326 e	14.819 e	16.515 	12.806 	6.933 	1.025 	1.688 	1.199 	4.035 	7.701 	7.773 	15.398 	14.629 	13.390 	14.324 	1.686 	1.024 	0.917 	1.340 	2.124 	7.700 	6.982 	11.167 	13.746 	12.800 	14.965 	16.749 	9.870 	4.727 	3.384 	2.056 	1.863 	2.018 	4.426 	4.973 	14.617 	11.972 	4.868 	: 	: 	: 	: 	: 	: 	: 	: 	: 	: 	: 	: 
RA110,GWH,LV	: 	361.000 	317.000 	234.000 	281.000 	172.000 	95.000 	81.000 	72.000 	75.000 	186.000 	432.000 	511.000 	398.000 	195.000 	193.000 	177.000 	148.000 	116.000 	110.000 	75.000 	115.000 	168.000 	215.000 	215.000 	486.000 	365.000 	396.000 	275.000 	271.000 	154.000 	77.000 	87.000 	65.000 	76.000 	172.000 	296.000 	387.000 	151.000 	85.000 	0.000 	0.000 	0.000 	0.000 	0.000 	0.000 	0.000 	0.000 	0.000 	0.000 	0.000 	0.000 	0.000 	0.000 	0.000 	0.000 	0.000 	0.000 	0.000 	0.000 	0.000 	0.000 	0.000 	0.000 	: 	: 	: 	: 	: 	: 	: 	: 	: 	: 	: 	: 
RA110,GWH,MD	: 	: 	2.545 	2.887 	4.508 	4.941 	2.421 	2.356 	4.939 	9.118 	9.003 	7.483 	7.297 	9.388 	2.959 	3.120 	3.271 	3.584 	3.745 	3.378 	6.732 	11.704 	10.857 	3.480 	0.000 	0.000 	0.000 	0.000 	: 	: 	: 	: 	: 	: 	: 	: 	: 	: 	: 	: 	: 	: 	: 	: 	: 	: 	: 	: 	: 	: 	: 	: 	: 	: 	: 	: 	: 	: 	: 	: 	: 	: 	: 	: 	: 	: 	: 	: 	: 	: 	: 	: 	: 	: 	: 	: 
RA110,GWH,ME	: 	: 	: 	: 	: 	: 	: 	: 	: 	: 	: 	: 	: 	: 	: 	: 	: 	: 	: 	: 	: 	: 	: 	: 	: 	: 	: 	: 	: 	: 	: 	: 	: 	: 	: 	: 	96.000 	102.000 	167.000 	146.000 	177.000 	130.000 	61.000 	58.000 	114.000 	97.000 	81.000 	189.000 	327.000 	360.000 	313.000 	230.000 	277.000 	118.000 	29.000 	5.000 	39.000 	30.000 	48.000 	67.000 	80.000 	142.000 	131.000 	66.000 	: 	: 	: 	: 	: 	: 	: 	: 	: 	: 	: 	: 
RA110,GWH,MK	: 	: 	59.091 	150.989 	132.268 	69.728 	67.407 	47.363 	128.596 	117.848 	110.640 	124.467 	107.948 	184.423 	180.358 	175.184 	68.265 	31.499 	58.610 	71.568 	181.554 	146.129 	119.574 	124.951 	139.129 	146.479 	67.913 	116.232 	117.363 	86.120 	69.576 	54.697 	92.834 	100.121 	90.225 	118.339 	107.747 	82.742 	100.616 	134.629 	116.254 	114.371 	76.505 	101.708 	112.410 	158.381 	152.589 	204.112 	208.306 	226.125 	191.285 	112.450 	157.246 	112.164 	60.235 	37.335 	77.435 	74.919 	54.820 	72.608 	98.695 	83.312 	96.557 	167.183 	: 	: 	: 	: 	: 	: 	: 	: 	: 	: 	: 	: 
RA110,GWH,MT	: 	0.000 	0.000 	0.000 	0.000 	0.000 	0.000 	0.000 	0.000 	0.000 	0.000 	0.000 	0.000 	0.000 	0.000 	0.000 	0.000 	0.000 	0.000 	0.000 	0.000 	0.000 	0.000 	0.000 	0.000 	0.000 	0.000 	0.000 	0.000 	0.000 	0.000 	0.000 	0.000 	0.000 	0.000 	0.000 	0.000 	0.000 	0.000 	0.000 	0.000 	0.000 	0.000 	0.000 	0.000 	0.000 	0.000 	0.000 	0.000 	0.000 	0.000 	0.000 	0.000 	0.000 	0.000 	0.000 	0.000 	0.000 	0.000 	0.000 	0.000 	0.000 	0.000 	0.000 	: 	: 	: 	: 	: 	: 	: 	: 	: 	: 	: 	: 
RA110,GWH,NL	: 	: 	5.260 	9.313 	5.043 	3.430 	3.300 	3.405 	10.202 	8.008 	8.983 	9.451 	8.157 	11.735 	4.237 	7.390 	7.237 	2.757 	2.648 	0.666 	0.077 	1.152 	2.405 	3.700 	6.620 	5.751 	2.405 	10.648 	8.180 	8.043 	4.763 e	0.506 	1.025 	0.976 	6.403 	8.446 	8.459 	8.892 	8.055 	10.434 	10.000 	8.000 	3.000 	5.000 	5.000 e	1.000 e	13.000 e	13.000 e	13.000 e	5.000 e	5.000 e	5.000 e	5.000 e	8.000 e	3.000 e	2.000 e	1.000 e	2.000 e	1.000 e	2.000 e	3.000 e	14.000 e	11.000 e	5.000 e	: 	: 	: 	: 	: 	: 	: 	: 	: 	: 	: 	: 
RA110,GWH,NO	9794.495 	12487.038 	11039.509 	12870.976 	13845.016 	12596.636 	10427.758 	9677.024 	9233.242 	9940.090 	10506.022 	11234.914 	11016.010 	11990.284 	12653.113 	15692.330 	14283.430 	11723.286 	12672.107 	10871.533 	10754.624 	10383.559 	9986.742 	11053.627 	11513.663 	12736.986 	11510.768 	11846.377 	10947.563 	11621.825 	10686.424 	10164.295 	9502.836 	9207.172 	8841.670 	9158.491 	9233.290 	10282.011 	10703.196 	13352.318 	12466.921 	12622.515 	12440.339 	10406.832 	9941.738 	8739.278 	9150.942 	9748.870 	9868.561 	12835.822 	13544.445 	14254.845 	13736.337 	12733.056 	11616.428 	10657.938 	10598.674 	10162.471 	10658.400 	10702.521 	10798.936 	11913.459 	12253.199 	14307.998 	: 	: 	: 	: 	: 	: 	: 	: 	: 	: 	: 	: 
RA110,GWH,PL	: 	: 	254.519 	229.648 	148.264 	125.769 	156.090 	218.831 	174.098 	158.027 	148.783 	269.339 	260.250 	271.322 	212.977 	191.361 	146.983 	183.939 	211.851 	119.890 	118.638 	211.207 	238.714 	144.627 	130.490 	226.036 	214.975 	153.280 	128.641 	115.494 	106.011 	92.777 	96.413 	94.581 	186.643 	260.847 	182.105 	258.793 	209.334 	206.633 	129.681 	101.021 	95.382 	88.828 	116.015 	164.867 	111.806 	161.964 	246.126 	223.903 	223.596 	287.787 	297.204 	268.419 	215.112 	190.403 	118.913 	133.974 	141.681 	262.642 	271.324 	301.078 	174.763 	180.795 	: 	: 	: 	: 	: 	: 	: 	: 	: 	: 	: 	: 
RA110,GWH,PT	: 	: 	212.221 	639.383 	599.244 	488.648 	382.654 	367.320 	367.361 	666.545 	620.502 	529.713 	912.651 	1550.975 	2077.702 	1316.361 	1217.826 	1066.261 	716.820 	470.832 	324.452 	289.999 	503.821 	815.900 	1049.490 	1019.219 	1371.646 	1726.784 	1813.174 	656.601 	344.178 	439.156 	319.408 	330.780 	204.271 	416.423 	620.000 	657.000 	688.000 	672.000 	933.000 	655.000 	336.000 	575.000 	496.000 	741.000 	870.000 	905.000 	1902.000 	1963.000 	544.000 	449.000 	305.000 	192.000 	188.000 	226.613 	271.429 	232.636 	321.798 	380.330 	407.127 	794.045 	870.665 	698.680 	: 	: 	: 	: 	: 	: 	: 	: 	: 	: 	: 	: 
RA110,GWH,RO	: 	1105.000 	949.000 	1248.000 	1167.000 	896.000 	932.000 	977.000 	1110.000 	1512.000 	2050.000 	2147.000 	1614.000 	1516.000 	1638.000 	1262.000 	1281.000 	1280.000 	1287.000 	1025.000 	1342.000 	1721.000 	1707.000 	1045.000 	1109.000 	1255.000 	1041.000 	1078.000 	1060.000 	948.000 	829.000 	815.000 	991.000 	1400.000 	2349.000 	2282.000 	1396.000 	1309.000 	1122.000 	971.000 	984.000 	1099.000 	1073.000 	1213.000 	1629.000 	2085.000 	1498.000 	1742.000 	1949.000 	1885.000 	1256.000 	1240.000 	1397.000 	1172.000 	1000.000 	910.000 	926.000 	1027.000 	1379.000 	1605.000 	1333.000 	1399.000 	1105.000 	1193.000 	: 	: 	: 	: 	: 	: 	: 	: 	: 	: 	: 	: 
RA110,GWH,RS	: 	796.260 	755.532 	946.618 	1006.083 	624.320 	490.529 	519.107 	609.891 	739.891 	902.866 	1156.126 	1141.746 	1118.884 	1264.229 	1211.944 	697.488 	726.065 	868.413 	558.328 	706.558 	773.595 	820.892 	610.669 	607.460 	972.815 	733.230 	648.306 	823.621 	686.623 	416.573 	465.573 	521.976 	627.417 	978.390 	1084.575 	871.712 	1050.410 	928.815 	753.326 	688.034 	532.856 	387.299 	500.788 	708.897 	865.029 	790.382 	1047.810 	1298.631 	1294.903 	1097.807 	1092.786 	1137.430 	779.866 	590.636 	541.643 	582.434 	465.139 	658.512 	925.772 	841.558 	1112.999 	840.870 	552.630 	: 	: 	: 	: 	: 	: 	: 	: 	: 	: 	: 	: 
RA110,GWH,SE	: 	5822.501 	5837.474 	6014.155 	7089.120 	5508.770 	5202.170 	4849.200 	5355.790 	5345.640 	4711.220 	6074.450 	5715.160 	6176.360 	6214.380 	7883.720 	7114.087 	6190.012 	5702.227 	4640.956 	5865.633 	4692.470 	5341.204 	6078.770 	6218.218 	6998.071 	6441.939 	5931.120 	6121.831 	6333.065 	5660.086 	4464.354 	3827.201 	4950.465 	4889.143 	5367.885 	5379.635 	5766.086 	5456.107 	6406.565 	6125.477 	5469.556 	3962.257 	3862.700 	3616.831 	3141.945 	3862.765 	6070.609 	4921.526 	6591.304 	6649.739 	6736.174 	6003.777 	5907.862 	5507.070 	5842.290 	5368.802 	5144.241 	4101.852 	4626.373 	4752.641 	5419.154 	5456.630 	5806.683 	: 	: 	: 	: 	: 	: 	: 	: 	: 	: 	: 	: 
RA110,GWH,SI	: 	: 	166.826 	251.207 	270.646 	309.271 	238.054 	212.161 	379.730 	429.601 	572.145 	687.610 	347.810 	330.325 	430.629 	436.246 	477.292 	362.738 	646.035 	457.548 	429.582 	445.238 	488.941 	441.398 	288.105 	316.313 	208.887 	293.681 	511.088 	608.631 	227.361 	199.481 	271.370 	326.754 	536.588 	511.047 	379.457 	260.964 	311.873 	193.320 	255.692 	479.547 	252.910 	316.797 	258.503 	311.972 	467.004 	609.139 	619.869 	406.477 	265.453 	399.865 	444.387 	351.123 	304.311 	520.458 	315.321 	307.336 	320.447 	351.323 	232.390 	273.163 	220.857 	170.450 	: 	: 	: 	: 	: 	: 	: 	: 	: 	: 	: 	: 
RA110,GWH,SK	: 	328.000 	384.000 	286.000 	240.000 	188.000 	225.000 	320.000 	398.000 	367.000 	376.000 	515.000 	338.000 	365.000 	439.000 	340.000 	284.000 	354.000 	490.000 	313.000 	337.000 	408.000 	469.000 	282.000 	256.000 	457.000 	476.000 	265.000 	301.000 	316.000 	213.000 	232.000 	257.000 	257.000 	491.000 	528.000 	397.000 	549.000 	360.000 	352.000 	270.000 	231.000 	171.000 	215.000 	195.000 	248.000 	265.000 	338.000 	402.000 	323.000 	341.000 	546.000 	376.000 	397.000 	325.000 	304.000 	292.000 	286.000 	422.000 	516.000 	395.000 	460.000 	327.000 	308.000 	: 	: 	: 	: 	: 	: 	: 	: 	: 	: 	: 	: 
RA110,GWH,TR	: 	: 	5049.683 	4695.246 	3626.515 	3070.959 	3236.412 	2836.742 	4776.457 	4999.768 	4467.932 	5745.994 	7987.543 	6132.934 	3975.633 	4250.724 	3917.143 	3258.710 	4448.224 	5537.594 	6660.782 	6754.265 	6694.640 	8973.237 	9079.000 	9545.918 	7111.446 	5444.297 	5047.777 	4480.346 	5075.497 	5647.794 	6923.688 	7599.842 	9566.565 	11538.157 	9934.703 	7682.613 	7142.145 	7616.013 	5922.952 	3685.273 	2426.679 	3645.180 	5549.292 	5825.204 	5650.114 	6452.878 	6304.649 	6229.605 	3642.974 	4530.551 	4928.355 	2232.443 	2340.552 	3771.325 	4806.800 	4706.043 	5562.837 	7362.854 e	7124.821 e	5665.827 e	4235.908 e	5576.759 e	: 	: 	: 	: 	: 	: 	: 	: 	: 	: 	: 	: 
RA110,GWH,UA	: 	: 	: 	0.000 	0.000 	0.000 	0.000 	0.000 	0.000 	0.000 	0.000 	0.000 	0.000 	0.000 	0.000 	0.000 	0.000 	0.000 	0.000 	0.000 	0.000 	0.000 	0.000 	0.000 	0.000 	0.000 	0.000 	0.000 	0.000 	0.000 	0.000 	0.000 	0.000 	0.000 	0.000 	0.000 	0.000 	0.000 	0.000 	0.000 	0.000 	0.000 	0.000 	0.000 	0.000 	0.000 	0.000 	0.000 	0.000 	0.000 	0.000 	0.000 	0.000 	0.000 	0.000 	: 	: 	: 	: 	: 	: 	: 	: 	: 	: 	: 	: 	: 	: 	: 	: 	: 	: 	: 	: 	: 
RA110,GWH,UK	: 	: 	: 	: 	: 	: 	: 	: 	: 	: 	: 	: 	: 	: 	: 	: 	: 	: 	609.991 	368.964 	286.043 	459.910 	276.142 	289.896 	372.326 	706.361 	753.533 	726.947 	696.734 	365.294 	618.252 	572.591 	463.887 	316.993 	336.134 	198.353 	322.669 	691.439 	497.947 	522.421 	675.324 	574.655 	649.193 	466.471 	247.222 	129.787 	171.413 	337.559 	433.146 	359.631 	527.464 	590.799 	632.629 	607.448 	632.806 	524.007 	456.073 	288.039 	302.955 	225.705 	337.081 	690.223 	513.199 	549.295 	: 	: 	: 	: 	: 	: 	: 	: 	: 	: 	: 	: 
RA120,GWH,AL	: 	0.000 	0.000 	0.000 	0.000 	0.000 	0.000 	0.000 	0.000 	0.000 	0.000 	0.000 	0.000 	0.000 	0.000 	0.000 	0.000 	0.000 	0.000 	0.000 	0.000 	0.000 	0.000 	0.000 	0.000 	0.000 	0.000 	0.000 	0.000 	0.000 	0.000 	0.000 	0.000 	0.000 	0.000 	0.000 	0.000 	0.000 	0.000 	0.000 	0.000 	0.000 	0.000 	0.000 	0.000 	0.000 	0.000 	0.000 	0.000 	0.000 	0.000 	0.000 	: 	: 	: 	: 	: 	: 	: 	: 	: 	: 	: 	: 	: 	: 	: 	: 	: 	: 	: 	: 	: 	: 	: 	: 
RA120,GWH,AT	: 	1061.008 	735.307 	1077.064 	942.020 	1140.015 	938.712 	1143.909 	1754.638 	1521.149 	1598.500 	1133.137 	730.069 	806.028 	903.894 	1022.668 	993.801 	1134.125 	1066.265 	1433.002 	1477.908 	1610.102 	1509.313 	1140.526 	1017.470 	1004.041 	772.954 	1115.242 	913.941 	1072.297 	987.080 	1159.341 	1465.158 	1559.818 	1657.187 	1197.101 	1192.213 	995.852 	839.135 	1138.488 	926.016 	1079.685 	976.698 	947.260 	1048.382 	1155.861 	1311.507 	1513.811 	1008.797 	1007.287 	1269.796 	1152.482 	977.500 	1082.306 	1010.548 	1383.780 	1527.039 	1238.594 	1121.646 	1079.645 	873.328 	821.982 	613.293 	1141.250 	: 	: 	: 	: 	: 	: 	: 	: 	: 	: 	: 	: 
RA120,GWH,BA	: 	: 	5.414 	7.564 	60.852 	37.543 	23.593 	41.137 	59.705 	6.999 	8.335 	11.569 	34.478 	58.559 	128.490 	83.742 	0.000 	0.000 	0.000 	0.000 	0.000 	0.000 	0.000 	0.000 	0.000 	0.000 	0.000 	0.000 	0.000 	0.000 	0.000 	0.000 	0.000 	0.000 	0.000 	0.000 	0.000 	0.000 	0.000 	0.000 	: 	: 	: 	: 	: 	: 	: 	0.000 	0.000 	0.000 	0.000 	0.000 	: 	: 	: 	: 	0.000 	0.000 	0.000 	0.000 	0.000 	0.000 	0.000 	0.000 	: 	: 	: 	: 	: 	: 	: 	: 	: 	: 	: 	: 
RA120,GWH,BE	: 	: 	0.000 	0.000 	0.000 	0.000 	0.000 	0.000 	0.000 	0.000 	0.000 	0.000 	0.000 	0.000 	0.000 	0.000 	0.000 	0.000 	0.000 	0.000 	0.000 	0.000 	0.000 	0.000 	0.000 	0.000 	0.000 	0.000 	0.000 	0.000 	0.000 	0.000 	0.000 	0.000 	0.000 	0.000 	0.000 	0.000 	0.000 	0.000 	0.000 	0.000 	0.000 	0.000 	0.000 	0.000 	0.000 	0.000 	0.000 	0.000 	0.000 	0.000 	0.000 	0.000 	0.000 	0.000 	0.000 	0.000 	0.000 	0.000 	0.000 	0.000 	0.000 	0.000 	: 	: 	: 	: 	: 	: 	: 	: 	: 	: 	: 	: 
RA120,GWH,BG	: 	: 	28.138 	48.536 	66.693 	35.087 	28.950 	32.691 	33.024 	37.024 	55.401 	58.796 	64.736 	63.800 	55.045 	65.571 	32.642 	30.166 	28.272 	25.815 	29.940 	41.622 	53.938 	51.156 	37.816 	21.829 	8.819 	12.935 	23.879 	15.124 	21.861 	13.396 	31.935 	32.233 	65.187 	20.529 	7.482 	14.806 	15.970 	20.081 	70.941 	57.625 	55.327 	56.385 	57.463 	76.021 	47.727 	95.978 	73.976 	69.050 	51.844 	24.815 	15.252 	25.162 	18.934 	9.393 	39.272 	42.465 	65.212 	11.338 	10.899 	6.296 	12.712 	38.991 	: 	: 	: 	: 	: 	: 	: 	: 	: 	: 	: 	: 
RA120,GWH,CY	: 	: 	0.000 	0.000 	0.000 	0.000 	0.000 	0.000 	0.000 	0.000 	0.000 	0.000 	0.000 	0.000 	0.000 	0.000 	0.000 	0.000 	0.000 	0.000 	0.000 	0.000 	0.000 	0.000 	0.000 	0.000 	0.000 	0.000 	0.000 	0.000 	0.000 	0.000 	0.000 	0.000 	0.000 	0.000 	0.000 	0.000 	0.000 	0.000 	0.000 	0.000 	0.000 	0.000 	0.000 	0.000 	0.000 	0.000 	0.000 	0.000 	0.000 	0.000 	0.000 	0.000 	0.000 	0.000 	0.000 	0.000 	0.000 	0.000 	0.000 	0.000 	0.000 	0.000 	: 	: 	: 	: 	: 	: 	: 	: 	: 	: 	: 	: 
RA120,GWH,CZ	: 	: 	0.000 	0.000 	0.000 	0.000 	0.000 	0.000 	0.000 	0.000 	0.000 	0.000 	0.000 	0.000 	0.000 	0.000 	0.000 	0.000 	0.000 	0.000 	0.000 	0.000 	0.000 	0.000 	0.000 	0.000 	0.000 	0.000 	0.000 	0.000 	0.000 	0.000 	0.000 	0.000 	0.000 	0.000 	0.000 	0.000 	0.000 	0.000 	0.000 	0.000 	0.000 	0.000 	0.000 	0.000 	0.000 	0.000 	0.000 	0.000 	0.000 	0.000 	0.000 	0.000 	0.000 	0.000 	0.000 	0.000 	0.000 	0.000 	0.000 	0.000 	0.000 	0.000 	: 	: 	: 	: 	: 	: 	: 	: 	: 	: 	: 	: 
RA120,GWH,DE	: 	: 	146.106 	140.277 	104.489 	108.232 	86.604 	78.401 	97.124 	84.442 	81.979 	92.379 	74.331 	115.723 	134.382 	105.526 	94.075 	102.617 	79.378 	82.578 	65.982 	59.611 	49.521 	59.744 	71.816 	163.774 	146.135 	99.178 	101.728 	64.599 	65.685 	27.512 	37.726 	35.723 	53.907 	17.520 	85.127 	131.506 	69.238 	120.207 	96.118 	68.102 	75.636 	51.070 	43.526 	40.591 	53.140 	64.150 	112.418 	123.713 	132.759 	214.279 	83.396 	71.805 	29.046 	22.363 	19.395 	18.461 	16.052 	30.708 	27.292 	84.876 	41.582 	23.484 	: 	: 	: 	: 	: 	: 	: 	: 	: 	: 	: 	: 
RA120,GWH,DK	: 	0.000 	0.000 	0.000 	0.000 	0.000 	0.000 	0.000 	0.000 	0.000 	0.000 	0.000 	0.000 	0.000 	0.000 	0.000 	0.000 	0.000 	0.000 	0.000 	0.000 	0.000 	0.000 	0.000 	0.000 	0.000 	0.000 	0.000 	0.000 	0.000 	0.000 	0.000 	0.000 	0.000 	0.000 	0.000 	0.000 	0.000 	0.000 	0.000 	0.000 	0.000 	0.000 	0.000 	0.000 	0.000 	0.000 	0.000 	0.000 	0.000 	0.000 	0.000 	0.000 	0.000 	0.000 	0.000 	0.000 	0.000 	0.000 	0.000 	0.000 	0.000 	0.000 	0.000 	: 	: 	: 	: 	: 	: 	: 	: 	: 	: 	: 	: 
RA120,GWH,EA19	: 	: 	1611.555 	2189.775 	2086.410 	2066.117 	1710.149 	1804.257 	2614.690 	2424.425 	2570.589 	2261.928 	1548.295 	1908.476 	2511.934 	2416.526 	2130.143 	2001.122 	2028.479 	2127.800 	2160.716 	2423.833 	2497.649 	2238.433 	2023.231 	2347.719 	1926.293 	2307.505 	2540.119 	2205.218 	1717.696 	1738.926 	2144.528 	2261.956 	2482.257 	2047.734 	2065.041 	1923.379 	1737.386 	2092.198 	1761.181 	1672.070 	1521.194 	1443.030 	1604.380 	1814.171 	2111.644 	2392.097 	2140.243 	2401.344 	2227.754 	2213.426 	1840.112 	1744.118 	1409.525 	1792.019 	2003.994 	1766.010 	1704.324 	1765.558 	1493.982 	1631.984 	1290.968 	1905.865 	: 	: 	: 	: 	: 	: 	: 	: 	: 	: 	: 	: 
RA120,GWH,EE	: 	: 	0.000 	0.000 	0.000 	0.000 	0.000 	0.000 	0.000 	0.000 	0.000 	0.000 	0.000 	0.000 	0.000 	0.000 	0.000 	0.000 	0.000 	0.000 	0.000 	0.000 	0.000 	0.000 	0.000 	0.000 	0.000 	0.000 	0.000 	0.000 	0.000 	0.000 	0.000 	0.000 	0.000 	0.000 	0.000 	0.000 	0.000 	0.000 	0.000 	0.000 	0.000 	0.000 	0.000 	0.000 	0.000 	0.000 	0.000 	0.000 	0.000 	0.000 	0.000 	0.000 	0.000 	0.000 	0.000 	0.000 	0.000 	0.000 	0.000 	0.000 	0.000 	0.000 	: 	: 	: 	: 	: 	: 	: 	: 	: 	: 	: 	: 
RA120,GWH,EL	: 	36.020 	29.130 	72.420 	97.830 	27.340 	50.790 	33.850 	68.130 	73.720 	67.986 	64.000 	39.410 	27.670 	84.600 	90.850 	37.950 	28.020 	32.690 	39.780 	42.330 	57.890 	52.060 	37.310 	62.621 	40.409 	21.613 	17.910 	21.701 	17.063 	23.881 	36.049 	57.374 	56.980 	44.323 	26.010 	22.500 	25.050 	53.600 	50.440 	22.400 	20.510 	24.390 	49.550 	59.510 	78.860 	48.670 	55.930 	95.510 	126.900 	26.090 	27.780 	47.030 	45.180 	29.710 	26.980 	49.680 	60.290 	38.650 	24.340 	12.210 	10.620 	16.690 	66.690 	: 	: 	: 	: 	: 	: 	: 	: 	: 	: 	: 	: 
RA120,GWH,ES	: 	: 	0.000 	0.000 	0.000 	0.000 	0.000 	0.000 	0.000 	0.000 	0.000 	0.000 	0.000 	0.000 	0.000 	0.000 	0.000 	0.000 	0.000 	0.000 	0.000 	0.000 	0.000 	0.000 	0.000 	0.000 	0.000 	0.000 	0.000 	0.000 	0.000 	0.000 	0.000 	0.000 	0.000 	0.000 	0.000 	0.000 	0.000 	0.000 	0.000 	0.000 	0.000 	0.000 	0.000 	0.000 	0.000 	0.000 	0.000 	0.000 	0.000 	0.000 	0.000 	0.000 	0.000 	0.000 	0.000 	0.000 	0.000 	0.000 	0.000 	0.000 	0.000 	0.000 	: 	: 	: 	: 	: 	: 	: 	: 	: 	: 	: 	: 
RA120,GWH,EU27_2020	: 	: 	1688.949 	2296.787 	2286.549 	2183.158 	1763.832 	1849.625 	2660.243 	2472.244 	2637.930 	2362.306 	1644.457 	2002.775 	2656.643 	2604.718 	2270.299 	2060.390 	2142.324 	2191.348 	2212.885 	2476.101 	2595.553 	2319.124 	2095.162 	2434.053 	1978.874 	2352.409 	2699.160 	2370.608 	1764.519 	1776.691 	2187.238 	2308.529 	2573.195 	2135.578 	2100.991 	1956.989 	1829.084 	2168.850 	1878.914 	1771.229 	1603.166 	1516.606 	1674.463 	1895.309 	2165.780 	2505.237 	2271.773 	2652.792 	2342.307 	2346.098 	2007.012 	1841.311 	1444.357 	1839.410 	2080.121 	1837.410 	1791.385 	1807.266 	1535.021 	1721.988 	1387.562 	2005.932 	: 	: 	: 	: 	: 	: 	: 	: 	: 	: 	: 	: 
RA120,GWH,FI	0.000 	0.000 	0.000 	0.000 	0.000 	0.000 	0.000 	0.000 	0.000 	0.000 	0.000 	0.000 	0.000 	0.000 	0.000 	0.000 	0.000 	0.000 	0.000 	0.000 	0.000 	0.000 	0.000 	0.000 	0.000 	0.000 	0.000 	0.000 	0.000 	0.000 	0.000 	0.000 	0.000 	0.000 	0.000 	0.000 	0.000 	0.000 	0.000 	0.000 	0.000 	0.000 	0.000 	0.000 	0.000 	0.000 	0.000 	0.000 	0.000 	0.000 	0.000 	0.000 	0.000 	0.000 	0.000 	0.000 	0.000 	0.000 	0.000 	0.000 	0.000 	0.000 	0.000 	0.000 	: 	: 	: 	: 	: 	: 	: 	: 	: 	: 	: 	: 
RA120,GWH,FR	: 	476.440 e	451.878 e	609.662 e	546.359 e	412.606 e	312.220 e	351.986 e	452.990 e	579.405 e	640.378 e	645.839 e	415.608 e	612.512 e	710.854 e	753.988 e	587.659 e	463.156 e	529.640 e	345.504 e	378.327 e	473.717 e	654.927 e	688.242 e	524.858 e	757.401 e	648.319 e	651.259 e	810.506 e	669.088 e	392.162 e	266.041 e	386.477 e	453.440 e	595.251 e	573.557 e	465.201 e	532.971 e	521.413 e	514.063 e	356.647 e	273.773 e	203.470 e	210.150 e	271.962 e	367.859 e	527.327 e	535.206 e	486.518 e	498.444 e	502.109 e	510.885 e	364.186 e	267.827 e	186.221 e	211.142 e	240.667 e	268.437 e	351.472 e	392.363 e	288.918 e	429.870 e	312.334 e	360.248 e	: 	: 	: 	: 	: 	: 	: 	: 	: 	: 	: 	: 
RA120,GWH,GE	: 	0.000 	0.000 	0.000 	0.000 	0.000 	0.000 	0.000 	0.000 	0.000 	0.000 	0.000 	0.000 	0.000 	0.000 	0.000 	0.000 	0.000 	0.000 	0.000 	0.000 	0.000 	0.000 	0.000 	0.000 	0.000 	0.000 	0.000 	0.000 	0.000 	0.000 	0.000 	0.000 	0.000 	0.000 	0.000 	0.000 	0.000 	0.000 	0.000 	0.000 	0.000 	0.000 	0.000 	0.000 	0.000 	0.000 	0.000 	0.000 	0.000 	0.000 	0.000 	: 	: 	: 	: 	: 	: 	: 	: 	: 	: 	: 	: 	: 	: 	: 	: 	: 	: 	: 	: 	: 	: 	: 	: 
RA120,GWH,HR	: 	30.650 	38.730 	47.631 	133.446 	81.954 	24.733 	12.677 	12.529 	10.795 	11.940 	41.582 	31.426 	30.499 	89.664 	122.621 	107.514 	29.102 	85.573 	37.733 	22.229 	10.646 	43.966 	29.535 	34.115 	64.505 	43.762 	31.969 	135.162 	150.266 	24.962 	24.369 	10.775 	14.340 	25.751 	67.315 	28.468 	18.804 	75.728 	56.571 	46.792 	41.534 	26.645 	17.191 	12.620 	5.117 	6.409 	17.162 	57.554 	182.398 	62.709 	107.857 	151.648 	72.031 	15.898 	37.998 	36.855 	28.935 	21.849 	30.370 	30.140 	83.708 	83.882 	61.076 	: 	: 	: 	: 	: 	: 	: 	: 	: 	: 	: 	: 
RA120,GWH,HU	: 	: 	0.000 	0.000 	0.000 	0.000 	0.000 	0.000 	0.000 	0.000 	0.000 	0.000 	0.000 	0.000 	0.000 	0.000 	0.000 	0.000 	0.000 	0.000 	0.000 	0.000 	0.000 	0.000 	0.000 	0.000 	0.000 	0.000 	0.000 	0.000 	0.000 	0.000 	0.000 	0.000 	0.000 	0.000 	0.000 	0.000 	0.000 	0.000 	0.000 	0.000 	0.000 	0.000 	0.000 	0.000 	0.000 	0.000 	0.000 	0.000 	0.000 	0.000 	0.000 	0.000 	0.000 	0.000 	0.000 	0.000 	0.000 	0.000 	0.000 	0.000 	0.000 	0.000 	: 	: 	: 	: 	: 	: 	: 	: 	: 	: 	: 	: 
RA120,GWH,IE	: 	0.000 	0.000 	0.000 	0.000 	0.000 	0.000 	0.000 	0.000 	0.000 	0.000 	0.000 	0.000 	0.000 	0.000 	0.000 	0.000 	0.000 	0.000 	0.000 	0.000 	0.000 	0.000 	0.000 	0.000 	0.000 	0.000 	0.000 	0.000 	0.000 	0.000 	0.000 	0.000 	0.000 	0.000 	0.000 	0.000 	0.000 	0.000 	0.000 	0.000 	0.000 	0.000 	0.000 	0.000 	0.000 	0.000 	0.000 	0.000 	0.000 	0.000 	0.000 	0.000 	0.000 	0.000 	0.000 	0.000 	0.000 	0.000 	0.000 	0.000 	0.000 	0.000 	0.000 	: 	: 	: 	: 	: 	: 	: 	: 	: 	: 	: 	: 
RA120,GWH,IS	: 	0.000 	0.000 	0.000 	0.000 	0.000 	0.000 	0.000 	0.000 	0.000 	0.000 	0.000 	0.000 	0.000 	0.000 	0.000 	0.000 	0.000 	0.000 	0.000 	0.000 	0.000 	0.000 	0.000 	0.000 	0.000 	0.000 	0.000 	0.000 	0.000 	0.000 	0.000 	0.000 	0.000 	0.000 	0.000 	0.000 	0.000 	0.000 	0.000 	0.000 	0.000 	0.000 	0.000 	0.000 	0.000 	0.000 	0.000 	0.000 	0.000 	0.000 	0.000 	0.000 	0.000 	0.000 	0.000 	0.000 	0.000 	0.000 	0.000 	0.000 	0.000 	0.000 	0.000 	: 	: 	: 	: 	: 	: 	: 	: 	: 	: 	: 	: 
RA120,GWH,IT	: 	: 	34.000 e	23.000 e	51.000 e	45.000 e	34.000 e	37.000 e	34.000 e	29.000 e	46.000 e	62.000 e	68.000 e	46.000 e	37.000 e	28.000 e	36.000 e	26.000 e	47.000 e	34.000 e	20.000 e	26.000 e	26.000 e	40.000 e	34.000 e	35.000 e	27.000 e	14.000 e	43.000 e	35.000 e	48.000 e	35.000 e	27.000 e	42.000 e	35.000 e	28.000 e	32.000 e	21.000 e	21.000 e	21.000 e	33.000 	25.000 	28.000 	12.000 	16.000 	18.000 	23.000 	30.000 e	32.000 e	37.000 e	29.000 e	46.000 e	44.000 e	35.000 e	23.000 e	14.000 e	15.000 e	26.000 e	37.000 e	34.000 e	30.000 e	21.000 e	34.000 e	25.000 e	: 	: 	: 	: 	: 	: 	: 	: 	: 	: 	: 	: 
RA120,GWH,LT	: 	: 	0.000 	0.000 	0.000 	0.000 	0.000 	0.000 	0.000 	0.000 	0.000 	0.000 	0.000 	0.000 	0.000 	0.000 	0.000 	0.000 	0.000 	0.000 	0.000 	0.000 	0.000 	0.000 	0.000 	0.000 	0.000 	0.000 	0.000 	0.000 	0.000 	0.000 	0.000 	0.000 	0.000 	0.000 	0.000 	0.000 	0.000 	0.000 	0.000 	0.000 	0.000 	0.000 	0.000 	0.000 	0.000 	0.000 	0.000 	0.000 	0.000 	0.000 	0.000 	0.000 	0.000 	0.000 	0.000 	0.000 	0.000 	0.000 	0.000 	0.000 	0.000 	0.000 	: 	: 	: 	: 	: 	: 	: 	: 	: 	: 	: 	: 
RA120,GWH,LU	: 	: 	0.000 	0.000 	0.000 	0.000 	0.000 	0.000 	0.000 	0.000 	0.000 	0.000 	0.000 	0.000 	0.000 	0.000 	0.000 	0.000 	0.000 	0.000 	0.000 	0.000 	0.000 	0.000 	0.000 	0.000 	0.000 	0.000 	0.000 	0.000 	0.000 	0.000 	0.000 	0.000 	0.000 	0.000 	0.000 	0.000 	0.000 	0.000 	0.000 	0.000 	0.000 	0.000 	0.000 	0.000 	0.000 	0.000 	0.000 	0.000 	0.000 	0.000 	0.000 	0.000 	0.000 	0.000 	0.000 	0.000 	0.000 	0.000 	0.000 	0.000 	0.000 	0.000 	: 	: 	: 	: 	: 	: 	: 	: 	: 	: 	: 	: 
RA120,GWH,LV	: 	0.000 	0.000 	0.000 	0.000 	0.000 	0.000 	0.000 	0.000 	0.000 	0.000 	0.000 	0.000 	0.000 	0.000 	0.000 	0.000 	0.000 	0.000 	0.000 	0.000 	0.000 	0.000 	0.000 	0.000 	0.000 	0.000 	0.000 	0.000 	0.000 	0.000 	0.000 	0.000 	0.000 	0.000 	0.000 	0.000 	0.000 	0.000 	0.000 	0.000 	0.000 	0.000 	0.000 	0.000 	0.000 	0.000 	0.000 	0.000 	0.000 	0.000 	0.000 	0.000 	0.000 	0.000 	0.000 	0.000 	0.000 	0.000 	0.000 	0.000 	0.000 	0.000 	0.000 	: 	: 	: 	: 	: 	: 	: 	: 	: 	: 	: 	: 
RA120,GWH,MD	: 	: 	0.000 	0.000 	0.000 	0.000 	0.000 	0.000 	0.000 	0.000 	0.000 	0.000 	0.000 	0.000 	0.000 	0.000 	0.000 	0.000 	0.000 	0.000 	0.000 	0.000 	0.000 	0.000 	0.000 	0.000 	0.000 	0.000 	: 	: 	: 	: 	: 	: 	: 	: 	: 	: 	: 	: 	: 	: 	: 	: 	: 	: 	: 	: 	: 	: 	: 	: 	: 	: 	: 	: 	: 	: 	: 	: 	: 	: 	: 	: 	: 	: 	: 	: 	: 	: 	: 	: 	: 	: 	: 	: 
RA120,GWH,ME	: 	: 	: 	: 	: 	: 	: 	: 	: 	: 	: 	: 	: 	: 	: 	: 	: 	: 	: 	: 	: 	: 	: 	: 	: 	: 	: 	: 	: 	: 	: 	: 	: 	: 	: 	: 	0.000 	0.000 	0.000 	0.000 	0.000 	0.000 	0.000 	0.000 	0.000 	0.000 	0.000 	0.000 	0.000 	0.000 	0.000 	0.000 	0.000 	0.000 	0.000 	0.000 	0.000 	0.000 	0.000 	0.000 	0.000 	0.000 	0.000 	0.000 	: 	: 	: 	: 	: 	: 	: 	: 	: 	: 	: 	: 
RA120,GWH,MK	: 	: 	0.000 	0.000 	0.000 	0.000 	0.000 	0.000 	0.000 	0.000 	0.000 	0.000 	0.000 	0.000 	0.000 	0.000 	0.000 	0.000 	0.000 	0.000 	0.000 	0.000 	0.000 	0.000 	0.000 	0.000 	0.000 	0.000 	0.000 	0.000 	0.000 	0.000 	0.000 	0.000 	0.000 	0.000 	0.000 	0.000 	0.000 	0.000 	0.000 	0.000 	0.000 	0.000 	0.000 	0.000 	0.000 	0.000 	0.000 	0.000 	0.000 	0.000 	0.000 	0.000 	0.000 	0.000 	0.000 	0.000 	0.000 	0.000 	0.000 	0.000 	0.000 	0.000 	: 	: 	: 	: 	: 	: 	: 	: 	: 	: 	: 	: 
RA120,GWH,MT	: 	0.000 	0.000 	0.000 	0.000 	0.000 	0.000 	0.000 	0.000 	0.000 	0.000 	0.000 	0.000 	0.000 	0.000 	0.000 	0.000 	0.000 	0.000 	0.000 	0.000 	0.000 	0.000 	0.000 	0.000 	0.000 	0.000 	0.000 	0.000 	0.000 	0.000 	0.000 	0.000 	0.000 	0.000 	0.000 	0.000 	0.000 	0.000 	0.000 	0.000 	0.000 	0.000 	0.000 	0.000 	0.000 	0.000 	0.000 	0.000 	0.000 	0.000 	0.000 	0.000 	0.000 	0.000 	0.000 	0.000 	0.000 	0.000 	0.000 	0.000 	0.000 	0.000 	0.000 	: 	: 	: 	: 	: 	: 	: 	: 	: 	: 	: 	: 
RA120,GWH,NL	: 	: 	0.000 	0.000 	0.000 	0.000 	0.000 	0.000 	0.000 	0.000 	0.000 	0.000 	0.000 	0.000 	0.000 	0.000 	0.000 	0.000 	0.000 	0.000 	0.000 	0.000 	0.000 	0.000 	0.000 	0.000 	0.000 	0.000 	0.000 	0.000 	0.000 e	0.000 	0.000 	0.000 	0.000 	0.000 	0.000 	0.000 	0.000 	0.000 	0.000 	0.000 	0.000 	0.000 	0.000 e	0.000 e	0.000 e	0.000 e	0.000 e	0.000 e	0.000 e	0.000 e	0.000 e	0.000 e	0.000 e	0.000 e	0.000 e	0.000 e	0.000 e	0.000 e	0.000 e	0.000 e	0.000 e	0.000 e	: 	: 	: 	: 	: 	: 	: 	: 	: 	: 	: 	: 
RA120,GWH,NO	340.804 	571.611 	238.723 	303.606 	628.958 	414.983 	315.291 	449.053 	423.982 	271.460 	165.042 	161.176 	359.444 	392.617 	519.166 	756.131 	436.677 	225.290 	232.275 	119.362 	83.784 	68.056 	9.211 	229.087 	103.074 	273.785 	295.532 	172.229 	342.169 	453.678 	113.783 	14.316 	8.603 	26.536 	5.393 	9.784 	109.042 	195.281 	287.859 	528.383 	494.619 	309.853 	67.623 	121.894 	85.547 	157.392 	14.107 	8.765 	168.865 	642.084 	708.110 	712.059 	475.584 	373.729 	131.669 	169.979 	39.824 	26.903 	13.104 	171.565 	259.601 	350.736 	414.525 	429.332 	: 	: 	: 	: 	: 	: 	: 	: 	: 	: 	: 	: 
RA120,GWH,PL	: 	: 	: c	: c	: c	: c	: c	: c	: c	: c	: c	: c	: c	: c	: c	: c	: c	: c	: c	: c	: c	: c	: c	: c	: c	: c	: c	: c	: c	0.000 	: c	: c	: c	: c	: c	: c	: c	: c	: c	: c	: c	0.000 	: c	: c	: c	: c	: c	: c	: c	: c	: c	: c	: c	: c	0.000 	: c	: c	: c	: c	: c	: c	: c	: c	: c	: 	: 	: 	: 	: 	: 	: 	: 	: 	: 	: 	: 
RA120,GWH,PT	: 	: 	215.134 	267.352 	344.712 	332.924 	287.823 	159.111 	207.808 	136.709 	135.746 	264.573 	220.877 	300.543 	641.204 	415.494 	380.658 	247.204 	273.506 	192.936 	176.169 	196.513 	205.828 	272.611 	312.466 	347.094 	310.272 	409.916 	649.243 	347.171 	200.888 	214.983 	170.793 	113.995 	96.589 	205.546 	268.000 	217.000 	233.000 	248.000 	327.000 	205.000 	213.000 	173.000 	165.000 	153.000 	148.000 	193.000 	405.000 	608.000 	268.000 	262.000 	324.000 	242.000 	131.000 	133.754 	152.213 	154.228 	139.504 	204.502 	262.234 	263.636 	273.069 	289.193 	: 	: 	: 	: 	: 	: 	: 	: 	: 	: 	: 	: 
RA120,GWH,RO	: 	0.000 	0.000 	0.000 	0.000 	0.000 	0.000 	0.000 	0.000 	0.000 	0.000 	0.000 	0.000 	0.000 	0.000 	0.000 	0.000 	0.000 	0.000 	0.000 	0.000 	0.000 	0.000 	0.000 	0.000 	0.000 	0.000 	0.000 	0.000 	0.000 	0.000 	0.000 	0.000 	0.000 	0.000 	0.000 	0.000 	0.000 	0.000 	0.000 	0.000 	0.000 	0.000 	0.000 	0.000 	0.000 	0.000 	0.000 	0.000 	0.000 	0.000 	0.000 	0.000 	0.000 	0.000 	0.000 	0.000 	0.000 	0.000 	0.000 	0.000 	0.000 	0.000 	0.000 	: 	: 	: 	: 	: 	: 	: 	: 	: 	: 	: 	: 
RA120,GWH,RS	: 	31.726 	19.610 	37.912 	45.740 	41.393 	16.401 	15.596 	28.285 	29.750 	40.606 	47.931 	52.480 	42.614 	39.951 	40.423 	28.943 	34.005 	4.350 	15.188 	33.620 	8.209 	31.782 	33.805 	9.415 	16.268 	7.801 	30.569 	17.820 	6.850 	20.907 	1.929 	6.671 	8.293 	24.470 	12.638 	10.401 	30.805 	19.996 	29.506 	10.242 	4.793 	1.009 	7.318 	58.086 	71.289 	41.456 	47.088 	47.487 	46.162 	41.289 	18.113 	27.957 	29.005 	28.767 	0.514 	6.088 	7.124 	8.188 	12.713 	30.243 	28.495 	31.379 	50.742 	: 	: 	: 	: 	: 	: 	: 	: 	: 	: 	: 	: 
RA120,GWH,SE	: 	10.499 e	10.526 e	10.845 e	0.000 	0.000 	0.000 	0.000 	0.000 	0.000 	0.000 	0.000 	0.000 	0.000 	0.000 	0.000 	0.000 	0.000 	0.000 	0.000 	0.000 	0.000 	0.000 	0.000 	0.000 	0.000 	0.000 	0.000 	0.000 	0.000 	0.000 	0.000 	0.000 	0.000 	0.000 	0.000 	0.000 	0.000 	0.000 	0.000 	0.000 	0.000 	0.000 	0.000 	0.000 	0.000 	0.000 	0.000 	0.000 	0.000 	0.000 	0.000 	0.000 	0.000 	0.000 	0.000 	0.000 	0.000 	0.000 	0.000 	0.000 	0.000 	0.000 	0.000 	: 	: 	: 	: 	: 	: 	: 	: 	: 	: 	: 	: 
RA120,GWH,SI	: 	: 	0.000 	0.000 	0.000 	0.000 	0.000 	0.000 	0.000 	0.000 	0.000 	0.000 	0.000 	0.000 	0.000 	0.000 	0.000 	0.000 	0.000 	0.000 	0.000 	0.000 	0.000 	0.000 	0.000 	0.000 	0.000 	0.000 	0.000 	0.000 	0.000 	0.000 	0.000 	0.000 	0.000 	0.000 	0.000 	0.000 	0.000 	0.000 	0.000 	0.000 	0.000 	0.000 	0.000 	0.000 	0.000 	0.000 	0.000 	0.000 	0.000 	0.000 	0.000 	0.000 	0.000 	0.000 	0.000 	0.000 	0.000 	0.000 	0.000 	0.000 	0.000 	0.000 	: 	: 	: 	: 	: 	: 	: 	: 	: 	: 	: 	: 
RA120,GWH,SK	: 	0.000 	0.000 	0.000 	0.000 	0.000 	0.000 	0.000 	0.000 	0.000 	0.000 	0.000 	0.000 	0.000 	0.000 	0.000 	0.000 	0.000 	0.000 	0.000 	0.000 	0.000 	0.000 	0.000 	0.000 	0.000 	0.000 	0.000 	0.000 	0.000 	0.000 	0.000 	0.000 	0.000 	0.000 	0.000 	0.000 	0.000 	0.000 	0.000 	0.000 	0.000 	0.000 	0.000 	0.000 	0.000 	0.000 	0.000 	0.000 	0.000 	0.000 	0.000 	0.000 	0.000 	0.000 	0.000 	0.000 	0.000 	0.000 	0.000 	0.000 	0.000 	0.000 	0.000 	: 	: 	: 	: 	: 	: 	: 	: 	: 	: 	: 	: 
RA120,GWH,TR	: 	: 	0.000 	0.000 	0.000 	0.000 	0.000 	0.000 	0.000 	0.000 	0.000 	0.000 	0.000 	0.000 	0.000 	0.000 	0.000 	0.000 	0.000 	0.000 	0.000 	0.000 	0.000 	0.000 	0.000 	0.000 	0.000 	0.000 	0.000 	0.000 	0.000 	0.000 	0.000 	0.000 	0.000 	0.000 	0.000 	0.000 	0.000 	0.000 	0.000 	0.000 	0.000 	0.000 	0.000 	0.000 	0.000 	0.000 	0.000 	0.000 	0.000 	0.000 	0.000 	0.000 	0.000 	0.000 	0.000 	0.000 	0.000 	0.000 	0.000 	0.000 	0.000 	0.000 	: 	: 	: 	: 	: 	: 	: 	: 	: 	: 	: 	: 
RA120,GWH,UA	: 	: 	: 	0.000 	0.000 	0.000 	0.000 	0.000 	0.000 	0.000 	0.000 	0.000 	0.000 	0.000 	0.000 	0.000 	0.000 	0.000 	0.000 	0.000 	0.000 	0.000 	0.000 	0.000 	0.000 	0.000 	0.000 	0.000 	0.000 	0.000 	0.000 	0.000 	0.000 	0.000 	0.000 	0.000 	0.000 	0.000 	0.000 	0.000 	0.000 	0.000 	0.000 	0.000 	0.000 	0.000 	0.000 	0.000 	0.000 	0.000 	0.000 	0.000 	0.000 	0.000 	0.000 	: 	: 	: 	: 	: 	: 	: 	: 	: 	: 	: 	: 	: 	: 	: 	: 	: 	: 	: 	: 	: 
RA120,GWH,UK	: 	: 	: 	: 	: 	: 	: 	: 	: 	: 	: 	: 	: 	: 	: 	: 	: 	: 	3.633 	3.448 	1.952 	3.401 	3.394 	3.248 	1.712 	3.757 	3.451 	3.637 	0.000 	0.000 	23.538 	21.158 	26.200 	15.864 	15.585 	18.452 	20.422 	27.937 	19.781 	22.520 	21.071 	16.651 	21.417 	22.050 	22.177 	22.783 	21.264 	10.563 	11.361 	23.500 	20.682 	22.957 	14.697 	16.527 	11.854 	25.382 	25.146 	23.829 	18.265 	25.915 	20.056 	21.474 	20.923 	7.088 	: 	: 	: 	: 	: 	: 	: 	: 	: 	: 	: 	: 
RA130,GWH,AL	: 	0.000 	0.000 	0.000 	0.000 	0.000 	0.000 	0.000 	0.000 	0.000 	0.000 	0.000 	0.000 	0.000 	0.000 	0.000 	0.000 	0.000 	0.000 	0.000 	0.000 	0.000 	0.000 	0.000 	0.000 	0.000 	0.000 	0.000 	0.000 	0.000 	0.000 	0.000 	0.000 	0.000 	0.000 	0.000 	0.000 	0.000 	0.000 	0.000 	0.000 	0.000 	0.000 	0.000 	0.000 	0.000 	0.000 	0.000 	0.000 	0.000 	0.000 	0.000 	: 	: 	: 	: 	: 	: 	: 	: 	: 	: 	: 	: 	: 	: 	: 	: 	: 	: 	: 	: 	: 	: 	: 	: 
RA130,GWH,AT	: 	0.000 	0.000 	0.000 	0.000 	0.000 	0.000 	0.000 	0.000 	0.000 	0.000 	0.000 	0.000 	0.000 	0.000 	0.000 	0.000 	0.000 	0.000 	0.000 	0.000 	0.000 	0.000 	0.000 	0.000 	0.000 	0.000 	0.000 	0.000 	0.000 	0.000 	0.000 	0.000 	0.000 	0.000 	0.000 	0.000 	0.000 	0.000 	0.000 	0.000 	0.000 	0.000 	0.000 	0.000 	0.000 	0.000 	0.000 	0.000 	0.000 	0.000 	0.000 	0.000 	0.000 	0.000 	0.000 	0.000 	0.000 	0.000 	0.000 	0.000 	0.000 	0.000 	0.000 	: 	: 	: 	: 	: 	: 	: 	: 	: 	: 	: 	: 
RA130,GWH,BA	: 	: 	0.000 	0.000 	0.000 	0.000 	0.000 	0.000 	0.000 	0.000 	0.000 	0.000 	0.000 	0.000 	0.000 	0.000 	0.000 	0.000 	0.000 	0.000 	0.000 	0.000 	0.000 	0.000 	0.000 	0.000 	0.000 	0.000 	0.000 	0.000 	0.000 	0.000 	0.000 	0.000 	0.000 	0.000 	0.000 	0.000 	0.000 	0.000 	: 	: 	: 	: 	: 	: 	: 	0.000 	0.000 	0.000 	0.000 	0.000 	: 	: 	: 	: 	0.000 	0.000 	0.000 	0.000 	0.000 	0.000 	0.000 	0.000 	: 	: 	: 	: 	: 	: 	: 	: 	: 	: 	: 	: 
RA130,GWH,BE	: 	: 	108.243 	113.298 	106.507 	93.789 	119.248 	95.477 	99.765 	42.247 	4.238 	5.022 	52.666 	105.333 	84.003 	93.535 	96.514 	79.881 	85.070 	91.895 	74.901 	84.236 	75.372 	73.569 	87.226 	86.109 	87.735 	92.772 	97.853 	74.272 	78.326 	53.596 	49.377 	52.056 	77.571 	64.655 	72.124 	76.254 	66.163 	88.675 	80.537 	85.628 	89.835 	66.690 	41.752 	59.642 	62.337 	89.586 	102.990 	106.773 	81.015 	116.405 	115.378 	101.447 	104.929 	82.058 	68.332 	71.794 	82.741 	88.843 	72.760 	93.337 	93.806 	117.823 	: 	: 	: 	: 	: 	: 	: 	: 	: 	: 	: 	: 
RA130,GWH,BG	: 	: 	1.476 	1.764 	2.075 	2.725 	9.370 	0.898 	10.866 	13.785 	19.288 	19.391 	14.767 	22.162 	45.405 	59.282 	75.886 	54.514 	44.273 	41.356 	26.253 	14.297 	9.450 	8.063 	19.898 	41.071 	44.624 	66.030 	53.870 	45.937 	49.033 	36.968 	21.938 	14.472 	8.648 	4.071 	33.389 	63.917 	32.105 	47.622 	39.083 	32.978 	15.408 	8.375 	3.181 	0.000 	4.317 	7.333 	18.465 	28.676 	29.275 	65.257 	64.262 	63.026 	46.449 	35.327 	32.931 	20.312 	22.924 	31.730 	59.789 	81.373 	78.060 	67.530 	: 	: 	: 	: 	: 	: 	: 	: 	: 	: 	: 	: 
RA130,GWH,CY	: 	: 	0.000 	0.000 	0.000 	0.000 	0.000 	0.000 	0.000 	0.000 	0.000 	0.000 	0.000 	0.000 	0.000 	0.000 	0.000 	0.000 	0.000 	0.000 	0.000 	0.000 	0.000 	0.000 	0.000 	0.000 	0.000 	0.000 	0.000 	0.000 	0.000 	0.000 	0.000 	0.000 	0.000 	0.000 	0.000 	0.000 	0.000 	0.000 	0.000 	0.000 	0.000 	0.000 	0.000 	0.000 	0.000 	0.000 	0.000 	0.000 	0.000 	0.000 	0.000 	0.000 	0.000 	0.000 	0.000 	0.000 	0.000 	0.000 	0.000 	0.000 	0.000 	0.000 	: 	: 	: 	: 	: 	: 	: 	: 	: 	: 	: 	: 
RA130,GWH,CZ	: 	: 	93.855 	107.749 	131.595 	117.004 	118.305 	112.735 	103.414 	71.252 	49.131 	76.244 	100.828 	91.965 	106.108 	116.978 	122.341 	104.966 	101.431 	102.706 	101.146 	100.075 	60.182 	116.191 	135.891 	108.872 	111.571 	110.754 	135.888 	97.519 	110.717 	102.678 	98.477 	84.203 	66.397 	91.876 	88.735 	92.612 	78.151 	104.282 	111.289 	103.967 	86.258 	41.571 	41.571 	38.171 	59.704 	93.342 	113.903 	117.523 	100.147 	129.871 	136.263 	111.078 	81.188 	94.590 	92.745 	47.619 	84.180 	95.113 	93.714 	107.919 	102.932 	108.151 	: 	: 	: 	: 	: 	: 	: 	: 	: 	: 	: 	: 
RA130,GWH,DE	: 	: 	455.108 	486.722 	520.033 	486.796 	423.250 	374.560 	311.247 	251.818 	350.826 	300.311 	371.252 	458.486 	378.861 	465.159 	506.053 	456.819 	474.104 	429.635 	470.205 	492.540 	405.177 	565.117 	623.162 	533.618 	528.310 	500.423 	530.468 	434.460 	522.482 	465.743 	450.161 	399.560 	461.137 	416.914 	474.177 	501.888 	427.613 	500.148 	511.090 	466.344 	544.535 	492.981 	414.625 	293.908 	374.870 	513.071 	531.142 	484.315 	417.155 	541.545 	578.965 	500.063 	548.966 	448.784 	419.038 	378.804 	448.435 	443.693 	497.734 	491.825 	480.846 	632.047 	: 	: 	: 	: 	: 	: 	: 	: 	: 	: 	: 	: 
RA130,GWH,DK	: 	0.000 	0.000 	0.000 	0.000 	0.000 	0.000 	0.000 	0.000 	0.000 	0.000 	0.000 	0.000 	0.000 	0.000 	0.000 	0.000 	0.000 	0.000 	0.000 	0.000 	0.000 	0.000 	0.000 	0.000 	0.000 	0.000 	0.000 	0.000 	0.000 	0.000 	0.000 	0.000 	0.000 	0.000 	0.000 	0.000 	0.000 	0.000 	0.000 	0.000 	0.000 	0.000 	0.000 	0.000 	0.000 	0.000 	0.000 	0.000 	0.000 	0.000 	0.000 	0.000 	0.000 	0.000 	0.000 	0.000 	0.000 	0.000 	0.000 	0.000 	0.000 	0.000 	0.000 	: 	: 	: 	: 	: 	: 	: 	: 	: 	: 	: 	: 
RA130,GWH,EA19	: 	: 	1320.437 	1318.971 	1488.721 	1323.123 	1224.940 	1015.572 	1011.696 	819.857 	906.184 	1089.335 	1046.404 	1392.827 	1423.864 	1434.298 	1466.984 	1202.643 	1327.630 	1163.897 	1132.961 	1148.843 	1102.746 	1432.658 	1586.337 	1557.201 	1362.068 	1334.813 	1548.607 	1152.273 	1173.763 	978.191 	965.033 	858.550 	1042.291 	1030.628 	1062.366 	1219.328 	1075.494 	1241.950 	1368.999 	1220.551 	1393.139 	1078.200 	1009.062 	917.108 	1261.422 	1619.431 	1831.946 	1810.005 	1433.587 	1742.515 	1969.775 	1512.280 	1413.644 	1196.470 	1193.354 	1124.849 	1364.312 	1482.085 	1550.509 	1668.981 	1707.083 	1921.282 	: 	: 	: 	: 	: 	: 	: 	: 	: 	: 	: 	: 
RA130,GWH,EE	: 	: 	0.000 	0.000 	0.000 	0.000 	0.000 	0.000 	0.000 	0.000 	0.000 	0.000 	0.000 	0.000 	0.000 	0.000 	0.000 	0.000 	0.000 	0.000 	0.000 	0.000 	0.000 	0.000 	0.000 	0.000 	0.000 	0.000 	0.000 	0.000 	0.000 	0.000 	0.000 	0.000 	0.000 	0.000 	0.000 	0.000 	0.000 	0.000 	0.000 	0.000 	0.000 	0.000 	0.000 	0.000 	0.000 	0.000 	0.000 	0.000 	0.000 	0.000 	0.000 	0.000 	0.000 	0.000 	0.000 	0.000 	0.000 	0.000 	0.000 	0.000 	0.000 	0.000 	: 	: 	: 	: 	: 	: 	: 	: 	: 	: 	: 	: 
RA130,GWH,EL	: 	0.000 	0.000 	0.000 	0.000 	0.000 	0.000 	0.000 	0.000 	0.000 	0.000 	0.000 	0.000 	0.000 	0.000 	0.000 	0.000 	0.000 	0.000 	0.000 	0.000 	0.000 	0.000 	0.000 	0.000 	0.000 	0.000 	0.000 	0.000 	0.000 	0.000 	0.000 	0.000 	0.000 	0.000 	0.000 	0.000 	0.000 	0.000 	0.000 	0.000 	0.000 	0.000 	0.000 	0.000 	0.000 	0.000 	0.000 	0.000 	0.000 	0.000 	0.000 	0.000 	0.000 	0.000 	0.000 	0.000 	0.000 	0.000 	0.000 	0.000 	0.000 	0.000 	0.000 	: 	: 	: 	: 	: 	: 	: 	: 	: 	: 	: 	: 
RA130,GWH,ES	: 	: 	285.086 	215.451 	269.909 	202.787 	232.113 	118.240 	159.087 	115.792 	105.706 	238.709 	153.680 	330.795 	401.293 	320.511 	318.745 	205.998 	229.967 	187.668 	158.855 	167.161 	152.396 	243.640 	314.351 	303.524 	229.840 	233.779 	318.751 	172.106 	116.034 	104.265 	70.640 	24.308 	55.303 	127.534 	119.385 	189.243 	188.799 	166.107 	134.669 	142.903 	215.002 	40.027 	60.031 	35.306 	58.723 	153.274 	345.637 	369.778 	180.623 	273.435 	399.543 	194.078 	159.466 	119.195 	115.563 	104.818 	125.950 	164.927 	263.933 	241.328 	403.335 	312.359 	: 	: 	: 	: 	: 	: 	: 	: 	: 	: 	: 	: 
RA130,GWH,EU27_2020	: 	: 	1506.548 	1508.817 	1696.796 	1506.698 	1420.836 	1179.128 	1180.728 	943.294 	1015.989 	1255.655 	1219.209 	1564.924 	1635.649 	1706.704 	1784.646 	1445.522 	1548.475 	1363.287 	1308.545 	1294.725 	1215.098 	1613.404 	1795.167 	1771.265 	1607.414 	1594.749 	1829.529 	1367.172 	1385.884 	1166.014 	1127.645 	997.553 	1173.326 	1176.120 	1250.364 	1452.355 	1234.461 	1441.567 	1579.130 	1387.210 	1531.503 	1150.214 	1079.166 	972.763 	1348.796 	1758.338 	1999.339 	1986.519 	1586.112 	1998.900 	2246.802 	1740.417 	1605.118 	1360.209 	1346.270 	1213.081 	1492.277 	1634.392 	1738.377 	1894.842 	1926.537 	2126.239 	: 	: 	: 	: 	: 	: 	: 	: 	: 	: 	: 	: 
RA130,GWH,FI	0.000 	0.000 	0.000 	0.000 	0.000 	0.000 	0.000 	0.000 	0.000 	0.000 	0.000 	0.000 	0.000 	0.000 	0.000 	0.000 	0.000 	0.000 	0.000 	0.000 	0.000 	0.000 	0.000 	0.000 	0.000 	0.000 	0.000 	0.000 	0.000 	0.000 	0.000 	0.000 	0.000 	0.000 	0.000 	0.000 	0.000 	0.000 	0.000 	0.000 	0.000 	0.000 	0.000 	0.000 	0.000 	0.000 	0.000 	0.000 	0.000 	0.000 	0.000 	0.000 	0.000 	0.000 	0.000 	0.000 	0.000 	0.000 	0.000 	0.000 	0.000 	0.000 	0.000 	0.000 	: 	: 	: 	: 	: 	: 	: 	: 	: 	: 	: 	: 
RA130,GWH,FR	: 	138.769 e	131.615 e	177.572 e	159.134 e	120.176 e	90.938 e	102.520 e	131.939 e	168.759 e	186.518 e	188.108 e	121.051 e	178.402 e	207.045 e	219.608 e	171.163 e	134.900 e	154.264 e	100.632 e	110.192 e	137.976 e	190.755 e	200.459 e	152.871 e	220.602 e	188.831 e	189.687 e	236.070 e	194.880 e	114.222 e	77.488 e	112.566 e	132.070 e	173.374 e	167.055 e	135.496 e	155.234 e	151.868 e	149.727 e	326.077 e	250.307 e	186.030 e	192.137 e	248.651 e	336.328 e	482.128 e	489.332 e	444.816 e	455.721 e	459.071 e	467.095 e	438.078 e	322.169 e	224.005 e	253.982 e	289.498 e	322.902 e	422.786 e	471.973 e	347.539 e	517.089 e	375.707 e	433.341 e	: 	: 	: 	: 	: 	: 	: 	: 	: 	: 	: 	: 
RA130,GWH,GE	: 	0.000 	0.000 	0.000 	0.000 	0.000 	0.000 	0.000 	0.000 	0.000 	0.000 	0.000 	0.000 	0.000 	0.000 	0.000 	0.000 	0.000 	0.000 	0.000 	0.000 	0.000 	0.000 	0.000 	0.000 	0.000 	0.000 	0.000 	0.000 	0.000 	0.000 	0.000 	0.000 	0.000 	0.000 	0.000 	0.000 	0.000 	0.000 	0.000 	0.000 	0.000 	0.000 	0.000 	0.000 	0.000 	0.000 	0.000 	0.000 	0.000 	0.000 	0.000 	: 	: 	: 	: 	: 	: 	: 	: 	: 	: 	: 	: 	: 	: 	: 	: 	: 	: 	: 	: 	: 	: 	: 	: 
RA130,GWH,HR	: 	0.000 	0.000 	0.000 	0.000 	0.000 	0.000 	0.000 	0.000 	0.000 	0.000 	0.000 	0.000 	0.000 	0.000 	0.000 	0.000 	0.000 	0.000 	0.000 	0.000 	0.000 	0.000 	0.000 	0.000 	0.000 	0.000 	0.000 	0.000 	0.000 	0.000 	0.000 	0.000 	0.000 	0.000 	0.000 	0.000 	0.000 	0.000 	0.000 	0.000 	0.000 	0.000 	0.000 	0.000 	0.000 	0.000 	0.000 	0.000 	0.000 	0.000 	0.000 	0.000 	0.000 	0.000 	0.000 	0.000 	0.000 	0.000 	0.000 	0.000 	0.000 	0.000 	0.000 	: 	: 	: 	: 	: 	: 	: 	: 	: 	: 	: 	: 
RA130,GWH,HU	: 	: 	0.000 	0.000 	0.000 	0.000 	0.000 	0.000 	0.000 	0.000 	0.000 	0.000 	0.000 	0.000 	0.000 	0.000 	0.000 	0.000 	0.000 	0.000 	0.000 	0.000 	0.000 	0.000 	0.000 	0.000 	0.000 	0.000 	0.000 	0.000 	0.000 	0.000 	0.000 	0.000 	0.000 	0.000 	0.000 	0.000 	0.000 	0.000 	0.000 	0.000 	0.000 	0.000 	0.000 	0.000 	0.000 	0.000 	0.000 	0.000 	0.000 	0.000 	0.000 	0.000 	0.000 	0.000 	0.000 	0.000 	0.000 	0.000 	0.000 	0.000 	0.000 	0.000 	: 	: 	: 	: 	: 	: 	: 	: 	: 	: 	: 	: 
RA130,GWH,IE	: 	25.616 	25.181 	24.073 	26.219 	24.076 	24.172 	23.399 	26.244 	22.888 	22.422 	23.716 	24.243 	17.578 	24.037 	23.813 	22.263 	16.392 	23.357 	24.271 	25.103 	24.611 	24.418 	26.589 	25.915 	24.961 	24.629 	25.825 	25.274 	22.912 	24.720 	20.633 	21.958 	20.237 	10.876 	10.387 	24.274 	21.022 	19.041 	21.268 	19.860 	19.513 	18.691 	20.358 	19.998 	13.743 	11.771 	20.355 	20.193 	23.731 	21.731 	24.992 	23.507 	22.350 	3.600 	0.001 	0.000 	11.856 	22.691 	23.453 	21.767 	24.158 	21.990 	25.834 	: 	: 	: 	: 	: 	: 	: 	: 	: 	: 	: 	: 
RA130,GWH,IS	: 	0.000 	0.000 	0.000 	0.000 	0.000 	0.000 	0.000 	0.000 	0.000 	0.000 	0.000 	0.000 	0.000 	0.000 	0.000 	0.000 	0.000 	0.000 	0.000 	0.000 	0.000 	0.000 	0.000 	0.000 	0.000 	0.000 	0.000 	0.000 	0.000 	0.000 	0.000 	0.000 	0.000 	0.000 	0.000 	0.000 	0.000 	0.000 	0.000 	0.000 	0.000 	0.000 	0.000 	0.000 	0.000 	0.000 	0.000 	0.000 	0.000 	0.000 	0.000 	0.000 	0.000 	0.000 	0.000 	0.000 	0.000 	0.000 	0.000 	0.000 	0.000 	0.000 	0.000 	: 	: 	: 	: 	: 	: 	: 	: 	: 	: 	: 	: 
RA130,GWH,IT	: 	: 	136.000 e	97.000 e	184.000 e	180.000 e	122.000 e	122.000 e	115.000 e	77.000 e	93.000 e	146.000 e	125.000 e	129.000 e	146.000 e	114.000 e	151.000 e	115.000 e	155.000 e	107.000 e	92.000 e	70.000 e	74.000 e	146.000 e	186.000 e	188.000 e	109.000 e	111.000 e	160.000 e	108.000 e	146.000 e	78.000 e	65.000 e	57.000 e	96.000 e	117.000 e	135.000 e	143.000 e	113.000 e	163.000 e	136.000 	93.000 	85.000 	62.000 	64.000 	81.000 	78.000 	117.000 e	187.000 e	172.000 e	111.000 e	117.000 e	187.000 e	148.000 e	103.000 e	88.000 e	90.000 e	71.000 e	89.000 e	115.000 e	152.000 e	118.000 e	120.000 e	169.000 e	: 	: 	: 	: 	: 	: 	: 	: 	: 	: 	: 	: 
RA130,GWH,LT	: 	: 	43.214 	67.760 	75.264 	73.943 	67.461 	47.076 	43.767 	37.465 	36.151 	63.736 	70.333 	53.435 	59.828 	63.426 	68.265 	73.522 	50.033 	72.144 	76.854 	67.076 	64.440 	47.978 	50.043 	72.022 	69.053 	49.422 	42.441 	22.028 	57.800 	82.900 	93.800 	87.290 	59.255 	39.282 	23.204 	16.563 	22.272 	37.976 	29.577 	32.718 	84.344 	72.948 	49.743 	21.733 	36.709 	49.536 	15.577 	28.242 	41.173 	51.384 	43.010 	45.526 	57.139 	60.809 	67.075 	55.183 	51.252 	41.729 	33.864 	24.208 	41.101 	46.612 	: 	: 	: 	: 	: 	: 	: 	: 	: 	: 	: 	: 
RA130,GWH,LU	: 	: 	82.973 	76.309 	85.871 	81.694 	88.146 	89.839 	79.360 	67.011 	68.680 	83.672 	86.494 	82.343 	74.814 	81.516 	76.653 	63.960 e	100.534 	96.568 	81.983 	75.611 	77.229 	87.469 	94.757 	83.001 	81.855 e	78.755 	90.128 	81.223 	74.258 	53.211 	61.388 	48.921 	62.504 	51.458 	51.533 	95.124 	72.738 	92.049 	102.189 	103.764 	116.022 	93.633 	78.921 	48.233 	102.277 	128.550 	130.551 	125.683 	96.819 	110.912 	126.367 	109.677 	145.473 	117.457 	110.870 	73.557 	78.544 	90.386 	124.310 	115.821 	117.471 	119.466 	: 	: 	: 	: 	: 	: 	: 	: 	: 	: 	: 	: 
RA130,GWH,LV	: 	0.000 	0.000 	0.000 	0.000 	0.000 	0.000 	0.000 	0.000 	0.000 	0.000 	0.000 	0.000 	0.000 	0.000 	0.000 	0.000 	0.000 	0.000 	0.000 	0.000 	0.000 	0.000 	0.000 	0.000 	0.000 	0.000 	0.000 	0.000 	0.000 	0.000 	0.000 	0.000 	0.000 	0.000 	0.000 	0.000 	0.000 	0.000 	0.000 	0.000 	0.000 	0.000 	0.000 	0.000 	0.000 	0.000 	0.000 	0.000 	0.000 	0.000 	0.000 	0.000 	0.000 	0.000 	0.000 	0.000 	0.000 	0.000 	0.000 	0.000 	0.000 	0.000 	0.000 	: 	: 	: 	: 	: 	: 	: 	: 	: 	: 	: 	: 
RA130,GWH,MD	: 	: 	0.000 	0.000 	0.000 	0.000 	0.000 	0.000 	0.000 	0.000 	0.000 	0.000 	0.000 	0.000 	0.000 	0.000 	0.000 	0.000 	0.000 	0.000 	0.000 	0.000 	0.000 	0.000 	0.000 	0.000 	0.000 	0.000 	: 	: 	: 	: 	: 	: 	: 	: 	: 	: 	: 	: 	: 	: 	: 	: 	: 	: 	: 	: 	: 	: 	: 	: 	: 	: 	: 	: 	: 	: 	: 	: 	: 	: 	: 	: 	: 	: 	: 	: 	: 	: 	: 	: 	: 	: 	: 	: 
RA130,GWH,ME	: 	: 	: 	: 	: 	: 	: 	: 	: 	: 	: 	: 	: 	: 	: 	: 	: 	: 	: 	: 	: 	: 	: 	: 	: 	: 	: 	: 	: 	: 	: 	: 	: 	: 	: 	: 	0.000 	0.000 	0.000 	0.000 	0.000 	0.000 	0.000 	0.000 	0.000 	0.000 	0.000 	0.000 	0.000 	0.000 	0.000 	0.000 	0.000 	0.000 	0.000 	0.000 	0.000 	0.000 	0.000 	0.000 	0.000 	0.000 	0.000 	0.000 	: 	: 	: 	: 	: 	: 	: 	: 	: 	: 	: 	: 
RA130,GWH,MK	: 	: 	0.000 	0.000 	0.000 	0.000 	0.000 	0.000 	0.000 	0.000 	0.000 	0.000 	0.000 	0.000 	0.000 	0.000 	0.000 	0.000 	0.000 	0.000 	0.000 	0.000 	0.000 	0.000 	0.000 	0.000 	0.000 	0.000 	0.000 	0.000 	0.000 	0.000 	0.000 	0.000 	0.000 	0.000 	0.000 	0.000 	0.000 	0.000 	0.000 	0.000 	0.000 	0.000 	0.000 	0.000 	0.000 	0.000 	0.000 	0.000 	0.000 	0.000 	0.000 	0.000 	0.000 	0.000 	0.000 	0.000 	0.000 	0.000 	0.000 	0.000 	0.000 	0.000 	: 	: 	: 	: 	: 	: 	: 	: 	: 	: 	: 	: 
RA130,GWH,MT	: 	0.000 	0.000 	0.000 	0.000 	0.000 	0.000 	0.000 	0.000 	0.000 	0.000 	0.000 	0.000 	0.000 	0.000 	0.000 	0.000 	0.000 	0.000 	0.000 	0.000 	0.000 	0.000 	0.000 	0.000 	0.000 	0.000 	0.000 	0.000 	0.000 	0.000 	0.000 	0.000 	0.000 	0.000 	0.000 	0.000 	0.000 	0.000 	0.000 	0.000 	0.000 	0.000 	0.000 	0.000 	0.000 	0.000 	0.000 	0.000 	0.000 	0.000 	0.000 	0.000 	0.000 	0.000 	0.000 	0.000 	0.000 	0.000 	0.000 	0.000 	0.000 	0.000 	0.000 	: 	: 	: 	: 	: 	: 	: 	: 	: 	: 	: 	: 
RA130,GWH,NL	: 	: 	0.000 	0.000 	0.000 	0.000 	0.000 	0.000 	0.000 	0.000 	0.000 	0.000 	0.000 	0.000 	0.000 	0.000 	0.000 	0.000 	0.000 	0.000 	0.000 	0.000 	0.000 	0.000 	0.000 	0.000 	0.000 	0.000 	0.000 	0.000 	0.000 e	0.000 	0.000 	0.000 	0.000 	0.000 	0.000 	0.000 	0.000 	0.000 	0.000 	0.000 	0.000 	0.000 	0.000 e	0.000 e	0.000 e	0.000 e	0.000 e	0.000 e	0.000 e	0.000 e	0.000 e	0.000 e	0.000 e	0.000 e	0.000 e	0.000 e	0.000 e	0.000 e	0.000 e	0.000 e	0.000 e	0.000 e	: 	: 	: 	: 	: 	: 	: 	: 	: 	: 	: 	: 
RA130,GWH,NO	0.000 	0.000 	0.000 	0.000 	0.000 	0.000 	0.000 	0.000 	0.000 	0.000 	0.000 	0.000 	0.000 	0.000 	0.000 	0.000 	0.000 	0.000 	0.000 	0.000 	0.000 	0.000 	0.000 	0.000 	0.000 	0.000 	0.000 	0.000 	0.000 	0.000 	0.000 	0.000 	0.000 	0.000 	0.000 	0.000 	0.000 	0.000 	0.000 	0.000 	0.000 	0.000 	0.000 	0.000 	0.000 	0.000 	0.000 	0.000 	0.000 	0.000 	0.000 	0.000 	0.000 	0.000 	0.000 	0.000 	0.000 	0.000 	0.000 	0.000 	0.000 	0.000 	0.000 	0.000 	: 	: 	: 	: 	: 	: 	: 	: 	: 	: 	: 	: 
RA130,GWH,PL	: 	: 	90.780 	80.333 	74.405 	63.846 	68.221 	49.923 	54.752 	38.400 	41.386 	70.685 	57.210 	57.970 	60.272 	96.146 	119.435 	83.399 	75.141 	55.328 	48.185 	31.510 	42.720 	56.492 	53.041 	64.121 	89.151 	83.152 	91.164 	71.443 	52.371 	48.177 	42.197 	40.328 	55.990 	49.545 	65.874 	76.498 	48.711 	47.713 	59.759 	29.714 	36.698 	22.068 	25.352 	17.484 	23.353 	38.232 	35.025 	30.315 	23.103 	61.257 	76.502 	54.033 	63.837 	33.822 	27.240 	20.301 	20.861 	25.464 	34.365 	36.569 	38.462 	29.276 	: 	: 	: 	: 	: 	: 	: 	: 	: 	: 	: 	: 
RA130,GWH,PT	: 	: 	0.000 	0.000 	0.000 	0.000 	0.000 	0.000 	0.000 	0.000 	0.000 	0.000 	0.000 	0.000 	0.000 	0.000 	0.000 	0.000 	0.000 	0.000 	0.000 	0.000 	0.000 	0.000 	0.000 	0.000 	0.000 	0.000 	0.000 	0.000 	0.000 	0.000 	0.000 	0.000 	0.000 	0.000 	0.000 	0.000 	0.000 	0.000 	0.000 	0.000 	0.000 	0.000 	0.000 	0.000 	0.000 	0.000 	0.000 	0.000 	0.000 	0.000 	0.000 	0.000 	0.000 	0.000 	0.000 	0.000 	0.000 	0.000 	0.000 	0.000 	0.000 	0.000 	: 	: 	: 	: 	: 	: 	: 	: 	: 	: 	: 	: 
RA130,GWH,RO	: 	0.000 	0.000 	0.000 	0.000 	0.000 	0.000 	0.000 	0.000 	0.000 	0.000 	0.000 	0.000 	0.000 	0.000 	0.000 	0.000 	0.000 	0.000 	0.000 	0.000 	0.000 	0.000 	0.000 	0.000 	0.000 	0.000 	0.000 	0.000 	0.000 	0.000 	0.000 	0.000 	0.000 	0.000 	0.000 	0.000 	0.000 	0.000 	0.000 	0.000 	0.000 	0.000 	0.000 	0.000 	0.000 	0.000 	0.000 	0.000 	0.000 	0.000 	0.000 	0.000 	0.000 	0.000 	0.000 	0.000 	0.000 	0.000 	0.000 	0.000 	0.000 	0.000 	0.000 	: 	: 	: 	: 	: 	: 	: 	: 	: 	: 	: 	: 
RA130,GWH,RS	: 	64.762 	30.431 	75.348 	49.463 	75.229 	69.480 	78.144 	41.049 	38.478 	43.373 	30.386 	54.437 	50.926 	90.673 	77.598 	35.104 	71.008 	71.565 	55.744 	80.375 	66.246 	42.055 	49.112 	43.571 	49.262 	67.286 	82.822 	72.072 	23.678 	75.119 	51.472 	83.057 	60.189 	40.605 	60.939 	0.230 	116.421 	56.398 	99.419 	54.191 	54.714 	59.548 	68.109 	91.497 	40.194 	6.714 	67.069 	73.635 	75.651 	65.937 	96.257 	37.958 	37.163 	24.456 	56.847 	53.842 	32.794 	49.062 	26.849 	51.345 	71.464 	58.420 	93.907 	: 	: 	: 	: 	: 	: 	: 	: 	: 	: 	: 	: 
RA130,GWH,SE	: 	0.000 	0.000 	0.000 	0.000 	0.000 	0.000 	0.000 	0.000 	0.000 	0.000 	0.000 	0.000 	0.000 	0.000 	0.000 	0.000 	0.000 	0.000 	0.000 	0.000 	0.000 	0.000 	0.000 	0.000 	0.000 	0.000 	0.000 	0.000 	0.000 	0.000 	0.000 	0.000 	0.000 	0.000 	0.000 	0.000 	0.000 	0.000 	0.000 	0.000 	0.000 	0.000 	0.000 	0.000 	0.000 	0.000 	0.000 	0.000 	0.000 	0.000 	0.000 	0.000 	0.000 	0.000 	0.000 	0.000 	0.000 	0.000 	0.000 	0.000 	0.000 	0.000 	0.000 	: 	: 	: 	: 	: 	: 	: 	: 	: 	: 	: 	: 
RA130,GWH,SI	: 	: 	23.017 	26.786 	27.784 	25.862 	25.612 	17.461 	24.287 	23.877 	20.643 	24.061 	22.685 	20.455 	24.983 	25.730 	29.328 	28.171 	27.301 	23.084 	19.868 	13.632 	16.959 	24.837 	28.012 	27.364 	23.815 	27.150 	27.622 	25.392 	23.921 	22.355 	22.143 	18.108 	28.271 	22.343 	12.173 	0.000 	0.000 	0.000 	0.000 	1.374 	26.680 	22.426 	21.341 	18.215 	25.607 	28.727 	25.040 	14.762 	0.000 	3.747 	29.927 	29.970 	28.066 	16.184 	23.978 	16.935 	23.913 	23.081 	17.602 	20.215 	20.827 	20.800 	: 	: 	: 	: 	: 	: 	: 	: 	: 	: 	: 	: 
RA130,GWH,SK	: 	23.000 	30.000 	34.000 	34.000 	34.000 	32.000 	25.000 	21.000 	13.000 	18.000 	16.000 	19.000 	17.000 	23.000 	27.000 	27.000 	28.000 	28.000 	31.000 	23.000 	16.000 	22.000 	17.000 	24.000 	18.000 	19.000 	26.000 	20.000 	17.000 	16.000 	20.000 	18.000 	19.000 	18.000 	14.000 	15.000 	21.000 	14.000 	23.000 	29.000 	25.000 	27.000 	15.000 	10.000 	9.000 	29.000 	30.000 	29.000 	29.000 	25.000 	36.000 	28.000 	39.000 	39.000 	10.000 	9.000 	18.000 	19.000 	19.000 	19.000 	23.000 	32.000 	44.000 	: 	: 	: 	: 	: 	: 	: 	: 	: 	: 	: 	: 
RA130,GWH,TR	: 	: 	0.000 	0.000 	0.000 	0.000 	0.000 	0.000 	0.000 	0.000 	0.000 	0.000 	0.000 	0.000 	0.000 	0.000 	0.000 	0.000 	0.000 	0.000 	0.000 	0.000 	0.000 	0.000 	0.000 	0.000 	0.000 	0.000 	0.000 	0.000 	0.000 	0.000 	0.000 	0.000 	0.000 	0.000 	0.000 	0.000 	0.000 	0.000 	0.000 	0.000 	0.000 	0.000 	0.000 	0.000 	0.000 	0.000 	0.000 	0.000 	0.000 	0.000 	0.000 	0.000 	0.000 	0.000 	0.000 	0.000 	0.000 	0.000 	0.000 	0.000 	0.000 	0.000 	: 	: 	: 	: 	: 	: 	: 	: 	: 	: 	: 	: 
RA130,GWH,UA	: 	: 	: 	0.000 	0.000 	0.000 	0.000 	0.000 	0.000 	0.000 	0.000 	0.000 	0.000 	0.000 	0.000 	0.000 	0.000 	0.000 	0.000 	0.000 	0.000 	0.000 	0.000 	0.000 	0.000 	0.000 	0.000 	0.000 	0.000 	0.000 	0.000 	0.000 	0.000 	0.000 	0.000 	0.000 	0.000 	0.000 	0.000 	0.000 	0.000 	0.000 	0.000 	0.000 	0.000 	0.000 	0.000 	0.000 	0.000 	0.000 	0.000 	0.000 	0.000 	0.000 	0.000 	: 	: 	: 	: 	: 	: 	: 	: 	: 	: 	: 	: 	: 	: 	: 	: 	: 	: 	: 	: 	: 
RA130,GWH,UK	: 	: 	: 	: 	: 	: 	: 	: 	: 	: 	: 	: 	: 	: 	: 	: 	: 	: 	128.282 	99.919 	96.490 	77.498 	86.429 	80.044 	91.464 	140.660 	140.776 	143.615 	170.221 	143.221 	150.038 	105.267 	109.976 	94.943 	116.162 	75.151 	99.973 	162.360 	157.814 	189.071 	173.284 	167.462 	171.340 	146.302 	158.545 	162.091 	199.465 	193.563 	219.442 	247.852 	211.299 	228.877 	233.150 	228.376 	243.629 	169.192 	165.378 	225.235 	204.829 	216.824 	206.353 	237.246 	222.444 	244.746 	: 	: 	: 	: 	: 	: 	: 	: 	: 	: 	: 	: 
RA200,GWH,AL	: 	0.000 	0.000 	0.000 	0.000 	0.000 	0.000 	0.000 	0.000 	0.000 	0.000 	0.000 	0.000 	0.000 	0.000 	0.000 	0.000 	0.000 	0.000 	0.000 	0.000 	0.000 	0.000 	0.000 	0.000 	0.000 	0.000 	0.000 	0.000 	0.000 	0.000 	0.000 	0.000 	0.000 	0.000 	0.000 	0.000 	0.000 	0.000 	0.000 	0.000 	0.000 	0.000 	0.000 	0.000 	0.000 	0.000 	0.000 	0.000 	0.000 	0.000 	0.000 	: 	: 	: 	: 	: 	: 	: 	: 	: 	: 	: 	: 	: 	: 	: 	: 	: 	: 	: 	: 	: 	: 	: 	: 
RA200,GWH,AT	: 	0.000 	0.000 	0.000 	0.000 	0.000 	0.000 	0.000 	0.000 	0.000 	0.000 	0.000 	0.000 	0.000 	0.000 	0.000 	0.000 	0.000 	0.000 	0.000 	0.000 	0.000 	0.000 	0.000 	0.000 	0.000 	0.000 	0.000 	0.000 	0.000 	0.000 	0.000 	0.000 	0.000 	0.000 	0.000 	0.000 	0.000 	0.000 	0.000 	0.000 	0.000 	0.000 	0.000 	0.000 	0.000 	0.000 	0.000 	0.000 	0.000 	0.000 	0.000 	0.000 	0.000 	0.000 	0.000 	0.000 	0.000 	0.000 	0.000 	0.000 	0.000 	0.000 	0.000 	0.000 	0.000 	0.000 	0.000 	0.000 	0.000 	0.000 	0.000 	0.000 	0.000 	0.000 	0.000 
RA200,GWH,BA	: 	: 	0.000 	0.000 	0.000 	0.000 	0.000 	0.000 	0.000 	0.000 	0.000 	0.000 	0.000 	0.000 	0.000 	0.000 	0.000 	0.000 	0.000 	0.000 	0.000 	0.000 	0.000 	0.000 	0.000 	0.000 	0.000 	0.000 	0.000 	0.000 	0.000 	0.000 	0.000 	0.000 	0.000 	0.000 	0.000 	0.000 	0.000 	0.000 	: 	: 	: 	: 	: 	: 	: 	0.000 	0.000 	0.000 	0.000 	0.000 	: 	: 	: 	: 	0.000 	0.000 	0.000 	0.000 	0.000 	0.000 	0.000 	0.000 	: 	: 	: 	: 	: 	: 	: 	: 	: 	: 	: 	: 
RA200,GWH,BE	: 	: 	0.000 	0.000 	0.000 	0.000 	0.000 	0.000 	0.000 	0.000 	0.000 	0.000 	0.000 	0.000 	0.000 	0.000 	0.000 	0.000 	0.000 	0.000 	0.000 	0.000 	0.000 	0.000 	0.000 	0.000 	0.000 	0.000 	0.000 	0.000 	0.000 	0.000 	0.000 	0.000 	0.000 	0.000 	0.000 	0.000 	0.000 	0.000 	0.000 	0.000 	0.000 	0.000 	0.000 	0.000 	0.000 	0.000 	0.000 	0.000 	0.000 	0.000 	0.000 	0.000 	0.000 	0.000 	0.000 	0.000 	0.000 	0.000 	0.000 	0.000 	0.000 	0.000 	0.000 	0.000 	0.000 	0.000 	0.000 	0.000 	0.000 	0.000 	0.000 	0.000 	0.000 	0.000 
RA200,GWH,BG	: 	: 	0.000 	0.000 	0.000 	0.000 	0.000 	0.000 	0.000 	0.000 	0.000 	0.000 	0.000 	0.000 	0.000 	0.000 	0.000 	0.000 	0.000 	0.000 	0.000 	0.000 	0.000 	0.000 	0.000 	0.000 	0.000 	0.000 	0.000 	0.000 	0.000 	0.000 	0.000 	0.000 	0.000 	0.000 	0.000 	0.000 	0.000 	0.000 	0.000 	0.000 	0.000 	0.000 	0.000 	0.000 	0.000 	0.000 	0.000 	0.000 	0.000 	0.000 	0.000 	0.000 	0.000 	0.000 	0.000 	0.000 	0.000 	0.000 	0.000 	0.000 	0.000 	0.000 	0.000 	0.000 	0.000 	0.000 	0.000 	0.000 	0.000 	0.000 	0.000 	0.000 	0.000 	0.000 
RA200,GWH,CY	: 	: 	0.000 	0.000 	0.000 	0.000 	0.000 	0.000 	0.000 	0.000 	0.000 	0.000 	0.000 	0.000 	0.000 	0.000 	0.000 	0.000 	0.000 	0.000 	0.000 	0.000 	0.000 	0.000 	0.000 	0.000 	0.000 	0.000 	0.000 	0.000 	0.000 	0.000 	0.000 	0.000 	0.000 	0.000 	0.000 	0.000 	0.000 	0.000 	0.000 	0.000 	0.000 	0.000 	0.000 	0.000 	0.000 	0.000 	0.000 	0.000 	0.000 	0.000 	0.000 	0.000 	0.000 	0.000 	0.000 	0.000 	0.000 	0.000 	0.000 	0.000 	0.000 	0.000 	0.000 	0.000 	0.000 	0.000 	0.000 	0.000 	0.000 	0.000 	0.000 	0.000 	0.000 	0.000 
RA200,GWH,CZ	: 	: 	0.000 	0.000 	0.000 	0.000 	0.000 	0.000 	0.000 	0.000 	0.000 	0.000 	0.000 	0.000 	0.000 	0.000 	0.000 	0.000 	0.000 	0.000 	0.000 	0.000 	0.000 	0.000 	0.000 	0.000 	0.000 	0.000 	0.000 	0.000 	0.000 	0.000 	0.000 	0.000 	0.000 	0.000 	0.000 	0.000 	0.000 	0.000 	0.000 	0.000 	0.000 	0.000 	0.000 	0.000 	0.000 	0.000 	0.000 	0.000 	0.000 	0.000 	0.000 	0.000 	0.000 	0.000 	0.000 	0.000 	0.000 	0.000 	0.000 	0.000 	0.000 	0.000 	0.000 	0.000 	0.000 	0.000 	0.000 	0.000 	0.000 	0.000 	0.000 	0.000 	0.000 	0.000 
RA200,GWH,DE	: 	: 	20.000 e	23.000 e	22.000 e	22.000 e	17.000 e	14.000 e	15.000 e	12.000 e	15.000 e	17.000 e	14.000 e	20.000 e	19.000 e	21.000 e	19.000 e	12.000 e	12.000 e	12.000 e	13.000 e	16.000 e	17.000 e	14.000 e	20.000 e	19.000 e	21.000 e	20.000 e	15.000 e	16.000 e	16.000 e	11.000 e	12.000 e	13.000 e	17.000 e	18.000 e	18.000 e	19.000 	16.000 	17.679 	17.000 	13.000 	10.000 	14.000 	14.000 	11.000 	14.375 	14.375 	14.375 	14.375 	14.375 	14.375 	13.491 	12.880 	12.805 	11.890 	11.886 	10.417 	9.419 	10.166 	11.769 	11.862 	12.514 	12.905 	15.000 	15.000 	14.000 	11.000 	11.000 	9.000 	13.000 	13.000 	15.000 	15.000 	10.000 	10.000 
RA200,GWH,DK	: 	0.000 	0.000 	0.000 	0.000 	0.000 	0.000 	0.000 	0.000 	0.000 	0.000 	0.000 	0.000 	0.000 	0.000 	0.000 	0.000 	0.000 	0.000 	0.000 	0.000 	0.000 	0.000 	0.000 	0.000 	0.000 	0.000 	0.000 	0.000 	0.000 	0.000 	0.000 	0.000 	0.000 	0.000 	0.000 	0.000 	0.000 	0.000 	0.000 	0.000 	0.000 	0.000 	0.000 	0.000 	0.000 	0.000 	0.000 	0.000 	0.000 	0.000 	0.000 	0.000 	0.000 	0.000 	0.000 	0.000 	0.000 	0.000 	0.000 	0.000 	0.000 	0.000 	0.000 	0.000 	0.000 	0.000 	0.000 	0.000 	0.000 	0.000 	0.000 	0.000 	0.000 	0.000 	0.000 
RA200,GWH,EA19	: 	: 	479.641 	528.145 	505.221 	484.787 	516.377 	494.542 	503.898 	512.321 	491.867 	505.165 	497.965 	519.189 	470.883 	513.321 	528.108 	500.554 	510.301 	491.064 	508.600 	504.983 	482.963 	519.321 	522.027 	543.846 	506.788 	535.544 	501.658 	502.842 	523.129 	503.945 	520.458 	518.185 	509.343 	535.198 	517.350 	528.350 	479.350 	540.029 	535.007 	503.007 	518.007 	501.007 	510.007 	505.007 	503.382 	524.382 	514.382 	531.382 	483.382 	533.382 	528.491 	504.880 	507.805 	488.654 	505.099 	517.868 	497.002 	513.832 	506.249 	528.868 	480.916 	531.998 	: 	: 	: 	: 	: 	: 	: 	: 	: 	: 	: 	: 
RA200,GWH,EE	: 	: 	0.000 	0.000 	0.000 	0.000 	0.000 	0.000 	0.000 	0.000 	0.000 	0.000 	0.000 	0.000 	0.000 	0.000 	0.000 	0.000 	0.000 	0.000 	0.000 	0.000 	0.000 	0.000 	0.000 	0.000 	0.000 	0.000 	0.000 	0.000 	0.000 	0.000 	0.000 	0.000 	0.000 	0.000 	0.000 	0.000 	0.000 	0.000 	0.000 	0.000 	0.000 	0.000 	0.000 	0.000 	0.000 	0.000 	0.000 	0.000 	0.000 	0.000 	0.000 	0.000 	0.000 	0.000 	0.000 	0.000 	0.000 	0.000 	0.000 	0.000 	0.000 	0.000 	0.000 	0.000 	0.000 	0.000 	0.000 	0.000 	0.000 	0.000 	0.000 	0.000 	0.000 	0.000 
RA200,GWH,EL	: 	0.000 	0.000 	0.000 	0.000 	0.000 	0.000 	0.000 	0.000 	0.000 	0.000 	0.000 	0.000 	0.000 	0.000 	0.000 	0.000 	0.000 	0.000 	0.000 	0.000 	0.000 	0.000 	0.000 	0.000 	0.000 	0.000 	0.000 	0.000 	0.000 	0.000 	0.000 	0.000 	0.000 	0.000 	0.000 	0.000 	0.000 	0.000 	0.000 	0.000 	0.000 	0.000 	0.000 	0.000 	0.000 	0.000 	0.000 	0.000 	0.000 	0.000 	0.000 	0.000 	0.000 	0.000 	0.000 	0.000 	0.000 	0.000 	0.000 	0.000 	0.000 	0.000 	0.000 	0.000 	0.000 	0.000 	0.000 	0.000 	0.000 	0.000 	0.000 	0.000 	0.000 	0.000 	0.000 
RA200,GWH,ES	: 	: 	0.000 	0.000 	0.000 	0.000 	0.000 	0.000 	0.000 	0.000 	0.000 	0.000 	0.000 	0.000 	0.000 	0.000 	0.000 	0.000 	0.000 	0.000 	0.000 	0.000 	0.000 	0.000 	0.000 	0.000 	0.000 	0.000 	0.000 	0.000 	0.000 	0.000 	0.000 	0.000 	0.000 	0.000 	0.000 	0.000 	0.000 	0.000 	0.000 	0.000 	0.000 	0.000 	0.000 	0.000 	0.000 	0.000 	0.000 	0.000 	0.000 	0.000 	0.000 	0.000 	0.000 	0.000 	0.000 	0.000 	0.000 	0.000 	0.000 	0.000 	0.000 	0.000 	0.000 	0.000 	0.000 	0.000 	0.000 	0.000 	0.000 	0.000 	0.000 	0.000 	0.000 	0.000 
RA200,GWH,EU27_2020	: 	: 	483.172 	535.873 	513.284 	492.176 	523.574 	501.113 	510.449 	518.800 	496.110 	511.926 	505.174 	525.574 	477.204 	520.593 	532.084 	508.288 	517.476 	497.900 	513.994 	511.824 	490.334 	527.141 	529.446 	551.899 	514.323 	543.980 	508.808 	509.119 	530.909 	511.641 	528.165 	524.783 	515.878 	542.842 	524.828 	546.172 	480.161 	540.934 	535.007 	503.631 	518.747 	501.618 	510.416 	505.136 	503.874 	524.853 	515.006 	532.211 	483.942 	533.940 	528.583 	504.958 	507.805 	488.654 	505.099 	517.868 	497.002 	513.832 	506.249 	528.868 	480.916 	531.998 	: 	: 	: 	: 	: 	: 	: 	: 	: 	: 	: 	: 
RA200,GWH,FI	0.000 	0.000 	0.000 	0.000 	0.000 	0.000 	0.000 	0.000 	0.000 	0.000 	0.000 	0.000 	0.000 	0.000 	0.000 	0.000 	0.000 	0.000 	0.000 	0.000 	0.000 	0.000 	0.000 	0.000 	0.000 	0.000 	0.000 	0.000 	0.000 	0.000 	0.000 	0.000 	0.000 	0.000 	0.000 	0.000 	0.000 	0.000 	0.000 	0.000 	0.000 	0.000 	0.000 	0.000 	0.000 	0.000 	0.000 	0.000 	0.000 	0.000 	0.000 	0.000 	0.000 	0.000 	0.000 	0.000 	0.000 	0.000 	0.000 	0.000 	0.000 	0.000 	0.000 	0.000 	0.000 	0.000 	0.000 	0.000 	0.000 	0.000 	0.000 	0.000 	0.000 	0.000 	0.000 	0.000 
RA200,GWH,FR	: 	9.657 e	9.657 e	9.657 e	9.122 e	9.122 e	9.122 e	9.122 e	9.122 e	9.122 e	9.122 e	9.122 e	9.122 e	9.122 e	9.122 e	9.122 e	9.102 e	9.102 e	9.102 e	9.102 e	9.102 e	9.102 e	9.102 e	9.102 e	9.102 e	9.102 e	9.102 e	9.102 e	9.350 e	9.350 e	9.350 e	9.350 e	9.350 e	9.350 e	9.350 e	9.350 e	9.350 e	9.350 e	9.350 e	9.350 e	7.007 e	7.007 e	7.007 e	7.007 e	7.007 e	7.007 e	7.007 e	7.007 e	7.007 e	7.007 e	7.007 e	7.007 e	0.000 	0.000 	0.000 	0.000 	0.000 	0.000 	0.000 	0.000 	0.000 	0.000 	0.000 	0.000 	0.000 	0.000 	0.000 	0.000 	0.000 	0.000 	0.000 	0.000 	0.000 	0.000 	0.000 	0.000 
RA200,GWH,GE	: 	0.000 	0.000 	0.000 	0.000 	0.000 	0.000 	0.000 	0.000 	0.000 	0.000 	0.000 	0.000 	0.000 	0.000 	0.000 	0.000 	0.000 	0.000 	0.000 	0.000 	0.000 	0.000 	0.000 	0.000 	0.000 	0.000 	0.000 	0.000 	0.000 	0.000 	0.000 	0.000 	0.000 	0.000 	0.000 	0.000 	0.000 	0.000 	0.000 	0.000 	0.000 	0.000 	0.000 	0.000 	0.000 	0.000 	0.000 	0.000 	0.000 	0.000 	0.000 	: 	: 	: 	: 	: 	: 	: 	: 	: 	: 	: 	: 	: 	: 	: 	: 	: 	: 	: 	: 	: 	: 	: 	: 
RA200,GWH,HR	: 	5.486 	3.213 	6.945 	7.248 	6.882 	6.922 	6.302 	6.364 	6.166 	4.071 	6.205 	6.531 	5.774 	5.856 	6.331 	2.958 	7.012 	7.136 	6.511 	4.834 	6.218 	6.771 	7.138 	6.617 	7.093 	6.605 	7.338 	6.107 	5.449 	6.978 	7.040 	7.084 	5.945 	5.948 	6.849 	6.675 	17.003 	0.000 	0.000 	0.000 	0.000 	0.000 	0.000 	0.000 	0.000 	0.000 	0.000 	0.000 	0.000 	0.000 	0.000 	0.000 	0.000 	0.000 	0.000 	0.000 	0.000 	0.000 	0.000 	0.000 	0.000 	0.000 	0.000 	0.000 	0.000 	0.000 	0.000 	0.000 	0.000 	0.000 	0.000 	0.000 	0.000 	0.000 	0.000 
RA200,GWH,HU	: 	: 	0.318 	0.783 	0.815 	0.507 	0.275 	0.269 	0.187 	0.313 	0.172 	0.556 	0.678 	0.611 	0.465 	0.941 	1.018 	0.722 	0.039 	0.325 	0.560 	0.623 	0.600 	0.682 	0.802 	0.960 	0.930 	1.098 	1.043 	0.828 	0.802 	0.656 	0.623 	0.653 	0.587 	0.795 	0.803 	0.819 	0.811 	0.905 	0.000 	0.624 	0.740 	0.611 	0.409 	0.129 	0.492 	0.471 	0.624 	0.829 	0.560 	0.558 	0.092 	0.078 	0.000 	0.000 	0.000 	0.000 	0.000 	0.000 	0.000 	0.000 	0.000 	0.000 	0.000 	0.000 	0.000 	0.000 	0.000 	0.000 	0.000 	0.000 	0.000 	0.000 	0.000 	0.000 
RA200,GWH,IE	: 	0.000 	0.000 	0.000 	0.000 	0.000 	0.000 	0.000 	0.000 	0.000 	0.000 	0.000 	0.000 	0.000 	0.000 	0.000 	0.000 	0.000 	0.000 	0.000 	0.000 	0.000 	0.000 	0.000 	0.000 	0.000 	0.000 	0.000 	0.000 	0.000 	0.000 	0.000 	0.000 	0.000 	0.000 	0.000 	0.000 	0.000 	0.000 	0.000 	0.000 	0.000 	0.000 	0.000 	0.000 	0.000 	0.000 	0.000 	0.000 	0.000 	0.000 	0.000 	0.000 	0.000 	0.000 	0.000 	0.000 	0.000 	0.000 	0.000 	0.000 	0.000 	0.000 	0.000 	0.000 	0.000 	0.000 	0.000 	0.000 	0.000 	0.000 	0.000 	0.000 	0.000 	0.000 	0.000 
RA200,GWH,IS	: 	532.445 	473.183 	529.183 	520.098 	481.096 	482.180 	466.306 	481.141 	505.368 	457.967 	464.951 	465.922 	505.010 	461.302 	510.307 	506.418 	487.457 	476.630 	446.233 	471.097 	463.414 	490.295 	525.740 	521.537 	518.678 	508.224 	544.878 	539.055 	525.759 	505.975 	470.185 	484.006 	494.110 	466.579 	500.732 	489.085 	509.041 	489.756 	543.856 	545.763 	521.505 	528.370 	484.296 	494.206 	487.839 	482.534 	497.742 	497.448 	514.798 	460.186 	494.728 	491.041 	459.221 	459.516 	395.250 	391.310 	412.486 	394.715 	442.628 	431.477 	449.808 	399.557 	442.589 	: 	: 	: 	: 	: 	: 	: 	: 	: 	: 	: 	: 
RA200,GWH,IT	: 	: 	435.000 	479.000 	468.000 	448.000 	472.000 	458.000 	463.000 	470.000 	456.000 	465.000 	459.000 	475.000 	427.000 	465.000 	475.000 	462.000 	477.000 	454.000 	470.000 	463.000 	442.000 	479.000 	477.000 	498.000 	460.000 	489.000 	461.000 	465.000 	482.000 	469.000 	484.000 	480.000 	468.000 	490.000 	472.000 	482.000 	438.000 	496.000 	494.000 	466.000 	483.000 	464.000 	472.000 	470.000 	466.000 	486.000 	476.000 	492.000 	445.000 	494.000 	498.000 	476.000 	480.000 	462.000 	478.000 	492.000 	473.000 	488.000 	479.000 	501.000 	454.000 	504.000 	496.000 	466.000 	495.000 	474.000 	494.000 	488.000 	481.000 	498.000 	485.000 	505.000 	474.000 	509.000 
RA200,GWH,LT	: 	: 	0.000 	0.000 	0.000 	0.000 	0.000 	0.000 	0.000 	0.000 	0.000 	0.000 	0.000 	0.000 	0.000 	0.000 	0.000 	0.000 	0.000 	0.000 	0.000 	0.000 	0.000 	0.000 	0.000 	0.000 	0.000 	0.000 	0.000 	0.000 	0.000 	0.000 	0.000 	0.000 	0.000 	0.000 	0.000 	0.000 	0.000 	0.000 	0.000 	0.000 	0.000 	0.000 	0.000 	0.000 	0.000 	0.000 	0.000 	0.000 	0.000 	0.000 	0.000 	0.000 	0.000 	0.000 	0.000 	0.000 	0.000 	0.000 	0.000 	0.000 	0.000 	0.000 	0.000 	0.000 	0.000 	0.000 	0.000 	0.000 	0.000 	0.000 	0.000 	0.000 	0.000 	0.000 
RA200,GWH,LU	: 	: 	0.000 	0.000 	0.000 	0.000 	0.000 	0.000 	0.000 	0.000 	0.000 	0.000 	0.000 	0.000 	0.000 	0.000 	0.000 	0.000 	0.000 	0.000 	0.000 	0.000 	0.000 	0.000 	0.000 	0.000 	0.000 	0.000 	0.000 	0.000 	0.000 	0.000 	0.000 	0.000 	0.000 	0.000 	0.000 	0.000 	0.000 	0.000 	0.000 	0.000 	0.000 	0.000 	0.000 	0.000 	0.000 	0.000 	0.000 	0.000 	0.000 	0.000 	0.000 	0.000 	0.000 	0.000 	0.000 	0.000 	0.000 	0.000 	0.000 	0.000 	0.000 	0.000 	0.000 	0.000 	0.000 	0.000 	0.000 	0.000 	0.000 	0.000 	0.000 	0.000 	0.000 	0.000 
RA200,GWH,LV	: 	0.000 	0.000 	0.000 	0.000 	0.000 	0.000 	0.000 	0.000 	0.000 	0.000 	0.000 	0.000 	0.000 	0.000 	0.000 	0.000 	0.000 	0.000 	0.000 	0.000 	0.000 	0.000 	0.000 	0.000 	0.000 	0.000 	0.000 	0.000 	0.000 	0.000 	0.000 	0.000 	0.000 	0.000 	0.000 	0.000 	0.000 	0.000 	0.000 	0.000 	0.000 	0.000 	0.000 	0.000 	0.000 	0.000 	0.000 	0.000 	0.000 	0.000 	0.000 	0.000 	0.000 	0.000 	0.000 	0.000 	0.000 	0.000 	0.000 	0.000 	0.000 	0.000 	0.000 	0.000 	0.000 	0.000 	0.000 	0.000 	0.000 	0.000 	0.000 	0.000 	0.000 	0.000 	0.000 
RA200,GWH,MD	: 	: 	0.000 	0.000 	0.000 	0.000 	0.000 	0.000 	0.000 	0.000 	0.000 	0.000 	0.000 	0.000 	0.000 	0.000 	0.000 	0.000 	0.000 	0.000 	0.000 	0.000 	0.000 	0.000 	0.000 	0.000 	0.000 	0.000 	: 	: 	: 	: 	: 	: 	: 	: 	: 	: 	: 	: 	: 	: 	: 	: 	: 	: 	: 	: 	: 	: 	: 	: 	: 	: 	: 	: 	: 	: 	: 	: 	: 	: 	: 	: 	: 	: 	: 	: 	: 	: 	: 	: 	: 	: 	: 	: 
RA200,GWH,ME	: 	: 	: 	: 	: 	: 	: 	: 	: 	: 	: 	: 	: 	: 	: 	: 	: 	: 	: 	: 	: 	: 	: 	: 	: 	: 	: 	: 	: 	: 	: 	: 	: 	: 	: 	: 	0.000 	0.000 	0.000 	0.000 	0.000 	0.000 	0.000 	0.000 	0.000 	0.000 	0.000 	0.000 	0.000 	0.000 	0.000 	0.000 	0.000 	0.000 	0.000 	0.000 	0.000 	0.000 	0.000 	0.000 	0.000 	0.000 	0.000 	0.000 	0.000 	0.000 	0.000 	0.000 	0.000 	0.000 	0.000 	0.000 p	0.000 	0.000 	0.000 	0.000 
RA200,GWH,MK	: 	: 	0.000 	0.000 	0.000 	0.000 	0.000 	0.000 	0.000 	0.000 	0.000 	0.000 	0.000 	0.000 	0.000 	0.000 	0.000 	0.000 	0.000 	0.000 	0.000 	0.000 	0.000 	0.000 	0.000 	0.000 	0.000 	0.000 	0.000 	0.000 	0.000 	0.000 	0.000 	0.000 	0.000 	0.000 	0.000 	0.000 	0.000 	0.000 	0.000 	0.000 	0.000 	0.000 	0.000 	0.000 	0.000 	0.000 	0.000 	0.000 	0.000 	0.000 	0.000 	0.000 	0.000 	0.000 	0.000 	0.000 	0.000 	0.000 	0.000 	0.000 	0.000 	0.000 	0.000 	0.000 	0.000 	0.000 	0.000 	0.000 	0.000 	0.000 	0.000 	0.000 	0.000 	0.000 
RA200,GWH,MT	: 	0.000 	0.000 	0.000 	0.000 	0.000 	0.000 	0.000 	0.000 	0.000 	0.000 	0.000 	0.000 	0.000 	0.000 	0.000 	0.000 	0.000 	0.000 	0.000 	0.000 	0.000 	0.000 	0.000 	0.000 	0.000 	0.000 	0.000 	0.000 	0.000 	0.000 	0.000 	0.000 	0.000 	0.000 	0.000 	0.000 	0.000 	0.000 	0.000 	0.000 	0.000 	0.000 	0.000 	0.000 	0.000 	0.000 	0.000 	0.000 	0.000 	0.000 	0.000 	0.000 	0.000 	0.000 	0.000 	0.000 	0.000 	0.000 	0.000 	0.000 	0.000 	0.000 	0.000 	0.000 	0.000 	0.000 	0.000 	0.000 	0.000 	0.000 	0.000 	0.000 	0.000 	0.000 	0.000 
RA200,GWH,NL	: 	: 	0.000 	0.000 	0.000 	0.000 	0.000 	0.000 	0.000 	0.000 	0.000 	0.000 	0.000 	0.000 	0.000 	0.000 	0.000 	0.000 	0.000 	0.000 	0.000 	0.000 	0.000 	0.000 	0.000 	0.000 	0.000 	0.000 	0.000 	0.000 	0.000 e	0.000 	0.000 	0.000 	0.000 	0.000 	0.000 	0.000 	0.000 	0.000 	0.000 e	0.000 e	0.000 e	0.000 e	0.000 e	0.000 e	0.000 e	0.000 e	0.000 e	0.000 e	0.000 e	0.000 e	0.000 e	0.000 e	0.000 e	0.000 e	0.000 e	0.000 e	0.000 e	0.000 e	0.000 e	0.000 e	0.000 e	0.000 e	0.000 	0.000 	0.000 	0.000 	0.000 	0.000 	0.000 	0.000 	0.000 	0.000 	0.000 	0.000 
RA200,GWH,NO	0.000 	0.000 	0.000 	0.000 	0.000 	0.000 	0.000 	0.000 	0.000 	0.000 	0.000 	0.000 	0.000 	0.000 	0.000 	0.000 	0.000 	0.000 	0.000 	0.000 	0.000 	0.000 	0.000 	0.000 	0.000 	0.000 	0.000 	0.000 	0.000 	0.000 	0.000 	0.000 	0.000 	0.000 	0.000 	0.000 	0.000 	0.000 	0.000 	0.000 	0.000 	0.000 	0.000 	0.000 	0.000 	0.000 	0.000 	0.000 	0.000 	0.000 	0.000 	0.000 	0.000 	0.000 	0.000 	0.000 	0.000 	0.000 	0.000 	0.000 	0.000 	0.000 	0.000 	0.000 	0.000 	0.000 	0.000 	0.000 	0.000 	0.000 	0.000 	0.000 	0.000 	0.000 	0.000 	0.000 
RA200,GWH,PL	: 	: 	0.000 	0.000 	0.000 	0.000 	0.000 	0.000 	0.000 	0.000 	0.000 	0.000 	0.000 	0.000 	0.000 	0.000 	0.000 	0.000 	0.000 	0.000 	0.000 	0.000 	0.000 	0.000 	0.000 	0.000 	0.000 	0.000 	0.000 	0.000 	0.000 	0.000 	0.000 	0.000 	0.000 	0.000 	0.000 	0.000 	0.000 	0.000 	0.000 	0.000 	0.000 	0.000 	0.000 	0.000 	0.000 	0.000 	0.000 	0.000 	0.000 	0.000 	0.000 	0.000 	0.000 	0.000 	0.000 	0.000 	0.000 	0.000 	0.000 	0.000 	0.000 	0.000 	0.000 	0.000 	0.000 	0.000 	0.000 	0.000 	0.000 	0.000 	0.000 	0.000 	0.000 	0.000 
RA200,GWH,PT	: 	: 	14.984 	16.488 	6.099 	5.665 	18.255 	13.420 	16.776 	21.199 	11.745 	14.043 	15.843 	15.067 	15.761 	18.199 	25.006 	17.452 	12.199 	15.962 	16.498 	16.881 	14.861 	17.219 	15.925 	17.744 	16.686 	17.442 	16.308 	12.492 	15.779 	14.595 	15.108 	15.835 	14.993 	17.848 	18.000 	18.000 	16.000 	17.000 	17.000 	17.000 	18.000 	16.000 	17.000 	17.000 	16.000 	17.000 	17.000 	18.000 	17.000 	18.000 	17.000 	16.000 	15.000 	14.764 	15.213 	15.451 	14.583 	15.666 	15.480 	16.006 	14.402 	15.093 	16.000 	15.000 	15.000 	10.000 	12.000 	13.000 	12.000 	8.000 	7.000 	15.000 	15.000 	16.000 
RA200,GWH,RO	: 	0.000 	0.000 	0.000 	0.000 	0.000 	0.000 	0.000 	0.000 	0.000 	0.000 	0.000 	0.000 	0.000 	0.000 	0.000 	0.000 	0.000 	0.000 	0.000 	0.000 	0.000 	0.000 	0.000 	0.000 	0.000 	0.000 	0.000 	0.000 	0.000 	0.000 	0.000 	0.000 	0.000 	0.000 	0.000 	0.000 	0.000 	0.000 	0.000 	0.000 	0.000 	0.000 	0.000 	0.000 	0.000 	0.000 	0.000 	0.000 	0.000 	0.000 	0.000 	0.000 	0.000 	0.000 	0.000 	0.000 	0.000 	0.000 	0.000 	0.000 	0.000 	0.000 	0.000 	0.000 	0.000 	0.000 	0.000 	0.000 	0.000 	0.000 	0.000 	0.000 	0.000 	0.000 	0.000 
RA200,GWH,RS	: 	0.000 	0.000 	0.000 	0.000 	0.000 	0.000 	0.000 	0.000 	0.000 	0.000 	0.000 	0.000 	0.000 	0.000 	0.000 	0.000 	0.000 	0.000 	0.000 	0.000 	0.000 	0.000 	0.000 	0.000 	0.000 	0.000 	0.000 	0.000 	0.000 	0.000 	0.000 	0.000 	0.000 	0.000 	0.000 	0.000 	0.000 	0.000 	0.000 	0.000 	0.000 	0.000 	0.000 	0.000 	0.000 	0.000 	0.000 	0.000 	0.000 	0.000 	0.000 	0.000 	0.000 	0.000 	0.000 	0.000 	0.000 	0.000 	0.000 	0.000 	0.000 	0.000 	0.000 	0.000 	0.000 	0.000 	0.000 	0.000 	0.000 	0.000 	0.000 	0.000 	0.000 	0.000 	0.000 
RA200,GWH,SE	: 	0.000 	0.000 	0.000 	0.000 	0.000 	0.000 	0.000 	0.000 	0.000 	0.000 	0.000 	0.000 	0.000 	0.000 	0.000 	0.000 	0.000 	0.000 	0.000 	0.000 	0.000 	0.000 	0.000 	0.000 	0.000 	0.000 	0.000 	0.000 	0.000 	0.000 	0.000 	0.000 	0.000 	0.000 	0.000 	0.000 	0.000 	0.000 	0.000 	0.000 	0.000 	0.000 	0.000 	0.000 	0.000 	0.000 	0.000 	0.000 	0.000 	0.000 	0.000 	0.000 	0.000 	0.000 	0.000 	0.000 	0.000 	0.000 	0.000 	0.000 	0.000 	0.000 	0.000 	0.000 	0.000 	0.000 	0.000 	0.000 	0.000 	0.000 	0.000 	0.000 	0.000 	0.000 	0.000 
RA200,GWH,SI	: 	: 	0.000 	0.000 	0.000 	0.000 	0.000 	0.000 	0.000 	0.000 	0.000 	0.000 	0.000 	0.000 	0.000 	0.000 	0.000 	0.000 	0.000 	0.000 	0.000 	0.000 	0.000 	0.000 	0.000 	0.000 	0.000 	0.000 	0.000 	0.000 	0.000 	0.000 	0.000 	0.000 	0.000 	0.000 	0.000 	0.000 	0.000 	0.000 	0.000 	0.000 	0.000 	0.000 	0.000 	0.000 	0.000 	0.000 	0.000 	0.000 	0.000 	0.000 	0.000 	0.000 	0.000 	0.000 	0.000 	0.000 	0.000 	0.000 	0.000 	0.000 	0.000 	0.000 	0.000 	0.000 	0.000 	0.000 	0.000 	0.000 	0.000 	0.000 	0.000 	0.000 	0.000 	0.000 
RA200,GWH,SK	: 	0.000 	0.000 	0.000 	0.000 	0.000 	0.000 	0.000 	0.000 	0.000 	0.000 	0.000 	0.000 	0.000 	0.000 	0.000 	0.000 	0.000 	0.000 	0.000 	0.000 	0.000 	0.000 	0.000 	0.000 	0.000 	0.000 	0.000 	0.000 	0.000 	0.000 	0.000 	0.000 	0.000 	0.000 	0.000 	0.000 	0.000 	0.000 	0.000 	0.000 	0.000 	0.000 	0.000 	0.000 	0.000 	0.000 	0.000 	0.000 	0.000 	0.000 	0.000 	0.000 	0.000 	0.000 	0.000 	0.000 	0.000 	0.000 	0.000 	0.000 	0.000 	0.000 	0.000 	0.000 	0.000 	0.000 	0.000 	0.000 	0.000 	0.000 	0.000 	0.000 	0.000 	0.000 	0.000 
RA200,GWH,TR	: 	: 	934.071 	863.898 	827.899 	770.176 	781.071 	676.757 	613.062 	641.867 	684.288 	729.812 	756.370 	823.340 	728.397 	778.250 	779.698 	746.507 	685.812 	609.496 	603.902 	592.570 	622.274 	608.136 	700.583 	749.769 	684.145 	747.620 	734.926 	694.284 	641.198 	563.453 	521.030 	543.817 	534.799 	605.981 	619.371 	643.851 	1456.312 	647.957 	623.947 	591.411 	567.097 	468.187 	483.418 	462.056 	475.190 	505.891 	520.515 	539.317 	480.993 	557.351 	518.524 	506.331 	483.078 	419.500 	381.336 	338.085 	358.799 	372.465 e	369.993 e	407.429 e	370.079 e	427.807 e	361.000 	378.000 	347.000 	317.000 	335.000 	329.000 	270.000 	300.000 	287.000 	308.000 	279.000 	301.000 
RA200,GWH,UA	: 	: 	: 	0.000 	0.000 	0.000 	0.000 	0.000 	0.000 	0.000 	0.000 	0.000 	0.000 	0.000 	0.000 	0.000 	0.000 	0.000 	0.000 	0.000 	0.000 	0.000 	0.000 	0.000 	0.000 	0.000 	0.000 	0.000 	0.000 	0.000 	0.000 	0.000 	0.000 	0.000 	0.000 	0.000 	0.000 	0.000 	0.000 	0.000 	0.000 	0.000 	0.000 	0.000 	0.000 	0.000 	0.000 	0.000 	0.000 	0.000 	0.000 	0.000 	0.000 	0.000 	0.000 	: 	: 	: 	: 	: 	: 	: 	: 	: 	: 	: 	: 	: 	: 	: 	: 	: 	: 	: 	: 	: 
RA200,GWH,UK	: 	: 	: 	: 	: 	: 	: 	: 	: 	: 	: 	: 	: 	: 	: 	: 	: 	: 	0.000 	0.000 	0.000 	0.000 	0.000 	0.000 	0.000 	0.000 	0.000 	0.000 	0.000 	0.000 	0.000 	0.000 	0.000 	0.000 	0.000 	0.000 	0.000 	0.000 	0.000 	0.000 	0.000 	0.000 	0.000 	0.000 	0.000 	0.000 	0.000 	0.000 	0.000 	0.000 	0.000 	0.000 	0.000 	0.000 	0.000 	0.000 	0.000 	0.000 	0.000 	0.000 	0.000 	0.000 	0.000 	0.000 	0.000 	0.000 	0.000 	0.000 	0.000 	0.000 	0.000 	0.000 	0.000 	0.000 	0.000 	0.000 
RA300,GWH,AL	: 	0.000 	0.000 	0.000 	0.000 	0.000 	0.000 	0.000 	0.000 	0.000 	0.000 	0.000 	0.000 	0.000 	0.000 	0.000 	0.000 	0.000 	0.000 	0.000 	0.000 	0.000 	0.000 	0.000 	0.000 	0.000 	0.000 	0.000 	0.000 	0.000 	0.000 	0.000 	0.000 	0.000 	0.000 	0.000 	0.000 	0.000 	0.000 	0.000 	0.000 	0.000 	0.000 	0.000 	0.000 	0.000 	0.000 	0.000 	0.000 	0.000 	0.000 	0.000 	: 	: 	: 	: 	: 	: 	: 	: 	: 	: 	: 	: 	: 	: 	: 	: 	: 	: 	: 	: 	: 	: 	: 	: 
RA300,GWH,AT	: 	539.551 	1014.004 	1056.020 	739.164 	609.806 	662.935 	342.272 	374.415 	485.726 	346.406 	774.771 	720.966 	593.146 	462.601 	572.189 	616.629 	370.780 	699.558 	423.943 	371.458 	330.440 	610.620 	663.242 	394.974 	744.416 	1081.760 	415.822 	816.739 	723.731 	483.574 	390.384 	303.257 	318.112 	380.129 	784.625 	758.740 	712.815 	701.289 	854.875 	753.129 	509.116 	679.065 	357.462 	294.872 	375.980 	454.949 	300.039 	624.649 	526.367 	424.167 	557.264 	761.063 	541.022 	649.050 	548.968 	380.435 	404.686 	420.977 	483.678 	676.027 	597.284 	417.794 	599.158 	508.000 	571.000 	454.000 	215.000 	344.000 	365.000 	215.000 	489.000 	484.000 	504.000 	604.000 	392.000 
RA300,GWH,BA	: 	: 	35.838 	47.710 	49.590 	35.326 	37.925 	22.680 	22.914 	23.096 	21.010 	35.324 	35.098 	43.055 	29.753 	27.094 	22.465 	13.297 	21.958 	17.089 	19.111 	17.639 	17.077 	31.112 	21.363 	30.210 	26.303 	24.197 	31.033 	33.963 	13.675 	17.290 	11.278 	16.920 	15.888 	24.274 	21.717 	25.167 	22.222 	20.243 	: 	: 	: 	: 	: 	: 	: 	5.854 	11.378 	5.136 	0.000 	0.000 	: 	: 	: 	: 	0.000 	0.000 	0.000 	0.000 	0.000 	0.000 	0.000 	0.000 	: 	: 	: 	: 	: 	: 	: 	: 	: 	: 	: 	: 
RA300,GWH,BE	: 	: 	1809.653 	1104.367 	1312.560 	936.704 	1364.375 	559.754 	832.062 	700.017 	376.871 	944.166 	821.763 	1095.495 	1323.878 	1198.673 	1377.334 	1154.665 	1497.941 	737.523 	645.143 	648.943 	614.008 	735.894 	652.003 	1311.629 	1710.245 	1235.004 	1256.779 	876.647 	987.496 	785.449 	644.966 	406.799 	537.408 	486.124 	581.583 	1072.220 	690.623 	839.199 	974.886 	800.885 	636.176 	514.474 	416.190 	283.912 	390.784 	359.978 	484.398 	695.998 	704.867 	914.798 	859.254 	609.831 	781.585 	421.096 	318.407 	414.204 	456.957 	352.192 	316.729 	656.679 	561.051 	435.080 	442.000 	539.000 	336.000 	274.000 	351.000 	296.000 	268.000 	336.000 	406.000 	486.000 	609.000 	725.000 
RA300,GWH,BG	: 	: 	143.742 	219.223 	206.351 	124.628 	121.035 	95.409 	65.243 	84.865 	86.449 	103.121 	80.575 	161.937 	130.717 	173.858 	163.639 	112.559 	92.499 	106.878 	78.551 	71.232 	68.726 	124.065 	127.131 	188.932 	176.257 	167.657 	157.341 	145.322 	60.497 	87.395 	89.461 	56.691 	84.033 	91.330 	85.111 	133.213 	169.365 	158.031 	124.357 	117.075 	131.796 	101.995 	90.257 	58.964 	67.742 	112.295 	113.429 	124.524 	152.088 	131.726 	138.211 	84.855 	136.662 	134.280 	120.657 	110.026 	79.197 	91.192 	107.351 	161.054 	118.610 	164.540 	199.000 	164.000 	176.000 	183.000 	288.000 	232.000 	246.000 	235.000 	245.000 	224.000 	237.000 	234.000 
RA300,GWH,CY	: 	: 	17.368 	27.283 	24.242 	16.639 	16.517 	16.992 	20.343 	19.274 	19.801 	18.903 	19.815 	29.015 	19.843 	25.094 	14.982 	13.584 	17.275 	15.660 	18.496 	13.883 	19.530 	25.504 	20.284 	28.445 	25.529 	26.809 	18.906 	16.013 	18.009 	14.980 	15.944 	21.694 	14.220 	20.591 	17.655 	20.944 	26.717 	32.462 	21.075 	15.699 	15.169 	15.902 	21.888 	20.371 	20.078 	17.414 	15.262 	21.466 	15.542 	20.747 	15.259 	16.955 	17.086 	15.919 	12.972 	16.401 	16.451 	19.588 	21.314 	22.182 	14.569 	22.323 	17.000 	17.000 	13.000 	19.000 	15.000 	16.000 	19.000 	23.000 	14.000 	31.000 	16.000 	24.000 
RA300,GWH,CZ	: 	: 	104.677 	86.483 	65.929 	57.696 	70.566 	31.276 	33.931 	29.260 	23.412 	71.785 	57.702 	54.719 	44.297 	53.415 	70.825 	49.359 	68.064 	36.531 	35.072 	31.186 	39.982 	45.936 	48.384 	78.840 	113.294 	73.221 	82.970 	71.831 	61.516 	44.287 	26.964 	27.809 	35.828 	50.912 	61.844 	83.774 	63.536 	79.696 	79.451 	59.222 	67.874 	35.508 	26.104 	27.947 	34.524 	45.195 	57.490 	56.741 	37.452 	73.162 	83.818 	56.059 	63.795 	33.697 	27.426 	32.926 	38.135 	32.995 	54.327 	55.696 	46.598 	56.444 	60.000 	49.000 	40.000 	25.000 	25.000 	30.000 	20.000 	43.000 	37.000 	42.000 	66.000 	50.000 
RA300,GWH,DE	: 	: 	21017.000 e	16310.000 e	12411.000 e	10508.000 e	13327.000 e	5915.000 e	8207.000 e	6027.000 e	4500.000 e	10257.000 e	9708.000 e	11702.000 e	11442.000 e	11744.000 e	11859.000 e	11438.000 e	13710.000 e	6473.000 e	6892.000 e	7136.000 e	6525.000 e	7770.000 e	8910.000 e	14412.000 e	20681.000 e	16267.000 e	15451.000 e	10250.000 e	11844.000 e	9267.000 e	5892.000 e	6680.000 e	6691.000 e	8424.000 e	9230.000 e	16771.000 e	11082.000 e	14166.000 e	14831.000 e	10215.000 e	11037.000 e	8194.000 e	6284.000 e	4566.000 e	5967.000 e	7480.000 e	9245.000 e	11084.000 e	8255.000 e	15016.000 e	15269.000 e	10494.000 e	12754.000 e	6413.000 e	5622.000 e	5626.000 e	7166.000 e	5727.000 e	8143.000 e	9354.000 e	9946.000 e	7864.000 e	9306.000 	8103.000 	5635.000 	4242.000 	4782.000 	4678.000 	4678.000 	6800.000 	6578.000 	6679.000 	10942.000 	10309.000 
RA300,GWH,DK	: 	1215.279 	2489.404 	2347.113 	1749.619 	1589.804 	1725.876 	1021.089 	1357.635 	1004.844 	836.395 	1078.891 	1418.426 	1527.182 	1552.711 	1191.995 	1321.374 	1452.401 	1439.479 	1083.211 	696.204 	1309.106 	777.522 	1251.597 	1213.570 	1564.219 	2075.416 	2169.250 	1832.932 	1254.256 	1260.080 	1508.606 	944.750 	1110.410 	979.015 	1479.983 	1000.081 	1874.613 	1343.338 	1561.769 	1449.389 	1132.303 	1507.209 	1450.935 	940.540 	718.290 	939.507 	726.963 	1193.885 	1311.031 	1160.070 	1368.684 	1693.467 	1317.956 	1547.847 	832.307 	935.698 	896.193 	1270.825 	1014.254 	1380.113 	1257.903 	1466.720 	1161.384 	1451.000 	1346.000 	1288.000 	745.000 	1023.000 	811.000 	672.000 	831.000 	1045.000 	825.000 	1279.000 	1464.000 
RA300,GWH,EA19	: 	: 	43771.263 	36672.987 	36092.328 	28723.902 	31397.909 	16619.845 	20978.176 	18896.184 	14147.814 	27234.259 	24152.747 	30313.900 	31858.254 	33348.471 	34319.594 	27472.952 	33402.372 	19498.427 	18349.196 	19201.618 	18072.493 	20925.377 	21163.010 	34188.001 	42191.685 	34602.808 	36055.892 	29898.033 	25766.574 	21958.018 	15855.205 	16554.746 	17288.839 	21727.785 	22977.843 	35597.772 	25734.075 	32161.075 	30852.721 	25068.893 	25199.220 	17557.853 	15900.219 	12108.389 	14991.876 	16729.878 	21605.459 	30487.299 	22519.073 	32851.782 	33270.067 	23134.215 	24660.668 	16010.079 	15011.285 	15532.467 	16399.203 	15504.443 	19085.836 	24017.958 	24156.628 	21439.630 	: 	: 	: 	: 	: 	: 	: 	: 	: 	: 	: 	: 
RA300,GWH,EE	: 	: 	84.100 	90.000 	75.900 	76.800 	97.500 	57.600 	60.400 	36.800 	24.932 	48.500 	67.900 	82.300 	50.900 	53.400 	79.500 	80.000 	64.100 	66.600 	26.200 	48.600 	37.300 	49.600 	76.700 	83.700 	104.300 	108.200 	90.400 	61.000 	54.100 	56.000 	35.200 	33.700 	40.300 	45.200 	40.000 	81.300 	91.700 	59.200 	63.600 	59.300 	77.100 	73.000 	43.300 	37.200 	49.300 	33.100 	52.800 	51.100 	40.600 	65.500 	82.200 	71.100 	67.800 	50.400 	53.600 	34.100 	59.400 	47.900 	68.100 	72.000 	57.000 	69.000 	83.000 	71.000 	72.000 	39.000 	50.000 	41.000 	41.000 	24.000 	45.000 	38.000 	61.000 	48.000 
RA300,GWH,EL	: 	1011.136 	875.891 	982.126 	1220.518 	966.342 	1117.644 	861.044 	740.255 	841.666 	367.040 	675.672 	750.422 	847.144 	886.082 	1209.137 	963.533 	996.579 	611.753 	1001.391 	642.202 	828.681 	534.704 	557.744 	773.255 	819.260 	805.565 	786.142 	765.589 	587.976 	485.682 	588.600 	863.963 	541.694 	522.841 	421.314 	482.429 	672.882 	661.345 	684.015 	534.301 	697.009 	569.512 	583.921 	700.305 	291.177 	389.052 	445.124 	390.157 	645.639 	510.446 	543.617 	704.160 	384.422 	439.221 	339.875 	713.943 	522.342 	226.290 	450.479 	308.489 	470.307 	478.298 	499.153 	571.000 	440.000 	397.000 	371.000 	526.000 	475.000 	340.000 	346.000 	314.000 	442.000 	453.000 	470.000 
RA300,GWH,ES	: 	: 	4707.844 	5413.197 	6906.330 	6410.484 	4352.432 	3230.596 	3744.499 	4282.011 	3683.048 	4785.226 	4095.131 	5607.722 	6294.847 	7101.745 	7425.418 	4208.617 	5768.051 	3955.310 	3676.613 	4248.375 	3341.006 	3960.783 	3691.047 	5594.795 	4267.682 	4622.515 	5464.170 	7443.528 	3809.800 	3893.360 	2892.232 	3441.769 	3694.752 	4677.652 	4663.067 	4921.735 	3694.752 	6027.684 	4358.831 	4559.383 	4319.169 	2456.422 	3130.469 	2575.436 	2634.971 	3308.038 	4445.037 	7702.282 	4670.381 	5334.788 	5788.140 	3979.697 	3208.174 	2874.030 	3313.303 	3364.385 	3187.100 	3466.670 	4148.935 	4722.745 	4949.202 	4828.893 	2688.000 	3903.000 	2401.000 	2720.000 	3686.000 	3546.000 	3272.000 	3934.000 	4442.000 	5443.000 	6137.000 	5625.000 
RA300,GWH,EU27_2020	: 	: 	53775.245 	47454.568 	44155.048 	35876.581 	39691.299 	21641.061 	25893.199 	22807.472 	17576.198 	32116.542 	30470.260 	37450.906 	38005.437 	38739.062 	40609.459 	34040.844 	39263.293 	24711.523 	21638.375 	23767.374 	21283.793 	26042.534 	27066.992 	41586.941 	50782.902 	43181.667 	43379.330 	35178.000 	30439.799 	27004.635 	19236.093 	20114.490 	20975.925 	26506.410 	27496.935 	42723.156 	31773.393 	38377.606 	36403.285 	29798.993 	31119.949 	22700.006 	19403.581 	14568.347 	18613.258 	20114.441 	26230.930 	35016.840 	26554.100 	38501.108 	39929.513 	28186.373 	30934.702 	19939.737 	18658.920 	18926.703 	20714.241 	19193.481 	24291.614 	29415.133 	29209.671 	26927.727 	: 	: 	: 	: 	: 	: 	: 	: 	: 	: 	: 	: 
RA300,GWH,FI	628.000 	1130.000 	997.000 	1277.000 	918.000 	789.000 	1031.000 	599.000 	560.000 	425.000 e	405.000 	516.000 	642.000 	951.000 	601.000 	508.000 	735.000 	929.000 	635.000 	674.000 	379.000 	395.000 	366.000 	374.000 	611.000 	853.000 	780.000 	981.000 	705.000 	406.000 	475.000 	429.000 	449.000 	305.000 	436.000 	468.000 	486.000 	706.000 	654.000 	466.000 	463.000 	689.000 	609.000 	617.000 	487.000 	275.000 	495.000 	443.000 	333.000 	491.000 	459.000 	500.000 	568.000 	583.000 	427.000 	275.000 	402.000 	234.000 	276.000 	322.000 	358.000 	487.000 	293.000 	544.000 	516.000 	402.000 	249.000 	237.000 	291.000 	144.000 	192.000 	150.000 	198.000 	216.000 	235.000 	221.000 
RA300,GWH,FR	: 	3354.671 e	5245.262 e	3135.466 e	4322.984 e	2711.001 e	3486.093 e	1660.870 e	2222.595 e	2305.496 e	1350.616 e	3956.147 e	2946.364 e	3708.309 e	4244.601 e	3956.264 e	4385.699 e	3156.791 e	4322.174 e	2148.635 e	2048.968 e	2106.276 e	2052.035 e	2663.418 e	2283.814 e	4500.314 e	5908.036 e	4176.266 e	4685.221 e	3403.557 e	3425.936 e	2693.030 e	1653.388 e	1743.802 e	1892.963 e	2256.921 e	2347.514 e	4497.511 e	2618.196 e	2961.959 e	3405.252 e	2560.473 e	2291.974 e	1482.012 e	1287.868 e	1009.080 e	1267.060 e	1496.775 e	2034.986 e	2912.186 e	2605.792 e	3780.562 e	3083.784 	2172.294 	1972.362 	1557.688 	1170.199 	1618.812 	1395.797 	1400.510 	1378.682 	2514.403 	2421.722 	1908.798 	1388.000 	2303.000 	1387.000 	941.000 	1188.000 	1073.000 	1024.000 	1477.000 	1602.000 	2332.000 	2747.000 	2714.000 
RA300,GWH,GE	: 	7.085 	5.401 	6.607 	4.996 	6.270 	9.699 	6.998 	5.509 	6.464 	7.652 	8.959 	6.859 	8.904 	5.772 	5.091 	7.064 	7.165 	6.785 	8.352 	7.527 	7.312 	6.654 	8.144 	8.414 	8.822 	6.673 	7.913 	6.790 	7.814 	5.803 	7.238 	8.288 	8.950 	5.489 	6.077 	6.816 	8.229 	7.371 	5.833 	6.456 	6.752 	7.203 	8.102 	7.578 	8.057 	5.170 	5.188 	9.366 	7.054 	6.200 	7.100 	: 	: 	: 	: 	: 	: 	: 	: 	: 	: 	: 	: 	: 	: 	: 	: 	: 	: 	: 	: 	: 	: 	: 	: 
RA300,GWH,HR	: 	263.043 	186.989 	233.620 	252.477 	206.118 	227.879 	120.366 	133.689 	120.379 	86.370 	146.119 	178.167 	198.341 	163.970 	231.023 	184.746 	143.507 	127.543 	138.054 	131.501 	123.765 	98.018 	182.153 	133.400 	201.835 	132.803 	121.359 	180.058 	172.439 	85.903 	90.155 	72.890 	77.818 	78.933 	121.639 	120.772 	151.798 	146.435 	156.934 	115.467 	118.307 	131.519 	82.150 	88.340 	80.888 	112.783 	133.129 	87.171 	130.796 	145.727 	124.079 	163.519 	121.910 	85.822 	93.411 	100.752 	80.654 	56.074 	73.498 	100.542 	103.048 	93.969 	105.719 	73.000 	105.000 	94.000 	66.000 	86.000 	54.000 	52.000 	83.000 	87.000 	103.000 	115.000 	101.000 
RA300,GWH,HU	: 	: 	86.916 	85.246 	67.086 	47.212 	55.229 	33.643 	31.188 	42.678 	29.299 	74.383 	75.212 	69.627 	51.010 	57.730 	54.097 	33.371 	64.638 	34.879 	30.627 	33.265 	58.409 	68.900 	36.733 	70.418 	103.171 	36.881 	83.739 	63.439 	47.521 	36.126 	29.575 	33.900 	31.491 	76.350 	72.606 	73.424 	73.748 	83.342 	71.598 	47.741 	61.872 	37.224 	27.822 	43.393 	46.548 	26.684 	69.201 	51.362 	48.471 	57.490 	80.733 	60.038 	66.927 	58.975 	43.994 	45.188 	51.830 	60.288 	86.251 	75.232 	47.675 	60.030 	57.000 	81.000 	56.000 	25.000 	47.000 	47.000 	28.000 	55.000 	77.000 	69.000 	79.000 	45.000 
RA300,GWH,IE	: 	928.474 	1508.330 	941.737 	1198.511 	932.719 	931.957 	516.255 	547.244 	303.844 	596.429 	742.172 	641.910 	966.105 	1347.137 	943.258 	1248.375 	1060.059 	1136.627 	755.488 	629.406 	761.876 	725.201 	767.836 	574.227 	1162.977 	1498.179 	1175.731 	1095.396 	875.556 	806.236 	693.614 	721.142 	441.246 	577.487 	511.751 	741.249 	920.006 	1108.726 	872.584 	970.158 	1014.770 	721.376 	638.072 	541.526 	333.686 	312.300 	495.952 	699.009 	742.364 	779.462 	1100.497 	807.980 	614.283 	710.952 	577.936 	442.087 	436.831 	578.961 	467.566 	447.909 	774.325 	847.725 	701.085 	703.000 	505.000 	446.000 	536.000 	503.000 	349.000 	312.000 	352.000 	472.000 	522.000 	639.000 	778.000 
RA300,GWH,IS	: 	0.365 	0.524 	0.649 	0.738 	0.581 	0.744 	0.471 	0.156 	0.233 	0.071 	0.539 	0.410 	0.584 	0.755 	0.802 	0.910 	0.648 	0.454 	0.464 	0.261 	0.263 	0.347 	0.565 	0.544 	0.781 	0.694 	0.730 	0.725 	0.594 	0.699 	0.438 	0.461 	0.335 	0.525 	0.374 	0.639 	0.635 	0.718 	0.425 	0.653 	0.491 	0.201 	0.133 	0.423 	0.278 	0.223 	0.309 	0.354 	0.513 	0.447 	0.339 	0.699 	0.593 	0.531 	0.498 	0.338 	0.500 	0.603 	0.898 	0.821 	0.899 	0.732 	1.014 	: 	: 	: 	: 	: 	: 	: 	: 	: 	: 	: 	: 
RA300,GWH,IT	: 	: 	2254.000 	2532.000 	2824.000 	1720.000 	1665.000 	986.000 	1424.000 	1403.000 	960.000 	1969.000 	1541.000 	1826.000 	1697.000 	2604.000 	2009.000 	1057.000 	1605.000 	1350.000 	1206.000 	975.000 	1573.000 	1725.000 	1255.000 	1755.000 	2351.000 	1711.000 	2457.000 	2197.000 	1044.000 	1165.000 	727.000 	1245.000 	993.000 	1652.000 	1473.000 	2450.000 	2339.000 	2321.000 	1910.000 	1361.000 	1475.000 	946.000 	750.000 	1224.000 	1418.000 	909.000 	1221.000 	2422.000 	1696.000 	1986.000 	2228.000 	1509.000 	1265.000 	1353.000 	1079.000 	1255.000 	915.000 	1251.000 	1369.000 	1935.000 	1536.000 	1797.000 	1485.000 	1514.000 	1246.000 	878.000 	1170.000 	871.000 	1143.000 	1704.000 	1579.000 	1701.000 	2211.000 	1953.000 
RA300,GWH,LT	: 	: 	216.543 	207.919 	130.795 	160.769 	170.861 	112.098 	96.059 	59.529 	50.617 	113.722 	127.271 	129.008 	104.187 	99.302 	168.548 	138.020 	128.079 	120.796 	45.697 	100.905 	62.985 	119.675 	141.960 	127.456 	196.679 	192.684 	174.031 	133.980 	121.200 	117.500 	48.500 	99.119 	103.428 	101.813 	118.505 	178.341 	153.846 	131.275 	96.526 	83.070 	136.722 	112.702 	70.689 	61.453 	77.123 	68.946 	134.487 	99.436 	56.530 	138.673 	146.018 	127.011 	173.004 	96.854 	86.606 	83.929 	107.665 	78.447 	101.935 	107.127 	127.304 	107.461 	161.000 	128.000 	147.000 	56.000 	85.000 	61.000 	61.000 	52.000 	80.000 	63.000 	108.000 	95.000 
RA300,GWH,LU	: 	: 	20.814 e	24.779 e	32.569 e	22.990 e	37.739 e	13.735 e	21.453 e	19.352 e	12.858 e	35.252 e	25.900 e	35.615 e	39.584 e	33.933 e	34.702 e	46.262 e	24.729 e	16.377 e	19.611 e	18.888 e	17.840 e	21.659 e	22.442 e	38.936 e	48.291 e	33.051 e	34.579 e	24.250 e	29.158 e	19.233 e	13.762 e	11.950 e	15.453 e	17.390 e	19.659 e	39.299 e	22.885 e	28.732 e	32.552 e	26.292 e	23.170 e	16.522 e	14.589 e	10.918 e	12.948 e	15.994 e	22.346 e	24.842 e	24.617 e	38.918 e	20.663 e	22.870 	27.160 e	17.680 e	13.457 e	17.518 e	16.803 e	12.749 e	14.775 e	28.297 e	22.540 e	20.821 e	11.000 	11.000 	5.000 	4.000 	4.000 	4.000 	4.000 	6.000 	7.000 	9.000 	12.000 	10.000 
RA300,GWH,LV	: 	8.000 	20.000 	20.000 	13.000 	15.000 	17.000 	11.000 	10.000 	7.000 	4.000 	11.000 	16.000 	16.000 	9.000 	9.000 	15.000 	17.000 	14.000 	14.000 	5.000 	13.000 	6.000 	13.000 	15.000 	17.000 	23.000 	24.000 	20.000 	11.000 	14.000 	13.000 	6.000 	9.000 	7.000 	11.000 	11.000 	20.000 	17.000 	13.000 	9.000 	8.000 	16.000 	16.000 	8.000 	6.000 	9.000 	6.000 	12.000 	10.000 	6.000 	14.000 	17.000 	12.000 	18.000 	10.000 	12.000 	8.000 	11.000 	7.000 	11.000 	14.000 	12.000 	14.000 	21.000 	14.000 	15.000 	7.000 	10.000 	7.000 	8.000 	5.000 	10.000 	5.000 	12.000 	11.000 
RA300,GWH,MD	: 	: 	0.557 	1.057 	1.241 	1.205 	0.971 	0.848 	0.540 	0.569 	0.899 	1.113 	0.804 	1.299 	1.147 	1.284 	0.694 	0.409 	0.594 	0.625 	0.509 	0.523 	0.353 	0.801 	0.758 	0.950 	1.162 	0.945 	: 	: 	: 	: 	: 	: 	: 	: 	: 	: 	: 	: 	: 	: 	: 	: 	: 	: 	: 	: 	: 	: 	: 	: 	: 	: 	: 	: 	: 	: 	: 	: 	: 	: 	: 	: 	: 	: 	: 	: 	: 	: 	: 	: 	: 	: 	: 	: 
RA300,GWH,ME	: 	: 	: 	: 	: 	: 	: 	: 	: 	: 	: 	: 	: 	: 	: 	: 	: 	: 	: 	: 	: 	: 	: 	: 	: 	: 	: 	: 	: 	: 	: 	: 	: 	: 	: 	: 	17.000 	29.000 	35.000 	34.000 	21.000 	13.000 	14.000 	13.000 	6.000 	12.000 	12.000 	8.000 	12.000 	18.000 	16.000 	17.000 	24.000 	14.000 	0.000 	0.000 	0.000 	0.000 	0.000 	0.000 	0.000 	0.000 	0.000 	0.000 	0.000 	0.000 	0.000 	0.000 	0.000 	0.000 	0.000 	0.000 p	0.000 	0.000 	0.000 	0.000 
RA300,GWH,MK	: 	: 	9.829 	16.459 	13.234 	5.859 	7.302 	6.927 	6.838 	7.363 	9.088 	8.353 	7.813 	10.932 	8.545 	11.064 	6.720 	7.983 	8.074 	6.995 	9.350 	9.310 	10.554 	11.217 	7.440 	11.019 	12.254 	15.969 	11.275 	4.180 	5.140 	7.389 	5.811 	8.825 	8.073 	9.031 	6.266 	8.194 	13.937 	13.685 	13.092 	6.546 	5.844 	10.318 	4.989 	12.225 	8.815 	5.684 	6.556 	7.280 	8.634 	7.355 	13.360 	7.584 	11.529 	6.844 	7.964 	7.371 	8.455 	8.342 	10.963 	10.772 	6.036 	11.260 	19.000 	8.000 	9.000 	6.000 	10.000 	11.000 	6.000 	9.000 	6.000 	8.000 	6.000 	12.000 
RA300,GWH,MT	: 	0.000 	0.000 	0.000 	0.000 	0.000 	0.000 	0.000 	0.000 	0.000 	0.000 	0.000 	0.000 	0.000 	0.000 	0.000 	0.000 	0.000 	0.000 	0.000 	0.000 	0.000 	0.000 	0.000 	0.000 	0.000 	0.000 	0.000 	0.000 	0.000 	0.000 	0.000 	0.000 	0.000 	0.000 	0.000 	0.000 	0.000 	0.000 	0.000 	0.000 	0.000 	0.000 	0.000 	0.000 	0.000 	0.000 	0.000 	0.000 	0.000 	0.000 	0.000 	0.000 	0.000 	0.000 	0.000 	0.000 	0.000 	0.000 	0.000 	0.000 	0.000 	0.000 	0.000 	0.000 	0.000 	0.000 	0.000 	0.000 	0.000 	0.000 	0.000 	0.000 	0.000 	0.000 	0.000 
RA300,GWH,NL	: 	: 	3077.979 	2254.514 	2105.682 	1588.910 	2195.920 	923.983 	1403.534 	1040.188 	659.410 	1308.518 	1373.735 	1645.837 	1861.530 	1821.881 	1819.306 	1650.161 	1949.139 	973.283 	869.716 	839.605 	763.163 	789.007 	824.403 	1445.485 	1892.691 	1523.171 	1478.453 	937.094 	1111.362 e	924.571 	760.611 	548.580 	583.145 	688.285 	812.979 	1440.035 	953.473 	1269.339 	1302.000 e	1085.000 e	1396.000 e	1100.000 e	1100.000 e	424.000 e	790.000 e	627.000 e	779.000 e	1106.000 e	1106.000 e	1464.000 e	1528.000 e	1008.000 e	1396.000 e	619.000 e	558.000 e	589.000 e	741.000 e	590.000 e	735.000 e	977.000 e	1142.000 e	857.000 e	963.000 	928.000 	633.000 	501.000 	499.000 	499.000 	353.000 	575.000 	589.000 	638.000 	831.000 	898.000 
RA300,GWH,NO	854.480 	1395.390 	1541.512 	1753.373 	1423.877 	1265.702 	1478.937 	980.993 	600.008 	691.798 	613.563 	532.029 	916.171 	1271.373 	1120.002 	872.583 	1359.399 	1338.367 	922.942 	858.422 	445.913 	506.181 	372.085 	600.285 	686.210 	942.781 	853.722 	1024.285 	790.768 	518.954 	454.638 	518.356 	325.993 	290.674 	352.544 	358.079 	355.310 	527.024 	488.283 	555.628 	539.644 	447.944 	496.495 	379.417 	211.335 	163.819 	242.986 	222.609 	225.749 	303.580 	276.031 	366.272 	360.296 	346.352 	373.937 	258.125 	176.359 	122.139 	148.615 	141.584 	187.838 	251.960 	206.597 	275.749 	292.000 	232.000 	174.000 	157.000 	129.000 	105.000 	118.000 	126.000 	149.000 	126.000 	188.000 	232.000 
RA300,GWH,PL	: 	: 	2686.254 	2574.896 	1861.418 	1719.481 	2181.775 	1053.893 	1054.057 	709.222 	662.819 	1404.014 	1390.181 	1417.700 	1289.368 	1253.160 	1692.407 	1260.882 	1304.337 	907.871 	682.638 	858.783 	733.992 	1118.020 	1218.739 	1473.405 	2139.094 	1863.674 	1760.090 	1326.235 	1149.931 	1176.146 	588.167 	893.691 	743.886 	1002.763 	1230.862 	1775.231 	1514.338 	1541.634 	1457.661 	1010.325 	1440.952 	985.419 	682.360 	674.737 	748.039 	797.923 	1275.428 	1108.090 	594.638 	1711.773 	1848.555 	1309.571 	1744.727 	1108.633 	806.095 	748.915 	1104.115 	912.670 	1325.603 	1201.023 	1266.168 	1156.093 	1658.000 	1390.000 	1209.000 	637.000 	712.000 	720.000 	615.000 	739.000 	901.000 	810.000 	1439.000 	1196.000 
RA300,GWH,PT	: 	: 	904.070 	1295.152 	1856.519 	1257.859 	923.326 	813.339 	713.861 	940.078 	790.636 	1077.821 	654.152 	1078.708 	1473.568 	1468.018 	1566.832 	1155.736 	1218.566 	771.832 	873.293 	735.815 	823.951 	688.421 	916.287 	1292.709 	817.367 	1323.931 	1541.045 	1949.137 	1056.592 	906.657 	827.717 	707.004 	799.433 	1160.699 	1193.000 	1093.000 	918.000 	1433.000 	1126.000 	1383.000 	1195.000 	434.000 	749.000 	614.000 	704.000 	723.000 	1111.000 	1952.000 	1164.000 	1375.000 	1391.000 	988.000 	754.000 	838.996 	832.898 	907.014 	823.497 	827.446 	986.510 	1285.245 	1329.758 	1170.935 	1084.000 	1169.000 	726.000 	659.000 	840.000 	773.000 	810.000 	951.000 	1155.000 	1206.000 	1543.000 	1430.000 
RA300,GWH,RO	: 	798.000 	670.000 	1010.000 	864.000 	545.000 	578.000 	439.000 	341.000 	366.000 	447.000 	514.000 	418.000 	695.000 	502.000 	803.000 	767.000 	396.000 	537.000 	537.000 	431.000 	368.000 	283.000 	658.000 	623.000 	846.000 	800.000 	633.000 	748.000 	762.000 	370.000 	447.000 	432.000 	304.000 	377.000 	547.000 	622.000 	658.000 	643.000 	795.000 	611.000 	584.000 	592.000 	501.000 	354.000 	203.000 	344.000 	508.000 	540.000 	587.000 	769.000 	668.000 	814.000 	457.000 	697.000 	657.000 	479.000 	458.000 	400.000 	414.000 	699.000 	827.000 	643.000 	801.000 	885.000 	591.000 	497.000 	324.000 	524.000 	335.000 	377.000 	404.000 	458.000 	577.000 	705.000 	764.000 
RA300,GWH,RS	: 	78.192 	116.468 	90.323 	110.292 	118.777 	133.322 	57.025 	47.733 	70.830 	43.535 	104.331 	86.975 	87.573 	92.608 	117.735 	138.325 	31.184 	91.687 	81.936 	68.627 	39.592 	69.741 	90.345 	68.321 	119.711 	118.085 	49.024 	133.144 	169.653 	60.983 	59.680 	50.665 	31.055 	33.670 	59.380 	96.430 	73.166 	64.825 	60.342 	47.476 	38.135 	16.948 	7.321 	3.105 	3.409 	2.910 	4.790 	6.955 	6.142 	5.138 	8.090 	8.168 	5.717 	3.765 	3.459 	2.738 	0.788 	2.353 	3.160 	4.840 	4.388 	4.222 	3.291 	3.000 	5.000 	4.000 	1.000 	2.000 	2.000 	1.000 	2.000 	3.000 	3.000 	0.000 	0.000 
RA300,GWH,SE	: 	3319.000 	3636.000 	4225.000 	2995.840 	2862.740 	3333.030 	2226.540 	1898.280 	1554.040 	1256.640 	1489.970 	2699.250 	3012.500 	2413.110 	1626.410 	2035.777 	3119.813 	2227.361 	2368.672 	1203.586 	1770.419 	1151.651 	1668.486 	2503.025 	2975.291 	3051.182 	3513.817 	2478.308 	1484.445 	1637.777 	1656.902 	1197.081 	1055.425 	1356.900 	1408.648 	1325.816 	2375.331 	2085.558 	1840.125 	1641.641 	1661.127 	1987.507 	1947.922 	1293.939 	652.739 	1328.239 	1034.374 	1288.867 	1159.997 	1127.581 	1514.412 	1837.143 	1644.769 	1931.254 	1011.355 	1134.013 	1022.334 	1314.862 	1090.141 	1452.591 	1716.219 	1370.303 	1982.887 	2338.000 	1783.000 	1448.000 	1019.000 	1195.000 	842.000 	931.000 	890.000 	1087.000 	1030.000 	1423.000 	1440.000 
RA300,GWH,SI	: 	: 	0.405 	0.427 	0.554 	0.879 	0.610 	0.307 	0.456 	0.203 	0.150 	0.389 	0.418 	0.496 	0.496 	0.577 	0.736 	0.698 	0.380 	0.589 	0.393 	0.331 	0.150 	0.594 	0.614 	0.879 	0.361 	0.482 	0.584 	0.564 	0.429 	0.640 	0.523 	0.277 	0.280 	0.420 	0.463 	0.684 	0.523 	0.751 	0.411 	0.896 	0.787 	0.364 	0.523 	0.176 	0.311 	0.518 	0.328 	0.619 	0.669 	0.418 	0.546 	0.730 	0.274 	0.637 	0.378 	0.245 	0.305 	0.218 	0.431 	0.364 	0.665 	0.923 	1.000 	0.000 	1.000 	0.000 	1.000 	0.000 	1.000 	0.000 	0.000 	1.000 	1.000 	0.000 
RA300,GWH,SK	: 	0.000 n	1.000 	1.000 	0.000 n	0.000 n	0.000 n	0.000 n	0.000 n	0.000 n	0.000 n	0.000 n	0.000 n	0.000 n	0.000 n	0.000 n	0.000 n	0.000 n	0.000 n	0.000 n	0.000 n	0.000 n	0.000 n	0.000 n	0.000 n	0.000 n	0.000 n	0.000 n	1.000 	1.000 	0.000 n	0.000 n	0.000 n	0.000 n	0.000 n	0.000 n	1.000 	0.000 n	0.000 n	0.000 n	1.000 	1.000 	1.000 	0.000 n	0.000 n	0.000 n	0.000 n	0.000 n	1.000 	0.000 n	0.000 n	1.000 	0.000 n	0.000 n	0.000 n	0.000 n	0.000 n	0.000 n	0.000 n	0.000 n	0.000 n	0.000 n	0.000 n	0.000 n	0.000 	0.000 	0.000 	0.000 	0.000 	0.000 	0.000 	0.000 	0.000 	0.000 	0.000 	0.000 
RA300,GWH,TR	: 	: 	2667.018 	3099.822 	3458.757 	2594.837 	2630.747 	2867.394 	2585.304 	2972.447 	1514.596 	2069.119 	2402.277 	2490.466 	2489.078 	2857.500 	2423.810 	2296.213 	1128.428 	2088.235 	2431.153 	2616.400 	1268.424 	1530.018 	1988.862 	2151.138 	2244.887 	2386.822 	1847.438 	1345.554 	1257.292 	1980.030 	2653.614 	1962.463 	1711.238 	1158.944 	1484.752 	2011.829 	1812.816 	2201.190 	1671.704 	2036.683 	1512.722 	1704.875 	2342.476 	1424.315 	1229.547 	1215.851 	1161.756 	2045.477 	1671.700 	1808.591 	2200.570 	1098.790 	1337.965 	1048.968 	2275.200 	2166.047 	971.423 	1302.862 e	983.150 e	1361.263 e	1554.185 e	1635.333 e	1667.000 	1338.000 	1183.000 	1281.000 	1718.000 	1788.000 	1102.000 	918.000 	812.000 	1206.000 	1131.000 	1252.000 
RA300,GWH,UA	: 	: 	: 	476.700 	303.000 	244.800 	328.000 	220.000 	181.000 	167.800 	147.300 	177.100 	205.800 	267.400 	268.100 	322.300 	273.700 	141.300 	169.200 	143.900 	103.700 	112.800 	105.100 	128.000 	146.500 	217.400 	212.700 	177.600 	192.500 	186.200 	70.600 	134.800 	107.500 	74.600 	109.600 	102.300 	117.600 	142.000 	124.200 	138.600 	132.700 	119.700 	123.700 	95.900 	90.400 	52.600 	58.800 	76.400 	100.500 	122.500 	97.200 	115.500 	114.500 	93.500 	95.500 	: 	: 	: 	: 	: 	: 	: 	: 	: 	: 	: 	: 	: 	: 	: 	: 	: 	: 	: 	: 	: 
RA300,GWH,UK	: 	: 	: 	: 	: 	: 	: 	: 	: 	: 	: 	: 	: 	: 	: 	: 	: 	: 	6882.451 	5574.907 	4596.181 	4605.947 	4514.723 	4308.452 	4596.002 	7731.592 	9784.186 	8844.635 	7640.412 	5425.507 	6341.764 	5358.602 	5219.216 	3534.861 	4158.791 	3202.679 	4737.185 	6936.947 	5927.670 	5650.592 	6236.519 	6812.768 	5810.372 	5050.669 	3408.223 	2086.180 	2436.212 	3243.563 	4457.463 	5461.556 	5190.502 	6709.934 	6138.698 	5362.035 	5883.484 	3727.661 	3018.439 	2916.782 	3669.367 	3003.495 	3490.377 	4327.978 	4631.558 	7082.759 	4451.000 	4302.000 	3786.000 	3995.000 	3758.000 	3400.000 	2945.000 	3668.000 	4006.000 	3622.000 	3308.000 	5214.000 
RA310,GWH,AL	: 	0.000 	0.000 	0.000 	0.000 	0.000 	0.000 	0.000 	0.000 	0.000 	0.000 	0.000 	0.000 	0.000 	0.000 	0.000 	0.000 	0.000 	0.000 	0.000 	0.000 	0.000 	0.000 	0.000 	0.000 	0.000 	0.000 	0.000 	0.000 	0.000 	0.000 	0.000 	0.000 	0.000 	0.000 	0.000 	0.000 	0.000 	0.000 	0.000 	0.000 	0.000 	0.000 	0.000 	0.000 	0.000 	0.000 	0.000 	0.000 	0.000 	0.000 	0.000 	: 	: 	: 	: 	: 	: 	: 	: 	: 	: 	: 	: 	: 	: 	: 	: 	: 	: 	: 	: 	: 	: 	: 	: 
RA310,GWH,AT	: 	539.551 	1014.004 	1056.020 	739.164 	609.806 	662.935 	342.272 	374.415 	485.726 	346.406 	774.771 	720.966 	593.146 	462.601 	572.189 	616.629 	370.780 	699.558 	423.943 	371.458 	330.440 	610.620 	663.242 	394.974 	744.416 	1081.760 	415.822 	816.739 	723.731 	483.574 	390.384 	303.257 	318.112 	380.129 	784.625 	758.740 	712.815 	701.289 	854.875 	753.129 	509.116 	679.065 	357.462 	294.872 	375.980 	454.949 	300.039 	624.649 	526.367 	424.167 	557.264 	761.063 	541.022 	649.050 	548.968 	380.435 	404.686 	420.977 	483.678 	676.027 	597.284 	417.794 	599.158 	: 	: 	: 	: 	: 	: 	: 	: 	: 	: 	: 	: 
RA310,GWH,BA	: 	: 	35.838 	47.710 	49.590 	35.326 	37.925 	22.680 	22.914 	23.096 	21.010 	35.324 	35.098 	43.055 	29.753 	27.094 	22.465 	13.297 	21.958 	17.089 	19.111 	17.639 	17.077 	31.112 	21.363 	30.210 	26.303 	24.197 	0.000 	0.000 	13.675 	17.290 	11.278 	16.920 	15.888 	24.274 	21.717 	25.167 	22.222 	20.243 	: 	: 	: 	: 	: 	: 	: 	0.000 	0.000 	0.000 	0.000 	0.000 	: 	: 	: 	: 	0.000 	0.000 	0.000 	0.000 	0.000 	0.000 	0.000 	0.000 	: 	: 	: 	: 	: 	: 	: 	: 	: 	: 	: 	: 
RA310,GWH,BE	: 	: 	793.592 	439.123 	506.634 	336.786 	542.551 	219.612 	292.715 	288.657 	160.399 	475.472 	329.578 	477.680 	495.811 	452.476 	550.211 	462.636 	582.469 	269.810 	274.400 	280.699 	263.705 	309.598 	303.834 	600.962 	868.716 	589.839 	631.755 	416.558 	463.995 	323.780 	247.267 	181.044 	238.560 	221.331 	288.307 	613.790 	382.837 	423.566 	519.944 	405.849 	303.018 	228.659 	205.197 	149.998 	176.379 	185.588 	284.356 	419.784 	380.546 	546.899 	486.408 	316.254 	401.134 	235.155 	158.460 	213.593 	245.814 	177.025 	184.033 	376.929 	309.750 	235.302 	: 	: 	: 	: 	: 	: 	: 	: 	: 	: 	: 	: 
RA310,GWH,BG	: 	: 	143.742 	219.223 	206.351 	124.628 	121.035 	95.409 	65.243 	84.865 	86.449 	103.121 	80.575 	161.937 	130.717 	173.858 	163.639 	112.559 	92.499 	106.878 	78.551 	71.232 	68.726 	124.065 	127.131 	188.932 	176.257 	167.657 	157.341 	145.322 	60.497 	87.395 	89.461 	56.691 	84.033 	91.330 	85.111 	133.213 	169.365 	158.031 	124.357 	117.075 	131.796 	101.995 	90.257 	58.964 	67.742 	112.295 	113.429 	124.524 	152.088 	131.726 	138.211 	84.855 	136.662 	134.280 	120.657 	110.026 	79.197 	91.192 	107.351 	161.054 	118.610 	164.540 	: 	: 	: 	: 	: 	: 	: 	: 	: 	: 	: 	: 
RA310,GWH,CY	: 	: 	17.368 	27.283 	24.242 	16.639 	16.517 	16.992 	20.343 	19.274 	19.801 	18.903 	19.815 	29.015 	19.843 	25.094 	14.982 	13.584 	17.275 	15.660 	18.496 	13.883 	19.530 	25.504 	20.284 	28.445 	25.529 	26.809 	18.906 	16.013 	18.009 	14.980 	15.944 	21.694 	14.220 	20.591 	17.655 	20.944 	26.717 	32.462 	21.075 	15.699 	15.169 	15.902 	21.888 	20.371 	20.078 	17.414 	15.262 	21.466 	15.542 	20.747 	15.259 	16.955 	17.086 	15.919 	12.972 	16.401 	16.451 	19.588 	21.314 	22.182 	14.569 	22.323 	: 	: 	: 	: 	: 	: 	: 	: 	: 	: 	: 	: 
RA310,GWH,CZ	: 	: 	104.677 	86.483 	65.929 	57.696 	70.566 	31.276 	33.931 	29.260 	23.412 	71.785 	57.702 	54.719 	44.297 	53.415 	70.825 	49.359 	68.064 	36.531 	35.072 	31.186 	39.982 	45.936 	48.384 	78.840 	113.294 	73.221 	82.970 	71.831 	61.516 	44.287 	26.964 	27.809 	35.828 	50.912 	61.844 	83.774 	63.536 	79.696 	79.451 	59.222 	67.874 	35.508 	26.104 	27.947 	34.524 	45.195 	57.490 	56.741 	37.452 	73.162 	83.818 	56.059 	63.795 	33.697 	27.426 	32.926 	38.135 	32.995 	54.327 	55.696 	46.598 	56.444 	: 	: 	: 	: 	: 	: 	: 	: 	: 	: 	: 	: 
RA310,GWH,DE	: 	: 	17989.000 e	13131.000 e	9820.000 e	7940.000 e	10358.000 e	4542.000 e	6274.000 e	4755.000 e	3442.000 e	8953.000 e	7907.000 e	9311.000 e	8659.000 e	9449.000 e	9201.000 e	8828.000 e	10720.000 e	4741.000 e	5293.000 e	5547.000 e	5064.000 e	6181.000 e	7052.000 e	11754.000 e	17639.000 e	12939.000 e	12392.000 e	7992.000 e	9475.000 e	7254.000 e	4519.000 e	4986.000 e	5208.000 e	6609.000 e	7494.000 e	14185.000 e	9114.000 e	11954.000 e	12378.000 e	8211.000 e	9000.000 e	6384.000 e	5209.000 e	3798.000 e	4809.000 e	6140.000 e	7604.000 e	9417.000 e	6668.000 e	13077.000 e	13183.000 e	8800.000 e	10474.000 e	5373.000 e	4464.000 e	4663.000 e	5874.000 e	4477.000 e	6698.000 e	7816.000 e	7978.000 e	6591.000 e	: 	: 	: 	: 	: 	: 	: 	: 	: 	: 	: 	: 
RA310,GWH,DK	: 	648.867 	1386.683 	1265.271 	879.052 	756.007 	830.716 	501.501 	712.015 	497.880 	457.032 	565.003 	799.113 	905.257 	891.003 	667.188 	728.896 	828.875 	789.438 	628.963 	388.230 	802.250 	453.140 	763.930 	748.667 	948.139 	1328.888 	1340.849 	1100.708 	663.662 	702.712 	861.339 	563.072 	632.912 	568.295 	936.092 	626.976 	1300.523 	904.738 	1091.232 	960.751 	752.971 	1009.675 	973.581 	611.703 	498.456 	632.361 	464.309 	788.405 	892.629 	779.429 	904.690 	1118.078 	834.019 	994.582 	506.086 	596.091 	585.539 	835.383 	662.157 	937.960 	821.746 	952.247 	751.006 	: 	: 	: 	: 	: 	: 	: 	: 	: 	: 	: 	: 
RA310,GWH,EA19	: 	: 	33910.446 	26546.171 	24914.319 	18388.038 	22300.101 	11258.824 	14114.148 	12466.652 	8862.389 	20140.618 	17113.084 	20935.202 	21019.837 	22320.344 	20500.614 	18132.771 	21180.555 	11518.008 	11142.866 	11713.138 	11079.060 	12995.259 	13761.591 	23067.911 	31237.804 	23842.944 	23920.552 	17154.832 	17588.962 	14038.152 	10150.960 	9693.194 	10590.812 	13016.405 	14488.316 	24690.653 	17006.228 	20733.826 	21183.348 	16270.174 	16436.793 	11759.616 	10468.457 	7227.839 	9306.200 	10716.350 	13740.580 	18144.703 	13976.771 	22538.595 	27847.021 	19209.538 	20153.417 	13154.738 	12342.738 	12875.756 	13678.660 	12545.376 	15871.140 	19960.208 	20022.327 	17847.852 	: 	: 	: 	: 	: 	: 	: 	: 	: 	: 	: 	: 
RA310,GWH,EE	: 	: 	84.100 	90.000 	75.900 	76.800 	97.500 	57.600 	60.400 	36.800 	24.932 	48.500 	67.900 	82.300 	50.900 	53.400 	79.500 	80.000 	64.100 	66.600 	26.200 	48.600 	37.300 	49.600 	76.700 	83.700 	104.300 	108.200 	0.000 	0.000 	0.000 	0.000 	0.000 	0.000 	0.000 	0.000 	0.000 	0.000 	0.000 	0.000 	0.000 	0.000 	0.000 	0.000 	0.000 	0.000 	0.000 	0.000 	0.000 	0.000 	0.000 	0.000 	0.000 	0.000 	0.000 	0.000 	0.000 	0.000 	0.000 	0.000 	68.100 	72.000 	57.000 	69.000 	: 	: 	: 	: 	: 	: 	: 	: 	: 	: 	: 	: 
RA310,GWH,EL	: 	1011.136 	875.891 	982.126 	1220.518 	966.342 	1117.644 	861.044 	740.255 	841.666 	367.040 	675.672 	750.422 	847.144 	886.082 	1209.137 	963.533 	996.579 	611.753 	1001.391 	642.202 	828.681 	534.704 	557.744 	773.255 	819.260 	805.565 	786.142 	765.589 	587.976 	485.682 	588.600 	863.963 	541.694 	522.841 	421.314 	482.429 	672.882 	661.345 	684.015 	534.301 	697.009 	569.512 	583.921 	700.305 	291.177 	389.052 	445.124 	390.157 	645.639 	510.446 	543.617 	704.160 	384.422 	439.221 	339.875 	713.943 	522.342 	226.290 	450.479 	308.489 	470.307 	478.298 	499.153 	: 	: 	: 	: 	: 	: 	: 	: 	: 	: 	: 	: 
RA310,GWH,ES	: 	: 	0.000 	0.000 	0.000 	0.000 	0.000 	0.000 	0.000 	0.000 	0.000 	0.000 	0.000 	0.000 	0.000 	0.000 	0.000 	0.000 	0.000 	0.000 	0.000 	0.000 	0.000 	0.000 	0.000 	0.000 	0.000 	0.000 	0.000 	0.000 	0.000 	0.000 	0.000 	0.000 	0.000 	0.000 	0.000 	0.000 	0.000 	0.000 	0.000 	0.000 	0.000 	0.000 	0.000 	0.000 	0.000 	0.000 	0.000 	0.000 	0.000 	0.000 	5788.140 	3979.697 	3208.174 	2874.030 	3313.303 	3364.385 	3187.100 	3466.670 	4148.935 	4722.745 	4949.202 	4828.893 	: 	: 	: 	: 	: 	: 	: 	: 	: 	: 	: 	: 
RA310,GWH,EU27_2020	: 	: 	42726.677 	36147.110 	32036.412 	24639.980 	29620.391 	15708.382 	18339.161 	15834.636 	11882.020 	24474.173 	22748.164 	27379.833 	26448.882 	27148.098 	26198.001 	24077.137 	26391.435 	16276.856 	14124.071 	15772.038 	13965.978 	17624.749 	19200.670 	29850.771 	39082.493 	31593.402 	30511.766 	21844.205 	21704.819 	18437.502 	13150.170 	12775.440 	13867.178 	17251.139 	18634.303 	31241.947 	22606.946 	26479.820 	26245.274 	20620.942 	21859.988 	16424.415 	13642.982 	9467.963 	12620.436 	13838.259 	17960.571 	22255.842 	17631.157 	27723.927 	33931.078 	23777.759 	25874.186 	16758.175 	15650.766 	15959.338 	17558.256 	15882.317 	20634.765 	24921.226 	24560.897 	22925.571 	: 	: 	: 	: 	: 	: 	: 	: 	: 	: 	: 	: 
RA310,GWH,FI	611.000 	1103.000 	971.000 	1244.000 	895.000 	765.000 	996.000 	581.000 	542.000 	408.000 e	390.000 	499.000 	619.000 	920.000 	581.000 	491.000 	706.000 	895.000 	612.000 	650.000 	365.000 	378.000 	353.000 	356.000 	585.000 	821.000 	751.000 	945.000 	676.000 	388.000 	456.000 	411.000 	428.000 	291.000 	417.000 	449.000 	466.000 	677.000 	625.000 	445.000 	441.000 	662.000 	582.000 	590.000 	465.000 	263.000 	474.000 	426.000 	319.000 	473.000 	441.000 	480.000 	542.000 	558.000 	407.000 	264.000 	402.000 d	234.000 d	276.000 d	322.000 d	358.000 d	487.000 	293.000 	544.000 	: 	: 	: 	: 	: 	: 	: 	: 	: 	: 	: 	: 
RA310,GWH,FR	: 	3354.671 e	5245.262 e	3135.466 e	4322.984 e	2711.001 e	3486.093 e	1660.870 e	2222.595 e	2305.496 e	1350.616 e	3956.147 e	2946.364 e	3708.309 e	4244.601 e	3956.264 e	4385.699 e	3156.791 e	4322.174 e	2148.635 e	2048.968 e	2106.276 e	2052.035 e	2663.418 e	2283.814 e	4500.314 e	5908.036 e	4176.266 e	4685.221 e	3403.557 e	3425.936 e	2693.030 e	1653.388 e	1743.802 e	1892.963 e	2256.921 e	2347.514 e	4497.511 e	2618.196 e	2961.959 e	3405.252 e	2560.473 e	2291.974 e	1482.012 e	1287.868 e	1009.080 e	1267.060 e	1496.775 e	2034.986 e	2912.186 e	2605.792 e	3780.562 e	3083.784 	2172.294 	1972.362 	1557.688 	1170.199 	1618.812 	1395.797 	1400.510 	1378.682 	2514.403 	2421.722 	1908.798 	: 	: 	: 	: 	: 	: 	: 	: 	: 	: 	: 	: 
RA310,GWH,GE	: 	7.085 	5.401 	6.607 	4.996 	6.270 	9.699 	6.998 	5.509 	6.464 	7.652 	8.959 	6.859 	8.904 	5.772 	5.091 	7.064 	7.165 	6.785 	8.352 	7.527 	7.312 	6.654 	8.144 	8.414 	8.822 	6.673 	7.913 	6.790 	7.814 	5.803 	7.238 	8.288 	8.950 	5.489 	6.077 	6.816 	8.229 	7.371 	5.833 	6.456 	6.752 	7.203 	8.102 	7.578 	8.057 	5.170 	5.188 	9.366 	7.054 	6.200 	7.100 	: 	: 	: 	: 	: 	: 	: 	: 	: 	: 	: 	: 	: 	: 	: 	: 	: 	: 	: 	: 	: 	: 	: 	: 
RA310,GWH,HR	: 	263.043 	186.989 	233.620 	252.477 	206.118 	227.879 	120.366 	133.689 	120.379 	86.370 	146.119 	178.167 	198.341 	163.970 	231.023 	184.746 	143.507 	127.543 	138.054 	131.501 	123.765 	98.018 	182.153 	133.400 	201.835 	132.803 	121.359 	180.058 	172.439 	85.903 	90.155 	72.890 	77.818 	78.933 	121.639 	120.772 	151.798 	146.435 	156.934 	115.467 	118.307 	131.519 	82.150 	88.340 	80.888 	112.783 	133.129 	87.171 	130.796 	145.727 	124.079 	163.519 	121.910 	85.822 	93.411 	100.752 	80.654 	56.074 	73.498 	100.542 	103.048 	93.969 	105.719 	: 	: 	: 	: 	: 	: 	: 	: 	: 	: 	: 	: 
RA310,GWH,HU	: 	: 	86.916 	85.246 	67.086 	47.212 	55.229 	33.643 	31.188 	42.678 	29.299 	74.383 	75.212 	69.627 	51.010 	57.730 	54.097 	33.371 	64.638 	34.879 	30.627 	33.265 	58.409 	68.900 	36.733 	70.418 	103.171 	36.881 	83.739 	63.439 	47.521 	36.126 	29.575 	33.900 	31.491 	76.350 	72.606 	73.424 	73.748 	83.342 	71.598 	47.741 	61.872 	37.224 	27.822 	43.393 	46.548 	26.684 	69.201 	51.362 	48.471 	57.490 	80.733 	60.038 	66.927 	58.975 	43.994 	45.188 	51.830 	60.288 	86.251 	75.232 	47.675 	60.030 	: 	: 	: 	: 	: 	: 	: 	: 	: 	: 	: 	: 
RA310,GWH,IE	: 	928.474 	1508.330 	941.737 	1198.511 	932.719 	931.957 	516.255 	547.244 	303.844 	596.429 	742.172 	641.910 	966.105 	1347.137 	943.258 	1248.375 	1060.059 	1136.627 	755.488 	629.406 	761.876 	725.201 	767.836 	574.227 	1162.977 	1498.179 	1175.731 	1095.396 	875.556 	806.236 	693.614 	721.142 	441.246 	577.487 	511.751 	741.249 	920.006 	1108.726 	872.584 	970.158 	1014.770 	721.376 	638.072 	541.526 	333.686 	312.300 	495.952 	699.009 	742.364 	779.462 	1100.497 	807.980 	614.283 	710.952 	577.936 	442.087 	436.831 	578.961 	467.566 	447.909 	774.325 	847.725 	701.085 	: 	: 	: 	: 	: 	: 	: 	: 	: 	: 	: 	: 
RA310,GWH,IS	: 	0.365 	0.524 	0.649 	0.738 	0.581 	0.744 	0.471 	0.156 	0.233 	0.071 	0.539 	0.410 	0.584 	0.755 	0.802 	0.910 	0.648 	0.454 	0.464 	0.261 	0.263 	0.347 	0.565 	0.544 	0.781 	0.694 	0.730 	0.725 	0.594 	0.699 	0.438 	0.461 	0.335 	0.525 	0.374 	0.639 	0.635 	0.718 	0.425 	0.653 	0.491 	0.201 	0.133 	0.423 	0.278 	0.223 	0.309 	0.354 	0.513 	0.447 	0.339 	0.699 	0.593 	0.531 	0.498 	0.338 	0.500 	0.603 	0.898 	0.821 	0.899 	0.732 	1.014 	: 	: 	: 	: 	: 	: 	: 	: 	: 	: 	: 	: 
RA310,GWH,IT	: 	: 	2254.000 	2532.000 	2824.000 	1720.000 	1665.000 	986.000 	1424.000 	1403.000 	960.000 	1969.000 	1541.000 	1826.000 	1697.000 	2604.000 	: 	: 	: 	: 	: 	: 	: 	: 	: 	: 	: 	: 	: 	: 	: 	: 	0.000 	0.000 	0.000 	0.000 	0.000 	0.000 	: 	: 	0.000 	0.000 	0.000 	: 	: 	: 	: 	: 	: 	: 	: 	: 	: 	: 	: 	: 	: 	: 	: 	: 	: 	: 	: 	: 	: 	: 	: 	: 	: 	: 	: 	: 	: 	: 	: 	: 
RA310,GWH,LT	: 	: 	216.543 	207.919 	130.795 	160.769 	170.861 	112.098 	96.059 	59.529 	50.617 	113.722 	127.271 	129.008 	104.187 	99.302 	168.548 	138.020 	128.079 	120.796 	45.697 	100.905 	62.985 	119.675 	141.960 	127.456 	196.679 	192.684 	174.031 	133.980 	121.200 	117.500 	48.500 	99.119 	103.428 	101.813 	118.505 	178.341 	153.846 	131.275 	96.526 	83.070 	136.722 	112.702 	70.689 	61.453 	77.123 	68.946 	134.487 	99.436 	56.530 	138.673 	146.018 	127.011 	173.004 	96.854 	86.606 	83.929 	107.665 	78.447 	101.935 	107.127 	127.304 	107.461 	: 	: 	: 	: 	: 	: 	: 	: 	: 	: 	: 	: 
RA310,GWH,LU	: 	: 	20.814 e	24.779 e	32.569 e	22.990 e	37.739 e	13.735 e	21.453 e	19.352 e	12.858 e	35.252 e	25.900 e	35.615 e	39.584 e	33.933 e	34.702 e	46.262 e	24.729 e	16.377 e	19.611 e	18.888 e	17.840 e	21.659 e	22.442 e	38.936 e	48.291 e	33.051 e	34.579 e	24.250 e	29.158 e	19.233 e	13.762 e	11.950 e	15.453 e	17.390 e	19.659 e	39.299 e	22.885 e	28.732 e	32.552 e	26.292 e	23.170 e	16.522 e	14.589 e	10.918 e	12.948 e	15.994 e	22.346 e	24.842 e	24.617 e	38.918 e	20.663 	22.870 	27.160 	17.680 e	13.457 e	17.518 e	16.803 e	12.749 e	14.775 e	28.297 e	22.540 e	20.821 e	: 	: 	: 	: 	: 	: 	: 	: 	: 	: 	: 	: 
RA310,GWH,LV	: 	8.000 	20.000 	20.000 	13.000 	15.000 	17.000 	11.000 	10.000 	7.000 	4.000 	11.000 	16.000 	16.000 	9.000 	9.000 	15.000 	17.000 	14.000 	14.000 	5.000 	13.000 	6.000 	13.000 	15.000 	17.000 	23.000 	24.000 	20.000 	11.000 	14.000 	13.000 	6.000 	9.000 	7.000 	11.000 	11.000 	20.000 	17.000 	13.000 	9.000 	8.000 	16.000 	16.000 	8.000 	6.000 	9.000 	6.000 	12.000 	10.000 	6.000 	14.000 	17.000 	12.000 	18.000 	10.000 	12.000 	8.000 	11.000 	7.000 	11.000 	14.000 	12.000 	14.000 	: 	: 	: 	: 	: 	: 	: 	: 	: 	: 	: 	: 
RA310,GWH,MD	: 	: 	0.557 	1.057 	1.241 	1.205 	0.971 	0.848 	0.540 	0.569 	0.899 	1.113 	0.804 	1.299 	1.147 	1.284 	0.694 	0.409 	0.594 	0.625 	0.509 	0.523 	0.353 	0.801 	0.758 	0.950 	1.162 e	0.945 e	: 	: 	: 	: 	: 	: 	: 	: 	: 	: 	: 	: 	: 	: 	: 	: 	: 	: 	: 	: 	: 	: 	: 	: 	: 	: 	: 	: 	: 	: 	: 	: 	: 	: 	: 	: 	: 	: 	: 	: 	: 	: 	: 	: 	: 	: 	: 	: 
RA310,GWH,ME	: 	: 	: 	: 	: 	: 	: 	: 	: 	: 	: 	: 	: 	: 	: 	: 	: 	: 	: 	: 	: 	: 	: 	: 	: 	: 	: 	: 	: 	: 	: 	: 	: 	: 	: 	: 	17.000 	29.000 	35.000 	34.000 	21.000 	13.000 	14.000 	13.000 	6.000 	12.000 	12.000 	8.000 	12.000 	18.000 	16.000 	17.000 	24.000 	14.000 	0.000 	0.000 	0.000 	0.000 	0.000 	0.000 	0.000 	0.000 	0.000 	0.000 	: 	: 	: 	: 	: 	: 	: 	: 	: 	: 	: 	: 
RA310,GWH,MK	: 	: 	9.829 	16.459 	13.234 	5.859 	7.302 	6.927 	6.838 	7.363 	9.088 	8.353 	7.813 	10.932 	8.545 	11.064 	6.720 	7.983 	8.074 	6.995 	9.350 	9.310 	10.554 	11.217 	7.440 	11.019 	12.254 	15.969 	11.275 	4.180 	5.140 	7.389 	5.811 	8.825 	8.073 	9.031 	6.266 	8.194 	13.937 	13.685 	13.092 	6.546 	5.844 	10.318 	4.989 	12.225 	8.815 	5.684 	6.556 	7.280 	8.634 	7.355 	13.360 	7.584 	11.529 	6.844 	7.964 	7.371 	8.455 	8.342 	10.963 	10.772 	6.036 	11.260 	: 	: 	: 	: 	: 	: 	: 	: 	: 	: 	: 	: 
RA310,GWH,MT	: 	0.000 	0.000 	0.000 	0.000 	0.000 	0.000 	0.000 	0.000 	0.000 	0.000 	0.000 	0.000 	0.000 	0.000 	0.000 	0.000 	0.000 	0.000 	0.000 	0.000 	0.000 	0.000 	0.000 	0.000 	0.000 	0.000 	0.000 	0.000 	0.000 	0.000 	0.000 	0.000 	0.000 	0.000 	0.000 	0.000 	0.000 	0.000 	0.000 	0.000 	0.000 	0.000 	0.000 	0.000 	0.000 	0.000 	0.000 	0.000 	0.000 	0.000 	0.000 	0.000 	0.000 	0.000 	0.000 	0.000 	0.000 	0.000 	0.000 	0.000 	0.000 	0.000 	0.000 	: 	: 	: 	: 	: 	: 	: 	: 	: 	: 	: 	: 
RA310,GWH,NL	: 	: 	1995.067 	1418.139 	1253.929 	855.448 	1276.368 	524.700 	774.352 	593.027 	346.505 	789.797 	745.388 	914.676 	949.027 	953.696 	948.867 	911.626 	1028.845 	526.623 	536.750 	554.590 	512.060 	580.624 	603.739 	1075.857 	1470.021 	1105.987 	1067.707 	631.510 	753.151 e	611.734 	502.497 	341.252 	414.018 	450.550 	548.795 	1059.381 	655.864 	898.607 	895.000 e	692.000 	902.000 	900.000 	900.000 e	294.000 e	600.000 e	395.000 e	488.000 e	900.000 e	900.000 e	864.000 e	900.000 e	676.000 e	902.000 e	404.000 e	340.000 e	385.000 e	498.000 e	355.000 e	467.000 e	672.000 e	763.000 e	535.000 e	: 	: 	: 	: 	: 	: 	: 	: 	: 	: 	: 	: 
RA310,GWH,NO	854.480 	1395.390 	1541.512 	1753.373 	1423.877 	1265.702 	1478.937 	980.993 	600.008 	691.798 	613.563 	532.029 	916.171 	1271.373 	1120.002 	872.583 	1359.399 	1338.367 	922.942 	858.422 	445.913 	506.181 	372.085 	600.285 	686.210 	942.781 	853.722 	1024.285 	790.768 	518.954 	454.638 	518.356 	325.993 	290.674 	352.544 	358.079 	355.310 	527.024 	488.283 	555.628 	539.644 	447.944 	496.495 	379.417 	211.335 	163.819 	242.986 	222.609 	225.749 	303.580 	276.031 	366.272 	360.296 	346.352 	373.937 	258.125 	176.359 	122.139 	148.615 	141.584 	187.838 	251.960 	206.597 	275.749 	: 	: 	: 	: 	: 	: 	: 	: 	: 	: 	: 	: 
RA310,GWH,PL	: 	: 	2686.254 	2574.896 	1861.418 	1719.481 	2181.775 	1053.893 	1054.057 	709.222 	662.819 	1404.014 	1390.181 	1417.700 	1289.368 	1253.160 	1692.407 	1260.882 	1304.337 	907.871 	682.638 	858.783 	733.992 	1118.020 	1218.739 	1473.405 	2139.094 	1863.674 	1760.090 	1326.235 	1149.931 	1176.146 	588.167 	893.691 	743.886 	1002.763 	1230.862 	1775.231 	1514.338 	1541.634 	1457.661 	1010.325 	1440.952 	985.419 	682.360 	674.737 	748.039 	797.923 	1275.428 	1108.090 	594.638 	1711.773 	1848.555 	1309.571 	1744.727 	1108.633 	806.095 	748.915 	1104.115 	912.670 	1325.603 	1201.023 	1266.168 	1156.093 	: 	: 	: 	: 	: 	: 	: 	: 	: 	: 	: 	: 
RA310,GWH,PT	: 	: 	904.070 	1295.152 	1856.519 	1257.859 	923.326 	813.339 	713.861 	940.078 	790.636 	1077.821 	654.152 	1078.708 	1473.568 	1468.018 	1566.832 	1155.736 	1218.566 	767.096 	866.285 	729.969 	819.930 	685.765 	913.748 	1292.709 	817.367 	1323.931 	1541.045 	1949.137 	1056.592 	906.657 	827.717 	707.004 	799.433 	1160.699 	1193.000 	1093.000 	918.000 	1433.000 	1126.000 	1383.000 	1195.000 	434.000 	749.000 	614.000 	704.000 	723.000 	1111.000 	1952.000 	1164.000 	1375.000 	1391.000 	988.000 	754.000 	838.996 	832.898 	907.014 	823.497 	827.446 	986.510 	1285.245 	1329.758 	1170.935 	: 	: 	: 	: 	: 	: 	: 	: 	: 	: 	: 	: 
RA310,GWH,RO	: 	798.000 	670.000 	1010.000 	864.000 	545.000 	578.000 	439.000 	341.000 	366.000 	447.000 	514.000 	418.000 	695.000 	502.000 	803.000 	767.000 	396.000 	537.000 	537.000 	431.000 	368.000 	283.000 	658.000 	623.000 	846.000 	800.000 	633.000 	748.000 	762.000 	370.000 	447.000 	432.000 	304.000 	377.000 	547.000 	622.000 	658.000 	643.000 	795.000 	611.000 	584.000 	592.000 	501.000 	354.000 	203.000 	344.000 	508.000 	540.000 	587.000 	769.000 	668.000 	814.000 	457.000 	697.000 	657.000 	479.000 	458.000 	400.000 	414.000 	699.000 	827.000 	643.000 	801.000 	: 	: 	: 	: 	: 	: 	: 	: 	: 	: 	: 	: 
RA310,GWH,RS	: 	78.192 	116.468 	90.323 	110.292 	118.777 	133.322 	57.025 	47.733 	70.830 	43.535 	104.331 	86.975 	87.573 	92.608 	117.735 	138.325 	31.184 	91.687 	81.936 	68.627 	39.592 	69.741 	90.345 	68.321 	119.711 	118.085 	49.024 	133.144 	169.653 	60.983 	59.680 	50.665 	31.055 	33.670 	59.380 	96.430 	73.166 	64.825 	60.342 	47.476 	38.135 	16.948 	7.321 	3.105 	3.409 	2.910 	4.790 	6.955 	6.142 	5.138 	8.090 	8.168 	5.717 	3.765 	3.459 	2.738 	0.788 	2.353 	3.160 	4.840 	4.388 	4.222 	3.291 	: 	: 	: 	: 	: 	: 	: 	: 	: 	: 	: 	: 
RA310,GWH,SE	: 	3241.390 	3550.970 	4126.200 	2925.780 	2795.800 	3255.090 	2174.470 	1853.890 	1517.700 	1227.250 	1455.130 	2636.130 	2942.050 	2356.680 	1588.380 	2035.777 	3119.813 	2227.361 	2368.672 	1203.586 	1770.419 	1151.651 	1668.486 	2503.025 	2975.291 	3051.182 	3513.817 	2478.308 	1484.445 	1637.777 	1656.902 	1197.081 	1055.425 	1356.900 	1408.648 	1325.816 	2375.331 	2085.558 	1840.125 	1641.641 	1661.127 	1987.507 	1947.922 	1293.939 	652.739 	1328.239 	1034.374 	1288.867 	1159.997 	1127.581 	1514.412 	1837.143 	1644.769 	1931.254 	1011.355 	1134.013 	1022.334 	1314.862 	1090.141 	1452.591 	1716.219 	1370.303 	1982.887 	: 	: 	: 	: 	: 	: 	: 	: 	: 	: 	: 	: 
RA310,GWH,SI	: 	: 	0.405 	0.427 	0.554 	0.879 	0.610 	0.307 	0.456 	0.203 	0.150 	0.389 	0.418 	0.496 	0.496 	0.577 	0.736 	0.698 	0.380 	0.589 	0.393 	0.331 	0.150 	0.594 	0.614 	0.879 	0.361 	0.482 	0.584 	0.564 	0.429 	0.640 	0.523 	0.277 	0.280 	0.420 	0.463 	0.684 	0.523 	0.751 	0.411 	0.896 	0.787 	0.364 	0.523 	0.176 	0.311 	0.518 	0.328 	0.619 	0.669 	0.418 	0.546 	0.730 	0.274 	0.637 	0.378 	0.245 	0.305 	0.218 	0.431 	0.364 	0.665 	0.923 	: 	: 	: 	: 	: 	: 	: 	: 	: 	: 	: 	: 
RA310,GWH,SK	: 	0.000 n	1.000 	1.000 	0.000 n	0.000 n	0.000 n	0.000 n	0.000 n	0.000 n	0.000 n	0.000 n	0.000 n	0.000 n	0.000 n	0.000 n	0.000 n	0.000 n	0.000 n	0.000 n	0.000 n	0.000 n	0.000 n	0.000 n	0.000 n	0.000 n	0.000 n	0.000 n	1.000 	1.000 	0.000 n	0.000 n	0.000 n	0.000 n	0.000 n	0.000 n	1.000 	0.000 n	0.000 n	0.000 n	1.000 	1.000 	1.000 	0.000 n	0.000 n	0.000 n	0.000 n	0.000 n	1.000 	0.000 n	0.000 n	1.000 	0.000 n	0.000 n	0.000 n	0.000 n	0.000 n	0.000 n	0.000 n	0.000 n	0.000 n	0.000 n	0.000 n	0.000 n	: 	: 	: 	: 	: 	: 	: 	: 	: 	: 	: 	: 
RA310,GWH,TR	: 	: 	2667.018 	3099.822 	3458.757 	2594.837 	2630.747 	2867.394 	2585.304 	2972.447 	1514.596 	2069.119 	2402.277 	2490.466 	2489.078 	2857.500 	2423.810 	2296.213 	1128.428 	2088.235 	2431.153 	2616.400 	1268.424 	1530.018 	1988.862 	2151.138 	2244.887 	2386.822 	1847.438 	1345.554 	1257.292 	1980.030 	2653.614 	1962.463 	1711.238 	1158.944 	1484.752 	2011.829 	1812.816 	2201.190 	1671.704 	2036.683 	1512.722 	1704.875 	2342.476 	1424.315 	1229.547 	1215.851 	1161.756 	2045.477 	1671.700 	1808.591 	2200.570 	1098.790 	1337.965 	1048.968 	2275.200 	2166.047 	971.423 	1302.862 e	983.150 e	1361.263 e	1554.185 e	1635.333 e	: 	: 	: 	: 	: 	: 	: 	: 	: 	: 	: 	: 
RA310,GWH,UA	: 	: 	: 	0.000 	0.000 	0.000 	0.000 	0.000 	0.000 	0.000 	0.000 	0.000 	0.000 	0.000 	0.000 	0.000 	0.000 	0.000 	0.000 	0.000 	0.000 	0.000 	0.000 	0.000 	0.000 	0.000 	0.000 	0.000 	0.000 	0.000 	0.000 	0.000 	0.000 	0.000 	0.000 	0.000 	0.000 	0.000 	0.000 	0.000 	0.000 	0.000 	0.000 	0.000 	0.000 	0.000 	0.000 	0.000 	0.000 	0.000 	0.000 	0.000 	0.000 	0.000 	0.000 	: 	: 	: 	: 	: 	: 	: 	: 	: 	: 	: 	: 	: 	: 	: 	: 	: 	: 	: 	: 	: 
RA310,GWH,UK	: 	: 	: 	: 	: 	: 	: 	: 	: 	: 	: 	: 	: 	: 	: 	: 	: 	: 	2665.109 	2617.185 	1971.976 	2174.034 	1924.603 	2033.569 	2170.908 	3730.056 	4778.179 	4500.573 	3736.823 	2494.221 	2985.499 	2495.103 	2571.765 	1825.742 	2048.866 	1637.650 	2453.463 	3733.108 	3351.617 	2871.522 	3251.657 	3602.943 	3104.756 	2642.706 	1771.279 	1077.934 	1211.936 	1786.641 	2379.259 	3055.905 	2731.358 	3600.525 	3364.124 	2895.595 	3327.861 	2161.333 	1818.043 	1732.293 	2158.995 	1742.765 	2277.772 	2591.695 	2731.403 	3995.814 	: 	: 	: 	: 	: 	: 	: 	: 	: 	: 	: 	: 
RA320,GWH,AL	: 	0.000 	0.000 	0.000 	0.000 	0.000 	0.000 	0.000 	0.000 	0.000 	0.000 	0.000 	0.000 	0.000 	0.000 	0.000 	0.000 	0.000 	0.000 	0.000 	0.000 	0.000 	0.000 	0.000 	0.000 	0.000 	0.000 	0.000 	0.000 	0.000 	0.000 	0.000 	0.000 	0.000 	0.000 	0.000 	0.000 	0.000 	0.000 	0.000 	0.000 	0.000 	0.000 	0.000 	0.000 	0.000 	0.000 	0.000 	0.000 	0.000 	0.000 	0.000 	: 	: 	: 	: 	: 	: 	: 	: 	: 	: 	: 	: 	: 	: 	: 	: 	: 	: 	: 	: 	: 	: 	: 	: 
RA320,GWH,AT	: 	0.000 	0.000 	0.000 	0.000 	0.000 	0.000 	0.000 	0.000 	0.000 	0.000 	0.000 	0.000 	0.000 	0.000 	0.000 	0.000 	0.000 	0.000 	0.000 	0.000 	0.000 	0.000 	0.000 	0.000 	0.000 	0.000 	0.000 	0.000 	0.000 	0.000 	0.000 	0.000 	0.000 	0.000 	0.000 	0.000 	0.000 	0.000 	0.000 	0.000 	0.000 	0.000 	0.000 	0.000 	0.000 	0.000 	0.000 	0.000 	0.000 	0.000 	0.000 	0.000 	0.000 	0.000 	0.000 	0.000 	0.000 	0.000 	0.000 	0.000 	0.000 	0.000 	0.000 	: 	: 	: 	: 	: 	: 	: 	: 	: 	: 	: 	: 
RA320,GWH,BA	: 	: 	0.000 	0.000 	0.000 	0.000 	0.000 	0.000 	0.000 	0.000 	0.000 	0.000 	0.000 	0.000 	0.000 	0.000 	0.000 	0.000 	0.000 	0.000 	0.000 	0.000 	0.000 	0.000 	0.000 	0.000 	0.000 	0.000 	0.000 	0.000 	0.000 	0.000 	0.000 	0.000 	0.000 	0.000 	0.000 	0.000 	0.000 	0.000 	: 	: 	: 	: 	: 	: 	: 	0.000 	0.000 	0.000 	0.000 	0.000 	: 	: 	: 	: 	0.000 	0.000 	0.000 	0.000 	0.000 	0.000 	0.000 	0.000 	: 	: 	: 	: 	: 	: 	: 	: 	: 	: 	: 	: 
RA320,GWH,BE	: 	: 	1016.062 	665.244 	805.926 	599.918 	821.824 	340.142 	539.347 	411.360 	216.473 	468.694 	492.186 	617.815 	828.067 	746.197 	827.123 	692.029 	915.472 	467.713 	370.743 	368.245 	350.303 	426.296 	348.169 	710.667 	841.529 	645.166 	625.024 	460.089 	523.501 	461.669 	397.699 	225.755 	298.847 	264.793 	293.277 	458.430 	307.786 	415.633 	454.942 	395.036 	333.158 	285.815 	210.993 	133.915 	214.404 	174.390 	200.042 	276.214 	324.321 	367.899 	372.845 	293.577 	380.451 	185.941 	159.947 	200.611 	211.143 	175.167 	132.696 	279.750 	251.301 	199.778 	: 	: 	: 	: 	: 	: 	: 	: 	: 	: 	: 	: 
RA320,GWH,BG	: 	: 	0.000 	0.000 	0.000 	0.000 	0.000 	0.000 	0.000 	0.000 	0.000 	0.000 	0.000 	0.000 	0.000 	0.000 	0.000 	0.000 	0.000 	0.000 	0.000 	0.000 	0.000 	0.000 	0.000 	0.000 	0.000 	0.000 	0.000 	0.000 	0.000 	0.000 	0.000 	0.000 	0.000 	0.000 	0.000 	0.000 	0.000 	0.000 	0.000 	0.000 	0.000 	0.000 	0.000 	0.000 	0.000 	0.000 	0.000 	0.000 	0.000 	0.000 	0.000 	0.000 	0.000 	0.000 	0.000 	0.000 	0.000 	0.000 	0.000 	0.000 	0.000 	0.000 	: 	: 	: 	: 	: 	: 	: 	: 	: 	: 	: 	: 
RA320,GWH,CY	: 	: 	0.000 	0.000 	0.000 	0.000 	0.000 	0.000 	0.000 	0.000 	0.000 	0.000 	0.000 	0.000 	0.000 	0.000 	0.000 	0.000 	0.000 	0.000 	0.000 	0.000 	0.000 	0.000 	0.000 	0.000 	0.000 	0.000 	0.000 	0.000 	0.000 	0.000 	0.000 	0.000 	0.000 	0.000 	0.000 	0.000 	0.000 	0.000 	0.000 	0.000 	0.000 	0.000 	0.000 	0.000 	0.000 	0.000 	0.000 	0.000 	0.000 	0.000 	0.000 	0.000 	0.000 	0.000 	0.000 	0.000 	0.000 	0.000 	0.000 	0.000 	0.000 	0.000 	: 	: 	: 	: 	: 	: 	: 	: 	: 	: 	: 	: 
RA320,GWH,CZ	: 	: 	0.000 	0.000 	0.000 	0.000 	0.000 	0.000 	0.000 	0.000 	0.000 	0.000 	0.000 	0.000 	0.000 	0.000 	0.000 	0.000 	0.000 	0.000 	0.000 	0.000 	0.000 	0.000 	0.000 	0.000 	0.000 	0.000 	0.000 	0.000 	0.000 	0.000 	0.000 	0.000 	0.000 	0.000 	0.000 	0.000 	0.000 	0.000 	0.000 	0.000 	0.000 	0.000 	0.000 	0.000 	0.000 	0.000 	0.000 	0.000 	0.000 	0.000 	0.000 	0.000 	0.000 	0.000 	0.000 	0.000 	0.000 	0.000 	0.000 	0.000 	0.000 	0.000 	: 	: 	: 	: 	: 	: 	: 	: 	: 	: 	: 	: 
RA320,GWH,DE	: 	: 	3028.000 e	3179.000 e	2591.000 e	2568.000 e	2969.000 e	1373.000 e	1933.000 e	1272.000 e	1058.000 e	1304.000 e	1801.000 e	2391.000 e	2783.000 e	2295.000 e	2658.000 e	2610.000 e	2990.000 e	1732.000 e	1599.000 e	1589.000 e	1461.000 e	1589.000 e	1858.000 e	2658.000 e	3042.000 e	3328.000 e	3059.000 e	2258.000 e	2369.000 e	2013.000 e	1373.000 e	1694.000 e	1483.000 e	1815.000 e	1736.000 e	2586.000 e	1968.000 e	2212.000 e	2453.000 e	2004.000 e	2037.000 e	1810.000 e	1075.000 e	768.000 e	1158.000 e	1340.000 e	1641.000 e	1667.000 e	1587.000 e	1939.000 e	2086.000 e	1694.000 e	2280.000 e	1040.000 e	1158.000 e	963.000 e	1292.000 e	1250.000 e	1445.000 e	1538.000 e	1968.000 e	1273.000 e	: 	: 	: 	: 	: 	: 	: 	: 	: 	: 	: 	: 
RA320,GWH,DK	: 	566.412 	1102.721 	1081.842 	870.567 	833.797 	895.161 	519.587 	645.620 	506.964 	379.363 	513.888 	619.314 	621.925 	661.709 	524.807 	592.478 	623.526 	650.042 	454.248 	307.974 	506.857 	324.382 	487.667 	464.903 	616.081 	746.528 	828.401 	732.224 	590.594 	557.369 	647.266 	381.678 	477.497 	410.720 	543.891 	373.105 	574.090 	438.599 	470.536 	488.638 	379.332 	497.534 	477.354 	328.837 	219.834 	307.146 	262.654 	405.480 	418.402 	380.641 	463.994 	575.389 	483.937 	553.265 	326.221 	339.607 	310.654 	435.442 	352.097 	442.153 	436.156 	514.473 	410.378 	: 	: 	: 	: 	: 	: 	: 	: 	: 	: 	: 	: 
RA320,GWH,EA19	: 	: 	5152.974 	4713.619 	4271.679 	3925.380 	4745.376 	2130.425 	3119.529 	2147.521 	1602.378 	2308.415 	2944.533 	3770.976 	4543.570 	3926.382 	4384.562 	4074.564 	4848.766 	2675.109 	2323.717 	2265.106 	2079.427 	2244.335 	2455.373 	3770.295 	4335.199 	4426.350 	4123.770 	3041.673 	3269.712 	2805.506 	2049.813 	2141.083 	1969.974 	2336.528 	2313.461 	3454.084 	2602.395 	3019.365 	3336.942 	2819.036 	2891.158 	2322.815 	1507.993 	1043.915 	1583.404 	1763.390 	2146.042 	2167.214 	2135.321 	2926.899 	3112.845 	2344.577 	3174.451 	1451.941 	1535.947 	1367.611 	1746.143 	1660.167 	1845.696 	2122.750 	2598.301 	1794.778 	: 	: 	: 	: 	: 	: 	: 	: 	: 	: 	: 	: 
RA320,GWH,EE	: 	: 	0.000 	0.000 	0.000 	0.000 	0.000 	0.000 	0.000 	0.000 	0.000 	0.000 	0.000 	0.000 	0.000 	0.000 	0.000 	0.000 	0.000 	0.000 	0.000 	0.000 	0.000 	0.000 	0.000 	0.000 	0.000 	0.000 	0.000 	0.000 	0.000 	0.000 	0.000 	0.000 	0.000 	0.000 	0.000 	0.000 	0.000 	0.000 	0.000 	0.000 	0.000 	0.000 	0.000 	0.000 	0.000 	0.000 	0.000 	0.000 	0.000 	0.000 	0.000 	0.000 	0.000 	0.000 	0.000 	0.000 	0.000 	0.000 	0.000 	0.000 	0.000 	0.000 	: 	: 	: 	: 	: 	: 	: 	: 	: 	: 	: 	: 
RA320,GWH,EL	: 	0.000 	0.000 	0.000 	0.000 	0.000 	0.000 	0.000 	0.000 	0.000 	0.000 	0.000 	0.000 	0.000 	0.000 	0.000 	0.000 	0.000 	0.000 	0.000 	0.000 	0.000 	0.000 	0.000 	0.000 	0.000 	0.000 	0.000 	0.000 	0.000 	0.000 	0.000 	0.000 	0.000 	0.000 	0.000 	0.000 	0.000 	0.000 	0.000 	0.000 	0.000 	0.000 	0.000 	0.000 	0.000 	0.000 	0.000 	0.000 	0.000 	0.000 	0.000 	0.000 	0.000 	0.000 	0.000 	0.000 	0.000 	0.000 	0.000 	0.000 	0.000 	0.000 	0.000 	: 	: 	: 	: 	: 	: 	: 	: 	: 	: 	: 	: 
RA320,GWH,ES	: 	: 	0.000 	0.000 	0.000 	0.000 	0.000 	0.000 	0.000 	0.000 	0.000 	0.000 	0.000 	0.000 	0.000 	0.000 	0.000 	0.000 	0.000 	0.000 	0.000 	0.000 	0.000 	0.000 	0.000 	0.000 	0.000 	0.000 	0.000 	0.000 	0.000 	0.000 	0.000 	0.000 	0.000 	0.000 	0.000 	0.000 	0.000 	0.000 	0.000 	0.000 	0.000 	0.000 	0.000 	0.000 	0.000 	0.000 	0.000 	0.000 	0.000 	0.000 	0.000 	0.000 	0.000 	0.000 	0.000 	0.000 	0.000 	0.000 	0.000 	0.000 	0.000 	0.000 	: 	: 	: 	: 	: 	: 	: 	: 	: 	: 	: 	: 
RA320,GWH,EU27_2020	: 	: 	6340.725 	5894.261 	5212.306 	4826.117 	5718.477 	2702.082 	3809.539 	2690.825 	2011.131 	2857.143 	3626.967 	4463.351 	5261.709 	4489.219 	4977.040 	4698.090 	5498.808 	3129.357 	2631.691 	2771.963 	2403.809 	2732.002 	2920.276 	4386.376 	5081.727 	5254.751 	4855.994 	3632.267 	3827.081 	3452.772 	2431.491 	2618.580 	2380.694 	2880.419 	2686.566 	4028.174 	3040.994 	3489.901 	3825.580 	3198.368 	3388.692 	2800.169 	1836.830 	1263.749 	1890.550 	2026.044 	2551.522 	2585.616 	2515.962 	3390.893 	3688.234 	2828.514 	3727.716 	1778.162 	1875.554 	1678.265 	2181.585 	2012.264 	2287.849 	2558.906 	3112.774 	2205.156 	: 	: 	: 	: 	: 	: 	: 	: 	: 	: 	: 	: 
RA320,GWH,FI	17.000 	27.000 	26.000 	33.000 	23.000 	24.000 	35.000 	18.000 	18.000 	17.000 e	15.000 	17.000 	23.000 	31.000 	20.000 	17.000 	29.000 	34.000 	23.000 	24.000 	14.000 	17.000 	13.000 	18.000 	26.000 	32.000 	29.000 	36.000 	29.000 	18.000 	19.000 	18.000 	21.000 	14.000 	19.000 	19.000 	20.000 	29.000 	29.000 	21.000 	22.000 	27.000 	27.000 	27.000 	22.000 	12.000 	21.000 	17.000 	14.000 	18.000 	18.000 	20.000 	26.000 	25.000 	20.000 	11.000 	0.000 n	0.000 n	0.000 n	0.000 n	0.000 n	0.000 	0.000 	0.000 	: 	: 	: 	: 	: 	: 	: 	: 	: 	: 	: 	: 
RA320,GWH,FR	: 	0.000 	0.000 	0.000 	0.000 	0.000 	0.000 	0.000 	0.000 	0.000 	0.000 	0.000 	0.000 	0.000 	0.000 	0.000 	0.000 	0.000 	0.000 	0.000 	0.000 	0.000 	0.000 	0.000 	0.000 	0.000 	0.000 	0.000 	0.000 	0.000 	0.000 	0.000 	0.000 	0.000 	0.000 	0.000 	0.000 	0.000 	0.000 	0.000 	0.000 	0.000 	0.000 	0.000 	0.000 	0.000 	0.000 	0.000 	0.000 	0.000 	0.000 	0.000 	0.000 	0.000 	0.000 	0.000 	0.000 	0.000 	0.000 	0.000 	0.000 	0.000 	0.000 	0.000 	: 	: 	: 	: 	: 	: 	: 	: 	: 	: 	: 	: 
RA320,GWH,GE	: 	0.000 	0.000 	0.000 	0.000 	0.000 	0.000 	0.000 	0.000 	0.000 	0.000 	0.000 	0.000 	0.000 	0.000 	0.000 	0.000 	0.000 	0.000 	0.000 	0.000 	0.000 	0.000 	0.000 	0.000 	0.000 	0.000 	0.000 	0.000 	0.000 	0.000 	0.000 	0.000 	0.000 	0.000 	0.000 	0.000 	0.000 	0.000 	0.000 	0.000 	0.000 	0.000 	0.000 	0.000 	0.000 	0.000 	0.000 	0.000 	0.000 	0.000 	0.000 	: 	: 	: 	: 	: 	: 	: 	: 	: 	: 	: 	: 	: 	: 	: 	: 	: 	: 	: 	: 	: 	: 	: 	: 
RA320,GWH,HR	: 	0.000 	0.000 	0.000 	0.000 	0.000 	0.000 	0.000 	0.000 	0.000 	0.000 	0.000 	0.000 	0.000 	0.000 	0.000 	0.000 	0.000 	0.000 	0.000 	0.000 	0.000 	0.000 	0.000 	0.000 	0.000 	0.000 	0.000 	0.000 	0.000 	0.000 	0.000 	0.000 	0.000 	0.000 	0.000 	0.000 	0.000 	0.000 	0.000 	0.000 	0.000 	0.000 	0.000 	0.000 	0.000 	0.000 	0.000 	0.000 	0.000 	0.000 	0.000 	0.000 	0.000 	0.000 	0.000 	0.000 	0.000 	0.000 	0.000 	0.000 	0.000 	0.000 	0.000 	: 	: 	: 	: 	: 	: 	: 	: 	: 	: 	: 	: 
RA320,GWH,HU	: 	: 	0.000 	0.000 	0.000 	0.000 	0.000 	0.000 	0.000 	0.000 	0.000 	0.000 	0.000 	0.000 	0.000 	0.000 	0.000 	0.000 	0.000 	0.000 	0.000 	0.000 	0.000 	0.000 	0.000 	0.000 	0.000 	0.000 	0.000 	0.000 	0.000 	0.000 	0.000 	0.000 	0.000 	0.000 	0.000 	0.000 	0.000 	0.000 	0.000 	0.000 	0.000 	0.000 	0.000 	0.000 	0.000 	0.000 	0.000 	0.000 	0.000 	0.000 	0.000 	0.000 	0.000 	0.000 	0.000 	0.000 	0.000 	0.000 	0.000 	0.000 	0.000 	0.000 	: 	: 	: 	: 	: 	: 	: 	: 	: 	: 	: 	: 
RA320,GWH,IE	: 	0.000 	0.000 	0.000 	0.000 	0.000 	0.000 	0.000 	0.000 	0.000 	0.000 	0.000 	0.000 	0.000 	0.000 	0.000 	0.000 	0.000 	0.000 	0.000 	0.000 	0.000 	0.000 	0.000 	0.000 	0.000 	0.000 	0.000 	0.000 	0.000 	0.000 	0.000 	0.000 	0.000 	0.000 	0.000 	0.000 	0.000 	0.000 	0.000 	0.000 	0.000 	0.000 	0.000 	0.000 	0.000 	0.000 	0.000 	0.000 	0.000 	0.000 	0.000 	0.000 	0.000 	0.000 	0.000 	0.000 	0.000 	0.000 	0.000 	0.000 	0.000 	0.000 	0.000 	: 	: 	: 	: 	: 	: 	: 	: 	: 	: 	: 	: 
RA320,GWH,IS	: 	0.000 	0.000 	0.000 	0.000 	0.000 	0.000 	0.000 	0.000 	0.000 	0.000 	0.000 	0.000 	0.000 	0.000 	0.000 	0.000 	0.000 	0.000 	0.000 	0.000 	0.000 	0.000 	0.000 	0.000 	0.000 	0.000 	0.000 	0.000 	0.000 	0.000 	0.000 	0.000 	0.000 	0.000 	0.000 	0.000 	0.000 	0.000 	0.000 	0.000 	0.000 	0.000 	0.000 	0.000 	0.000 	0.000 	0.000 	0.000 	0.000 	0.000 	0.000 	0.000 	0.000 	0.000 	0.000 	0.000 	0.000 	0.000 	0.000 	0.000 	0.000 	0.000 	0.000 	: 	: 	: 	: 	: 	: 	: 	: 	: 	: 	: 	: 
RA320,GWH,IT	: 	: 	0.000 	0.000 	0.000 	0.000 	0.000 	0.000 	0.000 	0.000 	0.000 	0.000 	0.000 	0.000 	0.000 	0.000 	: 	: 	: 	: 	: 	: 	: 	: 	: 	: 	: 	: 	: 	: 	: 	: 	0.000 	0.000 	0.000 	0.000 	0.000 	0.000 	: 	: 	0.000 	0.000 	0.000 	: 	: 	: 	: 	: 	: 	: 	: 	: 	: 	: 	: 	: 	: 	: 	: 	: 	: 	: 	: 	: 	: 	: 	: 	: 	: 	: 	: 	: 	: 	: 	: 	: 
RA320,GWH,LT	: 	: 	0.000 	0.000 	0.000 	0.000 	0.000 	0.000 	0.000 	0.000 	0.000 	0.000 	0.000 	0.000 	0.000 	0.000 	0.000 	0.000 	0.000 	0.000 	0.000 	0.000 	0.000 	0.000 	0.000 	0.000 	0.000 	0.000 	0.000 	0.000 	0.000 	0.000 	0.000 	0.000 	0.000 	0.000 	0.000 	0.000 	0.000 	0.000 	0.000 	0.000 	0.000 	0.000 	0.000 	0.000 	0.000 	0.000 	0.000 	0.000 	0.000 	0.000 	0.000 	0.000 	0.000 	0.000 	0.000 	0.000 	0.000 	0.000 	0.000 	0.000 	0.000 	0.000 	: 	: 	: 	: 	: 	: 	: 	: 	: 	: 	: 	: 
RA320,GWH,LU	: 	: 	0.000 	0.000 	0.000 	0.000 	0.000 	0.000 	0.000 	0.000 	0.000 	0.000 	0.000 	0.000 	0.000 	0.000 	0.000 	0.000 	0.000 	0.000 	0.000 	0.000 	0.000 	0.000 	0.000 	0.000 	0.000 	0.000 	0.000 	0.000 	0.000 	0.000 	0.000 	0.000 	0.000 	0.000 	0.000 	0.000 	0.000 	0.000 	0.000 	0.000 	0.000 	0.000 	0.000 	0.000 	0.000 	0.000 	0.000 	0.000 	0.000 	0.000 	0.000 	0.000 	0.000 	0.000 	0.000 	0.000 	0.000 	0.000 	0.000 	0.000 	0.000 	0.000 	: 	: 	: 	: 	: 	: 	: 	: 	: 	: 	: 	: 
RA320,GWH,LV	: 	0.000 	0.000 	0.000 	0.000 	0.000 	0.000 	0.000 	0.000 	0.000 	0.000 	0.000 	0.000 	0.000 	0.000 	0.000 	0.000 	0.000 	0.000 	0.000 	0.000 	0.000 	0.000 	0.000 	0.000 	0.000 	0.000 	0.000 	0.000 	0.000 	0.000 	0.000 	0.000 	0.000 	0.000 	0.000 	0.000 	0.000 	0.000 	0.000 	0.000 	0.000 	0.000 	0.000 	0.000 	0.000 	0.000 	0.000 	0.000 	0.000 	0.000 	0.000 	0.000 	0.000 	0.000 	0.000 	0.000 	0.000 	0.000 	0.000 	0.000 	0.000 	0.000 	0.000 	: 	: 	: 	: 	: 	: 	: 	: 	: 	: 	: 	: 
RA320,GWH,MD	: 	: 	0.000 	0.000 	0.000 	0.000 	0.000 	0.000 	0.000 	0.000 	0.000 	0.000 	0.000 	0.000 	0.000 	0.000 	0.000 	0.000 	0.000 	0.000 	0.000 	0.000 	0.000 	0.000 	0.000 	0.000 	0.000 	0.000 	: 	: 	: 	: 	: 	: 	: 	: 	: 	: 	: 	: 	: 	: 	: 	: 	: 	: 	: 	: 	: 	: 	: 	: 	: 	: 	: 	: 	: 	: 	: 	: 	: 	: 	: 	: 	: 	: 	: 	: 	: 	: 	: 	: 	: 	: 	: 	: 
RA320,GWH,ME	: 	: 	: 	: 	: 	: 	: 	: 	: 	: 	: 	: 	: 	: 	: 	: 	: 	: 	: 	: 	: 	: 	: 	: 	: 	: 	: 	: 	: 	: 	: 	: 	: 	: 	: 	: 	0.000 	0.000 	0.000 	0.000 	0.000 	0.000 	0.000 	0.000 	0.000 	0.000 	0.000 	0.000 	0.000 	0.000 	0.000 	0.000 	0.000 	0.000 	0.000 	0.000 	0.000 	0.000 	0.000 	0.000 	0.000 	0.000 	0.000 	0.000 	: 	: 	: 	: 	: 	: 	: 	: 	: 	: 	: 	: 
RA320,GWH,MK	: 	: 	0.000 	0.000 	0.000 	0.000 	0.000 	0.000 	0.000 	0.000 	0.000 	0.000 	0.000 	0.000 	0.000 	0.000 	0.000 	0.000 	0.000 	0.000 	0.000 	0.000 	0.000 	0.000 	0.000 	0.000 	0.000 	0.000 	0.000 	0.000 	0.000 	0.000 	0.000 	0.000 	0.000 	0.000 	0.000 	0.000 	0.000 	0.000 	0.000 	0.000 	0.000 	0.000 	0.000 	0.000 	0.000 	0.000 	0.000 	0.000 	0.000 	0.000 	0.000 	0.000 	0.000 	0.000 	0.000 	0.000 	0.000 	0.000 	0.000 	0.000 	0.000 	0.000 	: 	: 	: 	: 	: 	: 	: 	: 	: 	: 	: 	: 
RA320,GWH,MT	: 	0.000 	0.000 	0.000 	0.000 	0.000 	0.000 	0.000 	0.000 	0.000 	0.000 	0.000 	0.000 	0.000 	0.000 	0.000 	0.000 	0.000 	0.000 	0.000 	0.000 	0.000 	0.000 	0.000 	0.000 	0.000 	0.000 	0.000 	0.000 	0.000 	0.000 	0.000 	0.000 	0.000 	0.000 	0.000 	0.000 	0.000 	0.000 	0.000 	0.000 	0.000 	0.000 	0.000 	0.000 	0.000 	0.000 	0.000 	0.000 	0.000 	0.000 	0.000 	0.000 	0.000 	0.000 	0.000 	0.000 	0.000 	0.000 	0.000 	0.000 	0.000 	0.000 	0.000 	: 	: 	: 	: 	: 	: 	: 	: 	: 	: 	: 	: 
RA320,GWH,NL	: 	: 	1082.912 	836.375 	851.753 	733.462 	919.552 	399.283 	629.182 	447.161 	312.905 	518.721 	628.347 	731.161 	912.503 	868.185 	870.439 	738.535 	920.294 	446.660 	332.966 	285.015 	251.103 	208.383 	220.664 	369.628 	422.670 	417.184 	410.746 	305.584 	358.211 e	312.837 	258.114 	207.328 	169.127 	237.735 	264.184 	380.654 	297.609 	370.732 	407.000 e	393.000 	494.000 	200.000 	200.000 e	130.000 e	190.000 e	232.000 e	291.000 e	206.000 e	206.000 e	600.000 e	628.000 e	332.000 e	494.000 e	215.000 e	218.000 e	204.000 e	243.000 e	235.000 e	268.000 e	305.000 e	379.000 e	322.000 e	: 	: 	: 	: 	: 	: 	: 	: 	: 	: 	: 	: 
RA320,GWH,NO	0.000 	0.000 	0.000 	0.000 	0.000 	0.000 	0.000 	0.000 	0.000 	0.000 	0.000 	0.000 	0.000 	0.000 	0.000 	0.000 	0.000 	0.000 	0.000 	0.000 	0.000 	0.000 	0.000 	0.000 	0.000 	0.000 	0.000 	0.000 	0.000 	0.000 	0.000 	0.000 	0.000 	0.000 	0.000 	0.000 	0.000 	0.000 	0.000 	0.000 	0.000 	0.000 	0.000 	0.000 	0.000 	0.000 	0.000 	0.000 	0.000 	0.000 	0.000 	0.000 	0.000 	0.000 	0.000 	0.000 	0.000 	0.000 	0.000 	0.000 	0.000 	0.000 	0.000 	0.000 	: 	: 	: 	: 	: 	: 	: 	: 	: 	: 	: 	: 
RA320,GWH,PL	: 	: 	0.000 	0.000 	0.000 	0.000 	0.000 	0.000 	0.000 	0.000 	0.000 	0.000 	0.000 	0.000 	0.000 	0.000 	0.000 	0.000 	0.000 	0.000 	0.000 	0.000 	0.000 	0.000 	0.000 	0.000 	0.000 	0.000 	0.000 	0.000 	0.000 	0.000 	0.000 	0.000 	0.000 	0.000 	0.000 	0.000 	0.000 	0.000 	0.000 	0.000 	0.000 	0.000 	0.000 	0.000 	0.000 	0.000 	0.000 	0.000 	0.000 	0.000 	0.000 	0.000 	0.000 	0.000 	0.000 	0.000 	0.000 	0.000 	0.000 	0.000 	0.000 	0.000 	: 	: 	: 	: 	: 	: 	: 	: 	: 	: 	: 	: 
RA320,GWH,PT	: 	: 	0.000 	0.000 	0.000 	0.000 	0.000 	0.000 	0.000 	0.000 	0.000 	0.000 	0.000 	0.000 	0.000 	0.000 	0.000 	0.000 	0.000 	4.736 	7.008 	5.846 	4.021 	2.656 	2.540 	0.000 	0.000 	0.000 	0.000 	0.000 	0.000 	0.000 	0.000 	0.000 	0.000 	0.000 	0.000 	0.000 	0.000 	0.000 	0.000 	0.000 	0.000 	0.000 	0.000 	0.000 	0.000 	0.000 	0.000 	0.000 	0.000 	0.000 	0.000 	0.000 	0.000 	0.000 	0.000 	0.000 	0.000 	0.000 	0.000 	0.000 	0.000 	0.000 	: 	: 	: 	: 	: 	: 	: 	: 	: 	: 	: 	: 
RA320,GWH,RO	: 	0.000 	0.000 	0.000 	0.000 	0.000 	0.000 	0.000 	0.000 	0.000 	0.000 	0.000 	0.000 	0.000 	0.000 	0.000 	0.000 	0.000 	0.000 	0.000 	0.000 	0.000 	0.000 	0.000 	0.000 	0.000 	0.000 	0.000 	0.000 	0.000 	0.000 	0.000 	0.000 	0.000 	0.000 	0.000 	0.000 	0.000 	0.000 	0.000 	0.000 	0.000 	0.000 	0.000 	0.000 	0.000 	0.000 	0.000 	0.000 	0.000 	0.000 	0.000 	0.000 	0.000 	0.000 	0.000 	0.000 	0.000 	0.000 	0.000 	0.000 	0.000 	0.000 	0.000 	: 	: 	: 	: 	: 	: 	: 	: 	: 	: 	: 	: 
RA320,GWH,RS	: 	0.000 	0.000 	0.000 	0.000 	0.000 	0.000 	0.000 	0.000 	0.000 	0.000 	0.000 	0.000 	0.000 	0.000 	0.000 	0.000 	0.000 	0.000 	0.000 	0.000 	0.000 	0.000 	0.000 	0.000 	0.000 	0.000 	0.000 	0.000 	0.000 	0.000 	0.000 	0.000 	0.000 	0.000 	0.000 	0.000 	0.000 	0.000 	0.000 	0.000 	0.000 	0.000 	0.000 	0.000 	0.000 	0.000 	0.000 	0.000 	0.000 	0.000 	0.000 	0.000 	0.000 	0.000 	0.000 	0.000 	0.000 	0.000 	0.000 	0.000 	0.000 	0.000 	0.000 	: 	: 	: 	: 	: 	: 	: 	: 	: 	: 	: 	: 
RA320,GWH,SE	: 	77.610 e	85.030 e	98.800 e	70.060 	66.940 	77.940 	52.070 	44.390 	36.340 	29.390 	34.840 	63.120 	70.450 	56.430 	38.030 	0.000 	0.000 	0.000 	0.000 	0.000 	0.000 	0.000 	0.000 	0.000 	0.000 	0.000 	0.000 	0.000 	0.000 	0.000 	0.000 	0.000 	0.000 	0.000 	0.000 	0.000 	0.000 	0.000 	0.000 	0.000 	0.000 	0.000 	0.000 	0.000 	0.000 	0.000 	0.000 	0.000 	0.000 	0.000 	0.000 	0.000 	0.000 	0.000 	0.000 	0.000 	0.000 	0.000 	0.000 	0.000 	0.000 	0.000 	0.000 	: 	: 	: 	: 	: 	: 	: 	: 	: 	: 	: 	: 
RA320,GWH,SI	: 	: 	0.000 	0.000 	0.000 	0.000 	0.000 	0.000 	0.000 	0.000 	0.000 	0.000 	0.000 	0.000 	0.000 	0.000 	0.000 	0.000 	0.000 	0.000 	0.000 	0.000 	0.000 	0.000 	0.000 	0.000 	0.000 	0.000 	0.000 	0.000 	0.000 	0.000 	0.000 	0.000 	0.000 	0.000 	0.000 	0.000 	0.000 	0.000 	0.000 	0.000 	0.000 	0.000 	0.000 	0.000 	0.000 	0.000 	0.000 	0.000 	0.000 	0.000 	0.000 	0.000 	0.000 	0.000 	0.000 	0.000 	0.000 	0.000 	0.000 	0.000 	0.000 	0.000 	: 	: 	: 	: 	: 	: 	: 	: 	: 	: 	: 	: 
RA320,GWH,SK	: 	0.000 	0.000 	0.000 	0.000 	0.000 	0.000 	0.000 	0.000 	0.000 	0.000 	0.000 	0.000 	0.000 	0.000 	0.000 	0.000 	0.000 	0.000 	0.000 	0.000 	0.000 	0.000 	0.000 	0.000 	0.000 	0.000 	0.000 	0.000 	0.000 	0.000 	0.000 	0.000 	0.000 	0.000 	0.000 	0.000 	0.000 	0.000 	0.000 	0.000 	0.000 	0.000 	0.000 	0.000 	0.000 	0.000 	0.000 	0.000 	0.000 	0.000 	0.000 	0.000 	0.000 	0.000 	0.000 	0.000 	0.000 	0.000 	0.000 	0.000 	0.000 	0.000 	0.000 	: 	: 	: 	: 	: 	: 	: 	: 	: 	: 	: 	: 
RA320,GWH,TR	: 	: 	0.000 	0.000 	0.000 	0.000 	0.000 	0.000 	0.000 	0.000 	0.000 	0.000 	0.000 	0.000 	0.000 	0.000 	0.000 	0.000 	0.000 	0.000 	0.000 	0.000 	0.000 	0.000 	0.000 	0.000 	0.000 	0.000 	0.000 	0.000 	0.000 	0.000 	0.000 	0.000 	0.000 	0.000 	0.000 	0.000 	0.000 	0.000 	0.000 	0.000 	0.000 	0.000 	0.000 	0.000 	0.000 	0.000 	0.000 	0.000 	0.000 	0.000 	0.000 	0.000 	0.000 	0.000 	0.000 	0.000 	0.000 	0.000 	0.000 	0.000 	0.000 	0.000 	: 	: 	: 	: 	: 	: 	: 	: 	: 	: 	: 	: 
RA320,GWH,UA	: 	: 	: 	0.000 	0.000 	0.000 	0.000 	0.000 	0.000 	0.000 	0.000 	0.000 	0.000 	0.000 	0.000 	0.000 	0.000 	0.000 	0.000 	0.000 	0.000 	0.000 	0.000 	0.000 	0.000 	0.000 	0.000 	0.000 	0.000 	0.000 	0.000 	0.000 	0.000 	0.000 	0.000 	0.000 	0.000 	0.000 	0.000 	0.000 	0.000 	0.000 	0.000 	0.000 	0.000 	0.000 	0.000 	0.000 	0.000 	0.000 	0.000 	0.000 	0.000 	0.000 	0.000 	: 	: 	: 	: 	: 	: 	: 	: 	: 	: 	: 	: 	: 	: 	: 	: 	: 	: 	: 	: 	: 
RA320,GWH,UK	: 	: 	: 	: 	: 	: 	: 	: 	: 	: 	: 	: 	: 	: 	: 	: 	: 	: 	4217.342 	2957.722 	2624.205 	2431.913 	2590.119 	2274.883 	2425.094 	4001.537 	5006.007 	4344.062 	3903.588 	2931.286 	3356.265 	2863.499 	2647.450 	1709.118 	2109.925 	1565.029 	2283.721 	3203.838 	2576.053 	2779.070 	2984.862 	3209.825 	2705.616 	2407.963 	1636.943 	1008.247 	1224.277 	1456.922 	2078.204 	2405.650 	2459.144 	3109.408 	2774.574 	2466.440 	2555.622 	1566.327 	1200.396 	1184.489 	1510.372 	1260.731 	1212.605 	1736.283 	1900.155 	3086.946 	: 	: 	: 	: 	: 	: 	: 	: 	: 	: 	: 	: 
RA400,GWH,AL	: 	3.626 	2.881 	2.482 	1.812 	1.615 	3.024 	3.754 	4.588 	4.844 	4.724 	4.674 	3.708 	3.779 	2.488 	1.734 	1.503 	2.110 	2.331 	2.850 	3.658 	3.931 	3.668 	3.252 	2.980 	2.591 	1.881 	1.510 	0.000 	0.000 	0.000 	0.000 	0.000 	0.000 	0.000 	0.000 	0.000 	0.000 	0.000 	0.000 	0.000 	0.000 	0.000 	0.000 	0.000 	0.000 	0.000 	0.000 	0.000 	0.000 	0.000 	0.000 	: 	: 	: 	: 	: 	: 	: 	: 	: 	: 	: 	: 	: 	: 	: 	: 	: 	: 	: 	: 	: 	: 	: 	: 
RA400,GWH,AT	: 	0.000 	0.000 	0.000 	0.000 	0.000 	0.000 	0.000 	0.000 	0.000 	0.000 	0.000 	0.000 	0.000 	0.000 	0.000 	0.000 	0.000 	0.000 	0.000 	0.000 	0.000 	0.000 	0.000 	0.000 	0.000 	0.000 	0.000 	0.000 	0.000 	0.000 	0.000 	0.000 	0.000 	0.000 	0.000 	0.000 	0.000 	0.000 	0.000 	0.000 	0.000 	0.000 	0.000 	0.000 	0.000 	0.000 	0.000 	0.000 	0.000 	0.000 	0.000 	0.000 	0.000 	0.000 	0.000 	0.000 	0.000 	0.000 	0.000 	0.000 	0.000 	0.000 	0.000 	: 	: 	: 	: 	: 	: 	: 	: 	: 	: 	: 	: 
RA400,GWH,BA	: 	: 	3.000 	2.000 	2.440 	3.580 	4.200 	4.320 	4.730 	5.420 	4.470 	4.120 	4.000 	4.160 	2.770 	1.320 	1.810 	2.650 	2.490 	3.200 	3.500 	3.000 	3.050 	2.980 	3.140 	2.970 	1.980 	1.320 	0.870 	1.080 	1.770 	2.280 	2.640 	2.820 	2.400 	2.440 	2.000 	2.000 	1.000 	1.000 	: 	: 	: 	: 	: 	: 	: 	0.000 	0.000 	0.000 	0.000 	0.000 	: 	: 	: 	: 	0.000 	0.000 	0.000 	0.000 	0.000 	0.000 	0.000 	0.000 	: 	: 	: 	: 	: 	: 	: 	: 	: 	: 	: 	: 
RA400,GWH,BE	: 	: 	258.073 	115.547 	73.523 	144.750 	316.816 	549.821 	598.244 	690.047 	757.215 	728.500 	689.913 	514.630 	247.479 	99.861 	75.139 	145.172 	208.182 	458.606 	574.760 	633.201 	667.902 	790.128 	671.799 	446.082 	160.311 	94.421 	71.218 	117.560 	196.410 	359.389 	444.198 	476.767 	503.737 	450.647 	414.213 	243.986 	190.573 	60.378 	56.604 	110.603 	242.096 	280.978 	422.041 	555.183 	463.698 	516.850 	364.096 	227.804 	194.585 	54.441 	32.536 	84.311 	163.664 	262.056 	335.085 	396.685 	431.949 	412.200 	338.360 	257.506 	93.926 	79.729 	: 	: 	: 	: 	: 	: 	: 	: 	: 	: 	: 	: 
RA400,GWH,BG	: 	: 	108.734 	90.329 	55.529 	70.750 	98.263 	140.316 	185.531 	191.896 	154.233 	172.897 	143.820 	121.411 	90.674 	61.798 	34.477 	78.141 	110.722 	151.778 	168.760 	177.397 	155.494 	151.251 	155.501 	115.196 	94.662 	85.037 	58.053 	50.317 	122.407 	139.166 	171.928 	165.581 	157.210 	150.771 	131.156 	139.382 	83.937 	54.381 	43.249 	40.998 	96.200 	118.544 	147.720 	131.200 	125.418 	140.483 	60.618 	34.282 	44.287 	61.027 	39.579 	36.325 	97.187 	119.091 	165.721 	164.068 	157.680 	152.177 	144.976 	118.670 	88.432 	42.403 	: 	: 	: 	: 	: 	: 	: 	: 	: 	: 	: 	: 
RA400,GWH,CY	: 	: 	32.475 e	28.017 e	22.085 e	33.352 e	42.538 e	48.972 e	50.441 e	52.685 e	48.519 e	51.976 e	36.655 e	35.664 e	28.677 e	22.335 e	20.865 e	22.307 e	29.491 e	34.279 e	35.897 e	36.129 e	33.559 e	33.257 e	26.694 e	23.188 e	15.338 e	13.872 e	13.503 e	17.510 e	18.469 e	23.976 e	22.116 e	21.708 e	19.081 e	19.817 e	16.509 e	16.152 e	13.482 e	13.217 e	12.846 e	14.451 e	16.319 e	18.402 e	18.457 e	19.243 e	17.950 e	17.571 e	16.266 e	14.755 	11.474 e	12.595 e	11.711 e	13.350 e	14.465 e	17.353 e	16.739 e	16.728 e	14.755 e	14.132 e	11.472 e	11.185 e	9.385 e	9.380 e	: 	: 	: 	: 	: 	: 	: 	: 	: 	: 	: 	: 
RA400,GWH,CZ	: 	: 	121.835 	58.583 	33.848 	55.962 	187.035 	217.153 	233.360 	288.993 	319.103 	250.296 	234.145 	184.415 	84.711 	43.293 	33.784 	59.491 	107.188 	220.844 	263.533 	294.377 	241.721 	279.489 	323.091 	226.554 	101.672 	61.141 	50.558 	55.116 	160.520 	217.655 	267.155 	294.173 	329.932 	232.596 	273.940 	191.473 	136.563 	51.809 	31.178 	72.411 	172.964 	239.691 	293.564 	303.516 	273.416 	321.922 	292.309 	156.963 	114.294 	45.417 	41.207 	58.466 	127.593 	161.063 	285.666 	284.573 	325.320 	308.554 	210.039 	199.690 	100.423 	61.291 	: 	: 	: 	: 	: 	: 	: 	: 	: 	: 	: 	: 
RA400,GWH,DE	: 	: 	2466.000 e	1065.000 e	788.000 e	1223.000 e	3538.000 e	5278.000 e	5805.000 e	6863.000 e	7831.000 e	6505.000 e	6028.000 e	4514.000 e	2178.000 e	670.000 e	753.000 e	1669.000 e	2420.000 e	5081.000 e	5981.000 e	6912.000 e	6248.000 e	6728.000 e	6930.000 e	4400.000 e	1817.000 e	1191.000 e	1007.000 e	1048.000 e	2652.000 e	4233.000 e	5711.000 e	6209.000 e	6991.000 e	5430.000 e	5548.000 e	3266.000 e	1991.000 e	809.000 e	591.000 e	1317.000 e	3089.000 e	4577.000 e	5830.000 e	6935.000 e	6000.000 e	6667.000 e	5435.000 e	2946.000 e	2000.000 e	797.000 e	552.000 e	978.000 e	2380.000 e	3439.000 e	5140.000 e	5456.000 e	5973.000 e	5117.000 e	4304.000 e	3511.000 e	1609.000 e	867.000 e	: 	: 	: 	: 	: 	: 	: 	: 	: 	: 	: 	: 
RA400,GWH,DK	: 	179.259 	56.258 	25.530 	10.614 	26.964 	73.598 	118.112 	167.166 	187.591 	204.586 	157.085 	171.783 	103.110 	41.992 	15.915 	7.130 	24.097 	57.085 	110.238 	159.579 	152.642 	181.399 	186.340 	155.038 	104.140 	30.077 	13.319 	11.524 	13.827 	45.690 	79.495 	119.012 	140.179 	147.579 	136.491 	141.923 	73.214 	38.243 	16.092 	8.541 	18.156 	57.175 	80.943 	109.299 	161.098 	152.738 	166.635 	104.540 	50.122 	32.964 	10.762 	12.727 	26.103 	49.811 	74.457 	96.763 	108.456 	113.024 	123.899 	91.062 	58.585 	20.138 	13.756 	: 	: 	: 	: 	: 	: 	: 	: 	: 	: 	: 	: 
RA400,GWH,EA19	: 	: 	8574.303 	5823.763 	4131.908 	5305.507 	10339.698 	14065.254 	16664.709 	18525.503 	19213.651 	17522.117 	14880.275 	12410.703 	6657.837 	3719.251 	3219.874 	5311.776 	7920.618 	12693.267 	15633.813 	17409.892 	16024.293 	16434.820 	14858.976 	10542.228 	6404.743 	4295.971 	3430.933 	3507.436 	7335.967 	10528.623 	13665.684 	14305.456 	15069.505 	12495.098 	11443.077 	9089.446 	6057.373 	3413.367 	2863.349 	3639.061 	7124.181 	10214.626 	12556.263 	14465.010 	12815.865 	13056.025 	11084.194 	7089.010 	4968.715 	3144.568 	2712.511 	3709.655 	6855.528 	8861.185 	11924.094 	12685.302 	12873.245 	11703.564 	10258.066 	8494.729 	4222.613 	3303.328 	: 	: 	: 	: 	: 	: 	: 	: 	: 	: 	: 	: 
RA400,GWH,EE	: 	: 	10.465 	2.500 	0.869 	5.878 	21.429 	32.930 	38.423 	60.070 	59.168 	37.519 	29.800 	14.700 	3.600 	0.364 	0.706 	2.077 	7.060 	12.300 	17.404 	18.375 	18.397 	18.291 	12.492 	8.500 	2.252 	0.824 	0.000 	0.000 	0.000 	0.000 	0.000 	0.000 	0.000 	0.000 	0.000 	0.000 	0.000 	0.000 	0.000 	0.000 	0.000 	0.000 	0.000 	0.000 	0.000 	0.000 	0.000 n	0.000 n	0.000 n	0.000 n	0.000 n	0.000 n	0.000 n	0.000 n	0.000 n	0.000 	0.000 n	0.000 n	0.000 n	0.000 n	0.000 n	0.000 n	: 	: 	: 	: 	: 	: 	: 	: 	: 	: 	: 	: 
RA400,GWH,EL	: 	475.768 	357.314 	353.584 	280.132 	271.944 	369.208 	502.149 	589.863 	596.912 	545.297 	558.628 	443.617 	404.103 	302.227 	241.586 	195.285 	270.046 	377.592 	427.277 	485.600 	494.231 	455.195 	444.222 	368.731 	333.187 	283.727 	258.146 	190.853 	220.165 	348.757 	402.858 	466.295 	439.072 	414.356 	393.534 	329.817 	348.990 	222.297 	184.185 	201.605 	210.902 	307.912 	376.285 	427.731 	429.935 	385.556 	375.218 	374.607 	296.951 	180.173 	225.163 	210.641 	228.947 	356.028 	387.551 	447.512 	444.556 	415.246 	397.100 	384.846 	326.041 	218.153 	175.852 	: 	: 	: 	: 	: 	: 	: 	: 	: 	: 	: 	: 
RA400,GWH,ES	: 	: 	1889.747 	1718.258 	1120.532 	1500.340 	2092.302 	2353.312 	3039.017 	3442.733 	2977.426 	3030.539 	1929.096 	2041.838 	1111.130 	949.178 	810.701 	913.780 	1643.742 	1904.829 	2551.717 	2690.380 	2496.764 	2178.124 	1349.962 	1286.254 	1194.992 	706.348 	579.480 	592.315 	1090.796 	1305.842 	1748.633 	1718.262 	1702.873 	1672.737 	1075.791 	1282.439 	888.817 	667.656 	536.042 	453.269 	859.609 	1181.085 	1529.677 	1788.279 	1364.878 	1287.417 	1023.267 	821.152 	737.956 	554.684 	560.824 	757.227 	1074.839 	1382.553 	1558.928 	1812.177 	1673.287 	1473.571 	1385.250 	1052.798 	530.772 	620.086 	: 	: 	: 	: 	: 	: 	: 	: 	: 	: 	: 	: 
RA400,GWH,EU27_2020	: 	: 	9549.132 	6397.216 	4451.792 	5860.318 	11585.425 	15645.612 	18515.815 	20656.780 	21441.374 	19312.822 	16430.104 	13615.169 	7278.453 	4032.170 	3428.198 	5682.185 	8584.484 	13875.017 	17024.355 	18833.492 	17275.151 	17715.678 	16265.430 	11516.145 	6910.812 	4623.407 	3688.775 	3771.948 	8010.657 	11370.198 	14723.098 	15395.470 	16223.029 	13389.079 	12368.832 	9837.026 	6522.816 	3619.520 	3016.532 	3885.107 	7694.418 	10953.492 	13461.898 	15382.791 	13671.647 	14035.721 	11856.729 	7492.005 	5247.661 	3353.393 	2878.858 	3912.459 	7322.559 	9441.489 	12775.999 	13551.366 	13779.445 	12568.785 	10944.134 	9085.274 	4551.947 	3504.353 	: 	: 	: 	: 	: 	: 	: 	: 	: 	: 	: 	: 
RA400,GWH,FI	43.000 e	26.000 e	6.000 e	2.000 e	1.000 e	3.000 e	10.000 e	28.000 e	49.521 e	55.594 e	75.454 e	75.000 e	36.612 e	17.954 e	6.555 e	1.401 e	1.000 e	3.000 e	9.898 e	25.167 e	48.484 e	53.263 e	66.458 e	49.634 e	28.750 e	16.348 e	5.971 e	1.512 e	1.000 e	2.000 e	6.000 e	16.000 e	29.000 e	38.000 e	32.000 e	24.000 e	20.000 e	8.000 e	2.000 e	1.000 e	0.000 	2.000 e	7.000 e	7.000 e	14.000 e	20.000 e	14.000 e	13.000 e	7.000 e	3.000 e	1.000 e	1.000 e	2.000 e	2.000 e	2.000 e	2.000 e	2.000 e	3.000 e	3.000 e	2.000 e	2.000 e	1.000 	1.000 	1.000 	: 	: 	: 	: 	: 	: 	: 	: 	: 	: 	: 	: 
RA400,GWH,FR	: 	1337.975 e	1023.688 e	775.069 e	582.083 e	698.335 e	1242.345 e	1457.628 e	1746.172 e	1717.497 e	1677.541 e	1618.195 e	1582.687 e	1297.335 e	671.903 e	475.012 e	370.651 e	697.500 e	807.473 e	1271.457 e	1555.614 e	1744.124 e	1557.021 e	1632.945 e	1348.232 e	1098.528 e	781.089 e	524.905 e	432.809 e	388.059 e	752.317 e	1144.590 e	1332.485 e	1336.221 e	1289.797 e	1207.080 e	984.618 e	1012.242 e	740.267 e	423.906 e	396.984 e	407.042 e	683.180 e	999.323 e	1169.013 e	1265.102 e	1169.154 e	1060.619 e	939.371 e	745.362 e	492.002 e	324.326 e	295.274 	400.854 	652.416 	792.630 	1000.366 	1059.671 	1049.305 	1015.614 	930.993 	678.398 	412.924 	317.835 	: 	: 	: 	: 	: 	: 	: 	: 	: 	: 	: 	: 
RA400,GWH,GE	: 	0.000 	0.000 	0.000 	0.000 	0.000 	0.000 	0.000 	0.000 	0.000 	0.000 	0.000 	0.000 	0.000 	0.000 	0.000 	0.000 	0.000 	0.000 	0.000 	0.000 	0.000 	0.000 	0.000 	0.000 	0.000 	0.000 	0.000 	0.000 	0.000 	0.000 	0.000 	0.000 	0.000 	0.000 	0.000 	0.000 	0.000 	0.000 	0.000 	0.000 	0.000 	0.000 	0.000 	0.000 	0.000 	0.000 	0.000 	0.000 	0.000 	0.000 	0.000 	: 	: 	: 	: 	: 	: 	: 	: 	: 	: 	: 	: 	: 	: 	: 	: 	: 	: 	: 	: 	: 	: 	: 	: 
RA400,GWH,HR	: 	7.485 	4.318 	3.354 	2.293 	2.318 	4.975 	8.178 	8.848 	9.535 	10.461 	8.354 	6.783 	6.923 	3.932 	2.045 	1.239 	2.346 	4.566 	7.280 	8.470 	9.667 	8.440 	8.417 	9.361 	6.308 	4.288 	2.887 	1.957 	2.171 	5.399 	6.702 	9.206 	9.810 	10.153 	6.847 	6.956 	6.756 	4.454 	2.022 	1.849 	2.410 	5.211 	7.204 	9.008 	9.200 	8.398 	9.386 	8.239 	4.086 	1.807 	2.395 	2.293 	2.445 	5.495 	5.303 	9.521 	10.295 	9.625 	9.247 	7.207 	6.912 	3.465 	2.188 	: 	: 	: 	: 	: 	: 	: 	: 	: 	: 	: 	: 
RA400,GWH,HU	: 	: 	280.054 e	193.246 e	112.185 e	164.622 e	331.822 e	388.018 e	443.313 e	491.159 e	526.597 e	395.191 e	324.875 e	315.500 e	171.853 e	95.869 e	49.594 e	78.326 e	159.052 e	271.759 e	306.640 e	302.545 e	251.646 e	259.595 e	295.809 e	195.092 e	126.785 e	59.767 e	46.916 e	55.290 e	136.457 e	153.158 e	179.264 e	176.913 e	176.213 e	113.519 e	123.582 e	112.972 e	70.653 e	29.378 e	19.793 e	34.388 e	59.876 e	76.180 e	79.860 e	75.555 e	62.892 e	69.707 e	57.406 e	27.647 e	15.895 e	15.059 e	11.841 e	14.726 e	31.486 e	30.594 e	48.073 e	46.359 e	40.348 e	38.064 e	28.849 e	30.188 e	13.301 e	8.931 e	: 	: 	: 	: 	: 	: 	: 	: 	: 	: 	: 	: 
RA400,GWH,IE	: 	0.000 	0.000 	0.000 	0.000 	0.000 	0.000 	0.000 	0.000 	0.000 	0.000 	0.000 	0.000 	0.000 	0.000 	0.000 	0.000 	0.000 	0.000 	0.000 	0.000 	0.000 	0.000 	0.000 	0.000 	0.000 	0.000 	0.000 	0.000 	0.000 	0.000 	0.000 	0.000 	0.000 	0.000 	0.000 	0.000 	0.000 	0.000 	0.000 	0.000 	0.000 	0.000 	0.000 	0.000 	0.000 	0.000 	0.000 	0.000 	0.000 	0.000 	0.000 	0.000 	0.000 	0.000 	0.000 	0.000 	0.000 	0.000 	0.000 	0.000 	0.000 	0.000 	0.000 	: 	: 	: 	: 	: 	: 	: 	: 	: 	: 	: 	: 
RA400,GWH,IS	: 	0.000 	0.000 	0.000 	0.000 	0.000 	0.000 	0.000 	0.000 	0.000 	0.000 	0.000 	0.000 	0.000 	0.000 	0.000 	0.000 	0.000 	0.000 	0.000 	0.000 	0.000 	0.000 	0.000 	0.000 	0.000 	0.000 	0.000 	0.000 	0.000 	0.000 	0.000 	0.000 	0.000 	0.000 	0.000 	0.000 	0.000 	0.000 	0.000 	0.000 	0.000 	0.000 	0.000 	0.000 	0.000 	0.000 	0.000 	0.000 	0.000 	0.000 	0.000 	0.000 	0.000 	0.000 	0.000 	0.000 	0.000 	0.000 	0.000 	0.000 	0.000 	0.000 	0.000 	: 	: 	: 	: 	: 	: 	: 	: 	: 	: 	: 	: 
RA400,GWH,IT	: 	: 	1710.000 	1280.000 	913.000 	930.000 	1788.000 	2343.000 	2928.000 	2944.000 	3003.000 	2998.000 	2425.000 	2415.000 	1467.000 	914.000 	738.000 	1200.000 	1831.000 	2353.000 	2859.000 	3215.000 	2861.000 	2801.000 	2704.000 	2025.000 	1740.000 	1263.000 	923.000 	876.000 	1814.000 	2311.000 	2873.000 	2946.000 	2958.000 	2312.000 	2203.000 	2380.000 	1661.000 	1069.000 	911.000 	934.000 	1607.000 	2351.000 	2688.000 	2968.000 	2794.000 	2437.000 	2428.000 	1688.000 	1052.000 	1029.000 	932.000 	1074.000 	1918.000 	2195.000 	2920.000 	3023.000 	2845.000 	2816.000 	2492.000 	2322.000 	1193.000 	1081.000 	: 	: 	: 	: 	: 	: 	: 	: 	: 	: 	: 	: 
RA400,GWH,LT	: 	: 	2.682 	1.139 	0.440 	1.447 	5.212 	6.648 	7.343 	11.239 	12.026 	9.721 	7.590 	5.498 	2.781 	0.370 	0.615 	1.168 	3.105 	7.670 	9.424 	10.107 	10.398 	10.930 	9.319 	6.883 	2.580 	1.020 	0.678 	0.950 	3.800 	6.800 	9.600 	10.261 	12.339 	9.631 	11.468 	5.379 	2.882 	0.512 	0.393 	1.306 	5.768 	7.867 	9.960 	10.111 	11.663 	13.658 	9.520 	6.546 	2.316 	0.906 	0.581 	1.089 	2.954 	5.596 	9.050 	9.413 	9.643 	11.641 	7.366 	5.185 	2.182 	0.820 	: 	: 	: 	: 	: 	: 	: 	: 	: 	: 	: 	: 
RA400,GWH,LU	: 	: 	5.990 e	2.582 e	3.813 e	8.702 e	10.568 e	24.740 e	31.012 e	36.516 e	37.229 e	33.887 e	29.765 e	18.128 e	6.575 e	3.383 e	4.574 e	3.746 e	9.753 e	17.415 e	22.238 e	27.357 e	22.758 e	27.195 e	22.830 e	13.282 e	4.083 e	2.798 e	2.046 e	2.229 e	5.256 e	10.734 e	14.001 e	16.998 e	17.283 e	14.973 e	12.414 e	8.529 e	6.117 e	1.845 e	1.680 e	3.132 e	7.203 e	11.493 e	14.352 e	17.412 e	15.084 e	16.347 e	12.153 e	6.366 e	4.866 e	1.605 e	2.000 e	2.382 	5.652 e	9.111 e	11.304 e	14.619 e	15.897 e	15.177 e	12.852 e	8.925 e	3.378 e	2.019 e	: 	: 	: 	: 	: 	: 	: 	: 	: 	: 	: 	: 
RA400,GWH,LV	: 	0.000 	0.000 	0.000 	0.000 	0.000 	0.000 	0.000 	0.000 	0.000 	0.000 	0.000 	0.000 	0.000 	0.000 	0.000 	0.000 	0.000 	0.000 	0.000 	0.000 	0.000 	0.000 	0.000 	0.000 	0.000 	0.000 	0.000 	0.000 	0.000 	0.000 	0.000 	0.000 	0.000 	0.000 	0.000 	0.000 	0.000 	0.000 	0.000 	0.000 	0.000 	0.000 	0.000 	0.000 	0.000 	0.000 	0.000 	0.000 	0.000 	0.000 	0.000 	0.000 	0.000 	0.000 	0.000 	0.000 	0.000 	0.000 	0.000 	0.000 	0.000 	0.000 	0.000 	: 	: 	: 	: 	: 	: 	: 	: 	: 	: 	: 	: 
RA400,GWH,MD	: 	: 	0.011 	0.004 	0.000 	0.001 	0.002 	0.003 	0.006 	0.006 	0.005 	0.007 	0.004 	0.003 	0.001 	0.001 	0.000 	0.001 	0.002 	0.005 	0.009 	0.016 	0.015 	0.012 	0.015 	0.010 	0.005 	0.004 	: 	: 	: 	: 	: 	: 	: 	: 	: 	: 	: 	: 	: 	: 	: 	: 	: 	: 	: 	: 	: 	: 	: 	: 	: 	: 	: 	: 	: 	: 	: 	: 	: 	: 	: 	: 	: 	: 	: 	: 	: 	: 	: 	: 	: 	: 	: 	: 
RA400,GWH,ME	: 	: 	: 	: 	: 	: 	: 	: 	: 	: 	: 	: 	: 	: 	: 	: 	: 	: 	: 	: 	: 	: 	: 	: 	: 	: 	: 	: 	: 	: 	: 	: 	: 	: 	: 	: 	0.000 	0.000 	0.000 	0.000 	0.000 	0.000 	0.000 	0.000 	0.000 	0.000 	0.000 	0.000 	0.000 	0.000 	0.000 	0.000 	0.000 	0.000 	0.000 	0.000 	0.000 	0.000 	0.000 	0.000 	0.000 	0.000 	0.000 	0.000 	: 	: 	: 	: 	: 	: 	: 	: 	: 	: 	: 	: 
RA400,GWH,MK	: 	: 	1.671 	1.601 	1.039 	1.212 	1.836 	2.036 	2.626 	2.704 	2.604 	2.534 	2.198 	2.175 	1.641 	1.080 	0.647 	1.397 	1.896 	2.269 	2.565 	2.833 	2.519 	2.452 	2.289 	1.756 	1.693 	1.221 	0.714 	0.888 	2.049 	2.341 	2.801 	2.734 	2.613 	2.304 	2.145 	2.417 	1.484 	0.737 	1.019 	1.057 	1.958 	2.418 	2.544 	2.633 	2.273 	2.546 	2.488 	1.722 	0.917 	1.213 	1.025 	1.103 	2.168 	2.092 	2.762 	2.832 	2.675 	2.513 	2.400 	2.060 	1.367 	0.754 	: 	: 	: 	: 	: 	: 	: 	: 	: 	: 	: 	: 
RA400,GWH,MT	: 	: u	: u	: u	: u	: u	: u	: u	: u	: u	: u	: u	: u	: u	: u	: u	: u	: u	: u	: u	: u	: u	: u	: u	: u	: u	: u	: u	: u	: u	: u	: u	: u	: u	: u	: u	: u	: u	: u	: u	: u	: u	: u	: u	: u	: u	: u	: u	: u	: u	: u	: u	: u	: u	: u	: u	: u	: u	: u	: u	: u	: u	: u	: u	: 	: 	: 	: 	: 	: 	: 	: 	: 	: 	: 	: 
RA400,GWH,NL	: 	: 	519.606 	240.712 	180.316 	290.551 	621.972 	1114.440 	1392.769 	1630.420 	1853.727 	1538.464 	1367.422 	838.057 	466.075 	204.954 	131.007 	251.861 	370.175 	835.708 	1176.296 	1228.062 	1277.811 	1414.091 	1105.978 	647.921 	213.095 	112.728 	108.962 	147.175 	266.988 e	486.096 	740.479 	812.160 	848.924 	726.523 	615.966 	307.928 	194.485 	80.359 	58.000 e	86.000 e	143.000 e	204.000 e	195.000 e	226.000 e	367.000 e	423.000 e	275.000 e	193.000 e	193.000 e	60.000 e	37.000 e	74.000 e	143.000 e	204.000 e	266.000 e	227.000 e	223.000 e	220.000 e	208.000 e	157.000 e	59.000 e	60.000 e	: 	: 	: 	: 	: 	: 	: 	: 	: 	: 	: 	: 
RA400,GWH,NO	0.000 	0.000 	0.000 	0.000 	0.000 	0.000 	0.000 	0.000 	0.000 	0.000 	0.000 	0.000 	0.000 	0.000 	0.000 	0.000 	0.000 	0.000 	0.000 	0.000 	0.000 	0.000 	0.000 	0.000 	0.000 	0.000 	0.000 	0.000 	0.000 	0.000 	0.000 	0.000 	0.000 	0.000 	0.000 	0.000 	0.000 	0.000 	0.000 	0.000 	0.000 	0.000 	0.000 	0.000 	0.000 	0.000 	0.000 	0.000 	0.000 	0.000 	0.000 	0.000 	0.000 	0.000 	0.000 	0.000 	0.000 	0.000 	0.000 	0.000 	0.000 	0.000 	0.000 	0.000 	: 	: 	: 	: 	: 	: 	: 	: 	: 	: 	: 	: 
RA400,GWH,PL	: 	: 	240.630 	95.411 	58.480 	127.920 	363.448 	435.331 	459.867 	554.189 	633.323 	468.194 	355.773 	243.922 	112.280 	31.785 	48.100 	62.008 	115.253 	236.851 	277.560 	280.972 	228.158 	208.766 	253.654 	181.627 	46.585 	25.285 	25.834 	25.791 	62.217 	77.399 	100.849 	94.358 	124.437 	67.757 	73.198 	40.783 	23.593 	6.471 	4.573 	11.683 	23.811 	35.304 	41.184 	39.212 	37.920 	42.563 	33.423 	16.895 	7.699 	4.165 	4.700 	4.739 	9.459 	14.796 	22.161 	22.313 	27.203 	22.280 	14.935 	11.500 	5.575 	3.456 	: 	: 	: 	: 	: 	: 	: 	: 	: 	: 	: 	: 
RA400,GWH,PT	: 	: 	215.918 	182.325 	118.569 	147.464 	189.961 	210.261 	256.843 	276.256 	173.060 	202.662 	156.369 	177.508 	99.854 	97.481 	86.509 	89.717 	135.349 	151.789 	179.926 	198.239 	180.256 	169.825 	128.996 	133.000 	110.983 	82.472 	63.113 	61.258 	97.045 	127.844 	149.531 	145.826 	142.172 	138.012 	107.000 	112.000 	81.000 	67.000 	69.000 	56.000 	80.000 	96.000 	115.000 	105.000 	93.000 	96.000 	82.000 	70.000 	62.000 	50.000 	47.000 	56.000 	70.000 	85.748 	92.212 	95.192 	88.759 	82.878 	84.396 	66.112 	44.583 	49.999 	: 	: 	: 	: 	: 	: 	: 	: 	: 	: 	: 	: 
RA400,GWH,RO	: 	161.000 	107.000 	77.000 	38.000 	80.000 	126.000 	163.000 	198.000 	219.000 	199.000 	204.000 	166.000 	147.000 	89.000 	55.000 	34.000 	66.000 	110.000 	183.000 	206.000 	206.000 	184.000 	187.000 	214.000 	145.000 	102.000 	80.000 	63.000 	62.000 	142.000 	168.000 	210.000 	209.000 	208.000 	186.000 	175.000 	183.000 	108.000 	46.000 	44.000 	66.000 	155.000 	181.000 	225.000 	198.000 	195.000 	229.000 	216.000 	113.000 	62.000 	70.000 	54.000 	60.000 	146.000 	175.000 	224.000 	230.000 	233.000 	211.000 	189.000 	165.000 	98.000 	69.000 	: 	: 	: 	: 	: 	: 	: 	: 	: 	: 	: 	: 
RA400,GWH,RS	: 	1.298 	0.808 	0.540 	0.324 	0.563 	0.922 	1.337 	1.684 	1.733 	1.733 	1.668 	1.295 	1.108 	0.770 	0.379 	0.308 	0.497 	0.973 	1.366 	1.498 	1.682 	1.451 	1.439 	1.603 	1.040 	0.785 	0.619 	0.393 	0.461 	1.160 	1.300 	1.728 	1.677 	1.621 	1.289 	1.299 	1.371 	0.751 	0.266 	0.334 	0.548 	1.054 	1.389 	1.616 	1.483 	1.399 	1.759 	1.467 	0.704 	0.359 	0.496 	0.375 	0.482 	1.010 	1.123 	1.621 	1.690 	1.516 	1.430 	1.270 	1.177 	0.678 	0.328 	: 	: 	: 	: 	: 	: 	: 	: 	: 	: 	: 	: 
RA400,GWH,SE	: 	196.000 	56.000 	30.000 	8.935 	26.275 	60.586 	110.250 	155.021 	188.914 	180.420 	134.688 	146.650 	82.185 	26.174 	7.214 	0.000 	0.000 	0.000 	0.000 	0.000 	0.000 	0.000 	0.000 	0.000 	0.000 	0.000 	0.000 	0.000 	0.000 	0.000 	0.000 	0.000 	0.000 	0.000 	0.000 	0.000 	0.000 	0.000 	0.000 	0.000 	0.000 	0.000 	0.000 	0.000 	0.000 	0.000 	0.000 	0.000 	0.000 	0.000 	0.000 	0.000 	0.000 	0.000 	0.000 	0.000 	0.000 	0.000 	0.000 	0.000 	0.000 	0.000 	0.000 	: 	: 	: 	: 	: 	: 	: 	: 	: 	: 	: 	: 
RA400,GWH,SI	: 	: 	18.074 	14.347 	19.259 	9.965 	19.617 	29.849 	33.956 	36.829 	41.155 	31.452 	27.325 	28.766 	16.200 	7.832 	10.097 	11.094 	16.707 	27.031 	30.791 	38.111 	31.795 	32.385 	36.215 	24.052 	16.855 	12.738 	11.604 	7.499 	19.993 	25.255 	32.252 	36.177 	38.421 	21.975 	24.734 	25.614 	16.168 	8.464 	8.609 	8.069 	19.399 	26.900 	33.589 	30.285 	33.220 	33.420 	31.847 	14.456 	4.804 	9.515 	8.508 	9.206 	22.264 	18.636 	36.730 	38.604 	36.491 	35.838 	28.731 	27.809 	12.430 	8.431 	: 	: 	: 	: 	: 	: 	: 	: 	: 	: 	: 	: 
RA400,GWH,SK	: 	70.000 e	39.000 e	27.000 e	15.000 e	24.000 e	55.000 e	63.000 e	73.000 e	84.000 e	95.000 e	75.000 e	68.000 	64.000 e	31.000 e	18.000 e	10.000 e	18.000 e	33.000 e	66.000 e	80.000 e	84.000 e	69.000 e	79.000 e	94.000 e	63.000 e	41.000 e	19.000 e	16.000 e	16.000 e	50.000 e	58.000 e	72.000 e	76.000 e	77.000 e	53.000 e	62.000 e	56.000 e	36.000 e	17.000 e	10.000 e	26.000 e	45.000 e	63.000 e	72.000 e	76.000 e	67.000 e	80.000 e	69.000 e	39.000 e	24.000 e	15.000 e	12.000 e	21.000 e	40.000 e	48.000 e	76.000 e	76.000 e	81.000 e	77.000 e	55.000 e	57.000 e	24.000 e	24.000 e	: 	: 	: 	: 	: 	: 	: 	: 	: 	: 	: 	: 
RA400,GWH,TR	: 	: 	789.287 	552.749 	607.491 	817.083 	1227.538 	1353.198 	1501.649 	1573.236 	1423.398 	1485.852 	1083.815 	919.950 	844.039 	523.742 	556.124 	736.856 	952.582 	1104.787 	1287.933 	1307.221 	1182.076 	1157.847 	1021.541 	846.160 	575.188 	537.707 	402.172 	631.796 	821.757 	966.637 	1054.486 	1097.368 	974.203 	986.203 	775.559 	794.614 	527.826 	320.380 	319.530 	467.256 	674.707 	803.735 	914.747 	857.987 	815.081 	730.330 	769.983 	514.970 	349.996 	241.163 	208.081 	237.921 	311.102 	312.848 	307.010 	300.900 	257.068 	256.460 e	194.588 e	152.120 e	122.222 e	71.088 e	: 	: 	: 	: 	: 	: 	: 	: 	: 	: 	: 	: 
RA400,GWH,UA	: 	: 	: 	114.400 	45.700 	118.500 	236.900 	259.400 	335.700 	365.800 	302.400 	278.500 	240.000 	222.700 	117.000 	72.800 	25.300 	49.200 	100.700 	174.800 	212.100 	207.900 	188.500 	171.200 	209.300 	151.300 	87.100 	59.200 	41.800 	34.700 	73.600 	102.000 	125.300 	127.200 	128.400 	113.000 	105.400 	95.500 	43.700 	21.800 	14.700 	26.200 	76.100 	75.600 	108.600 	92.200 	83.100 	89.900 	84.600 	45.100 	21.600 	20.100 	14.400 	15.300 	34.100 	: 	: 	: 	: 	: 	: 	: 	: 	: 	: 	: 	: 	: 	: 	: 	: 	: 	: 	: 	: 	: 
RA400,GWH,UK	: 	: 	: 	: 	: 	: 	: 	: 	: 	: 	: 	: 	: 	: 	: 	: 	: 	: 	653.311 	1273.614 	1362.223 	1495.099 	1701.201 	2005.714 	1770.490 	1012.865 	605.370 	451.737 	315.314 	361.304 	572.010 	1345.968 	1544.795 	1633.413 	1557.770 	1692.789 	1530.847 	930.248 	722.517 	469.610 	357.517 	471.621 	758.867 	1339.405 	1457.544 	1750.037 	1803.530 	1794.236 	1338.840 	718.113 	649.656 	417.983 	334.652 	439.983 	581.412 	1140.030 	1368.454 	1543.294 	1542.810 	1551.404 	1477.412 	764.438 	448.202 	266.645 	: 	: 	: 	: 	: 	: 	: 	: 	: 	: 	: 	: 
RA410,GWH,AL	: 	0.000 	0.000 	0.000 	0.000 	0.000 	0.000 	0.000 	0.000 	0.000 	0.000 	0.000 	0.000 	0.000 	0.000 	0.000 	0.000 	0.000 	0.000 	0.000 	0.000 	0.000 	0.000 	0.000 	0.000 	0.000 	0.000 	0.000 	0.000 	0.000 	0.000 	0.000 	0.000 	0.000 	0.000 	0.000 	0.000 	0.000 	0.000 	0.000 	0.000 	0.000 	0.000 	0.000 	0.000 	0.000 	0.000 	0.000 	0.000 	0.000 	0.000 	0.000 	: 	: 	: 	: 	: 	: 	: 	: 	: 	: 	: 	: 	: 	: 	: 	: 	: 	: 	: 	: 	: 	: 	: 	: 
RA410,GWH,AT	: 	0.000 	0.000 	0.000 	0.000 	0.000 	0.000 	0.000 	0.000 	0.000 	0.000 	0.000 	0.000 	0.000 	0.000 	0.000 	0.000 	0.000 	0.000 	0.000 	0.000 	0.000 	0.000 	0.000 	0.000 	0.000 	0.000 	0.000 	0.000 	0.000 	0.000 	0.000 	0.000 	0.000 	0.000 	0.000 	0.000 	0.000 	0.000 	0.000 	0.000 	0.000 	0.000 	0.000 	0.000 	0.000 	0.000 	0.000 	0.000 	0.000 	0.000 	0.000 	0.000 	0.000 	0.000 	0.000 	0.000 	0.000 	0.000 	0.000 	0.000 	0.000 	0.000 	0.000 	: 	: 	: 	: 	: 	: 	: 	: 	: 	: 	: 	: 
RA410,GWH,BA	: 	: 	0.000 	0.000 	0.000 	0.000 	0.000 	0.000 	0.000 	0.000 	0.000 	0.000 	0.000 	0.000 	0.000 	0.000 	0.000 	0.000 	0.000 	0.000 	0.000 	0.000 	0.000 	0.000 	0.000 	0.000 	0.000 	0.000 	0.000 	0.000 	0.000 	0.000 	0.000 	0.000 	0.000 	0.000 	0.000 	0.000 	0.000 	0.000 	: 	: 	: 	: 	: 	: 	: 	0.000 	0.000 	0.000 	0.000 	0.000 	: 	: 	: 	: 	0.000 	0.000 	0.000 	0.000 	0.000 	0.000 	0.000 	0.000 	: 	: 	: 	: 	: 	: 	: 	: 	: 	: 	: 	: 
RA410,GWH,BE	: 	: 	0.000 	0.000 	0.000 	0.000 	0.000 	0.000 	0.000 	0.000 	0.000 	0.000 	0.000 	0.000 	0.000 	0.000 	0.000 	0.000 	0.000 	0.000 	0.000 	0.000 	0.000 	0.000 	0.000 	0.000 	0.000 	0.000 	0.000 	0.000 	0.000 	0.000 	0.000 	0.000 	0.000 	0.000 	0.000 	0.000 	0.000 	0.000 	0.000 	0.000 	0.000 	0.000 	0.000 	0.000 	0.000 	0.000 	0.000 	0.000 	0.000 	0.000 	0.000 	0.000 	0.000 	0.000 	0.000 	0.000 	0.000 	0.000 	0.000 	0.000 	0.000 	0.000 	: 	: 	: 	: 	: 	: 	: 	: 	: 	: 	: 	: 
RA410,GWH,BG	: 	: 	0.000 	0.000 	0.000 	0.000 	0.000 	0.000 	0.000 	0.000 	0.000 	0.000 	0.000 	0.000 	0.000 	0.000 	0.000 	0.000 	0.000 	0.000 	0.000 	0.000 	0.000 	0.000 	0.000 	0.000 	0.000 	0.000 	0.000 	0.000 	0.000 	0.000 	0.000 	0.000 	0.000 	0.000 	0.000 	0.000 	0.000 	0.000 	0.000 	0.000 	0.000 	0.000 	0.000 	0.000 	0.000 	0.000 	0.000 	0.000 	0.000 	0.000 	0.000 	0.000 	0.000 	0.000 	0.000 	0.000 	0.000 	0.000 	0.000 	0.000 	0.000 	0.000 	: 	: 	: 	: 	: 	: 	: 	: 	: 	: 	: 	: 
RA410,GWH,CY	: 	: 	0.000 	0.000 	0.000 	0.000 	0.000 	0.000 	0.000 	0.000 	0.000 	0.000 	0.000 	0.000 	0.000 	0.000 	0.000 	0.000 	0.000 	0.000 	0.000 	0.000 	0.000 	0.000 	0.000 	0.000 	0.000 	0.000 	0.000 	0.000 	0.000 	0.000 	0.000 	0.000 	0.000 	0.000 	0.000 	0.000 	0.000 	0.000 	0.000 	0.000 	0.000 	0.000 	0.000 	0.000 	0.000 	0.000 	0.000 	0.000 	0.000 	0.000 	0.000 	0.000 	0.000 	0.000 	0.000 	0.000 	0.000 	0.000 	0.000 	0.000 	0.000 	0.000 	: 	: 	: 	: 	: 	: 	: 	: 	: 	: 	: 	: 
RA410,GWH,CZ	: 	: 	0.000 	0.000 	0.000 	0.000 	0.000 	0.000 	0.000 	0.000 	0.000 	0.000 	0.000 	0.000 	0.000 	0.000 	0.000 	0.000 	0.000 	0.000 	0.000 	0.000 	0.000 	0.000 	0.000 	0.000 	0.000 	0.000 	0.000 	0.000 	0.000 	0.000 	0.000 	0.000 	0.000 	0.000 	0.000 	0.000 	0.000 	0.000 	0.000 	0.000 	0.000 	0.000 	0.000 	0.000 	0.000 	0.000 	0.000 	0.000 	0.000 	0.000 	0.000 	0.000 	0.000 	0.000 	0.000 	0.000 	0.000 	0.000 	0.000 	0.000 	0.000 	0.000 	: 	: 	: 	: 	: 	: 	: 	: 	: 	: 	: 	: 
RA410,GWH,DE	: 	: 	0.000 	0.000 	0.000 	0.000 	0.000 	0.000 	0.000 	0.000 	0.000 	0.000 	0.000 	0.000 	0.000 	0.000 	0.000 	0.000 	0.000 	0.000 	0.000 	0.000 	0.000 	0.000 	0.000 	0.000 	0.000 	0.000 	0.000 	0.000 	0.000 	0.000 	0.000 	0.000 	0.000 	0.000 	0.000 	0.000 	0.000 	0.000 	0.000 	0.000 	0.000 	0.000 	0.000 	0.000 	0.000 	0.000 	0.000 	0.000 	0.000 	0.000 	0.000 	0.000 	0.000 	0.000 	0.000 	0.000 	0.000 	0.000 	0.000 	0.000 	0.000 	0.000 	: 	: 	: 	: 	: 	: 	: 	: 	: 	: 	: 	: 
RA410,GWH,DK	: 	0.000 	0.000 	0.000 	0.000 	0.000 	0.000 	0.000 	0.000 	0.000 	0.000 	0.000 	0.000 	0.000 	0.000 	0.000 	0.000 	0.000 	0.000 	0.000 	0.000 	0.000 	0.000 	0.000 	0.000 	0.000 	0.000 	0.000 	0.000 	0.000 	0.000 	0.000 	0.000 	0.000 	0.000 	0.000 	0.000 	0.000 	0.000 	0.000 	0.000 	0.000 	0.000 	0.000 	0.000 	0.000 	0.000 	0.000 	0.000 	0.000 	0.000 	0.000 	0.000 	0.000 	0.000 	0.000 	0.000 	0.000 	0.000 	0.000 	0.000 	0.000 	0.000 	0.000 	: 	: 	: 	: 	: 	: 	: 	: 	: 	: 	: 	: 
RA410,GWH,EA19	: 	: 	208.578 	170.905 	103.956 	172.426 	328.149 	447.445 	661.322 	828.492 	655.364 	645.653 	266.788 	355.015 	138.181 	102.634 	76.217 	108.048 	340.275 	452.159 	744.542 	796.172 	711.647 	552.485 	206.865 	235.957 	227.608 	85.969 	68.978 	69.971 	303.085 	454.732 	745.499 	722.831 	775.058 	740.998 	379.269 	477.923 	261.979 	166.150 	109.577 	78.576 	292.493 	465.637 	688.558 	858.895 	551.293 	477.210 	325.935 	233.956 	229.808 	112.388 	131.196 	220.652 	398.793 	608.140 	719.093 	868.097 	784.129 	607.907 	547.154 	340.838 	88.742 	149.214 	: 	: 	: 	: 	: 	: 	: 	: 	: 	: 	: 	: 
RA410,GWH,EE	: 	: 	0.000 	0.000 	0.000 	0.000 	0.000 	0.000 	0.000 	0.000 	0.000 	0.000 	0.000 	0.000 	0.000 	0.000 	0.000 	0.000 	0.000 	0.000 	0.000 	0.000 	0.000 	0.000 	0.000 	0.000 	0.000 	0.000 	0.000 	0.000 	0.000 	0.000 	0.000 	0.000 	0.000 	0.000 	0.000 	0.000 	0.000 	0.000 	0.000 	0.000 	0.000 	0.000 	0.000 	0.000 	0.000 	0.000 	0.000 	0.000 	0.000 	0.000 	0.000 	0.000 	0.000 	0.000 	0.000 	0.000 	0.000 	0.000 	0.000 	0.000 	0.000 	0.000 	: 	: 	: 	: 	: 	: 	: 	: 	: 	: 	: 	: 
RA410,GWH,EL	: 	0.000 	0.000 	0.000 	0.000 	0.000 	0.000 	0.000 	0.000 	0.000 	0.000 	0.000 	0.000 	0.000 	0.000 	0.000 	0.000 	0.000 	0.000 	0.000 	0.000 	0.000 	0.000 	0.000 	0.000 	0.000 	0.000 	0.000 	0.000 	0.000 	0.000 	0.000 	0.000 	0.000 	0.000 	0.000 	0.000 	0.000 	0.000 	0.000 	0.000 	0.000 	0.000 	0.000 	0.000 	0.000 	0.000 	0.000 	0.000 	0.000 	0.000 	0.000 	0.000 	0.000 	0.000 	0.000 	0.000 	0.000 	0.000 	0.000 	0.000 	0.000 	0.000 	0.000 	: 	: 	: 	: 	: 	: 	: 	: 	: 	: 	: 	: 
RA410,GWH,ES	: 	: 	208.578 	170.905 	103.956 	172.426 	328.149 	447.445 	661.322 	828.492 	655.364 	645.653 	266.788 	355.015 	138.181 	102.634 	76.217 	108.048 	340.275 	452.159 	744.542 	796.172 	711.647 	552.485 	206.865 	235.957 	227.608 	85.969 	68.978 	69.971 	303.085 	454.732 	745.499 	722.831 	775.058 	740.998 	379.269 	477.923 	261.979 	166.150 	109.577 	78.576 	292.493 	465.637 	688.558 	858.895 	551.293 	477.210 	325.935 	233.956 	229.808 	112.388 	131.196 	220.652 	398.793 	608.140 	719.093 	868.097 	784.129 	607.907 	547.154 	340.838 	88.742 	149.214 	: 	: 	: 	: 	: 	: 	: 	: 	: 	: 	: 	: 
RA410,GWH,EU27_2020	: 	: 	208.578 	170.905 	103.956 	172.426 	328.149 	447.445 	661.322 	828.492 	655.364 	645.653 	266.788 	355.015 	138.181 	102.634 	76.217 	108.048 	340.275 	452.159 	744.542 	796.172 	711.647 	552.485 	206.865 	235.957 	227.608 	85.969 	68.978 	69.971 	303.085 	454.732 	745.499 	722.831 	775.058 	740.998 	379.269 	477.923 	261.979 	166.150 	109.577 	78.576 	292.493 	465.637 	688.558 	858.895 	551.293 	477.210 	325.935 	233.956 	229.808 	112.388 	131.196 	220.652 	398.793 	608.140 	719.093 	868.097 	784.129 	607.907 	547.154 	340.838 	88.742 	149.214 	: 	: 	: 	: 	: 	: 	: 	: 	: 	: 	: 	: 
RA410,GWH,FI	0.000 	0.000 	0.000 	0.000 	0.000 	0.000 	0.000 	0.000 	0.000 	0.000 	0.000 	0.000 	0.000 	0.000 	0.000 	0.000 	0.000 	0.000 	0.000 	0.000 	0.000 	0.000 	0.000 	0.000 	0.000 	0.000 	0.000 	0.000 	0.000 	0.000 	0.000 	0.000 	0.000 	0.000 	0.000 	0.000 	0.000 	0.000 	0.000 	0.000 	0.000 	0.000 	0.000 	0.000 	0.000 	0.000 	0.000 	0.000 	0.000 	0.000 	0.000 	0.000 	0.000 	0.000 	0.000 	0.000 	0.000 	0.000 	0.000 	0.000 	0.000 	0.000 	0.000 	0.000 	: 	: 	: 	: 	: 	: 	: 	: 	: 	: 	: 	: 
RA410,GWH,FR	: 	0.000 	0.000 	0.000 	0.000 	0.000 	0.000 	0.000 	0.000 	0.000 	0.000 	0.000 	0.000 	0.000 	0.000 	0.000 	0.000 	0.000 	0.000 	0.000 	0.000 	0.000 	0.000 	0.000 	0.000 	0.000 	0.000 	0.000 	0.000 	0.000 	0.000 	0.000 	0.000 	0.000 	0.000 	0.000 	0.000 	0.000 	0.000 	0.000 	0.000 	0.000 	0.000 	0.000 	0.000 	0.000 	0.000 	0.000 	0.000 	0.000 	0.000 	0.000 	0.000 	0.000 	0.000 	0.000 	0.000 	0.000 	0.000 	0.000 	0.000 	0.000 	0.000 	0.000 	: 	: 	: 	: 	: 	: 	: 	: 	: 	: 	: 	: 
RA410,GWH,GE	: 	0.000 	0.000 	0.000 	0.000 	0.000 	0.000 	0.000 	0.000 	0.000 	0.000 	0.000 	0.000 	0.000 	0.000 	0.000 	0.000 	0.000 	0.000 	0.000 	0.000 	0.000 	0.000 	0.000 	0.000 	0.000 	0.000 	0.000 	0.000 	0.000 	0.000 	0.000 	0.000 	0.000 	0.000 	0.000 	0.000 	0.000 	0.000 	0.000 	0.000 	0.000 	0.000 	0.000 	0.000 	0.000 	0.000 	0.000 	0.000 	0.000 	0.000 	0.000 	: 	: 	: 	: 	: 	: 	: 	: 	: 	: 	: 	: 	: 	: 	: 	: 	: 	: 	: 	: 	: 	: 	: 	: 
RA410,GWH,HR	: 	0.000 	0.000 	0.000 	0.000 	0.000 	0.000 	0.000 	0.000 	0.000 	0.000 	0.000 	0.000 	0.000 	0.000 	0.000 	0.000 	0.000 	0.000 	0.000 	0.000 	0.000 	0.000 	0.000 	0.000 	0.000 	0.000 	0.000 	0.000 	0.000 	0.000 	0.000 	0.000 	0.000 	0.000 	0.000 	0.000 	0.000 	0.000 	0.000 	0.000 	0.000 	0.000 	0.000 	0.000 	0.000 	0.000 	0.000 	0.000 	0.000 	0.000 	0.000 	0.000 	0.000 	0.000 	0.000 	0.000 	0.000 	0.000 	0.000 	0.000 	0.000 	0.000 	0.000 	: 	: 	: 	: 	: 	: 	: 	: 	: 	: 	: 	: 
RA410,GWH,HU	: 	: 	0.000 	0.000 	0.000 	0.000 	0.000 	0.000 	0.000 	0.000 	0.000 	0.000 	0.000 	0.000 	0.000 	0.000 	0.000 	0.000 	0.000 	0.000 	0.000 	0.000 	0.000 	0.000 	0.000 	0.000 	0.000 	0.000 	0.000 	0.000 	0.000 	0.000 	0.000 	0.000 	0.000 	0.000 	0.000 	0.000 	0.000 	0.000 	0.000 	0.000 	0.000 	0.000 	0.000 	0.000 	0.000 	0.000 	0.000 	0.000 	0.000 	0.000 	0.000 	0.000 	0.000 	0.000 	0.000 	0.000 	0.000 	0.000 	0.000 	0.000 	0.000 	0.000 	: 	: 	: 	: 	: 	: 	: 	: 	: 	: 	: 	: 
RA410,GWH,IE	: 	0.000 	0.000 	0.000 	0.000 	0.000 	0.000 	0.000 	0.000 	0.000 	0.000 	0.000 	0.000 	0.000 	0.000 	0.000 	0.000 	0.000 	0.000 	0.000 	0.000 	0.000 	0.000 	0.000 	0.000 	0.000 	0.000 	0.000 	0.000 	0.000 	0.000 	0.000 	0.000 	0.000 	0.000 	0.000 	0.000 	0.000 	0.000 	0.000 	0.000 	0.000 	0.000 	0.000 	0.000 	0.000 	0.000 	0.000 	0.000 	0.000 	0.000 	0.000 	0.000 	0.000 	0.000 	0.000 	0.000 	0.000 	0.000 	0.000 	0.000 	0.000 	0.000 	0.000 	: 	: 	: 	: 	: 	: 	: 	: 	: 	: 	: 	: 
RA410,GWH,IS	: 	0.000 	0.000 	0.000 	0.000 	0.000 	0.000 	0.000 	0.000 	0.000 	0.000 	0.000 	0.000 	0.000 	0.000 	0.000 	0.000 	0.000 	0.000 	0.000 	0.000 	0.000 	0.000 	0.000 	0.000 	0.000 	0.000 	0.000 	0.000 	0.000 	0.000 	0.000 	0.000 	0.000 	0.000 	0.000 	0.000 	0.000 	0.000 	0.000 	0.000 	0.000 	0.000 	0.000 	0.000 	0.000 	0.000 	0.000 	0.000 	0.000 	0.000 	0.000 	0.000 	0.000 	0.000 	0.000 	0.000 	0.000 	0.000 	0.000 	0.000 	0.000 	0.000 	0.000 	: 	: 	: 	: 	: 	: 	: 	: 	: 	: 	: 	: 
RA410,GWH,IT	: 	: 	0.000 	0.000 	0.000 	0.000 	0.000 	0.000 	0.000 	0.000 	0.000 	0.000 	0.000 	0.000 	0.000 	0.000 	0.000 	0.000 	0.000 	0.000 	0.000 	0.000 	0.000 	0.000 	0.000 	0.000 	0.000 	0.000 	0.000 	0.000 	0.000 	0.000 	0.000 	0.000 	0.000 	0.000 	0.000 	0.000 	0.000 	0.000 	0.000 	0.000 	0.000 	0.000 	0.000 	0.000 	0.000 	0.000 	0.000 	0.000 	0.000 	0.000 	0.000 	0.000 	0.000 	0.000 	0.000 	0.000 	0.000 	0.000 	0.000 	0.000 	0.000 	0.000 	: 	: 	: 	: 	: 	: 	: 	: 	: 	: 	: 	: 
RA410,GWH,LT	: 	: 	0.000 	0.000 	0.000 	0.000 	0.000 	0.000 	0.000 	0.000 	0.000 	0.000 	0.000 	0.000 	0.000 	0.000 	0.000 	0.000 	0.000 	0.000 	0.000 	0.000 	0.000 	0.000 	0.000 	0.000 	0.000 	0.000 	0.000 	0.000 	0.000 	0.000 	0.000 	0.000 	0.000 	0.000 	0.000 	0.000 	0.000 	0.000 	0.000 	0.000 	0.000 	0.000 	0.000 	0.000 	0.000 	0.000 	0.000 	0.000 	0.000 	0.000 	0.000 	0.000 	0.000 	0.000 	0.000 	0.000 	0.000 	0.000 	0.000 	0.000 	0.000 	0.000 	: 	: 	: 	: 	: 	: 	: 	: 	: 	: 	: 	: 
RA410,GWH,LU	: 	: 	0.000 	0.000 	0.000 	0.000 	0.000 	0.000 	0.000 	0.000 	0.000 	0.000 	0.000 	0.000 	0.000 	0.000 	0.000 	0.000 	0.000 	0.000 	0.000 	0.000 	0.000 	0.000 	0.000 	0.000 	0.000 	0.000 	0.000 	0.000 	0.000 	0.000 	0.000 	0.000 	0.000 	0.000 	0.000 	0.000 	0.000 	0.000 	0.000 	0.000 	0.000 	0.000 	0.000 	0.000 	0.000 	0.000 	0.000 	0.000 	0.000 	0.000 	0.000 	0.000 	0.000 	0.000 	0.000 	0.000 	0.000 	0.000 	0.000 	0.000 	0.000 	0.000 	: 	: 	: 	: 	: 	: 	: 	: 	: 	: 	: 	: 
RA410,GWH,LV	: 	0.000 	0.000 	0.000 	0.000 	0.000 	0.000 	0.000 	0.000 	0.000 	0.000 	0.000 	0.000 	0.000 	0.000 	0.000 	0.000 	0.000 	0.000 	0.000 	0.000 	0.000 	0.000 	0.000 	0.000 	0.000 	0.000 	0.000 	0.000 	0.000 	0.000 	0.000 	0.000 	0.000 	0.000 	0.000 	0.000 	0.000 	0.000 	0.000 	0.000 	0.000 	0.000 	0.000 	0.000 	0.000 	0.000 	0.000 	0.000 	0.000 	0.000 	0.000 	0.000 	0.000 	0.000 	0.000 	0.000 	0.000 	0.000 	0.000 	0.000 	0.000 	0.000 	0.000 	: 	: 	: 	: 	: 	: 	: 	: 	: 	: 	: 	: 
RA410,GWH,MD	: 	: 	0.000 	0.000 	0.000 	0.000 	0.000 	0.000 	0.000 	0.000 	0.000 	0.000 	0.000 	0.000 	0.000 	0.000 	0.000 	0.000 	0.000 	0.000 	0.000 	0.000 	0.000 	0.000 	0.000 	0.000 	0.000 	0.000 	: 	: 	: 	: 	: 	: 	: 	: 	: 	: 	: 	: 	: 	: 	: 	: 	: 	: 	: 	: 	: 	: 	: 	: 	: 	: 	: 	: 	: 	: 	: 	: 	: 	: 	: 	: 	: 	: 	: 	: 	: 	: 	: 	: 	: 	: 	: 	: 
RA410,GWH,ME	: 	: 	: 	: 	: 	: 	: 	: 	: 	: 	: 	: 	: 	: 	: 	: 	: 	: 	: 	: 	: 	: 	: 	: 	: 	: 	: 	: 	: 	: 	: 	: 	: 	: 	: 	: 	0.000 	0.000 	0.000 	0.000 	0.000 	0.000 	0.000 	0.000 	0.000 	0.000 	0.000 	0.000 	0.000 	0.000 	0.000 	0.000 	0.000 	0.000 	0.000 	0.000 	0.000 	0.000 	0.000 	0.000 	0.000 	0.000 	0.000 	0.000 	: 	: 	: 	: 	: 	: 	: 	: 	: 	: 	: 	: 
RA410,GWH,MK	: 	: 	0.000 	0.000 	0.000 	0.000 	0.000 	0.000 	0.000 	0.000 	0.000 	0.000 	0.000 	0.000 	0.000 	0.000 	0.000 	0.000 	0.000 	0.000 	0.000 	0.000 	0.000 	0.000 	0.000 	0.000 	0.000 	0.000 	0.000 	0.000 	0.000 	0.000 	0.000 	0.000 	0.000 	0.000 	0.000 	0.000 	0.000 	0.000 	0.000 	0.000 	0.000 	0.000 	0.000 	0.000 	0.000 	0.000 	0.000 	0.000 	0.000 	0.000 	0.000 	0.000 	0.000 	0.000 	0.000 	0.000 	0.000 	0.000 	0.000 	0.000 	0.000 	0.000 	: 	: 	: 	: 	: 	: 	: 	: 	: 	: 	: 	: 
RA410,GWH,MT	: 	0.000 	0.000 	0.000 	0.000 	0.000 	0.000 	0.000 	0.000 	0.000 	0.000 	0.000 	0.000 	0.000 	0.000 	0.000 	0.000 	0.000 	0.000 	0.000 	0.000 	0.000 	0.000 	0.000 	0.000 	0.000 	0.000 	0.000 	0.000 	0.000 	0.000 	0.000 	0.000 	0.000 	0.000 	0.000 	0.000 	0.000 	0.000 	0.000 	0.000 	0.000 	0.000 	0.000 	0.000 	0.000 	0.000 	0.000 	0.000 	0.000 	0.000 	0.000 	0.000 	0.000 	0.000 	0.000 	0.000 	0.000 	0.000 	0.000 	0.000 	0.000 	0.000 	0.000 	: 	: 	: 	: 	: 	: 	: 	: 	: 	: 	: 	: 
RA410,GWH,NL	: 	: 	0.000 	0.000 	0.000 	0.000 	0.000 	0.000 	0.000 	0.000 	0.000 	0.000 	0.000 	0.000 	0.000 	0.000 	0.000 	0.000 	0.000 	0.000 	0.000 	0.000 	0.000 	0.000 	0.000 	0.000 	0.000 	0.000 	0.000 	0.000 	0.000 e	0.000 	0.000 	0.000 	0.000 	0.000 	0.000 	0.000 	0.000 	0.000 	0.000 e	0.000 	0.000 	0.000 	0.000 e	0.000 e	0.000 e	0.000 e	0.000 e	0.000 e	0.000 e	0.000 e	0.000 e	0.000 e	0.000 e	0.000 e	0.000 e	0.000 e	0.000 e	0.000 e	0.000 e	0.000 e	0.000 e	0.000 e	: 	: 	: 	: 	: 	: 	: 	: 	: 	: 	: 	: 
RA410,GWH,NO	0.000 	0.000 	0.000 	0.000 	0.000 	0.000 	0.000 	0.000 	0.000 	0.000 	0.000 	0.000 	0.000 	0.000 	0.000 	0.000 	0.000 	0.000 	0.000 	0.000 	0.000 	0.000 	0.000 	0.000 	0.000 	0.000 	0.000 	0.000 	0.000 	0.000 	0.000 	0.000 	0.000 	0.000 	0.000 	0.000 	0.000 	0.000 	0.000 	0.000 	0.000 	0.000 	0.000 	0.000 	0.000 	0.000 	0.000 	0.000 	0.000 	0.000 	0.000 	0.000 	0.000 	0.000 	0.000 	0.000 	0.000 	0.000 	0.000 	0.000 	0.000 	0.000 	0.000 	0.000 	: 	: 	: 	: 	: 	: 	: 	: 	: 	: 	: 	: 
RA410,GWH,PL	: 	: 	0.000 	0.000 	0.000 	0.000 	0.000 	0.000 	0.000 	0.000 	0.000 	0.000 	0.000 	0.000 	0.000 	0.000 	0.000 	0.000 	0.000 	0.000 	0.000 	0.000 	0.000 	0.000 	0.000 	0.000 	0.000 	0.000 	0.000 	0.000 	0.000 	0.000 	0.000 	0.000 	0.000 	0.000 	0.000 	0.000 	0.000 	0.000 	0.000 	0.000 	0.000 	0.000 	0.000 	0.000 	0.000 	0.000 	0.000 	0.000 	0.000 	0.000 	0.000 	0.000 	0.000 	0.000 	0.000 	0.000 	0.000 	0.000 	0.000 	0.000 	0.000 	0.000 	: 	: 	: 	: 	: 	: 	: 	: 	: 	: 	: 	: 
RA410,GWH,PT	: 	: 	0.000 	0.000 	0.000 	0.000 	0.000 	0.000 	0.000 	0.000 	0.000 	0.000 	0.000 	0.000 	0.000 	0.000 	0.000 	0.000 	0.000 	0.000 	0.000 	0.000 	0.000 	0.000 	0.000 	0.000 	0.000 	0.000 	0.000 	0.000 	0.000 	0.000 	0.000 	0.000 	0.000 	0.000 	0.000 	0.000 	0.000 	0.000 	0.000 	0.000 	0.000 	0.000 	0.000 	0.000 	0.000 	0.000 	0.000 	0.000 	0.000 	0.000 	0.000 	0.000 	0.000 	0.000 	0.000 	0.000 	0.000 	0.000 	0.000 	0.000 	0.000 	0.000 	: 	: 	: 	: 	: 	: 	: 	: 	: 	: 	: 	: 
RA410,GWH,RO	: 	0.000 	0.000 	0.000 	0.000 	0.000 	0.000 	0.000 	0.000 	0.000 	0.000 	0.000 	0.000 	0.000 	0.000 	0.000 	0.000 	0.000 	0.000 	0.000 	0.000 	0.000 	0.000 	0.000 	0.000 	0.000 	0.000 	0.000 	0.000 	0.000 	0.000 	0.000 	0.000 	0.000 	0.000 	0.000 	0.000 	0.000 	0.000 	0.000 	0.000 	0.000 	0.000 	0.000 	0.000 	0.000 	0.000 	0.000 	0.000 	0.000 	0.000 	0.000 	0.000 	0.000 	0.000 	0.000 	0.000 	0.000 	0.000 	0.000 	0.000 	0.000 	0.000 	0.000 	: 	: 	: 	: 	: 	: 	: 	: 	: 	: 	: 	: 
RA410,GWH,RS	: 	0.000 	0.000 	0.000 	0.000 	0.000 	0.000 	0.000 	0.000 	0.000 	0.000 	0.000 	0.000 	0.000 	0.000 	0.000 	0.000 	0.000 	0.000 	0.000 	0.000 	0.000 	0.000 	0.000 	0.000 	0.000 	0.000 	0.000 	0.000 	0.000 	0.000 	0.000 	0.000 	0.000 	0.000 	0.000 	0.000 	0.000 	0.000 	0.000 	0.000 	0.000 	0.000 	0.000 	0.000 	0.000 	0.000 	0.000 	0.000 	0.000 	0.000 	0.000 	0.000 	0.000 	0.000 	0.000 	0.000 	0.000 	0.000 	0.000 	0.000 	0.000 	0.000 	0.000 	: 	: 	: 	: 	: 	: 	: 	: 	: 	: 	: 	: 
RA410,GWH,SE	: 	0.000 	0.000 	0.000 	0.000 	0.000 	0.000 	0.000 	0.000 	0.000 	0.000 	0.000 	0.000 	0.000 	0.000 	0.000 	0.000 	0.000 	0.000 	0.000 	0.000 	0.000 	0.000 	0.000 	0.000 	0.000 	0.000 	0.000 	0.000 	0.000 	0.000 	0.000 	0.000 	0.000 	0.000 	0.000 	0.000 	0.000 	0.000 	0.000 	0.000 	0.000 	0.000 	0.000 	0.000 	0.000 	0.000 	0.000 	0.000 	0.000 	0.000 	0.000 	0.000 	0.000 	0.000 	0.000 	0.000 	0.000 	0.000 	0.000 	0.000 	0.000 	0.000 	0.000 	: 	: 	: 	: 	: 	: 	: 	: 	: 	: 	: 	: 
RA410,GWH,SI	: 	: 	0.000 	0.000 	0.000 	0.000 	0.000 	0.000 	0.000 	0.000 	0.000 	0.000 	0.000 	0.000 	0.000 	0.000 	0.000 	0.000 	0.000 	0.000 	0.000 	0.000 	0.000 	0.000 	0.000 	0.000 	0.000 	0.000 	0.000 	0.000 	0.000 	0.000 	0.000 	0.000 	0.000 	0.000 	0.000 	0.000 	0.000 	0.000 	0.000 	0.000 	0.000 	0.000 	0.000 	0.000 	0.000 	0.000 	0.000 	0.000 	0.000 	0.000 	0.000 	0.000 	0.000 	0.000 	0.000 	0.000 	0.000 	0.000 	0.000 	0.000 	0.000 	0.000 	: 	: 	: 	: 	: 	: 	: 	: 	: 	: 	: 	: 
RA410,GWH,SK	: 	0.000 	0.000 	0.000 	0.000 	0.000 	0.000 	0.000 	0.000 	0.000 	0.000 	0.000 	0.000 	0.000 	0.000 	0.000 	0.000 	0.000 	0.000 	0.000 	0.000 	0.000 	0.000 	0.000 	0.000 	0.000 	0.000 	0.000 	0.000 	0.000 	0.000 	0.000 	0.000 	0.000 	0.000 	0.000 	0.000 	0.000 	0.000 	0.000 	0.000 	0.000 	0.000 	0.000 	0.000 	0.000 	0.000 	0.000 	0.000 	0.000 	0.000 	0.000 	0.000 	0.000 	0.000 	0.000 	0.000 	0.000 	0.000 	0.000 	0.000 	0.000 	0.000 	0.000 	: 	: 	: 	: 	: 	: 	: 	: 	: 	: 	: 	: 
RA410,GWH,TR	: 	: 	0.000 	0.000 	0.000 	0.000 	0.000 	0.000 	0.000 	0.000 	0.000 	0.000 	0.000 	0.000 	0.000 	0.000 	0.000 	0.000 	0.000 	0.000 	0.000 	0.000 	0.000 	0.000 	0.000 	0.000 	0.000 	0.000 	0.000 	0.000 	0.000 	0.000 	0.000 	0.000 	0.000 	0.000 	0.000 	0.000 	0.000 	0.000 	0.000 	0.000 	0.000 	0.000 	0.000 	0.000 	0.000 	0.000 	0.000 	0.000 	0.000 	0.000 	0.000 	0.000 	0.000 	0.000 	0.000 	0.000 	0.000 	0.000 	0.000 	0.000 	0.000 	0.000 	: 	: 	: 	: 	: 	: 	: 	: 	: 	: 	: 	: 
RA410,GWH,UA	: 	: 	: 	0.000 	0.000 	0.000 	0.000 	0.000 	0.000 	0.000 	0.000 	0.000 	0.000 	0.000 	0.000 	0.000 	0.000 	0.000 	0.000 	0.000 	0.000 	0.000 	0.000 	0.000 	0.000 	0.000 	0.000 	0.000 	0.000 	0.000 	0.000 	0.000 	0.000 	0.000 	0.000 	0.000 	0.000 	0.000 	0.000 	0.000 	0.000 	0.000 	0.000 	0.000 	0.000 	0.000 	0.000 	0.000 	0.000 	0.000 	0.000 	0.000 	0.000 	0.000 	0.000 	: 	: 	: 	: 	: 	: 	: 	: 	: 	: 	: 	: 	: 	: 	: 	: 	: 	: 	: 	: 	: 
RA410,GWH,UK	: 	: 	: 	: 	: 	: 	: 	: 	: 	: 	: 	: 	: 	: 	: 	: 	: 	: 	0.000 	0.000 	0.000 	0.000 	0.000 	0.000 	0.000 	0.000 	0.000 	0.000 	0.000 	0.000 	0.000 	0.000 	0.000 	0.000 	0.000 	0.000 	0.000 	0.000 	0.000 	0.000 	0.000 	0.000 	0.000 	0.000 	0.000 	0.000 	0.000 	0.000 	0.000 	0.000 	0.000 	0.000 	0.000 	0.000 	0.000 	0.000 	0.000 	0.000 	0.000 	0.000 	0.000 	0.000 	0.000 	0.000 	: 	: 	: 	: 	: 	: 	: 	: 	: 	: 	: 	: 
RA420,GWH,AL	: 	3.626 	2.881 	2.482 	1.812 	1.615 	3.024 	3.754 	4.588 	4.844 	4.724 	4.674 	3.708 	3.779 	2.488 	1.734 	1.503 	2.110 	2.331 	2.850 	3.658 	3.931 	3.668 	3.252 	2.980 	2.591 	1.881 	1.510 	0.000 	0.000 	0.000 	0.000 	0.000 	0.000 	0.000 	0.000 	0.000 	0.000 	0.000 	0.000 	0.000 	0.000 	0.000 	0.000 	0.000 	0.000 	0.000 	0.000 	0.000 	0.000 	0.000 	0.000 	: 	: 	: 	: 	: 	: 	: 	: 	: 	: 	: 	: 	: 	: 	: 	: 	: 	: 	: 	: 	: 	: 	: 	: 
RA420,GWH,AT	: 	0.000 	0.000 	0.000 	0.000 	0.000 	0.000 	0.000 	0.000 	0.000 	0.000 	0.000 	0.000 	0.000 	0.000 	0.000 	0.000 	0.000 	0.000 	0.000 	0.000 	0.000 	0.000 	0.000 	0.000 	0.000 	0.000 	0.000 	0.000 	0.000 	0.000 	0.000 	0.000 	0.000 	0.000 	0.000 	0.000 	0.000 	0.000 	0.000 	0.000 	0.000 	0.000 	0.000 	0.000 	0.000 	0.000 	0.000 	0.000 	0.000 	0.000 	0.000 	0.000 	0.000 	0.000 	0.000 	0.000 	0.000 	0.000 	0.000 	0.000 	0.000 	0.000 	0.000 	: 	: 	: 	: 	: 	: 	: 	: 	: 	: 	: 	: 
RA420,GWH,BA	: 	: 	3.000 	2.000 	2.440 	3.580 	4.200 	4.320 	4.730 	5.420 	4.470 	4.120 	4.000 	4.160 	2.770 	1.320 	1.810 	2.650 	2.490 	3.200 	3.500 	3.000 	3.050 	2.980 	3.140 	2.970 	1.980 	1.320 	0.870 	1.080 	1.770 	2.280 	2.640 	2.820 	2.400 	2.440 	2.000 	2.000 	1.000 	1.000 	: 	: 	: 	: 	: 	: 	: 	0.000 	0.000 	0.000 	0.000 	0.000 	: 	: 	: 	: 	0.000 	0.000 	0.000 	0.000 	0.000 	0.000 	0.000 	0.000 	: 	: 	: 	: 	: 	: 	: 	: 	: 	: 	: 	: 
RA420,GWH,BE	: 	: 	258.073 	115.547 	73.523 	144.750 	316.816 	549.821 	598.244 	690.047 	757.215 	728.500 	689.913 	514.630 	247.479 	99.861 	75.139 	145.172 	208.182 	458.606 	574.760 	633.201 	667.902 	790.128 	671.799 	446.082 	160.311 	94.421 	71.218 	117.560 	196.410 	359.389 	444.198 	476.767 	503.737 	450.647 	414.213 	243.986 	190.573 	60.378 	56.604 	110.603 	242.096 	280.978 	422.041 	555.183 	463.698 	516.850 	364.096 	227.804 	194.585 	54.441 	32.536 	84.311 	163.664 	262.056 	335.085 	396.685 	431.949 	412.200 	338.360 	257.506 	93.926 	79.729 	: 	: 	: 	: 	: 	: 	: 	: 	: 	: 	: 	: 
RA420,GWH,BG	: 	: 	108.734 	90.329 	55.529 	70.750 	98.263 	140.316 	185.531 	191.896 	154.233 	172.897 	143.820 	121.411 	90.674 	61.798 	34.477 	78.141 	110.722 	151.778 	168.760 	177.397 	155.494 	151.251 	155.501 	115.196 	94.662 	85.037 	58.053 	50.317 	122.407 	139.166 	171.928 	165.581 	157.210 	150.771 	131.156 	139.382 	83.937 	54.381 	43.249 	40.998 	96.200 	118.544 	147.720 	131.200 	125.418 	140.483 	60.618 	34.282 	44.287 	61.027 	37.579 	36.325 	97.187 	119.091 	165.721 	164.068 	157.680 	152.177 	144.976 	118.670 	88.432 	42.403 	: 	: 	: 	: 	: 	: 	: 	: 	: 	: 	: 	: 
RA420,GWH,CY	: 	: 	32.475 e	28.017 e	22.085 e	33.352 e	42.538 e	48.972 e	50.441 e	52.685 e	48.519 e	51.976 e	36.655 e	35.664 e	28.677 e	22.335 e	20.865 e	22.307 e	29.491 e	34.278 e	35.897 e	36.129 e	33.559 e	33.257 e	26.694 e	23.188 e	15.338 e	13.872 e	13.503 e	17.510 e	18.469 e	23.976 e	22.116 e	21.708 e	19.081 e	19.817 e	16.509 e	16.152 e	13.482 e	13.217 e	12.846 e	14.451 e	16.319 e	18.402 e	18.457 e	19.243 e	17.950 e	17.571 e	16.266 e	14.755 	11.474 e	12.595 e	11.711 e	13.350 e	14.465 e	17.353 e	16.739 e	16.728 e	14.755 e	14.132 e	11.472 e	11.185 e	9.385 e	9.380 e	: 	: 	: 	: 	: 	: 	: 	: 	: 	: 	: 	: 
RA420,GWH,CZ	: 	: 	121.835 	58.583 	33.848 	55.962 	187.035 	217.153 	233.360 	288.993 	319.103 	250.296 	234.145 	184.415 	84.711 	43.293 	33.784 	59.491 	107.188 	220.844 	263.533 	294.377 	241.721 	279.489 	323.091 	226.554 	101.672 	61.141 	50.558 	55.116 	160.520 	217.655 	267.155 	294.173 	329.932 	232.596 	273.940 	191.473 	136.563 	51.809 	31.178 	72.411 	172.964 	239.691 	293.564 	303.516 	273.416 	321.922 	292.309 	156.963 	114.294 	45.417 	41.207 	58.466 	127.593 	161.063 	285.666 	284.573 	325.320 	308.554 	210.039 	199.690 	100.423 	61.291 	: 	: 	: 	: 	: 	: 	: 	: 	: 	: 	: 	: 
RA420,GWH,DE	: 	: 	2466.000 e	1065.000 e	788.000 e	1223.000 e	3538.000 e	5278.000 e	5805.000 e	6863.000 e	7831.000 e	6505.000 e	6028.000 e	4514.000 e	2178.000 e	670.000 e	753.000 e	1669.000 e	2420.000 e	5081.000 e	5981.000 e	6912.000 e	6248.000 e	6728.000 e	6930.000 e	4400.000 e	1817.000 e	1191.000 e	1007.000 e	1048.000 e	2652.000 e	4233.000 e	5711.000 e	6209.000 e	6991.000 e	5430.000 e	5548.000 e	3266.000 e	1991.000 e	809.000 e	591.000 e	1317.000 e	3089.000 e	4577.000 e	5830.000 e	6935.000 e	6000.000 e	6667.000 e	5435.000 e	2946.000 e	2000.000 e	797.000 e	552.000 e	978.000 e	2380.000 e	3439.000 e	5140.000 e	5456.000 e	5973.000 e	5117.000 e	4304.000 e	3511.000 e	1609.000 e	867.000 e	: 	: 	: 	: 	: 	: 	: 	: 	: 	: 	: 	: 
RA420,GWH,DK	: 	179.259 	56.258 	25.530 	10.614 	26.964 	73.598 	118.112 	167.166 	187.591 	204.586 	157.085 	171.783 	103.110 	41.992 	15.915 	7.130 	24.097 	57.085 	110.238 	159.579 	152.642 	181.399 	186.340 	155.038 	104.140 	30.077 	13.319 	11.524 	13.827 	45.690 	79.495 	119.012 	140.179 	147.579 	136.491 	141.923 	73.214 	38.243 	16.092 	8.541 	18.156 	57.175 	80.943 	109.299 	161.098 	152.738 	166.635 	104.540 	50.122 	32.964 	10.762 	12.727 	26.103 	49.811 	74.457 	96.763 	108.456 	113.024 	123.899 	91.062 	58.585 	20.138 	13.756 	: 	: 	: 	: 	: 	: 	: 	: 	: 	: 	: 	: 
RA420,GWH,EA19	: 	: 	8365.725 	5652.858 	4027.952 	5133.081 	10011.549 	13617.809 	16003.387 	17697.011 	18558.287 	16876.464 	14613.488 	12055.687 	6519.655 	3616.617 	3143.657 	5203.728 	7580.343 	12241.107 	14889.271 	16613.720 	15312.646 	15882.335 	14652.111 	10306.271 	6177.135 	4210.002 	3361.842 	3437.465 	7032.882 	10073.891 	12920.185 	13582.625 	14294.447 	11754.100 	11063.808 	8611.523 	5795.394 	3246.217 	2753.772 	3560.485 	6831.689 	9748.989 	11867.704 	13606.115 	12264.573 	12578.815 	10758.259 	6855.054 	4738.907 	3032.180 	2581.315 	3489.003 	6456.735 	8253.045 	11205.001 	11817.204 	12089.116 	11095.657 	9710.912 	8153.891 	4133.871 	3153.114 	: 	: 	: 	: 	: 	: 	: 	: 	: 	: 	: 	: 
RA420,GWH,EE	: 	: 	10.465 	2.500 	0.869 	5.878 	21.429 	32.930 	38.423 	60.070 	59.168 	37.519 	29.800 	14.700 	3.600 	0.364 	0.706 	2.077 	7.060 	12.300 	17.404 	18.375 	18.397 	18.291 	12.492 	8.500 	2.252 	0.824 	0.000 	0.000 	0.000 	0.000 	0.000 	0.000 	0.000 	0.000 	0.000 	0.000 	0.000 	0.000 	0.000 	0.000 	0.000 	0.000 	0.000 	0.000 	0.000 	0.000 	0.000 	0.000 	0.000 	0.000 	0.000 	0.000 	0.000 	0.000 	0.000 	0.000 	0.000 	0.000 	0.000 	0.000 	0.000 	0.000 	: 	: 	: 	: 	: 	: 	: 	: 	: 	: 	: 	: 
RA420,GWH,EL	: 	475.768 	357.314 	353.584 	280.132 	271.944 	369.208 	502.149 	589.863 	596.912 	545.297 	558.628 	443.617 	404.103 	302.227 	241.586 	195.285 	270.046 	377.592 	427.277 	485.600 	494.231 	455.195 	444.222 	368.731 	333.187 	283.727 	258.146 	190.853 	220.165 	348.757 	402.858 	466.295 	439.072 	414.356 	393.534 	329.817 	348.990 	222.297 	184.185 	201.605 	210.902 	307.912 	376.285 	427.731 	429.935 	385.556 	375.218 	374.607 	296.951 	180.173 	225.163 	210.641 	228.947 	356.028 	387.551 	447.512 	444.556 	415.246 	397.100 	384.846 	326.041 	218.153 	175.852 	: 	: 	: 	: 	: 	: 	: 	: 	: 	: 	: 	: 
RA420,GWH,ES	: 	: 	1681.169 	1547.353 	1016.576 	1327.914 	1764.153 	1905.867 	2377.695 	2614.241 	2322.062 	2384.886 	1662.309 	1686.822 	972.948 	846.544 	734.484 	805.732 	1303.467 	1452.670 	1807.175 	1894.208 	1785.117 	1625.639 	1143.097 	1050.297 	967.384 	620.379 	510.502 	522.344 	787.711 	851.110 	1003.134 	995.431 	927.815 	931.739 	696.522 	804.516 	626.838 	501.506 	426.465 	374.693 	567.117 	715.448 	841.118 	929.384 	813.586 	810.207 	697.332 	587.196 	508.148 	442.296 	429.628 	536.575 	676.046 	774.413 	839.835 	944.079 	889.158 	865.664 	838.096 	711.960 	442.030 	470.872 	: 	: 	: 	: 	: 	: 	: 	: 	: 	: 	: 	: 
RA420,GWH,EU27_2020	: 	: 	9340.554 	6226.311 	4347.836 	5687.892 	11257.276 	15198.167 	17854.493 	19828.288 	20786.010 	18667.169 	16163.317 	13260.153 	7140.271 	3929.536 	3351.981 	5574.137 	8244.209 	13422.857 	16279.813 	18037.320 	16563.504 	17163.193 	16058.565 	11280.188 	6683.204 	4537.438 	3619.684 	3701.977 	7707.572 	10915.466 	13977.599 	14672.639 	15447.971 	12648.081 	11989.563 	9359.103 	6260.837 	3452.370 	2906.955 	3806.531 	7401.926 	10487.855 	12773.339 	14523.896 	13120.355 	13558.511 	11530.794 	7258.049 	5017.853 	3241.005 	2745.662 	3691.807 	6923.766 	8833.349 	12056.906 	12683.268 	12995.316 	11960.878 	10396.980 	8744.436 	4463.205 	3354.139 	: 	: 	: 	: 	: 	: 	: 	: 	: 	: 	: 	: 
RA420,GWH,FI	43.000 e	26.000 e	6.000 e	2.000 e	1.000 e	3.000 e	10.000 e	28.000 e	49.521 e	55.594 e	75.454 e	75.000 e	36.612 e	17.954 e	6.555 e	1.401 e	1.000 e	3.000 e	9.898 e	25.167 e	48.484 e	53.263 e	66.458 e	49.634 e	28.750 e	16.348 e	5.971 e	1.512 e	1.000 e	2.000 e	6.000 e	16.000 e	29.000 e	38.000 e	32.000 e	24.000 e	20.000 e	8.000 e	2.000 e	1.000 e	0.000 	2.000 e	7.000 e	7.000 e	14.000 e	20.000 e	14.000 e	13.000 e	7.000 e	3.000 e	1.000 e	1.000 e	2.000 e	2.000 e	2.000 e	2.000 e	2.000 e	3.000 e	3.000 e	2.000 e	2.000 e	1.000 	1.000 	0.000 	: 	: 	: 	: 	: 	: 	: 	: 	: 	: 	: 	: 
RA420,GWH,FR	: 	1337.975 e	1023.688 e	775.069 e	582.083 e	698.335 e	1242.345 e	1457.628 e	1746.172 e	1717.497 e	1677.541 e	1618.195 e	1582.687 e	1297.335 e	671.903 e	475.012 e	370.651 e	697.500 e	807.473 e	1271.457 e	1555.614 e	1744.124 e	1557.021 e	1632.945 e	1348.232 e	1098.528 e	781.089 e	524.905 e	432.809 e	388.059 e	752.317 e	1144.590 e	1332.485 e	1336.221 e	1289.797 e	1207.080 e	984.618 e	1012.242 e	740.267 e	423.906 e	396.984 e	407.042 e	683.180 e	999.323 e	1169.013 e	1265.102 e	1169.154 e	1060.619 e	939.371 e	745.362 e	492.002 e	324.326 e	295.274 	400.854 	652.416 	792.630 	1000.366 	1059.671 	1049.305 	1015.614 	930.993 	678.398 	412.924 	317.835 	: 	: 	: 	: 	: 	: 	: 	: 	: 	: 	: 	: 
RA420,GWH,GE	: 	0.000 	0.000 	0.000 	0.000 	0.000 	0.000 	0.000 	0.000 	0.000 	0.000 	0.000 	0.000 	0.000 	0.000 	0.000 	0.000 	0.000 	0.000 	0.000 	0.000 	0.000 	0.000 	0.000 	0.000 	0.000 	0.000 	0.000 	0.000 	0.000 	0.000 	0.000 	0.000 	0.000 	0.000 	0.000 	0.000 	0.000 	0.000 	0.000 	0.000 	0.000 	0.000 	0.000 	0.000 	0.000 	0.000 	0.000 	0.000 	0.000 	0.000 	0.000 	: 	: 	: 	: 	: 	: 	: 	: 	: 	: 	: 	: 	: 	: 	: 	: 	: 	: 	: 	: 	: 	: 	: 	: 
RA420,GWH,HR	: 	7.485 	4.318 	3.354 	2.293 	2.318 	4.975 	8.178 	8.848 	9.535 	10.461 	8.354 	6.783 	6.923 	3.932 	2.045 	1.239 	2.346 	4.566 	7.280 	8.470 	9.667 	8.440 	8.417 	9.361 	6.308 	4.288 	2.887 	1.957 	2.171 	5.399 	6.702 	9.206 	9.810 	10.153 	6.847 	6.956 	6.756 	4.454 	2.022 	1.849 	2.410 	5.211 	7.204 	9.008 	9.200 	8.398 	9.386 	8.239 	4.086 	1.807 	2.395 	2.293 	2.445 	5.495 	5.303 	9.521 	10.295 	9.625 	9.247 	7.207 	6.912 	3.465 	2.188 	: 	: 	: 	: 	: 	: 	: 	: 	: 	: 	: 	: 
RA420,GWH,HU	: 	: 	280.054 e	193.246 e	112.185 e	164.622 e	331.822 e	388.018 e	443.313 e	491.159 e	526.597 e	395.191 e	324.875 e	315.500 e	171.853 e	95.869 e	49.594 e	78.326 e	159.052 e	271.759 e	306.640 e	302.545 e	251.646 e	259.595 e	295.809 e	195.092 e	126.785 e	59.767 e	46.916 e	55.290 e	136.457 e	153.158 e	179.264 e	176.913 e	176.213 e	113.519 e	123.582 e	112.972 e	70.653 e	29.378 e	19.793 e	34.388 e	59.876 e	76.180 e	79.860 e	75.555 e	62.892 e	69.707 e	57.406 e	27.647 e	15.895 e	15.059 e	11.841 e	14.726 e	31.486 e	30.594 e	48.073 e	46.359 e	40.348 e	38.064 e	28.849 e	30.188 e	13.301 e	8.931 e	: 	: 	: 	: 	: 	: 	: 	: 	: 	: 	: 	: 
RA420,GWH,IE	: 	0.000 	0.000 	0.000 	0.000 	0.000 	0.000 	0.000 	0.000 	0.000 	0.000 	0.000 	0.000 	0.000 	0.000 	0.000 	0.000 	0.000 	0.000 	0.000 	0.000 	0.000 	0.000 	0.000 	0.000 	0.000 	0.000 	0.000 	0.000 	0.000 	0.000 	0.000 	0.000 	0.000 	0.000 	0.000 	0.000 	0.000 	0.000 	0.000 	0.000 	0.000 	0.000 	0.000 	0.000 	0.000 	0.000 	0.000 	0.000 	0.000 	0.000 	0.000 	0.000 	0.000 	0.000 	0.000 	0.000 	0.000 	0.000 	0.000 	0.000 	0.000 	0.000 	0.000 	: 	: 	: 	: 	: 	: 	: 	: 	: 	: 	: 	: 
RA420,GWH,IS	: 	0.000 	0.000 	0.000 	0.000 	0.000 	0.000 	0.000 	0.000 	0.000 	0.000 	0.000 	0.000 	0.000 	0.000 	0.000 	0.000 	0.000 	0.000 	0.000 	0.000 	0.000 	0.000 	0.000 	0.000 	0.000 	0.000 	0.000 	0.000 	0.000 	0.000 	0.000 	0.000 	0.000 	0.000 	0.000 	0.000 	0.000 	0.000 	0.000 	0.000 	0.000 	0.000 	0.000 	0.000 	0.000 	0.000 	0.000 	0.000 	0.000 	0.000 	0.000 	0.000 	0.000 	0.000 	0.000 	0.000 	0.000 	0.000 	0.000 	0.000 	0.000 	0.000 	0.000 	: 	: 	: 	: 	: 	: 	: 	: 	: 	: 	: 	: 
RA420,GWH,IT	: 	: 	1710.000 	1280.000 	913.000 	930.000 	1788.000 	2343.000 	2928.000 	2944.000 	3003.000 	2998.000 	2425.000 	2415.000 	1467.000 	914.000 	738.000 	1200.000 	1831.000 	2353.000 	2859.000 	3215.000 	2861.000 	2801.000 	2704.000 	2025.000 	1740.000 	1263.000 	923.000 	876.000 	1814.000 	2311.000 	2873.000 	2946.000 	2958.000 	2312.000 	2203.000 	2380.000 	1661.000 	1069.000 	911.000 	934.000 	1607.000 	2351.000 	2688.000 	2968.000 	2794.000 	2437.000 	2428.000 	1688.000 	1052.000 	1029.000 	932.000 	1074.000 	1918.000 	2195.000 	2920.000 	3023.000 	2845.000 	2816.000 	2492.000 	2322.000 	1193.000 	1081.000 	: 	: 	: 	: 	: 	: 	: 	: 	: 	: 	: 	: 
RA420,GWH,LT	: 	: 	2.682 	1.139 	0.440 	1.447 	5.212 	6.648 	7.343 	11.239 	12.026 	9.721 	7.590 	5.498 	2.781 	0.370 	0.615 	1.168 	3.105 	7.670 	9.424 	10.107 	10.398 	10.930 	9.319 	6.883 	2.580 	1.020 	0.678 	0.950 	3.800 	6.800 	9.600 	10.261 	12.339 	9.631 	11.468 	5.379 	2.882 	0.512 	0.393 	1.306 	5.768 	7.867 	9.960 	10.111 	11.663 	13.658 	9.520 	6.546 	2.316 	0.906 	0.581 	1.089 	2.954 	5.596 	9.050 	9.413 	9.643 	11.641 	7.366 	5.185 	2.182 	0.820 	: 	: 	: 	: 	: 	: 	: 	: 	: 	: 	: 	: 
RA420,GWH,LU	: 	: 	5.990 e	2.582 e	3.813 e	8.702 e	10.568 e	24.740 e	31.012 e	36.516 e	37.229 e	33.887 e	29.765 e	18.128 e	6.575 e	3.383 e	4.574 e	3.746 e	9.753 e	17.415 e	22.238 e	27.357 e	22.758 e	27.195 e	22.830 e	13.282 e	4.083 e	2.798 e	2.046 e	2.229 e	5.256 e	10.734 e	14.001 e	16.998 e	17.283 e	14.973 e	12.414 e	8.529 e	6.117 e	1.845 e	1.680 e	3.132 e	7.203 e	11.493 e	14.352 e	17.412 e	15.084 e	16.347 e	12.153 e	6.366 e	4.866 e	1.605 e	2.000 e	2.382 	5.652 e	9.111 e	11.304 e	14.619 e	15.897 e	15.177 e	12.852 e	8.925 e	3.378 e	2.019 e	: 	: 	: 	: 	: 	: 	: 	: 	: 	: 	: 	: 
RA420,GWH,LV	: 	0.000 	0.000 	0.000 	0.000 	0.000 	0.000 	0.000 	0.000 	0.000 	0.000 	0.000 	0.000 	0.000 	0.000 	0.000 	0.000 	0.000 	0.000 	0.000 	0.000 	0.000 	0.000 	0.000 	0.000 	0.000 	0.000 	0.000 	0.000 	0.000 	0.000 	0.000 	0.000 	0.000 	0.000 	0.000 	0.000 	0.000 	0.000 	0.000 	0.000 	0.000 	0.000 	0.000 	0.000 	0.000 	0.000 	0.000 	0.000 	0.000 	0.000 	0.000 	0.000 	0.000 	0.000 	0.000 	0.000 	0.000 	0.000 	0.000 	0.000 	0.000 	0.000 	0.000 	: 	: 	: 	: 	: 	: 	: 	: 	: 	: 	: 	: 
RA420,GWH,MD	: 	: 	0.011 	0.004 	0.000 	0.001 	0.002 	0.003 	0.006 	0.006 	0.005 	0.007 	0.004 	0.003 	0.001 	0.001 	0.000 	0.001 	0.002 	0.005 	0.009 	0.016 	0.015 	0.012 	0.015 	0.010 	0.005 e	0.004 e	: 	: 	: 	: 	: 	: 	: 	: 	: 	: 	: 	: 	: 	: 	: 	: 	: 	: 	: 	: 	: 	: 	: 	: 	: 	: 	: 	: 	: 	: 	: 	: 	: 	: 	: 	: 	: 	: 	: 	: 	: 	: 	: 	: 	: 	: 	: 	: 
RA420,GWH,ME	: 	: 	: 	: 	: 	: 	: 	: 	: 	: 	: 	: 	: 	: 	: 	: 	: 	: 	: 	: 	: 	: 	: 	: 	: 	: 	: 	: 	: 	: 	: 	: 	: 	: 	: 	: 	0.000 	0.000 	0.000 	0.000 	0.000 	0.000 	0.000 	0.000 	0.000 	0.000 	0.000 	0.000 	0.000 	0.000 	0.000 	0.000 	0.000 	0.000 	0.000 	0.000 	0.000 	0.000 	0.000 	0.000 	0.000 	0.000 	0.000 	0.000 	: 	: 	: 	: 	: 	: 	: 	: 	: 	: 	: 	: 
RA420,GWH,MK	: 	: 	1.671 	1.601 	1.039 	1.212 	1.836 	2.036 	2.626 	2.704 	2.604 	2.534 	2.198 	2.175 	1.641 	1.080 	0.647 	1.397 	1.896 	2.269 	2.565 	2.833 	2.519 	2.452 	2.289 	1.756 	1.693 	1.221 	0.714 	0.888 	2.049 	2.341 	2.801 	2.734 	2.613 	2.304 	2.145 	2.417 	1.484 	0.737 	1.019 	1.057 	1.958 	2.418 	2.544 	2.633 	2.273 	2.546 	2.488 	1.722 	0.917 	1.213 	1.025 	1.103 	2.168 	2.092 	2.762 	2.832 	2.675 	2.513 	2.400 	2.060 	1.367 	0.754 	: 	: 	: 	: 	: 	: 	: 	: 	: 	: 	: 	: 
RA420,GWH,MT	: 	: u	: u	: u	: u	: u	: u	: u	: u	: u	: u	: u	: u	: u	: u	: u	11.725 	13.308 	18.091 	19.739 	25.662 	27.313 	27.979 	25.793 	20.978 	17.003 	15.467 	11.187 	9.667 	10.716 	14.136 	17.239 	21.094 	23.004 	22.522 	21.169 	17.547 	16.187 	11.285 	9.845 	9.586 	9.287 	11.695 	14.293 	17.443 	19.460 	19.662 	18.925 	17.067 	16.618 	8.539 	9.333 	: u	: u	: u	: u	: u	: u	: u	: u	: u	: u	: u	: u	: 	: 	: 	: 	: 	: 	: 	: 	: 	: 	: 	: 
RA420,GWH,NL	: 	: 	519.606 	240.712 	180.316 	290.551 	621.972 	1114.440 	1392.769 	1630.420 	1853.727 	1538.464 	1367.422 	838.057 	466.075 	204.954 	131.007 	251.861 	370.175 	835.708 	1176.296 	1228.062 	1277.811 	1414.091 	1105.978 	647.921 	213.095 	112.728 	108.962 	147.175 	266.988 e	486.096 	740.479 	812.160 	848.924 	726.523 	615.966 	307.928 	194.485 	80.359 	58.000 e	86.000 	143.000 	204.000 	195.000 e	226.000 e	367.000 e	423.000 e	275.000 e	193.000 e	193.000 e	60.000 e	37.000 e	74.000 e	143.000 e	204.000 e	266.000 e	227.000 e	223.000 e	220.000 e	208.000 e	157.000 e	59.000 e	60.000 e	: 	: 	: 	: 	: 	: 	: 	: 	: 	: 	: 	: 
RA420,GWH,NO	0.000 	0.000 	0.000 	0.000 	0.000 	0.000 	0.000 	0.000 	0.000 	0.000 	0.000 	0.000 	0.000 	0.000 	0.000 	0.000 	0.000 	0.000 	0.000 	0.000 	0.000 	0.000 	0.000 	0.000 	0.000 	0.000 	0.000 	0.000 	0.000 	0.000 	0.000 	0.000 	0.000 	0.000 	0.000 	0.000 	0.000 	0.000 	0.000 	0.000 	0.000 	0.000 	0.000 	0.000 	0.000 	0.000 	0.000 	0.000 	0.000 	0.000 	0.000 	0.000 	0.000 	0.000 	0.000 	0.000 	0.000 	0.000 	0.000 	0.000 	0.000 	0.000 	0.000 	0.000 	: 	: 	: 	: 	: 	: 	: 	: 	: 	: 	: 	: 
RA420,GWH,PL	: 	: 	240.630 	95.411 	58.480 	127.920 	363.448 	435.331 	459.867 	554.189 	633.323 	468.194 	355.773 	243.922 	112.280 	31.785 	48.100 	62.008 	115.253 	236.851 	277.560 	280.972 	228.158 	208.766 	253.654 	181.627 	46.585 	25.285 	25.834 	25.791 	62.217 	77.399 	100.849 	94.358 	124.437 	67.757 	73.198 	40.783 	23.593 	6.471 	4.573 	11.683 	23.811 	35.304 	41.184 	39.212 	37.920 	42.563 	33.423 	16.895 	7.699 	4.165 	4.700 	4.739 	9.459 	14.796 	22.161 	22.313 	27.203 	22.280 	14.935 	11.500 	5.575 	3.456 	: 	: 	: 	: 	: 	: 	: 	: 	: 	: 	: 	: 
RA420,GWH,PT	: 	: 	215.918 	182.325 	118.569 	147.464 	189.961 	210.261 	256.843 	276.256 	173.060 	202.662 	156.369 	177.508 	99.854 	97.481 	86.509 	89.717 	135.349 	151.789 	179.926 	198.239 	180.256 	169.825 	128.996 	133.000 	110.983 	82.472 	63.000 	61.258 	97.045 	127.844 	149.531 	145.826 	142.172 	138.012 	107.000 	112.000 	81.000 	66.000 	69.000 	56.000 	80.000 	96.000 	115.000 	105.000 	93.000 	96.000 	82.000 	70.000 	62.000 	50.000 	47.000 	56.000 	70.000 	85.748 	92.212 	95.192 	88.759 	82.878 	84.396 	66.112 	44.583 	49.999 	: 	: 	: 	: 	: 	: 	: 	: 	: 	: 	: 	: 
RA420,GWH,RO	: 	161.000 	107.000 	77.000 	38.000 	80.000 	126.000 	163.000 	198.000 	219.000 	199.000 	204.000 	166.000 	147.000 	89.000 	55.000 	34.000 	66.000 	110.000 	183.000 	206.000 	206.000 	184.000 	187.000 	214.000 	145.000 	102.000 	80.000 	63.000 	62.000 	142.000 	168.000 	210.000 	209.000 	208.000 	186.000 	175.000 	183.000 	108.000 	46.000 	44.000 	66.000 	155.000 	181.000 	225.000 	198.000 	195.000 	229.000 	216.000 	113.000 	62.000 	70.000 	54.000 	60.000 	146.000 	175.000 	224.000 	230.000 	233.000 	211.000 	189.000 	165.000 	98.000 	69.000 	: 	: 	: 	: 	: 	: 	: 	: 	: 	: 	: 	: 
RA420,GWH,RS	: 	1.298 	0.808 	0.540 	0.324 	0.563 	0.922 	1.337 	1.684 	1.733 	1.733 	1.668 	1.295 	1.108 	0.770 	0.379 	0.308 	0.497 	0.973 	1.366 	1.498 	1.682 	1.451 	1.439 	1.603 	1.040 	0.785 	0.619 	0.393 	0.461 	1.160 	1.300 	1.728 	1.677 	1.621 	1.289 	1.299 	1.371 	0.751 	0.266 	0.334 	0.548 	1.054 	1.389 	1.616 	1.483 	1.399 	1.759 	1.467 	0.704 	0.359 	0.496 	0.375 	0.482 	1.010 	1.123 	1.621 	1.690 	1.516 	1.430 	1.270 	1.177 	0.678 	0.328 	: 	: 	: 	: 	: 	: 	: 	: 	: 	: 	: 	: 
RA420,GWH,SE	: 	196.000 	56.000 	30.000 	8.935 	26.275 	60.586 	110.250 	155.021 	188.914 	180.420 	134.688 	146.650 	82.185 	26.174 	7.214 	0.000 	0.000 	0.000 	0.000 	0.000 	0.000 	0.000 	0.000 	0.000 	0.000 	0.000 	0.000 	0.000 	0.000 	0.000 	0.000 	0.000 	0.000 	0.000 	0.000 	0.000 	0.000 	0.000 	0.000 	0.000 	0.000 	0.000 	0.000 	0.000 	0.000 	0.000 	0.000 	0.000 	0.000 	0.000 	0.000 	0.000 	0.000 	0.000 	0.000 	0.000 	0.000 	0.000 	0.000 	0.000 	0.000 	0.000 	0.000 	: 	: 	: 	: 	: 	: 	: 	: 	: 	: 	: 	: 
RA420,GWH,SI	: 	: 	18.074 	14.347 	19.259 	9.965 	19.617 	29.849 	33.956 	36.829 	41.155 	31.452 	27.325 	28.766 	16.200 	7.832 	10.097 	11.094 	16.707 	27.031 	30.791 	38.111 	31.795 	32.385 	36.215 	24.052 	16.855 	12.738 	11.604 	7.499 	19.993 	25.255 	32.252 	36.177 	38.421 	21.975 	24.734 	25.614 	16.168 	8.464 	8.609 	8.069 	19.399 	26.900 	33.589 	30.285 	33.220 	33.420 	31.847 	14.456 	4.804 	9.515 	8.508 	9.206 	22.264 	18.636 	36.730 	38.604 	36.491 	35.838 	28.731 	27.809 	12.430 	8.431 	: 	: 	: 	: 	: 	: 	: 	: 	: 	: 	: 	: 
RA420,GWH,SK	: 	70.000 e	39.000 e	27.000 e	15.000 e	24.000 e	55.000 e	63.000 e	73.000 e	84.000 e	95.000 e	75.000 e	68.000 	64.000 e	31.000 e	18.000 e	10.000 e	18.000 e	33.000 e	66.000 e	80.000 e	84.000 e	69.000 e	79.000 e	94.000 e	63.000 e	41.000 e	19.000 e	16.000 e	16.000 e	50.000 e	58.000 e	72.000 e	76.000 e	77.000 e	53.000 e	62.000 e	56.000 e	36.000 e	17.000 e	10.000 e	26.000 e	45.000 e	63.000 e	72.000 e	76.000 e	67.000 e	80.000 e	69.000 e	39.000 e	24.000 e	15.000 e	12.000 e	21.000 e	40.000 e	48.000 e	76.000 e	76.000 e	81.000 e	77.000 e	55.000 e	57.000 e	24.000 e	24.000 e	: 	: 	: 	: 	: 	: 	: 	: 	: 	: 	: 	: 
RA420,GWH,TR	: 	: 	789.287 	552.749 	607.491 	817.083 	1227.538 	1353.198 	1501.649 	1573.236 	1423.398 	1485.852 	1083.815 	919.950 	844.039 	523.742 	556.124 	736.856 	952.582 	1104.787 	1287.933 	1307.221 	1182.076 	1157.847 	1021.541 	846.160 	575.188 	537.707 	402.172 	631.796 	821.757 	966.637 	1054.486 	1097.368 	974.203 	986.203 	775.559 	794.614 	527.826 	320.380 	319.530 	467.256 	674.707 	803.735 	914.747 	857.987 	815.081 	730.330 	769.983 	514.970 	349.996 	241.163 	208.081 	237.921 	311.102 	312.848 	307.010 	300.900 	257.068 	218.084 e	194.588 e	152.120 e	122.222 e	71.088 e	: 	: 	: 	: 	: 	: 	: 	: 	: 	: 	: 	: 
RA420,GWH,UA	: 	: 	: 	0.000 	0.000 	0.000 	0.000 	0.000 	0.000 	0.000 	0.000 	0.000 	0.000 	0.000 	0.000 	0.000 	0.000 	0.000 	0.000 	0.000 	0.000 	0.000 	0.000 	0.000 	0.000 	0.000 	0.000 	0.000 	0.000 	0.000 	0.000 	0.000 	0.000 	0.000 	0.000 	0.000 	0.000 	0.000 	0.000 	0.000 	0.000 	0.000 	0.000 	0.000 	0.000 	0.000 	0.000 	0.000 	0.000 	0.000 	0.000 	0.000 	0.000 	0.000 	0.000 	: 	: 	: 	: 	: 	: 	: 	: 	: 	: 	: 	: 	: 	: 	: 	: 	: 	: 	: 	: 	: 
RA420,GWH,UK	: 	: 	: 	: 	: 	: 	: 	: 	: 	: 	: 	: 	: 	: 	: 	: 	: 	: 	653.311 	1273.614 	1362.223 	1495.099 	1701.201 	2005.714 	1770.490 	1012.865 	605.370 	451.737 	315.314 	361.304 	572.010 	1345.968 	1544.795 	1633.413 	1557.770 	1692.789 	1530.847 	930.248 	722.517 	469.610 	357.517 	471.621 	758.867 	1339.405 	1457.544 	1750.037 	1803.530 	1794.236 	1338.840 	718.113 	649.656 	417.983 	334.652 	439.983 	581.412 	1140.030 	1368.454 	1543.294 	1542.810 	1551.404 	1477.412 	764.438 	448.202 	266.645 	: 	: 	: 	: 	: 	: 	: 	: 	: 	: 	: 	: 
RA500_5160,GWH,AL	: 	0.000 	0.000 	0.000 	0.000 	0.000 	0.000 	0.000 	0.000 	0.000 	0.000 	0.000 	0.000 	0.000 	0.000 	0.000 	0.000 	0.000 	0.000 	0.000 	0.000 	0.000 	0.000 	0.000 	0.000 	0.000 	0.000 	0.000 	0.000 	0.000 	0.000 	0.000 	0.000 	0.000 	0.000 	0.000 	0.000 	0.000 	0.000 	0.000 	0.000 	0.000 	0.000 	0.000 	0.000 	0.000 	0.000 	0.000 	0.000 	0.000 	0.000 	0.000 	: 	: 	: 	: 	: 	: 	: 	: 	: 	: 	: 	: 	: 	: 	: 	: 	: 	: 	: 	: 	: 	: 	: 	: 
RA500_5160,GWH,AT	: 	0.000 	0.000 	0.000 	0.000 	0.000 	0.000 	0.000 	0.000 	0.000 	0.000 	0.000 	0.000 	0.000 	0.000 	0.000 	0.000 	0.000 	0.000 	0.000 	0.000 	0.000 	0.000 	0.000 	0.000 	0.000 	0.000 	0.000 	0.000 	0.000 	0.000 	0.000 	0.000 	0.000 	0.000 	0.000 	0.000 	0.000 	0.000 	0.000 	0.000 	0.000 	0.000 	0.000 	0.000 	0.000 	0.000 	0.000 	0.000 	0.000 	0.000 	0.000 	0.000 	0.000 	0.000 	0.000 	0.000 	0.000 	0.000 	0.000 	0.000 	0.000 	0.000 	0.000 	: 	: 	: 	: 	: 	: 	: 	: 	: 	: 	: 	: 
RA500_5160,GWH,BA	: 	: 	0.000 	0.000 	0.000 	0.000 	0.000 	0.000 	0.000 	0.000 	0.000 	0.000 	0.000 	0.000 	0.000 	0.000 	0.000 	0.000 	0.000 	0.000 	0.000 	0.000 	0.000 	0.000 	0.000 	0.000 	0.000 	0.000 	0.000 	0.000 	0.000 	0.000 	0.000 	0.000 	0.000 	0.000 	0.000 	0.000 	0.000 	0.000 	: 	: 	: 	: 	: 	: 	: 	0.000 	0.000 	0.000 	0.000 	0.000 	: 	: 	: 	: 	0.000 	0.000 	0.000 	0.000 	0.000 	0.000 	0.000 	0.000 	: 	: 	: 	: 	: 	: 	: 	: 	: 	: 	: 	: 
RA500_5160,GWH,BE	: 	: 	0.000 	0.000 	0.000 	0.000 	0.000 	0.000 	0.000 	0.000 	0.000 	0.000 	0.000 	0.000 	0.000 	0.000 	0.000 	0.000 	0.000 	0.000 	0.000 	0.000 	0.000 	0.000 	0.000 	0.000 	0.000 	0.000 	0.000 	0.000 	0.000 	0.000 	0.000 	0.000 	0.000 	0.000 	0.000 	0.000 	0.000 	0.000 	0.000 	0.000 	0.000 	0.000 	0.000 	0.000 	0.000 	0.000 	0.000 	0.000 	0.000 	0.000 	0.000 	0.000 	0.000 	0.000 	0.000 	0.000 	0.000 	0.000 	0.000 	0.000 	0.000 	0.000 	: 	: 	: 	: 	: 	: 	: 	: 	: 	: 	: 	: 
RA500_5160,GWH,BG	: 	: 	0.000 	0.000 	0.000 	0.000 	0.000 	0.000 	0.000 	0.000 	0.000 	0.000 	0.000 	0.000 	0.000 	0.000 	0.000 	0.000 	0.000 	0.000 	0.000 	0.000 	0.000 	0.000 	0.000 	0.000 	0.000 	0.000 	0.000 	0.000 	0.000 	0.000 	0.000 	0.000 	0.000 	0.000 	0.000 	0.000 	0.000 	0.000 	0.000 	0.000 	0.000 	0.000 	0.000 	0.000 	0.000 	0.000 	0.000 	0.000 	0.000 	0.000 	0.000 	0.000 	0.000 	0.000 	0.000 	0.000 	0.000 	0.000 	0.000 	0.000 	0.000 	0.000 	: 	: 	: 	: 	: 	: 	: 	: 	: 	: 	: 	: 
RA500_5160,GWH,CY	: 	: 	0.000 	0.000 	0.000 	0.000 	0.000 	0.000 	0.000 	0.000 	0.000 	0.000 	0.000 	0.000 	0.000 	0.000 	0.000 	0.000 	0.000 	0.000 	0.000 	0.000 	0.000 	0.000 	0.000 	0.000 	0.000 	0.000 	0.000 	0.000 	0.000 	0.000 	0.000 	0.000 	0.000 	0.000 	0.000 	0.000 	0.000 	0.000 	0.000 	0.000 	0.000 	0.000 	0.000 	0.000 	0.000 	0.000 	0.000 	0.000 	0.000 	0.000 	0.000 	0.000 	0.000 	0.000 	0.000 	0.000 	0.000 	0.000 	0.000 	0.000 	0.000 	0.000 	: 	: 	: 	: 	: 	: 	: 	: 	: 	: 	: 	: 
RA500_5160,GWH,CZ	: 	: 	0.000 	0.000 	0.000 	0.000 	0.000 	0.000 	0.000 	0.000 	0.000 	0.000 	0.000 	0.000 	0.000 	0.000 	0.000 	0.000 	0.000 	0.000 	0.000 	0.000 	0.000 	0.000 	0.000 	0.000 	0.000 	0.000 	0.000 	0.000 	0.000 	0.000 	0.000 	0.000 	0.000 	0.000 	0.000 	0.000 	0.000 	0.000 	0.000 	0.000 	0.000 	0.000 	0.000 	0.000 	0.000 	0.000 	0.000 	0.000 	0.000 	0.000 	0.000 	0.000 	0.000 	0.000 	0.000 	0.000 	0.000 	0.000 	0.000 	0.000 	0.000 	0.000 	: 	: 	: 	: 	: 	: 	: 	: 	: 	: 	: 	: 
RA500_5160,GWH,DE	: 	: 	0.000 	0.000 	0.000 	0.000 	0.000 	0.000 	0.000 	0.000 	0.000 	0.000 	0.000 	0.000 	0.000 	0.000 	0.000 	0.000 	0.000 	0.000 	0.000 	0.000 	0.000 	0.000 	0.000 	0.000 	0.000 	0.000 	0.000 	0.000 	0.000 	0.000 	0.000 	0.000 	0.000 	0.000 	0.000 	0.000 	0.000 	0.000 	0.000 	0.000 	0.000 	0.000 	0.000 	0.000 	0.000 	0.000 	0.000 	0.000 	0.000 	0.000 	0.000 	0.000 	0.000 	0.000 	0.000 	0.000 	0.000 	0.000 	0.000 	0.000 	0.000 	0.000 	: 	: 	: 	: 	: 	: 	: 	: 	: 	: 	: 	: 
RA500_5160,GWH,DK	: 	0.000 	0.000 	0.000 	0.000 	0.000 	0.000 	0.000 	0.000 	0.000 	0.000 	0.000 	0.000 	0.000 	0.000 	0.000 	0.000 	0.000 	0.000 	0.000 	0.000 	0.000 	0.000 	0.000 	0.000 	0.000 	0.000 	0.000 	0.000 	0.000 	0.000 	0.000 	0.000 	0.000 	0.000 	0.000 	0.000 	0.000 	0.000 	0.000 	0.000 	0.000 	0.000 	0.000 	0.000 	0.000 	0.000 	0.000 	0.000 	0.000 	0.000 	0.000 	0.000 	0.000 	0.000 	0.000 	0.000 	0.000 	0.000 	0.000 	0.000 	0.000 	0.000 	0.000 	: 	: 	: 	: 	: 	: 	: 	: 	: 	: 	: 	: 
RA500_5160,GWH,EA19	: 	: 	0.000 	0.000 	0.000 	0.000 	0.000 	0.000 	0.000 	0.000 	0.000 	0.000 	0.000 	0.000 	0.000 	0.000 	5.331 	5.331 	5.331 	5.331 	5.331 	5.331 	5.331 	5.331 	5.331 	5.331 	5.331 	5.331 	0.000 	0.000 	0.000 	0.000 	0.000 	0.000 	0.000 	0.000 	0.000 	0.000 	0.000 	0.000 	0.000 	0.000 	0.000 	0.000 	0.000 	0.000 	0.000 	0.000 	0.000 	0.000 	0.000 	0.000 	0.000 	0.000 	0.000 	0.000 	0.000 	0.000 	0.000 	0.000 	0.000 	0.000 	0.000 	0.000 	: 	: 	: 	: 	: 	: 	: 	: 	: 	: 	: 	: 
RA500_5160,GWH,EE	: 	: 	0.000 	0.000 	0.000 	0.000 	0.000 	0.000 	0.000 	0.000 	0.000 	0.000 	0.000 	0.000 	0.000 	0.000 	0.000 	0.000 	0.000 	0.000 	0.000 	0.000 	0.000 	0.000 	0.000 	0.000 	0.000 	0.000 	0.000 	0.000 	0.000 	0.000 	0.000 	0.000 	0.000 	0.000 	0.000 	0.000 	0.000 	0.000 	0.000 	0.000 	0.000 	0.000 	0.000 	0.000 	0.000 	0.000 	0.000 	0.000 	0.000 	0.000 	0.000 	0.000 	0.000 	0.000 	0.000 	0.000 	0.000 	0.000 	0.000 	0.000 	0.000 	0.000 	: 	: 	: 	: 	: 	: 	: 	: 	: 	: 	: 	: 
RA500_5160,GWH,EL	: 	0.000 	0.000 	0.000 	0.000 	0.000 	0.000 	0.000 	0.000 	0.000 	0.000 	0.000 	0.000 	0.000 	0.000 	0.000 	0.000 	0.000 	0.000 	0.000 	0.000 	0.000 	0.000 	0.000 	0.000 	0.000 	0.000 	0.000 	0.000 	0.000 	0.000 	0.000 	0.000 	0.000 	0.000 	0.000 	0.000 	0.000 	0.000 	0.000 	0.000 	0.000 	0.000 	0.000 	0.000 	0.000 	0.000 	0.000 	0.000 	0.000 	0.000 	0.000 	0.000 	0.000 	0.000 	0.000 	0.000 	0.000 	0.000 	0.000 	0.000 	0.000 	0.000 	0.000 	: 	: 	: 	: 	: 	: 	: 	: 	: 	: 	: 	: 
RA500_5160,GWH,ES	: 	: 	0.000 	0.000 	0.000 	0.000 	0.000 	0.000 	0.000 	0.000 	0.000 	0.000 	0.000 	0.000 	0.000 	0.000 	0.000 	0.000 	0.000 	0.000 	0.000 	0.000 	0.000 	0.000 	0.000 	0.000 	0.000 	0.000 	0.000 	0.000 	0.000 	0.000 	0.000 	0.000 	0.000 	0.000 	0.000 	0.000 	0.000 	0.000 	0.000 	0.000 	0.000 	0.000 	0.000 	0.000 	0.000 	0.000 	0.000 	0.000 	0.000 	0.000 	0.000 	0.000 	0.000 	0.000 	0.000 	0.000 	0.000 	0.000 	0.000 	0.000 	0.000 	0.000 	: 	: 	: 	: 	: 	: 	: 	: 	: 	: 	: 	: 
RA500_5160,GWH,EU27_2020	: 	: 	0.000 	0.000 	0.000 	0.000 	0.000 	0.000 	0.000 	0.000 	0.000 	0.000 	0.000 	0.000 	0.000 	0.000 	5.331 	5.331 	5.331 	5.331 	5.331 	5.331 	5.331 	5.331 	5.331 	5.331 	5.331 	5.331 	0.000 	0.000 	0.000 	0.000 	0.000 	0.000 	0.000 	0.000 	0.000 	0.000 	0.000 	0.000 	0.000 	0.000 	0.000 	0.000 	0.000 	0.000 	0.000 	0.000 	0.000 	0.000 	0.000 	0.000 	0.000 	0.000 	0.000 	0.000 	0.000 	0.000 	0.000 	0.000 	0.000 	0.000 	0.000 	0.000 	: 	: 	: 	: 	: 	: 	: 	: 	: 	: 	: 	: 
RA500_5160,GWH,FI	0.000 	0.000 	0.000 	0.000 	0.000 	0.000 	0.000 	0.000 	0.000 	0.000 	0.000 	0.000 	0.000 	0.000 	0.000 	0.000 	0.000 	0.000 	0.000 	0.000 	0.000 	0.000 	0.000 	0.000 	0.000 	0.000 	0.000 	0.000 	0.000 	0.000 	0.000 	0.000 	0.000 	0.000 	0.000 	0.000 	0.000 	0.000 	0.000 	0.000 	0.000 	0.000 	0.000 	0.000 	0.000 	0.000 	0.000 	0.000 	0.000 	0.000 	0.000 	0.000 	0.000 	0.000 	0.000 	0.000 	0.000 	0.000 	0.000 	0.000 	0.000 	0.000 	0.000 	0.000 	: 	: 	: 	: 	: 	: 	: 	: 	: 	: 	: 	: 
RA500_5160,GWH,FR	: 	0.000 	0.000 	0.000 	0.000 	0.000 	0.000 	0.000 	0.000 	0.000 	0.000 	0.000 	0.000 	0.000 	0.000 	0.000 	5.331 	5.331 	5.331 	5.331 	5.331 	5.331 	5.331 	5.331 	5.331 	5.331 	5.331 	5.331 	0.000 	0.000 	0.000 	0.000 	0.000 	0.000 	0.000 	0.000 	0.000 	0.000 	0.000 	0.000 	0.000 	0.000 	0.000 	0.000 	0.000 	0.000 	0.000 	0.000 	0.000 	0.000 	0.000 	0.000 	0.000 	0.000 	0.000 	0.000 	0.000 	0.000 	0.000 	0.000 	0.000 	0.000 	0.000 	0.000 	: 	: 	: 	: 	: 	: 	: 	: 	: 	: 	: 	: 
RA500_5160,GWH,GE	: 	0.000 	0.000 	0.000 	0.000 	0.000 	0.000 	0.000 	0.000 	0.000 	0.000 	0.000 	0.000 	0.000 	0.000 	0.000 	0.000 	0.000 	0.000 	0.000 	0.000 	0.000 	0.000 	0.000 	0.000 	0.000 	0.000 	0.000 	0.000 	0.000 	0.000 	0.000 	0.000 	0.000 	0.000 	0.000 	0.000 	0.000 	0.000 	0.000 	0.000 	0.000 	0.000 	0.000 	0.000 	0.000 	0.000 	0.000 	0.000 	0.000 	0.000 	0.000 	: 	: 	: 	: 	: 	: 	: 	: 	: 	: 	: 	: 	: 	: 	: 	: 	: 	: 	: 	: 	: 	: 	: 	: 
RA500_5160,GWH,HR	: 	0.000 	0.000 	0.000 	0.000 	0.000 	0.000 	0.000 	0.000 	0.000 	0.000 	0.000 	0.000 	0.000 	0.000 	0.000 	0.000 	0.000 	0.000 	0.000 	0.000 	0.000 	0.000 	0.000 	0.000 	0.000 	0.000 	0.000 	0.000 	0.000 	0.000 	0.000 	0.000 	0.000 	0.000 	0.000 	0.000 	0.000 	0.000 	0.000 	0.000 	0.000 	0.000 	0.000 	0.000 	0.000 	0.000 	0.000 	0.000 	0.000 	0.000 	0.000 	0.000 	0.000 	0.000 	0.000 	0.000 	0.000 	0.000 	0.000 	0.000 	0.000 	0.000 	0.000 	: 	: 	: 	: 	: 	: 	: 	: 	: 	: 	: 	: 
RA500_5160,GWH,HU	: 	: 	0.000 	0.000 	0.000 	0.000 	0.000 	0.000 	0.000 	0.000 	0.000 	0.000 	0.000 	0.000 	0.000 	0.000 	0.000 	0.000 	0.000 	0.000 	0.000 	0.000 	0.000 	0.000 	0.000 	0.000 	0.000 	0.000 	0.000 	0.000 	0.000 	0.000 	0.000 	0.000 	0.000 	0.000 	0.000 	0.000 	0.000 	0.000 	0.000 	0.000 	0.000 	0.000 	0.000 	0.000 	0.000 	0.000 	0.000 	0.000 	0.000 	0.000 	0.000 	0.000 	0.000 	0.000 	0.000 	0.000 	0.000 	0.000 	0.000 	0.000 	0.000 	0.000 	: 	: 	: 	: 	: 	: 	: 	: 	: 	: 	: 	: 
RA500_5160,GWH,IE	: 	0.000 	0.000 	0.000 	0.000 	0.000 	0.000 	0.000 	0.000 	0.000 	0.000 	0.000 	0.000 	0.000 	0.000 	0.000 	0.000 	0.000 	0.000 	0.000 	0.000 	0.000 	0.000 	0.000 	0.000 	0.000 	0.000 	0.000 	0.000 	0.000 	0.000 	0.000 	0.000 	0.000 	0.000 	0.000 	0.000 	0.000 	0.000 	0.000 	0.000 	0.000 	0.000 	0.000 	0.000 	0.000 	0.000 	0.000 	0.000 	0.000 	0.000 	0.000 	0.000 	0.000 	0.000 	0.000 	0.000 	0.000 	0.000 	0.000 	0.000 	0.000 	0.000 	0.000 	: 	: 	: 	: 	: 	: 	: 	: 	: 	: 	: 	: 
RA500_5160,GWH,IS	: 	0.000 	0.000 	0.000 	0.000 	0.000 	0.000 	0.000 	0.000 	0.000 	0.000 	0.000 	0.000 	0.000 	0.000 	0.000 	0.000 	0.000 	0.000 	0.000 	0.000 	0.000 	0.000 	0.000 	0.000 	0.000 	0.000 	0.000 	0.000 	0.000 	0.000 	0.000 	0.000 	0.000 	0.000 	0.000 	0.000 	0.000 	0.000 	0.000 	0.000 	0.000 	0.000 	0.000 	0.000 	0.000 	0.000 	0.000 	0.000 	0.000 	0.000 	0.000 	0.000 	0.000 	0.000 	0.000 	0.000 	0.000 	0.000 	0.000 	0.000 	0.000 	0.000 	0.000 	: 	: 	: 	: 	: 	: 	: 	: 	: 	: 	: 	: 
RA500_5160,GWH,IT	: 	: 	0.000 	0.000 	0.000 	0.000 	0.000 	0.000 	0.000 	0.000 	0.000 	0.000 	0.000 	0.000 	0.000 	0.000 	0.000 	0.000 	0.000 	0.000 	0.000 	0.000 	0.000 	0.000 	0.000 	0.000 	0.000 	0.000 	0.000 	0.000 	0.000 	0.000 	0.000 	0.000 	0.000 	0.000 	0.000 	0.000 	0.000 	0.000 	0.000 	0.000 	0.000 	0.000 	0.000 	0.000 	0.000 	0.000 	0.000 	0.000 	0.000 	0.000 	0.000 	0.000 	0.000 	0.000 	0.000 	0.000 	0.000 	0.000 	0.000 	0.000 	0.000 	0.000 	: 	: 	: 	: 	: 	: 	: 	: 	: 	: 	: 	: 
RA500_5160,GWH,LT	: 	: 	0.000 	0.000 	0.000 	0.000 	0.000 	0.000 	0.000 	0.000 	0.000 	0.000 	0.000 	0.000 	0.000 	0.000 	0.000 	0.000 	0.000 	0.000 	0.000 	0.000 	0.000 	0.000 	0.000 	0.000 	0.000 	0.000 	0.000 	0.000 	0.000 	0.000 	0.000 	0.000 	0.000 	0.000 	0.000 	0.000 	0.000 	0.000 	0.000 	0.000 	0.000 	0.000 	0.000 	0.000 	0.000 	0.000 	0.000 	0.000 	0.000 	0.000 	0.000 	0.000 	0.000 	0.000 	0.000 	0.000 	0.000 	0.000 	0.000 	0.000 	0.000 	0.000 	: 	: 	: 	: 	: 	: 	: 	: 	: 	: 	: 	: 
RA500_5160,GWH,LU	: 	: 	0.000 	0.000 	0.000 	0.000 	0.000 	0.000 	0.000 	0.000 	0.000 	0.000 	0.000 	0.000 	0.000 	0.000 	0.000 	0.000 	0.000 	0.000 	0.000 	0.000 	0.000 	0.000 	0.000 	0.000 	0.000 	0.000 	0.000 	0.000 	0.000 	0.000 	0.000 	0.000 	0.000 	0.000 	0.000 	0.000 	0.000 	0.000 	0.000 	0.000 	0.000 	0.000 	0.000 	0.000 	0.000 	0.000 	0.000 	0.000 	0.000 	0.000 	0.000 	0.000 	0.000 	0.000 	0.000 	0.000 	0.000 	0.000 	0.000 	0.000 	0.000 	0.000 	: 	: 	: 	: 	: 	: 	: 	: 	: 	: 	: 	: 
RA500_5160,GWH,LV	: 	0.000 	0.000 	0.000 	0.000 	0.000 	0.000 	0.000 	0.000 	0.000 	0.000 	0.000 	0.000 	0.000 	0.000 	0.000 	0.000 	0.000 	0.000 	0.000 	0.000 	0.000 	0.000 	0.000 	0.000 	0.000 	0.000 	0.000 	0.000 	0.000 	0.000 	0.000 	0.000 	0.000 	0.000 	0.000 	0.000 	0.000 	0.000 	0.000 	0.000 	0.000 	0.000 	0.000 	0.000 	0.000 	0.000 	0.000 	0.000 	0.000 	0.000 	0.000 	0.000 	0.000 	0.000 	0.000 	0.000 	0.000 	0.000 	0.000 	0.000 	0.000 	0.000 	0.000 	: 	: 	: 	: 	: 	: 	: 	: 	: 	: 	: 	: 
RA500_5160,GWH,MD	: 	: 	0.000 	0.000 	0.000 	0.000 	0.000 	0.000 	0.000 	0.000 	0.000 	0.000 	0.000 	0.000 	0.000 	0.000 	0.000 	0.000 	0.000 	0.000 	0.000 	0.000 	0.000 	0.000 	0.000 	0.000 	0.000 	0.000 	: 	: 	: 	: 	: 	: 	: 	: 	: 	: 	: 	: 	: 	: 	: 	: 	: 	: 	: 	: 	: 	: 	: 	: 	: 	: 	: 	: 	: 	: 	: 	: 	: 	: 	: 	: 	: 	: 	: 	: 	: 	: 	: 	: 	: 	: 	: 	: 
RA500_5160,GWH,ME	: 	: 	: 	: 	: 	: 	: 	: 	: 	: 	: 	: 	: 	: 	: 	: 	: 	: 	: 	: 	: 	: 	: 	: 	: 	: 	: 	: 	: 	: 	: 	: 	: 	: 	: 	: 	0.000 	0.000 	0.000 	0.000 	0.000 	0.000 	0.000 	0.000 	0.000 	0.000 	0.000 	0.000 	0.000 	0.000 	0.000 	0.000 	0.000 	0.000 	0.000 	0.000 	0.000 	0.000 	0.000 	0.000 	0.000 	0.000 	0.000 	0.000 	: 	: 	: 	: 	: 	: 	: 	: 	: 	: 	: 	: 
RA500_5160,GWH,MK	: 	: 	0.000 	0.000 	0.000 	0.000 	0.000 	0.000 	0.000 	0.000 	0.000 	0.000 	0.000 	0.000 	0.000 	0.000 	0.000 	0.000 	0.000 	0.000 	0.000 	0.000 	0.000 	0.000 	0.000 	0.000 	0.000 	0.000 	0.000 	0.000 	0.000 	0.000 	0.000 	0.000 	0.000 	0.000 	0.000 	0.000 	0.000 	0.000 	0.000 	0.000 	0.000 	0.000 	0.000 	0.000 	0.000 	0.000 	0.000 	0.000 	0.000 	0.000 	0.000 	0.000 	0.000 	0.000 	0.000 	0.000 	0.000 	0.000 	0.000 	0.000 	0.000 	0.000 	: 	: 	: 	: 	: 	: 	: 	: 	: 	: 	: 	: 
RA500_5160,GWH,MT	: 	0.000 	0.000 	0.000 	0.000 	0.000 	0.000 	0.000 	0.000 	0.000 	0.000 	0.000 	0.000 	0.000 	0.000 	0.000 	0.000 	0.000 	0.000 	0.000 	0.000 	0.000 	0.000 	0.000 	0.000 	0.000 	0.000 	0.000 	0.000 	0.000 	0.000 	0.000 	0.000 	0.000 	0.000 	0.000 	0.000 	0.000 	0.000 	0.000 	0.000 	0.000 	0.000 	0.000 	0.000 	0.000 	0.000 	0.000 	0.000 	0.000 	0.000 	0.000 	0.000 	0.000 	0.000 	0.000 	0.000 	0.000 	0.000 	0.000 	0.000 	0.000 	0.000 	0.000 	: 	: 	: 	: 	: 	: 	: 	: 	: 	: 	: 	: 
RA500_5160,GWH,NL	: 	: 	0.000 	0.000 	0.000 	0.000 	0.000 	0.000 	0.000 	0.000 	0.000 	0.000 	0.000 	0.000 	0.000 	0.000 	0.000 	0.000 	0.000 	0.000 	0.000 	0.000 	0.000 	0.000 	0.000 	0.000 	0.000 	0.000 	0.000 	0.000 	0.000 e	0.000 	0.000 	0.000 	0.000 	0.000 	0.000 	0.000 e	0.000 	0.000 	0.000 e	0.000 e	0.000 e	0.000 e	0.000 e	0.000 e	0.000 e	0.000 e	0.000 e	0.000 e	0.000 e	0.000 e	0.000 e	0.000 e	0.000 e	0.000 e	0.000 e	0.000 e	0.000 e	0.000 e	0.000 e	0.000 e	0.000 e	0.000 e	: 	: 	: 	: 	: 	: 	: 	: 	: 	: 	: 	: 
RA500_5160,GWH,NO	0.000 	0.000 	0.000 	0.000 	0.000 	0.000 	0.000 	0.000 	0.000 	0.000 	0.000 	0.000 	0.000 	0.000 	0.000 	0.000 	0.000 	0.000 	0.000 	0.000 	0.000 	0.000 	0.000 	0.000 	0.000 	0.000 	0.000 	0.000 	0.000 	0.000 	0.000 	0.000 	0.000 	0.000 	0.000 	0.000 	0.000 	0.000 	0.000 	0.000 	0.000 	0.000 	0.000 	0.000 	0.000 	0.000 	0.000 	0.000 	0.000 	0.000 	0.000 	0.000 	0.000 	0.000 	0.000 	0.000 	0.000 	0.000 	0.000 	0.000 	0.000 	0.000 	0.000 	0.000 	: 	: 	: 	: 	: 	: 	: 	: 	: 	: 	: 	: 
RA500_5160,GWH,PL	: 	: 	0.000 	0.000 	0.000 	0.000 	0.000 	0.000 	0.000 	0.000 	0.000 	0.000 	0.000 	0.000 	0.000 	0.000 	0.000 	0.000 	0.000 	0.000 	0.000 	0.000 	0.000 	0.000 	0.000 	0.000 	0.000 	0.000 	0.000 	0.000 	0.000 	0.000 	0.000 	0.000 	0.000 	0.000 	0.000 	0.000 	0.000 	0.000 	0.000 	0.000 	0.000 	0.000 	0.000 	0.000 	0.000 	0.000 	0.000 	0.000 	0.000 	0.000 	0.000 	0.000 	0.000 	0.000 	0.000 	0.000 	0.000 	0.000 	0.000 	0.000 	0.000 	0.000 	: 	: 	: 	: 	: 	: 	: 	: 	: 	: 	: 	: 
RA500_5160,GWH,PT	: 	: 	0.000 	0.000 	0.000 	0.000 	0.000 	0.000 	0.000 	0.000 	0.000 	0.000 	0.000 	0.000 	0.000 	0.000 	0.000 	0.000 	0.000 	0.000 	0.000 	0.000 	0.000 	0.000 	0.000 	0.000 	0.000 	0.000 	0.000 	0.000 	0.000 	0.000 	0.000 	0.000 	0.000 	0.000 	0.000 	0.000 	0.000 	0.000 	0.000 	0.000 	0.000 	0.000 	0.000 	0.000 	0.000 	0.000 	0.000 	0.000 	0.000 	0.000 	0.000 	0.000 	0.000 	0.000 	0.000 	0.000 	0.000 	0.000 	0.000 	0.000 	0.000 	0.000 	: 	: 	: 	: 	: 	: 	: 	: 	: 	: 	: 	: 
RA500_5160,GWH,RO	: 	0.000 	0.000 	0.000 	0.000 	0.000 	0.000 	0.000 	0.000 	0.000 	0.000 	0.000 	0.000 	0.000 	0.000 	0.000 	0.000 	0.000 	0.000 	0.000 	0.000 	0.000 	0.000 	0.000 	0.000 	0.000 	0.000 	0.000 	0.000 	0.000 	0.000 	0.000 	0.000 	0.000 	0.000 	0.000 	0.000 	0.000 	0.000 	0.000 	0.000 	0.000 	0.000 	0.000 	0.000 	0.000 	0.000 	0.000 	0.000 	0.000 	0.000 	0.000 	0.000 	0.000 	0.000 	0.000 	0.000 	0.000 	0.000 	0.000 	0.000 	0.000 	0.000 	0.000 	: 	: 	: 	: 	: 	: 	: 	: 	: 	: 	: 	: 
RA500_5160,GWH,RS	: 	0.000 	0.000 	0.000 	0.000 	0.000 	0.000 	0.000 	0.000 	0.000 	0.000 	0.000 	0.000 	0.000 	0.000 	0.000 	0.000 	0.000 	0.000 	0.000 	0.000 	0.000 	0.000 	0.000 	0.000 	0.000 	0.000 	0.000 	0.000 	0.000 	0.000 	0.000 	0.000 	0.000 	0.000 	0.000 	0.000 	0.000 	0.000 	0.000 	0.000 	0.000 	0.000 	0.000 	0.000 	0.000 	0.000 	0.000 	0.000 	0.000 	0.000 	0.000 	0.000 	0.000 	0.000 	0.000 	0.000 	0.000 	0.000 	0.000 	0.000 	0.000 	0.000 	0.000 	: 	: 	: 	: 	: 	: 	: 	: 	: 	: 	: 	: 
RA500_5160,GWH,SE	: 	0.000 	0.000 	0.000 	0.000 	0.000 	0.000 	0.000 	0.000 	0.000 	0.000 	0.000 	0.000 	0.000 	0.000 	0.000 	0.000 	0.000 	0.000 	0.000 	0.000 	0.000 	0.000 	0.000 	0.000 	0.000 	0.000 	0.000 	0.000 	0.000 	0.000 	0.000 	0.000 	0.000 	0.000 	0.000 	0.000 	0.000 	0.000 	0.000 	0.000 	0.000 	0.000 	0.000 	0.000 	0.000 	0.000 	0.000 	0.000 	0.000 	0.000 	0.000 	0.000 	0.000 	0.000 	0.000 	0.000 	0.000 	0.000 	0.000 	0.000 	0.000 	0.000 	0.000 	: 	: 	: 	: 	: 	: 	: 	: 	: 	: 	: 	: 
RA500_5160,GWH,SI	: 	: 	0.000 	0.000 	0.000 	0.000 	0.000 	0.000 	0.000 	0.000 	0.000 	0.000 	0.000 	0.000 	0.000 	0.000 	0.000 	0.000 	0.000 	0.000 	0.000 	0.000 	0.000 	0.000 	0.000 	0.000 	0.000 	0.000 	0.000 	0.000 	0.000 	0.000 	0.000 	0.000 	0.000 	0.000 	0.000 	0.000 	0.000 	0.000 	0.000 	0.000 	0.000 	0.000 	0.000 	0.000 	0.000 	0.000 	0.000 	0.000 	0.000 	0.000 	0.000 	0.000 	0.000 	0.000 	0.000 	0.000 	0.000 	0.000 	0.000 	0.000 	0.000 	0.000 	: 	: 	: 	: 	: 	: 	: 	: 	: 	: 	: 	: 
RA500_5160,GWH,SK	: 	0.000 	0.000 	0.000 	0.000 	0.000 	0.000 	0.000 	0.000 	0.000 	0.000 	0.000 	0.000 	0.000 	0.000 	0.000 	0.000 	0.000 	0.000 	0.000 	0.000 	0.000 	0.000 	0.000 	0.000 	0.000 	0.000 	0.000 	0.000 	0.000 	0.000 	0.000 	0.000 	0.000 	0.000 	0.000 	0.000 	0.000 	0.000 	0.000 	0.000 	0.000 	0.000 	0.000 	0.000 	0.000 	0.000 	0.000 	0.000 	0.000 	0.000 	0.000 	0.000 	0.000 	0.000 	0.000 	0.000 	0.000 	0.000 	0.000 	0.000 	0.000 	0.000 	0.000 	: 	: 	: 	: 	: 	: 	: 	: 	: 	: 	: 	: 
RA500_5160,GWH,TR	: 	: 	0.000 	0.000 	0.000 	0.000 	0.000 	0.000 	0.000 	0.000 	0.000 	0.000 	0.000 	0.000 	0.000 	0.000 	0.000 	0.000 	0.000 	0.000 	0.000 	0.000 	0.000 	0.000 	0.000 	0.000 	0.000 	0.000 	0.000 	0.000 	0.000 	0.000 	0.000 	0.000 	0.000 	0.000 	0.000 	0.000 	0.000 	0.000 	0.000 	0.000 	0.000 	0.000 	0.000 	0.000 	0.000 	0.000 	0.000 	0.000 	0.000 	0.000 	518.524 	0.000 	0.000 	0.000 	0.000 	0.000 	0.000 	0.000 	0.000 	0.000 	0.000 	0.000 	: 	: 	: 	: 	: 	: 	: 	: 	: 	: 	: 	: 
RA500_5160,GWH,UA	: 	: 	: 	0.000 	0.000 	0.000 	0.000 	0.000 	0.000 	0.000 	0.000 	0.000 	0.000 	0.000 	0.000 	0.000 	0.000 	0.000 	0.000 	0.000 	0.000 	0.000 	0.000 	0.000 	0.000 	0.000 	0.000 	0.000 	0.000 	0.000 	0.000 	0.000 	0.000 	0.000 	0.000 	0.000 	0.000 	0.000 	0.000 	0.000 	0.000 	0.000 	0.000 	0.000 	0.000 	0.000 	0.000 	0.000 	0.000 	0.000 	0.000 	0.000 	0.000 	0.000 	0.000 	: 	: 	: 	: 	: 	: 	: 	: 	: 	: 	: 	: 	: 	: 	: 	: 	: 	: 	: 	: 	: 
RA500_5160,GWH,UK	: 	: 	: 	: 	: 	: 	: 	: 	: 	: 	: 	: 	: 	: 	: 	: 	: 	: 	0.000 	0.000 	0.000 	0.000 	0.000 	0.000 	0.000 	0.000 	0.000 	0.000 	0.000 	0.000 	0.000 	0.000 	0.000 	0.000 	0.000 	0.000 	0.000 	0.000 	0.000 	0.000 	0.000 	0.000 	0.000 	0.000 	0.000 	0.000 	0.000 	0.000 	0.000 	0.000 	0.000 	0.000 	0.000 	0.000 	0.000 	0.000 	0.000 	0.000 	0.000 	0.000 	0.000 	0.000 	0.000 	0.000 	: 	: 	: 	: 	: 	: 	: 	: 	: 	: 	: 	: 
TOTAL,GWH,AL	: 	651.552 	575.537 	798.957 	938.389 	344.822 	313.047 	288.069 	453.248 	639.673 	685.176 	984.572 	1003.524 	1017.182 	1187.193 	1156.584 	392.438 	361.263 	554.541 	336.962 	461.130 	490.565 	416.142 	371.832 	405.656 	547.065 	469.007 	537.469 	773.454 	433.041 	263.104 	258.513 	477.790 	457.805 	443.934 	520.692 	320.069 	342.720 	525.664 	419.847 	473.668 	263.479 	271.923 	489.469 	581.776 	569.644 	533.948 	1007.731 	1174.183 	1291.465 	1054.965 	884.286 	: 	: 	: 	: 	: 	: 	: 	: 	: 	: 	: 	: 	: 	: 	: 	: 	: 	: 	: 	: 	: 	: 	: 	: 
TOTAL,GWH,AT	: 	5587.563 	5410.038 	6355.315 	5695.746 	5612.153 	5029.643 	4757.183 	6382.536 	6060.688 	6299.526 	6437.096 	5125.547 	5126.138 	5240.045 	5408.415 	5572.253 	5539.789 	6195.639 	5792.247 	5963.146 	6300.998 	6113.220 	5585.092 	4844.768 	5861.556 	5856.173 	5778.298 	5699.986 	5989.263 	5377.409 	5261.288 	5541.063 	5829.360 	6573.525 	6260.935 	6275.728 	6053.560 	5496.646 	6653.671 	6203.315 	5389.783 	4997.904 	4583.060 	4264.524 	4902.891 	5710.640 	6166.201 	5851.886 	5384.918 	5675.931 	6456.739 	5881.452 	5988.583 	5698.776 	6146.523 	6011.563 	5535.699 	5297.569 	5623.200 	5125.689 	5623.003 	4953.167 	6290.276 	5838.000 	5524.000 	5283.000 	4926.000 	5760.000 	6245.000 	6148.000 	5669.000 	5239.000 	4970.000 	5421.000 	4840.000 
TOTAL,GWH,BA	: 	: 	1295.797 	1568.951 	1697.523 	1434.282 	1185.718 	1101.557 	1188.004 	1182.445 	1091.022 	1122.253 	1220.233 	1602.114 	1850.101 	1927.507 	1555.320 	1438.112 	1189.291 	1071.386 	1213.854 	1139.828 	953.126 	1017.450 	1082.729 	1436.964 	1369.651 	1703.876 	1738.129 	1482.494 	1121.055 	1169.254 	1374.492 	1344.049 	1262.396 	1220.749 	1042.980 	1349.648 	1356.438 	1381.712 	: 	: 	: 	: 	: 	: 	: 	1245.136 	1351.830 	1960.591 	1474.993 	1469.877 	: 	: 	: 	: 	1195.137 	1219.894 	1155.907 	922.419 	1058.429 	1344.106 	1249.307 	1396.362 	: 	: 	: 	: 	: 	: 	: 	: 	: 	: 	: 	: 
TOTAL,GWH,BE	: 	: 	7691.962 	8791.365 	8733.034 	7767.423 	7761.464 	6462.002 	7463.864 	7670.824 	7278.145 	7532.193 	8198.478 	8977.781 	8125.942 	8431.731 	7959.872 	7194.745 	6819.878 	6601.349 	6388.543 	7013.139 	6363.644 	6946.053 	6319.850 	7557.341 	7344.901 	7730.039 	7822.894 	7729.240 	7693.224 	7962.518 	7840.020 	7029.440 	6386.188 	6681.769 	6764.483 	7134.404 	6424.771 	7374.325 	5656.507 	5839.314 	5333.183 	4536.412 	5256.643 	5506.120 	5185.437 	5289.703 	5481.296 	7141.561 	6962.570 	7023.601 	7590.556 	6730.611 	6697.184 	6437.893 	6848.001 	7029.324 	6532.450 	5735.443 	5339.215 	7005.369 	6778.839 	7566.330 	7402.000 	6623.000 	6029.000 	5929.000 	6828.000 	6302.000 	5619.000 	5837.000 	6565.000 	7401.000 	7041.000 	7916.000 
TOTAL,GWH,BG	: 	: 	4072.627 	4706.553 	4557.955 	4004.655 	3523.075 	3644.414 	3578.518 	3512.016 	2992.516 	3048.950 	3530.417 	3917.608 	3450.609 	3804.868 	3542.105 	3316.989 	2704.477 	2814.802 	3032.175 	3072.800 	2904.612 	2504.087 	2796.042 	3574.732 	3438.723 	3588.020 	3711.429 	3444.756 	3054.077 	2992.530 	3339.030 	3255.951 	2815.823 	2744.568 	3314.141 	3623.772 	3783.311 	4229.581 	4292.038 	4006.963 	3401.962 	3252.849 	3608.193 	3448.261 	3232.282 	2697.710 	2787.376 	3720.929 	3522.504 	3741.706 	3722.362 	3622.729 	3057.420 	3061.824 	3449.899 	3381.235 	3022.444 	2879.100 	3106.833 	3589.177 	3571.190 	4260.411 	4119.000 	3465.000 	3271.000 	3197.000 	3357.000 	3335.000 	3161.000 	2822.000 	2670.000 	3264.000 	3366.000 	4254.000 
TOTAL,GWH,CY	: 	: 	382.284 	467.832 	399.490 	334.297 	374.863 	450.832 	596.719 	587.898 	408.169 	351.801 	299.321 	347.749 	337.697 	390.298 	381.531 	341.416 	386.035 	495.126 	509.103 	507.542 	351.632 	321.860 	256.178 	334.202 	391.902 	425.044 	371.284 	325.563 	380.076 	459.010 	538.291 	534.950 	439.070 	361.543 	314.170 	352.777 	363.488 	442.695 	378.553 	334.243 	382.412 	454.430 	519.667 	534.082 	428.927 	390.760 	315.499 	325.887 	331.371 	395.254 	370.410 	327.049 	360.231 	450.503 	509.325 	558.245 	397.436 	341.594 	302.027 	339.013 	358.529 	426.486 	410.000 	312.000 	359.000 	420.000 	510.000 	517.000 	422.000 	330.000 	296.000 	311.000 	320.000 	382.000 
TOTAL,GWH,CZ	: 	: 	6464.503 	7557.708 	7729.237 	7725.228 	7460.261 	6317.183 	5703.436 	5741.308 	5569.260 	5474.806 	6037.159 	7027.446 	6781.616 	7729.245 	7247.665 	7210.405 	6580.445 	6150.818 	6138.696 	5416.935 	5719.188 	5657.180 	5249.529 	6500.078 	6713.539 	7530.728 	7353.704 	7321.741 	7484.428 	6524.015 	6056.371 	5318.748 	5725.117 	6686.309 	6421.724 	7003.579 	7237.196 	8000.632 	7656.070 	7520.023 	7258.882 	6617.478 	6279.955 	6160.844 	6180.496 	6592.862 	6229.582 	7883.425 	6615.517 	6972.493 	7031.980 	7629.058 	7143.862 	6691.570 	6065.513 	5046.216 	5414.627 	6305.373 	7322.139 	7385.940 	6951.168 	8078.928 	7143.000 	6834.000 	6367.000 	5397.000 	5564.000 	5727.000 	5789.000 	6430.000 	6593.000 	7490.000 	6763.000 	7276.000 
TOTAL,GWH,DE	: 	: 	48720.551 	49080.742 	47723.718 	46628.262 	45798.695 	41454.072 	39706.555 	39031.455 	38729.424 	40226.787 	43505.341 	46341.480 	43466.436 	48096.675 	45750.318 	45891.855 	45913.141 	39855.593 	39971.839 	38746.208 	36548.285 	34750.325 	36031.009 	45542.311 	47537.964 	49394.902 	46841.517 	47122.985 	46770.959 	41090.173 	39820.136 	41374.756 	38686.913 	42048.426 	44398.747 	50476.809 	47609.758 	53992.955 	50503.940 	49104.689 	48722.701 	44799.287 	46887.276 	46251.607 	43236.781 	43240.494 	45216.357 	52652.137 	48973.416 	52211.028 	52654.877 	50832.168 	49750.607 	45487.782 	45216.526 	43684.033 	44906.856 	45719.916 	45411.073 	50018.964 	48064.466 	53509.480 	46588.000 	46788.000 	44421.000 	42266.000 	40645.000 	40199.000 	40245.000 	40153.000 	41459.000 	46064.000 	46089.000 	49434.000 
TOTAL,GWH,DK	: 	3085.462 	3744.356 	3907.453 	3567.707 	3050.825 	2885.264 	2147.924 	2131.272 	1758.474 	1788.183 	2139.160 	2789.507 	3070.302 	3329.654 	3259.141 	2731.801 	2431.476 	2225.444 	1762.643 	1332.210 	1906.075 	1484.331 	2092.949 	2109.128 	2806.776 	3268.045 	3527.268 	3258.943 	2523.456 	2217.429 	2035.934 	1446.866 	1624.629 	1452.497 	2290.995 	2099.411 	3245.666 	2802.395 	3452.783 	3121.682 	2523.126 	2627.123 	2161.118 	1633.216 	1459.689 	1461.950 	1581.080 	2584.490 	3555.703 	3127.723 	3102.189 	3182.307 	2713.867 	2582.304 	1728.485 	1628.663 	1514.533 	1847.705 	2045.062 	2750.679 	3122.695 	3245.985 	3095.887 	3207.000 	3188.000 	2812.000 	1663.000 	1971.000 	1723.000 	1459.000 	1772.000 	2386.000 	2542.000 	2773.000 	3427.000 
TOTAL,GWH,EA19	: 	: 	181697.655 	201837.362 	197200.642 	185961.748 	175250.394 	164583.122 	167417.693 	173384.557 	163594.063 	166905.461 	168489.212 	188484.351 	181333.493 	203836.321 	192524.386 	179788.322 	176745.863 	162239.082 	165394.185 	168511.416 	155113.044 	153204.078 	148710.401 	181487.403 	187074.306 	202213.788 	192057.775 	186736.698 	176769.945 	166057.000 	167314.212 	176640.046 	166028.277 	171626.772 	171343.854 	191472.546 	184881.159 	213118.401 	195859.125 	186848.230 	178010.086 	167227.567 	170808.906 	176375.484 	167281.336 	169758.351 	172058.971 	202602.639 	193867.483 	205259.405 	203336.727 	189976.836 	178017.122 	168878.100 	171012.881 	174989.813 	170036.406 	170655.688 	167686.684 	189559.753 	184440.292 	215358.627 	: 	: 	: 	: 	: 	: 	: 	: 	: 	: 	: 	: 
TOTAL,GWH,EE	: 	: 	504.165 	738.100 	864.869 	685.278 	610.429 	566.930 	438.323 	492.170 	455.200 	381.519 	413.300 	392.500 	572.600 	576.464 	519.306 	483.377 	493.660 	488.800 	557.404 	351.575 	344.068 	287.645 	291.979 	403.890 	370.275 	414.267 	454.000 	563.400 	429.358 	467.500 	402.000 	306.400 	312.366 	490.879 	598.800 	677.000 	691.000 	1045.000 	758.900 	937.000 	815.000 	846.000 	1062.000 	817.000 	793.000 	712.543 	994.500 	1140.200 	940.000 	1018.000 	880.000 	980.000 	960.100 	831.300 	855.000 	769.000 	874.000 	1018.000 	893.000 	1039.000 	991.000 	1140.000 	942.000 	1083.000 	1066.000 	964.000 	1006.000 	834.000 	663.000 	612.000 	741.000 	672.000 	742.000 	1089.000 
TOTAL,GWH,EL	: 	4901.242 	3635.232 	4447.209 	5030.154 	3864.666 	4433.590 	4415.143 	5312.653 	5406.125 	4013.430 	3596.372 	3871.921 	3998.580 	3908.699 	4939.066 	4420.853 	3902.666 	3419.991 	4171.140 	4213.868 	4522.277 	3358.627 	3116.476 	3175.323 	3394.019 	3646.455 	4496.340 	3790.690 	3311.091 	3690.766 	3973.396 	4912.981 	4616.283 	4100.861 	3277.474 	3341.144 	3586.778 	3912.081 	5279.582 	4735.073 	4131.175 	4072.816 	4379.368 	4922.220 	4726.460 	4203.647 	3763.507 	3302.723 	4142.329 	3965.428 	4364.203 	4459.174 	4266.910 	4047.638 	3973.212 	5166.163 	5041.459 	4156.322 	3648.801 	3228.735 	3657.939 	4220.685 	5612.575 	5142.000 	4009.000 	4000.000 	3819.000 	4508.000 	4862.000 	4156.000 	3258.000 	3125.000 	3469.000 	3341.000 	4373.000 
TOTAL,GWH,ES	: 	: 	21081.851 	24288.368 	23532.683 	22979.252 	20602.791 	20649.084 	21553.109 	22428.385 	19852.584 	20459.565 	19890.790 	22092.639 	21133.412 	24301.478 	23663.720 	19839.146 	20913.600 	21331.110 	22539.545 	23927.935 	19263.272 	17967.799 	17470.066 	20999.785 	20317.693 	22727.163 	22320.241 	22616.251 	21031.028 	21372.516 	22456.021 	23635.009 	21190.145 	20591.890 	19802.021 	20870.737 	20564.785 	24569.178 	21647.222 	22231.346 	22103.062 	21045.757 	22321.128 	21810.708 	19833.323 	20178.532 	20807.356 	24330.059 	21859.411 	22903.287 	24326.468 	22739.930 	21485.339 	20321.973 	21696.569 	22809.943 	22086.886 	20409.321 	19292.508 	21153.274 	20998.094 	25249.014 	21906.000 	21771.000 	21824.000 	21227.000 	22089.000 	22938.000 	20615.000 	20626.000 	21736.000 	23109.000 	21729.000 	22668.000 
TOTAL,GWH,EU27_2020	: 	: 	232896.656 	259733.616 	255144.435 	238420.546 	225990.689 	209997.806 	211320.900 	217654.103 	204967.027 	210603.886 	216632.630 	240948.673 	231410.285 	258781.509 	244062.072 	227800.810 	222101.243 	203466.227 	205348.782 	209117.168 	193016.565 	192895.512 	189890.135 	231526.179 	236624.660 	256069.052 	244502.345 	235933.351 	224109.516 	207662.710 	208469.160 	218764.459 	208609.859 	216102.468 	216132.596 	241913.393 	233850.237 	269098.255 	249954.189 	236893.910 	225679.540 	210055.336 	213793.774 	218850.272 	208792.099 	212542.371 	216406.000 	256817.196 	244413.316 	258701.828 	256573.060 	240694.820 	225054.551 	211088.613 	213172.651 	216325.505 	210253.948 	213950.175 	214638.934 	240956.724 	234153.824 	271874.687 	: 	: 	: 	: 	: 	: 	: 	: 	: 	: 	: 	: 
TOTAL,GWH,FI	5745.000 	6419.000 	5909.000 	6663.000 	7160.000 	6217.000 	6004.000 	4764.000 	4587.186 	4395.382 e	4290.099 	5084.241 	5715.734 	6754.774 	6516.907 	6875.414 	6350.000 	6199.000 	5329.969 	4611.333 	4320.608 	4559.115 	4495.244 	5080.717 	5636.405 	6562.359 	6075.483 	6586.544 	6380.000 	5818.000 	5541.000 	4361.000 	4258.000 	4668.000 	4674.000 	5182.000 	5600.000 	6483.000 	6118.000 	6969.000 	6634.674 	6225.000 	5638.000 	4737.000 	4469.000 	4510.000 	4173.000 	4933.000 	5492.000 	7121.000 	6614.000 	6877.000 	6546.000 	6129.000 	5668.000 	4823.000 	4343.000 	4249.000 	4217.000 	4925.000 	5270.000 	6283.000 	5871.000 	6586.000 	6336.000 	6335.000 	5649.000 	4532.000 	4568.000 	4409.000 	4366.000 	4756.000 	5572.000 	6246.000 	6141.000 	7109.000 
TOTAL,GWH,FR	: 	42952.558 	46338.825 	52943.371 	48871.638 	45119.104 	42245.126 	38932.681 	39578.297 	40986.860 	39711.996 	41925.511 	40023.676 	48425.693 	47758.770 	56232.714 	51349.220 	45905.194 	42235.417 	32650.119 	33991.580 	34953.098 	35025.205 	38193.689 	37407.820 	48863.061 	51553.222 	55478.286 	51887.146 	46637.413 	41589.722 	38044.707 	37931.529 	40806.332 	40505.660 	43951.229 	43016.277 	51182.635 	50885.874 	56569.387 	53828.398 	46665.629 	42384.719 	38929.710 	37330.563 	41340.704 	40848.136 	42859.890 	42907.150 	53005.788 	54246.278 	57338.858 	53052.619 	44811.238 	39321.117 	38382.139 	36885.081 	38658.235 	37089.405 	41221.112 	42244.033 	49794.818 	48016.614 	57166.501 	51211.000 	45654.000 	39583.000 	36248.000 	36032.000 	38385.000 	39819.000 	40256.000 	42941.000 	52088.000 	51937.000 	55984.000 
TOTAL,GWH,GE	: 	1047.951 	864.830 	995.535 	1162.356 	1159.465 	1173.038 	1087.691 	1185.198 	1227.582 	1310.593 	1207.902 	811.586 	647.353 	673.429 	788.201 	903.021 	846.753 	831.842 	860.343 	936.250 	997.739 	987.947 	972.649 	926.857 	849.547 	829.943 	1000.977 	984.037 	887.644 	783.087 	804.760 	1004.532 	1043.248 	1184.680 	1142.677 	948.255 	946.814 	912.567 	984.922 	964.901 	877.977 	767.101 	834.831 	969.583 	1255.708 	1195.528 	1143.958 	1049.142 	974.962 	909.857 	990.225 	: 	: 	: 	: 	: 	: 	: 	: 	: 	: 	: 	: 	: 	: 	: 	: 	: 	: 	: 	: 	: 	: 	: 	: 
TOTAL,GWH,HR	: 	1188.805 	1184.642 	1511.922 	1663.828 	1353.962 	1118.544 	845.780 	999.911 	977.037 	880.454 	1034.655 	1082.790 	1401.027 	1541.263 	1785.782 	1724.565 	1216.614 	1353.725 	974.476 	930.864 	954.993 	919.748 	852.582 	661.481 	1097.747 	1052.334 	1162.035 	1498.360 	1483.630 	928.886 	742.062 	852.188 	822.734 	901.879 	1066.014 	836.340 	844.015 	1093.142 	1200.594 	1196.558 	1087.123 	875.847 	782.679 	1000.687 	934.486 	924.124 	923.639 	1185.486 	1557.739 	1353.120 	1435.052 	1433.202 	1107.416 	867.850 	905.377 	899.269 	794.916 	557.175 	728.484 	832.051 	1070.309 	1132.637 	1216.105 	1131.000 	1284.000 	1058.000 	770.000 	872.000 	836.000 	926.000 	894.000 	946.000 	1323.000 	1230.000 	1080.000 
TOTAL,GWH,HU	: 	: 	2612.222 	3118.543 	2837.133 	2708.192 	2884.090 	2669.815 	2756.446 	2986.639 	2980.323 	2598.244 	2873.975 	2978.566 	2644.471 	3016.221 	2763.626 	2774.269 	2964.436 	2830.510 	2516.785 	2824.378 	2413.233 	2457.267 	2577.458 	2842.000 	2663.349 	3030.972 	2863.369 	2802.695 	3108.019 	2599.982 	2649.736 	2863.443 	2399.541 	2261.409 	2503.952 	2401.074 	2285.135 	3182.533 	2839.877 	2584.966 	2646.017 	2571.073 	2434.163 	2699.144 	2005.017 	2063.759 	2331.252 	2325.990 	2493.896 	2754.725 	2926.045 	2762.297 	2732.602 	2387.878 	2437.348 	2550.693 	2377.597 	2389.421 	2373.917 	2560.497 	2130.761 	3029.171 	2523.000 	2360.000 	2546.000 	2544.000 	2298.000 	2606.000 	2205.000 	2338.000 	2242.000 	2532.000 	2508.000 	2790.000 
TOTAL,GWH,IE	: 	2766.717 	2782.727 	2911.497 	3020.257 	2781.967 	2584.141 	2350.908 	2346.107 	2098.958 	2235.348 	2266.767 	2335.952 	2603.810 	2616.011 	2861.821 	2926.086 	2691.275 	2636.199 	2469.995 	2462.697 	2474.717 	2342.084 	2342.420 	2124.265 	2693.990 	2815.843 	2758.765 	2679.256 	2718.690 	2444.701 	2183.806 	2169.343 	2144.354 	2278.174 	2345.015 	2404.442 	2471.024 	2403.525 	2604.425 	2501.268 	2579.041 	2387.728 	2221.972 	2329.176 	2375.813 	2308.147 	2388.233 	2426.019 	2607.211 	2414.759 	2695.519 	2674.545 	2510.435 	2371.537 	2359.960 	2286.680 	2351.682 	2258.702 	2281.033 	2297.936 	2590.906 	2483.991 	2766.728 	2581.000 	2559.000 	2429.000 	2331.000 	2361.000 	2335.000 	2173.000 	2224.000 	2329.000 	2504.000 	2454.000 	2553.000 
TOTAL,GWH,IS	: 	1614.487 	1506.842 	1701.673 	1756.684 	1696.209 	1709.761 	1616.522 	1623.399 	1611.630 	1561.244 	1648.568 	1576.320 	1662.815 	1487.503 	1663.541 	1664.532 	1578.356 	1598.205 	1534.526 	1550.518 	1534.728 	1497.343 	1591.290 	1589.600 	1698.325 	1594.327 	1698.521 	1696.107 	1610.395 	1631.039 	1525.104 	1517.755 	1571.914 	1553.953 	1694.584 	1635.712 	1736.537 	1583.788 	1731.944 	1741.287 	1686.649 	1702.306 	1611.454 	1641.472 	1626.662 	1581.385 	1665.839 	1615.128 	1699.835 	1547.847 	1706.484 	1698.886 	1627.337 	1629.067 	1554.434 	1586.540 	1580.431 	1536.724 	1613.180 	1577.238 	1696.540 	1501.590 	1636.566 	: 	: 	: 	: 	: 	: 	: 	: 	: 	: 	: 	: 
TOTAL,GWH,IT	: 	: 	22202.000 	25098.000 	25465.000 	24567.000 	22354.000 	23094.000 	23134.000 	26161.000 	23839.000 	21226.000 	21315.000 	22395.000 	20655.000 	23904.000 	22898.000 	21518.000 	22342.000 	24661.000 	24670.000 	25993.000 	23700.000 	21578.000 	19456.000 	20225.000 	21830.000 	24315.000 	22480.000 	22887.000 	22919.000 	23954.000 	24344.000 	27814.000 	24542.000 	22318.000 	21741.000 	22866.000 	21952.000 	26029.000 	23206.000 	23967.000 	23057.000 	24076.000 	23975.000 	26226.000 	23833.000 	22863.000 	20740.000 	23514.000 	21887.000 	22890.000 	23902.000 	24192.000 	22970.000 	22738.000 	24416.000 	26496.000 	25284.000 	22637.000 	20902.000 	22024.000 	22282.000 	27275.000 	25138.000 	24322.000 	23683.000 	23751.000 	22344.000 	25332.000 	22438.000 	21940.000 	20536.000 	22056.000 	21300.000 	22809.000 
TOTAL,GWH,LT	: 	: 	394.956 	428.260 	395.289 	358.140 	395.101 	421.273 	292.899 	300.377 	332.061 	340.149 	384.954 	400.147 	362.512 	364.079 	484.567 	427.315 	399.393 	477.695 	445.343 	458.556 	418.612 	371.975 	340.594 	365.671 	435.963 	387.809 	350.708 	283.113 	321.700 	327.800 	260.100 	290.612 	278.807 	273.278 	287.344 	356.590 	338.352 	310.904 	228.917 	208.535 	334.989 	287.356 	237.266 	196.803 	197.489 	269.665 	317.485 	301.072 	249.307 	354.211 	366.808 	354.942 	390.842 	318.031 	280.288 	253.335 	311.030 	339.226 	311.092 	333.493 	314.005 	319.945 	430.000 	446.000 	325.000 	297.000 	255.000 	237.000 	318.000 	255.000 	276.000 	282.000 	353.000 	373.000 
TOTAL,GWH,LU	: 	: 	154.247 e	148.556 e	194.242 e	177.490 e	186.253 e	171.763 e	183.119 e	178.155 e	170.840 e	217.490 e	206.501 e	204.986 e	185.617 e	193.400 e	185.220 e	184.968 e	185.221 e	171.538 e	163.724 e	166.044 e	164.320 e	184.444 e	191.374 e	203.472 e	206.160 e	187.513 e	196.156 e	174.539 e	163.969 	121.973 	125.017 	119.827 	127.077 	127.139 	130.499 	199.934 	159.873 	186.399 	200.133 e	182.564 e	187.265 	152.895 	138.448 	108.459 	169.428 	203.471 	212.118 	213.156 	183.587 	213.338 	207.039 	186.608 	218.589 	175.686 	166.588 	139.768 	144.299 	156.192 	194.034 	205.280 	195.460 	194.041 	186.000 	185.000 	156.000 	140.000 	138.000 	132.000 	144.000 	168.000 	186.000 	190.000 	193.000 	193.000 
TOTAL,GWH,LV	: 	460.000 	456.000 	520.000 	671.000 	427.000 	279.000 	322.000 	162.000 	307.000 	354.000 	531.000 	655.000 	704.000 	590.000 	606.000 	511.000 	461.000 	334.000 	340.000 	395.000 	262.000 	479.000 	442.000 	380.000 	674.000 	604.000 	629.000 	560.000 	586.000 	514.000 	553.000 	525.000 	357.000 	407.000 	421.000 	499.000 	686.000 	471.000 	599.000 	528.000 	494.000 	390.000 	381.000 	450.000 	377.000 	303.000 	432.000 	820.000 	727.000 	717.000 	881.000 	722.000 	728.000 	623.000 	533.000 	396.000 	362.000 	363.000 	580.000 	742.000 	949.000 	601.000 	740.000 	729.000 	816.000 	529.000 	267.000 	354.000 	331.000 	414.000 	525.000 	594.000 	577.000 	443.000 	649.000 
TOTAL,GWH,MD	: 	: 	110.187 	147.995 	128.443 	114.372 	51.011 	15.110 	12.988 	17.331 	24.491 	40.147 	78.009 	144.906 	145.969 	143.864 	147.270 	120.114 	242.065 	78.597 	14.981 	20.371 	47.098 	38.735 	51.665 	91.966 	100.390 	114.846 	: 	: 	: 	: 	: 	: 	: 	: 	: 	: 	: 	: 	: 	: 	: 	: 	: 	: 	: 	: 	: 	: 	: 	: 	: 	: 	: 	: 	: 	: 	: 	: 	: 	: 	: 	: 	: 	: 	: 	: 	: 	: 	: 	: 	: 	: 	: 	: 
TOTAL,GWH,ME	: 	: 	: 	: 	: 	: 	: 	: 	: 	: 	: 	: 	: 	: 	: 	: 	: 	: 	: 	: 	: 	: 	: 	: 	: 	: 	: 	: 	: 	: 	: 	: 	: 	: 	: 	: 	113.000 	284.000 	341.000 	334.000 	352.000 	273.000 	227.000 	218.000 	259.000 	261.000 	241.000 	200.000 	339.000 	508.000 	468.000 	397.000 	369.000 	269.000 	180.000 	149.000 	172.000 	174.000 	93.000 	67.000 	136.000 	273.000 	261.000 	192.000 	282.000 	313.000 	250.000 	223.000 	199.000 	212.000 	163.000 	231.000 p	285.000 	323.000 	230.000 	263.000 
TOTAL,GWH,MK	: 	: 	438.766 	566.401 	561.309 	388.391 	402.783 	434.647 	492.064 	464.272 	331.558 	264.146 	316.487 	547.522 	475.885 	514.194 	465.817 	382.087 	358.057 	429.838 	478.796 	481.329 	340.846 	313.634 	375.667 	404.659 	446.786 	555.507 	492.985 	383.985 	360.320 	463.812 	531.761 	499.527 	435.838 	382.294 	379.239 	436.952 	496.201 	642.749 	576.788 	463.287 	431.464 	416.941 	371.625 	366.519 	359.847 	316.174 	342.996 	522.960 	554.942 	480.193 	557.133 	474.072 	394.899 	332.659 	420.027 	395.108 	312.260 	337.755 	365.175 	403.197 	554.839 	678.583 	648.000 	526.000 	444.000 	382.000 	345.000 	384.000 	349.000 	375.000 	361.000 	456.000 	422.000 	593.000 
TOTAL,GWH,MT	: 	182.372 	157.600 	168.337 	159.879 	150.389 	171.789 	173.236 	229.694 	236.992 	210.308 	186.622 	187.539 	154.475 	146.094 	140.932 	131.546 	103.013 	151.031 	177.661 	210.552 	208.530 	186.665 	166.910 	154.145 	170.248 	194.373 	217.644 	164.619 	135.767 	163.857 	168.666 	213.884 	195.848 	187.154 	163.286 	144.109 	140.250 	138.515 	177.593 	153.334 	163.407 	167.201 	184.882 	213.067 	210.989 	154.969 	159.111 	102.327 	114.544 	152.487 	112.080 	144.799 	96.431 	180.399 	220.172 	197.869 	171.575 	145.017 	89.329 	102.379 	79.829 	65.136 	77.689 	60.000 	50.000 	66.000 	70.000 	81.000 	76.000 	50.000 	37.000 	40.000 	43.000 	44.000 	59.000 
TOTAL,GWH,NL	: 	: 	9246.657 	10775.696 	10982.409 	10447.029 	9410.182 	8716.426 	8524.869 	9633.948 	8624.519 	9017.712 	9510.641 	11279.301 	10601.683 	11288.091 	10626.393 	10194.281 	10282.999 	9957.926 	10882.510 	10613.562 	9045.703 	9351.423 	8138.245 	9722.291 	10058.334 	11242.878 	10525.791 	10887.590 	10596.409 	8973.960 	8906.696 	9120.663 	8008.354 	9386.587 	8716.668 	10528.574 	10242.217 	11678.250 	10452.000 	10045.000 	9720.000 	8050.371 	8415.000 	8234.000 e	8310.000 	8509.000 	9302.000 	10234.000 	10736.000 	10544.000 	11074.000 	10963.000 	9955.000 	7711.000 	7207.000 	8432.000 	8215.000 	8084.000 	8666.000 	9838.000 	9969.000 	11407.000 	10688.000 	10899.000 	10675.000 	9335.000 	7990.000 	7797.000 	7715.000 	7915.000 	8641.000 	9717.000 	9019.000 	10066.000 
TOTAL,GWH,NO	11140.841 	14614.699 	12949.406 	15079.225 	16042.237 	14420.056 	12359.482 	11234.853 	10398.598 	11050.844 	11426.466 	12079.885 	12427.141 	13789.716 	14411.581 	17451.900 	16218.798 	13359.201 	13913.217 	12048.431 	11567.229 	11247.123 	10572.063 	12107.906 	12588.651 	14236.428 	12933.649 	13336.426 	12368.488 	12867.058 	11525.717 	10949.275 	10101.799 	9790.416 	9469.545 	9810.046 	9995.470 	11304.994 	11745.182 	14706.643 	13805.512 	13665.802 	13281.220 	11197.753 	10544.296 	9364.253 	9681.209 	10257.896 	10546.764 	14075.834 	14795.892 	15628.756 	14865.499 	13742.892 	12429.056 	11358.316 	11111.611 	10624.135 	11067.753 	11236.769 	11537.845 	12811.994 	13156.168 	15311.125 	13999.000 	13064.000 	11985.000 	10471.000 	10305.000 	10271.000 	10942.000 	11220.000 	11614.000 	11220.000 	13977.000 	16247.000 
TOTAL,GWH,PL	: 	: 	13538.651 	15081.075 	15659.328 	14611.601 	14649.185 	13930.678 	13206.243 	13368.958 	12461.058 	12327.502 	12617.980 	13279.768 	12813.435 	14326.307 	13554.717 	12699.287 	12589.719 	11558.116 	11359.211 	11275.434 	10441.585 	10578.288 	10516.344 	12325.646 	12521.661 	13438.549 	13106.363 	12286.393 	12544.166 	11652.706 	11947.111 	11913.081 	11662.228 	12023.635 	11830.078 	12855.136 	12337.499 	14539.677 	13990.319 	13217.455 	13159.518 	12254.572 	12791.110 	12883.169 	11926.421 	11711.657 	11659.889 	13824.730 	12896.023 	13781.637 	13596.165 	13352.877 	13174.813 	12280.020 	12292.012 	12232.321 	11843.536 	12176.268 	12181.380 	13072.946 	13159.563 	14829.849 	14158.000 	13698.000 	13292.000 	11913.000 	11841.000 	11955.000 	11558.000 	11454.000 	11799.000 	12634.000 	12413.000 	13788.000 
TOTAL,GWH,PT	: 	: 	3307.678 	4362.726 	4599.441 	4238.693 	3663.688 	3675.639 	3338.404 	3953.360 	3376.948 	3536.390 	3938.787 	4494.866 	5309.484 	5236.345 	4965.526 	5180.506 	4725.963 	4602.678 	4229.975 	3911.725 	3478.705 	3322.708 	3456.632 	4392.073 	4363.125 	5825.361 	5784.008 	5187.589 	4186.867 	3871.832 	3789.269 	4421.429 	3901.036 	4057.928 	4092.000 	3764.000 	3727.000 	5057.000 	4867.000 	4889.000 	4349.000 	4564.000 	4770.000 	5058.000 	4765.000 	4255.000 	4736.000 	6013.000 	4638.000 	5181.000 	4853.000 	4608.000 	4113.000 	4600.635 	5155.481 	5075.642 	4704.123 	4604.848 	4379.414 	5049.657 	5034.430 	5420.041 	4914.000 	4662.000 	4187.000 	4387.000 	4499.000 	4607.000 	4447.000 	4776.000 	4976.000 	4995.000 	5511.000 	5617.000 
TOTAL,GWH,RO	: 	4333.000 	4214.000 	5024.000 	4845.000 	4192.000 	4138.000 	3881.000 	4038.000 	4559.000 	4669.000 	4571.000 	4453.000 	4953.000 	4697.000 	4706.000 	4913.000 	4353.000 	4069.000 	4097.000 	4277.000 	4238.000 	3812.000 	3473.000 	3632.000 	4497.000 	4443.000 	4889.000 	4738.000 	4478.000 	4079.000 	3702.000 	4057.000 	4402.000 	4789.000 	4665.000 	4462.000 	4808.000 	4699.000 	4995.000 	5044.000 	4950.000 	4759.000 	4407.000 	4902.000 	4916.000 	4428.000 	4361.000 	4608.000 	5574.000 	5320.000 	5453.000 	5490.000 	4863.000 	4699.000 	4318.000 	4433.000 	4530.000 	4428.000 	4343.000 	4663.000 	5302.000 	4947.000 	5786.000 	5780.000 	5282.000 	4874.000 	4370.000 	4845.000 	5227.000 	4803.000 	4326.000 	5065.000 	5036.000 	4832.000 	5653.000 
TOTAL,GWH,RS	: 	3168.748 	2664.819 	3069.320 	3137.034 	2792.400 	2782.838 	2456.447 	2557.525 	2698.858 	2481.359 	2690.795 	3076.563 	3674.341 	3632.928 	3803.501 	3386.917 	3156.709 	3178.089 	2658.406 	2866.816 	2668.784 	2564.630 	2464.204 	2594.847 	3493.883 	3266.928 	3360.434 	3377.508 	2958.391 	2615.596 	2337.593 	2573.287 	2512.631 	2664.969 	2804.494 	2888.114 	3834.576 	3155.925 	3235.857 	3123.247 	2907.507 	2752.194 	2420.649 	2530.769 	2663.149 	2628.474 	2744.600 	3051.733 	3495.929 	3227.669 	3695.266 	3405.867 	2623.240 	2903.211 	2744.332 	2791.456 	2632.417 	2513.143 	2737.390 	2658.028 	2880.672 	3099.586 	3359.716 	3314.000 	3147.000 	2996.000 	2660.000 	2832.000 	2569.000 	2529.000 	2932.000 	3015.000 	3711.000 	3562.000 	3634.000 
TOTAL,GWH,SE	: 	16125.000 	15368.000 	16989.000 	17083.605 	14812.335 	14081.876 	11977.890 	11489.381 	11366.114 	10032.170 	12504.108 	14758.590 	15836.605 	14818.744 	16317.624 	15060.207 	14010.448 	12868.134 	11038.780 	10367.656 	10917.137 	10208.824 	12076.081 	13637.752 	16394.797 	15449.703 	16688.692 	15914.402 	14855.982 	13923.566 	11356.481 	10806.646 	11923.827 	12835.497 	12737.766 	13321.096 	15659.605 	14731.400 	16379.054 	15954.520 	14156.024 	12941.105 	10781.000 	10335.544 	9973.195 	11352.473 	12852.313 	12960.954 	15772.041 	15217.050 	16201.621 	15854.272 	14666.740 	12779.578 	10837.359 	10954.066 	11285.778 	10726.458 	12427.779 	13722.251 	15293.407 	14575.228 	16219.709 	14649.000 	13013.000 	12107.000 	10850.000 	10354.000 	9850.000 	9101.000 	11493.000 	13190.000 	14795.000 	15118.000 	16436.000 
TOTAL,GWH,SI	: 	: 	1049.882 	1227.988 	1251.793 	1252.605 	1155.639 	1047.950 	1327.359 	1168.980 	1283.466 	1367.246 	757.730 	1332.432 	1308.584 	1434.398 	1464.975 	1409.776 	1733.727 	1393.772 	1358.748 	1446.395 	1375.758 	1232.542 	1095.748 	1178.134 	1086.440 	1222.935 	1472.479 	1530.204 	819.900 	1024.855 	1146.862 	1345.783 	1423.947 	1396.394 	1210.422 	1162.474 	1208.274 	1194.037 	1170.891 	1480.504 	1316.106 	1263.067 	1251.928 	1254.848 	1182.412 	1331.241 	1022.255 	1425.777 	1228.938 	1356.287 	1376.980 	1286.931 	1247.763 	1372.291 	1303.747 	1305.873 	1160.311 	1274.673 	1125.549 	1318.208 	1167.876 	1319.521 	1379.000 	1316.000 	879.000 	1229.000 	1337.000 	1466.000 	1442.000 	1326.000 	1248.000 	1349.000 	1229.000 	1232.000 
TOTAL,GWH,SK	: 	2306.000 	2272.000 	2421.000 	2450.000 	2354.000 	2190.000 	2158.000 	2260.000 	2286.000 	2129.000 	2221.000 	2153.000 	2458.000 	2498.000 	2555.000 	2364.000 	2321.000 	2248.000 	1990.000 	2120.000 	2095.000 	2059.000 	1962.000 	1940.000 	2344.000 	2386.000 	2396.000 	2277.000 	2233.000 	2136.000 	1885.000 	2134.000 	2030.000 	2006.000 	2292.000 	2007.000 	2480.000 	2174.000 	2386.000 	2205.000 	1981.000 	1651.000 	1735.000 	1996.000 	1934.000 	1645.000 	1813.000 	2012.000 	2209.000 	2092.000 	2444.000 	2254.000 	2245.000 	1958.000 	1995.000 	2072.000 	2067.000 	1893.000 	1967.000 	1860.000 	2257.000 	2075.000 	2292.000 	2243.000 	2171.000 	1857.000 	1893.000 	2083.000 	2059.000 	1588.000 	1589.000 	1785.000 	2220.000 	2220.000 	2162.000 
TOTAL,GWH,TR	: 	: 	25643.162 	27086.856 	27596.687 	25416.981 	25251.299 	26655.365 	30790.760 	29324.619 	25674.333 	24094.584 	24846.731 	26720.108 	22930.151 	25698.144 	26115.252 	24350.691 	24344.141 	26416.384 	27636.179 	27342.500 	22442.485 	19904.342 	19283.200 	23574.508 	23783.266 	25364.839 	24690.996 	22556.841 	22763.409 	24029.956 	26295.555 	27334.784 	23190.481 	23892.818 	22710.045 	23563.662 	23186.422 	24687.436 	24821.588 	22946.118 	22684.082 	24187.139 	26655.320 	28191.098 	23024.390 	22971.542 	22620.598 	23454.054 	22535.652 	25190.997 	25425.992 	23181.672 	22762.857 	23204.638 	26978.563 	27308.671 	22148.720 	22503.487 	21619.632 	22913.368 	21812.381 	24232.363 	23527.000 	21558.000 	20907.000 	20174.000 	24750.000 	22912.000 	21562.000 	20592.000 	20086.000 	20805.000 	19669.000 	22080.000 
TOTAL,GWH,UA	: 	: 	: 	14869.200 	14969.400 	13243.900 	12688.300 	11092.000 	11437.900 	11717.200 	10703.100 	11037.000 	12156.600 	13933.000 	12982.300 	14079.800 	14997.400 	13472.700 	11730.300 	10552.100 	10547.300 	10740.000 	10112.100 	10297.600 	10516.000 	12448.800 	12906.000 	13872.200 	14076.500 	12870.500 	12144.700 	10912.200 	11294.700 	11256.500 	11401.100 	11765.600 	12161.000 	13977.500 	13752.100 	15710.700 	15881.300 	14568.000 	13008.300 	11639.800 	12122.600 	12164.400 	11622.400 	11613.600 	11940.900 	15230.100 	14097.800 	15183.300 	14837.000 	13947.100 	13115.100 	: 	: 	: 	: 	: 	: 	: 	: 	: 	: 	: 	: 	: 	: 	: 	: 	: 	: 	: 	: 	: 
TOTAL,GWH,UK	: 	: 	: 	: 	: 	: 	: 	: 	: 	: 	: 	: 	: 	: 	: 	: 	: 	: 	25689.617 	23560.175 	22583.553 	23669.727 	21767.839 	21036.882 	21156.079 	26680.040 	27025.166 	29746.058 	28233.728 	27737.335 	26883.062 	23654.003 	23200.063 	23771.903 	22846.822 	23932.446 	25298.574 	26754.369 	25676.946 	31171.672 	28583.528 	28316.083 	26704.405 	23926.740 	23652.599 	23752.164 	22931.744 	24227.669 	26082.082 	30318.290 	28344.349 	30535.976 	31095.541 	30095.727 	27095.303 	24449.842 	23473.768 	23639.840 	23507.860 	24689.384 	24503.072 	27876.219 	27955.364 	30771.138 	30694.000 	29967.000 	27125.000 	24602.000 	23387.000 	23359.000 	23790.000 	24154.000 	26486.000 	29040.000 	25205.000 	30810.000 
X9900,GWH,AL	: 	0.000 	0.000 	0.000 	0.000 	0.000 	0.000 	0.000 	0.000 	0.000 	0.000 	0.000 	0.000 	0.000 	0.000 	0.000 	0.000 	0.000 	0.000 	0.000 	0.000 	0.000 	0.000 	0.000 	0.000 	0.000 	0.000 	0.000 	0.000 	0.000 	0.000 	0.000 	0.000 	0.000 	0.000 	0.000 	0.000 	0.000 	0.000 	0.000 	0.000 	0.000 	0.000 	0.000 	0.000 	0.000 	0.000 	0.000 	0.000 	0.000 	0.000 	0.000 	: 	: 	: 	: 	: 	: 	: 	: 	: 	: 	: 	: 	: 	: 	: 	: 	: 	: 	: 	: 	: 	: 	: 	: 
X9900,GWH,AT	: 	476.104 	348.370 	375.317 	361.787 	364.943 	478.929 	571.143 	728.943 	686.344 	779.550 	752.577 	549.621 	434.562 	366.623 	360.498 	377.449 	471.800 	623.785 	624.906 	672.642 	711.280 	690.375 	696.668 	609.583 	486.042 	457.859 	378.144 	434.658 	476.149 	442.917 	473.363 	466.176 	524.975 	652.434 	656.927 	605.497 	502.347 	387.075 	429.934 	478.751 	459.493 	475.820 	522.141 	471.160 	561.170 	625.361 	705.661 	635.740 	417.951 	343.985 	465.453 	431.324 	470.863 	521.740 	592.851 	582.353 	574.111 	563.435 	644.693 	506.249 	477.347 	332.589 	329.193 	: 	: 	: 	: 	: 	: 	: 	: 	: 	: 	: 	: 
X9900,GWH,BA	: 	: 	0.000 	0.000 	0.000 	0.000 	0.000 	0.000 	0.000 	0.000 	0.000 	0.000 	0.000 	0.000 	0.000 	0.000 	0.000 	0.000 	0.000 	0.000 	0.000 	0.000 	0.000 	0.000 	0.000 	0.000 	0.000 	0.000 	0.000 	0.000 	0.000 	0.000 	0.000 	0.000 	0.000 	0.000 	0.000 	0.000 	0.000 	0.000 	: 	: 	: 	: 	: 	: 	: 	0.000 	0.000 	0.000 	0.000 	0.000 	: 	: 	: 	: 	0.000 	0.000 	0.000 	0.000 	0.000 	0.000 	0.000 	0.000 	: 	: 	: 	: 	: 	: 	: 	: 	: 	: 	: 	: 
X9900,GWH,BE	: 	: 	6.438 	7.728 	9.200 	12.525 	10.311 	11.943 	7.898 	8.280 	7.928 	7.598 	7.503 	8.252 	7.474 	8.742 	7.427 	8.189 	6.282 	9.331 	8.503 	11.602 	13.400 	17.775 	16.320 	17.072 	13.927 	13.052 	16.677 	14.670 	15.864 	15.337 	15.235 	14.610 	14.913 	17.108 	16.427 	19.577 	16.843 	18.449 	17.066 	19.524 	22.083 	18.674 	18.138 	18.461 	14.817 	18.918 	17.882 	14.424 	19.993 	18.529 	10.926 	12.898 	10.695 	15.173 	13.587 	13.319 	14.936 	16.180 	16.299 	16.094 	14.977 	18.768 	: 	: 	: 	: 	: 	: 	: 	: 	: 	: 	: 	: 
X9900,GWH,BG	: 	: 	3.352 	3.292 	3.400 	4.393 	1.805 	0.000 	0.000 	4.373 	4.447 	4.145 	3.521 	3.265 	2.818 	3.013 	3.482 	3.310 	3.554 	0.034 	0.000 	2.593 	3.771 	3.650 	4.197 	3.915 	3.386 	3.512 	3.272 	3.809 	0.291 	0.516 	0.000 	1.837 	2.092 	2.963 	4.256 	4.493 	3.625 	3.727 	3.731 	2.640 	3.198 	0.448 	0.000 	0.000 	2.241 	2.587 	0.496 	2.224 	2.177 	2.426 	2.472 	3.171 	3.058 	0.017 	0.000 	2.047 	4.485 	3.877 	3.518 	4.592 	4.112 	2.488 	: 	: 	: 	: 	: 	: 	: 	: 	: 	: 	: 	: 
X9900,GWH,CY	: 	: 	0.000 	0.000 	0.000 	0.000 	0.000 	0.000 	0.000 	0.000 	0.000 	0.000 	0.000 	0.000 	0.000 	0.000 	0.000 	0.000 	0.000 	0.000 	0.000 	0.000 	0.000 	0.000 	0.000 	0.000 	0.000 	0.000 	0.000 	0.000 	0.000 	0.000 	0.000 	0.000 	0.000 	0.000 	0.000 	0.000 	0.000 	0.000 	0.000 	0.000 	0.000 	0.000 	0.000 	0.000 	0.000 	0.000 	0.000 	0.000 	0.000 	0.000 	0.000 	0.000 	0.000 	0.000 	0.000 	0.000 	0.000 	0.000 	0.000 	0.000 	0.000 	0.000 	: 	: 	: 	: 	: 	: 	: 	: 	: 	: 	: 	: 
X9900,GWH,CZ	: 	: 	11.641 	12.852 	9.850 	10.005 	10.414 	9.364 	9.415 	9.428 	10.012 	11.904 	10.869 	11.780 	11.133 	11.907 	9.520 	8.578 	7.461 	8.944 	5.055 	8.503 	9.237 	10.537 	9.059 	9.681 	9.448 	10.113 	10.023 	10.858 	8.485 	8.650 	8.901 	10.759 	7.264 	9.551 	9.871 	8.759 	9.446 	10.187 	8.362 	7.855 	6.769 	6.041 	8.439 	10.030 	7.244 	9.958 	9.022 	9.093 	8.861 	9.152 	9.080 	8.770 	9.589 	7.198 	8.922 	6.289 	4.743 	9.934 	9.294 	8.563 	8.671 	9.028 	: 	: 	: 	: 	: 	: 	: 	: 	: 	: 	: 	: 
X9900,GWH,DE	: 	: 	27.899 e	36.305 e	43.704 e	46.567 e	40.876 e	25.433 e	26.684 e	50.319 e	46.300 e	50.169 e	51.015 e	50.439 e	55.662 e	54.541 e	62.093 e	46.014 e	38.239 e	42.030 e	41.962 e	41.529 e	49.061 e	43.578 e	30.293 e	39.532 e	40.634 e	40.682 e	45.100 e	35.562 e	44.467 e	53.040 e	45.721 e	49.599 e	47.652 e	45.328 e	48.318 e	43.144 e	41.921 e	34.732 e	37.810 e	51.742 e	36.878 e	35.893 e	58.312 e	53.320 e	42.453 e	43.105 e	47.828 e	37.840 e	40.288 e	37.282 e	33.795 e	49.284 e	53.759 e	44.914 e	51.129 e	44.112 e	36.524 e	51.074 e	45.323 e	53.561 e	47.041 e	53.590 e	: 	: 	: 	: 	: 	: 	: 	: 	: 	: 	: 	: 
X9900,GWH,DK	: 	0.009 	0.007 	0.006 	0.003 	0.006 	0.015 	0.005 	0.008 	0.006 	0.008 	0.008 	0.004 	0.003 	0.001 	0.003 	0.004 	0.005 	0.026 	0.008 	0.008 	0.008 	0.008 	0.005 	0.005 	0.003 	0.001 	0.000 	0.000 	0.000 	0.015 	0.002 	0.004 	0.004 	0.004 	0.005 	0.004 	0.002 	0.001 	0.000 	0.000 	0.000 	0.014 	0.003 	0.003 	0.006 	0.006 	0.006 	0.003 	0.002 	0.001 	0.000 	0.000 	0.000 	0.000 	0.006 	0.007 	0.006 	0.005 	0.007 	0.005 	0.000 	0.000 	0.001 	: 	: 	: 	: 	: 	: 	: 	: 	: 	: 	: 	: 
X9900,GWH,EA19	: 	: 	444.843 	489.264 	483.141 	493.109 	602.802 	672.736 	836.520 	811.493 	890.880 	875.875 	670.509 	555.300 	482.646 	478.848 	505.489 	586.118 	732.870 	739.538 	786.719 	826.041 	803.675 	814.152 	716.262 	605.361 	571.129 	454.851 	555.741 	587.945 	565.285 	605.753 	591.531 	652.623 	749.797 	787.082 	745.140 	639.609 	514.557 	561.424 	557.042 	555.435 	559.798 	602.685 	575.561 	657.878 	708.030 	787.278 	726.610 	495.136 	424.156 	543.539 	501.165 	559.177 	614.320 	679.413 	675.213 	661.203 	642.950 	732.339 	596.331 	574.357 	417.111 	427.965 	: 	: 	: 	: 	: 	: 	: 	: 	: 	: 	: 	: 
X9900,GWH,EE	: 	: 	0.000 	0.000 	0.000 	0.000 	0.000 	0.000 	0.000 	0.000 	0.000 	0.000 	0.000 	0.000 	0.000 	0.000 	0.000 	0.000 	0.000 	0.000 	0.000 	0.000 	0.000 	0.000 	0.000 	0.000 	0.000 	0.000 	0.000 	0.000 	0.000 	0.000 	0.000 	0.000 	0.000 	0.000 	0.000 	0.000 	0.000 	0.000 	0.000 	0.000 	0.000 	0.000 	0.000 	0.000 	0.000 	0.000 	0.000 	0.000 	0.000 	0.000 	0.000 	0.000 	0.000 	0.000 	0.000 	0.000 	0.000 	0.000 	0.000 	0.000 	0.000 	0.000 	: 	: 	: 	: 	: 	: 	: 	: 	: 	: 	: 	: 
X9900,GWH,EL	: 	2.010 	1.950 	2.090 	2.160 	2.110 	2.050 	2.130 	1.680 	1.807 	1.642 	1.490 	1.220 	1.090 	0.950 	1.150 	1.190 	1.230 	1.580 	1.582 	1.740 	1.760 	1.590 	1.130 	0.586 	1.309 	1.623 	1.730 	1.693 	1.603 	1.598 	1.676 	1.663 	1.710 	1.731 	1.520 	1.280 	1.310 	1.140 	1.070 	1.010 	0.980 	0.960 	0.890 	0.970 	0.930 	0.860 	0.900 	0.900 	0.900 	0.810 	0.880 	0.840 	0.840 	0.960 	0.940 	0.970 	0.960 	0.900 	0.890 	0.950 	0.960 	0.820 	0.810 	: 	: 	: 	: 	: 	: 	: 	: 	: 	: 	: 	: 
X9900,GWH,ES	: 	: 	0.000 	0.000 	0.000 	0.000 	0.000 	0.000 	0.000 	0.000 	0.000 	0.000 	0.000 	0.000 	0.000 	0.000 	0.000 	0.000 	0.000 	0.000 	0.000 	0.000 	0.000 	0.000 	0.000 	0.000 	0.000 	0.000 	0.000 	0.000 	0.000 	0.000 	0.000 	0.000 	0.000 	0.000 	0.000 	0.000 	0.000 	0.000 	0.000 	0.000 	0.000 	0.000 	0.000 	0.000 	0.000 	0.000 	0.000 	0.000 	0.000 	0.000 	0.000 	0.000 	0.000 	0.000 	0.000 	0.000 	0.000 	0.000 	0.000 	0.000 	0.000 	0.000 	: 	: 	: 	: 	: 	: 	: 	: 	: 	: 	: 	: 
X9900,GWH,EU27_2020	: 	: 	459.843 	505.414 	496.394 	507.513 	615.036 	682.105 	845.943 	825.300 	905.347 	891.932 	684.903 	570.348 	496.598 	493.771 	518.495 	598.011 	743.911 	748.524 	791.782 	837.145 	816.691 	828.344 	729.523 	618.960 	583.964 	468.476 	569.036 	602.612 	574.076 	614.921 	600.436 	665.223 	759.157 	799.601 	759.271 	652.863 	527.629 	575.338 	569.135 	565.930 	569.779 	609.177 	584.003 	667.914 	717.521 	799.829 	736.131 	506.455 	435.195 	555.117 	512.717 	571.118 	626.967 	686.634 	684.142 	669.545 	652.183 	746.157 	609.148 	587.512 	429.894 	439.482 	: 	: 	: 	: 	: 	: 	: 	: 	: 	: 	: 	: 
X9900,GWH,FI	0.000 	0.000 	0.000 	0.000 	0.000 	0.000 	0.000 	0.000 	0.000 	0.000 	0.000 	0.000 	0.000 	0.000 	0.000 	0.000 	0.000 	0.000 	0.000 	0.000 	0.000 	0.000 	0.000 	0.000 	0.000 	0.000 	0.000 	0.000 	0.000 	0.000 	0.000 	0.000 	0.000 	0.000 	0.000 	0.000 	0.000 	0.000 	0.000 	0.000 	0.000 	0.000 	0.000 	0.000 	0.000 	0.000 	0.000 	0.000 	0.000 	0.000 	0.000 	0.000 	0.000 	0.000 	0.000 	0.000 	0.000 	0.000 	0.000 	0.000 	0.000 	0.000 	0.000 	0.000 	: 	: 	: 	: 	: 	: 	: 	: 	: 	: 	: 	: 
X9900,GWH,FR	: 	0.000 	0.000 	0.000 	0.000 	0.000 	0.000 	0.000 	0.000 	0.000 	0.000 	0.000 	0.000 	0.000 	0.000 	0.000 	0.000 	0.000 	0.000 	0.000 	0.000 	0.000 	0.000 	0.000 	0.000 	0.000 	0.000 	0.000 	0.000 	0.000 	0.000 	0.000 	0.000 	0.000 	0.000 	0.000 	0.000 	0.000 	0.000 	0.000 	0.000 	0.000 	0.000 	0.000 	0.000 	0.000 	0.000 	0.000 	0.000 	0.000 	0.000 	0.000 	0.000 	0.000 	0.000 	0.000 	0.000 	0.000 	0.000 	0.000 	0.000 	0.000 	0.000 	0.000 	: 	: 	: 	: 	: 	: 	: 	: 	: 	: 	: 	: 
X9900,GWH,GE	: 	0.000 	0.000 	0.000 	0.000 	0.000 	0.000 	0.000 	0.000 	0.000 	0.000 	0.000 	0.000 	0.000 	0.000 	0.000 	0.000 	0.000 	0.000 	0.000 	0.000 	0.000 	0.000 	0.000 	0.000 	0.000 	0.000 	0.000 	0.000 	0.000 	0.000 	0.000 	0.000 	0.000 	0.000 	0.000 	0.000 	0.000 	0.000 	0.000 	0.000 	0.000 	0.000 	0.000 	0.000 	0.000 	0.000 	0.000 	0.000 	0.000 	0.000 	0.000 	: 	: 	: 	: 	: 	: 	: 	: 	: 	: 	: 	: 	: 	: 	: 	: 	: 	: 	: 	: 	: 	: 	: 	: 
X9900,GWH,HR	: 	0.000 	0.000 	0.000 	0.000 	0.000 	0.000 	0.000 	0.000 	0.000 	0.000 	0.000 	0.000 	0.000 	0.000 	0.000 	0.000 	0.000 	0.000 	0.000 	0.000 	0.000 	0.000 	0.000 	0.000 	0.000 	0.000 	0.000 	0.000 	0.000 	0.000 	0.000 	0.000 	0.000 	0.000 	0.000 	0.000 	0.000 	0.000 	0.000 	0.000 	0.000 	0.000 	0.000 	0.000 	0.000 	0.000 	0.000 	0.000 	0.000 	0.000 	0.000 	0.000 	0.000 	0.000 	0.000 	0.000 	0.000 	0.000 	0.000 	0.000 	0.000 	0.000 	0.000 	: 	: 	: 	: 	: 	: 	: 	: 	: 	: 	: 	: 
X9900,GWH,HU	: 	: 	0.000 	0.000 	0.000 	0.000 	0.000 	0.000 	0.000 	0.000 	0.000 	0.000 	0.000 	0.000 	0.000 	0.000 	0.000 	0.000 	0.000 	0.000 	0.000 	0.000 	0.000 	0.000 	0.000 	0.000 	0.000 	0.000 	0.000 	0.000 	0.000 	0.000 	0.000 	0.000 	0.000 	0.000 	0.000 	0.000 	0.000 	0.000 	0.000 	0.000 	0.000 	0.000 	0.000 	0.000 	0.000 	0.000 	0.000 	0.000 	0.000 	0.000 	0.000 	0.000 	0.000 	0.000 	0.000 	0.000 	0.000 	0.000 	0.000 	0.000 	0.000 	0.000 	: 	: 	: 	: 	: 	: 	: 	: 	: 	: 	: 	: 
X9900,GWH,IE	: 	0.000 	0.000 	0.000 	0.000 	0.000 	0.000 	0.000 	0.000 	0.000 	0.000 	0.000 	0.000 	0.000 	0.000 	0.000 	0.000 	0.000 	0.000 	0.000 	0.000 	0.000 	0.000 	0.000 	0.000 	0.000 	0.000 	0.000 	0.000 	0.000 	0.000 	0.000 	0.000 	0.000 	0.000 	0.000 	0.000 	0.000 	0.000 	0.000 	0.000 	0.000 	0.000 	0.000 	0.000 	0.000 	0.000 	0.000 	0.000 	0.000 	0.000 	0.000 	0.000 	0.000 	0.000 	0.000 	0.000 	0.000 	0.000 	0.000 	0.000 	0.000 	0.000 	0.000 	: 	: 	: 	: 	: 	: 	: 	: 	: 	: 	: 	: 
X9900,GWH,IS	: 	0.000 	0.000 	0.000 	0.000 	0.000 	0.000 	0.000 	0.000 	0.000 	0.000 	0.000 	0.000 	0.000 	0.000 	0.000 	0.000 	0.000 	0.000 	0.000 	0.000 	0.000 	0.000 	0.000 	0.000 	0.000 	0.000 	0.000 	0.000 	0.000 	0.000 	0.000 	0.000 	0.000 	0.000 	0.000 	0.000 	0.000 	0.000 	0.000 	0.000 	0.000 	0.000 	0.000 	0.000 	0.000 	0.000 	0.000 	0.000 	0.000 	0.000 	0.000 	0.000 	0.000 	0.000 	0.000 	0.000 	0.000 	0.000 	0.000 	0.000 	0.000 	0.000 	0.000 	: 	: 	: 	: 	: 	: 	: 	: 	: 	: 	: 	: 
X9900,GWH,IT	: 	: 	0.000 	0.000 	0.000 	0.000 	0.000 	0.000 	0.000 	0.000 	0.000 	0.000 	0.000 	0.000 	0.000 	0.000 	0.000 	0.000 	0.000 	0.000 	0.000 	0.000 	0.000 	0.000 	0.000 	0.000 	0.000 	0.000 	0.000 	0.000 	0.000 	0.000 	0.000 	0.000 	0.000 	0.000 	0.000 	0.000 	0.000 	0.000 	0.000 	0.000 	0.000 	0.000 	0.000 	0.000 	0.000 	0.000 	0.000 	0.000 	0.000 	0.000 	0.000 	0.000 	0.000 	0.000 	0.000 	0.000 	0.000 	0.000 	0.000 	0.000 	0.000 	0.000 	: 	: 	: 	: 	: 	: 	: 	: 	: 	: 	: 	: 
X9900,GWH,LT	: 	: 	13.835 	13.458 	14.589 	14.791 	16.238 	16.880 	18.316 	18.922 	18.782 	11.468 	14.340 	15.174 	10.540 	13.647 	13.696 	13.918 	16.808 	18.166 	18.467 	18.499 	18.467 	13.224 	16.488 	17.172 	15.329 	16.243 	14.241 	16.175 	19.100 	20.800 	20.300 	20.032 	19.474 	12.606 	19.192 	18.606 	15.355 	17.645 	17.405 	18.696 	20.057 	21.087 	21.981 	17.997 	20.539 	14.694 	19.260 	18.021 	16.080 	17.395 	18.280 	19.292 	21.166 	21.535 	22.174 	22.701 	22.155 	14.502 	21.510 	21.395 	18.684 	19.604 	: 	: 	: 	: 	: 	: 	: 	: 	: 	: 	: 	: 
X9900,GWH,LU	: 	: 	0.000 	0.000 	0.000 	0.000 	0.000 	0.000 	0.000 	0.000 	0.000 	0.000 	0.000 	0.000 	0.000 	0.000 	0.000 	0.000 	0.000 	0.000 	0.000 	0.000 	0.000 	0.000 	0.000 	0.000 	0.000 	0.000 	0.000 	0.000 	0.000 	0.000 	0.000 	0.000 	0.000 	0.000 	0.000 	0.000 	0.000 	0.000 	0.000 	0.000 	0.000 	0.000 	0.000 	0.000 	0.000 	0.000 	0.000 	0.000 	0.000 	0.000 	0.000 	0.000 	0.000 	0.000 	0.000 	0.000 	0.000 	0.000 	0.000 	0.000 	0.000 	0.000 	: 	: 	: 	: 	: 	: 	: 	: 	: 	: 	: 	: 
X9900,GWH,LV	: 	0.000 	0.000 	0.000 	0.000 	0.000 	0.000 	0.000 	0.000 	0.000 	0.000 	0.000 	0.000 	0.000 	0.000 	0.000 	0.000 	0.000 	0.000 	0.000 	0.000 	0.000 	0.000 	0.000 	0.000 	0.000 	0.000 	0.000 	0.000 	0.000 	0.000 	0.000 	0.000 	0.000 	0.000 	0.000 	0.000 	0.000 	0.000 	0.000 	0.000 	0.000 	0.000 	0.000 	0.000 	0.000 	0.000 	0.000 	0.000 	0.000 	0.000 	0.000 	0.000 	0.000 	0.000 	0.000 	0.000 	0.000 	0.000 	0.000 	0.000 	0.000 	0.000 	0.000 	: 	: 	: 	: 	: 	: 	: 	: 	: 	: 	: 	: 
X9900,GWH,MD	: 	: 	0.000 	0.000 	0.000 	0.000 	0.000 	0.000 	0.000 	0.000 	0.000 	0.000 	0.000 	0.000 	0.000 	0.000 	0.000 	0.000 	0.000 	0.000 	0.000 	0.000 	0.000 	0.000 	0.000 	0.000 	0.000 	0.000 	: 	: 	: 	: 	: 	: 	: 	: 	: 	: 	: 	: 	: 	: 	: 	: 	: 	: 	: 	: 	: 	: 	: 	: 	: 	: 	: 	: 	: 	: 	: 	: 	: 	: 	: 	: 	: 	: 	: 	: 	: 	: 	: 	: 	: 	: 	: 	: 
X9900,GWH,ME	: 	: 	: 	: 	: 	: 	: 	: 	: 	: 	: 	: 	: 	: 	: 	: 	: 	: 	: 	: 	: 	: 	: 	: 	: 	: 	: 	: 	: 	: 	: 	: 	: 	: 	: 	: 	0.000 	0.000 	0.000 	0.000 	0.000 	0.000 	0.000 	0.000 	0.000 	0.000 	0.000 	0.000 	0.000 	0.000 	0.000 	0.000 	0.000 	0.000 	0.000 	0.000 	0.000 	0.000 	0.000 	0.000 	0.000 	0.000 	0.000 	0.000 	: 	: 	: 	: 	: 	: 	: 	: 	: 	: 	: 	: 
X9900,GWH,MK	: 	: 	0.000 	0.000 	0.000 	0.000 	0.000 	0.000 	0.000 	0.000 	0.000 	0.000 	0.000 	0.000 	0.000 	0.000 	0.000 	0.000 	0.000 	0.000 	0.000 	0.000 	0.000 	0.000 	0.000 	0.000 	0.000 	0.000 	0.000 	0.000 	0.000 	0.000 	0.000 	0.000 	0.000 	0.000 	0.000 	0.000 	0.000 	0.000 	0.000 	0.000 	0.000 	0.000 	0.000 	0.000 	0.000 	0.000 	0.000 	0.000 	0.000 	0.000 	0.000 	0.000 	0.000 	0.000 	0.000 	0.000 	0.000 	0.000 	0.000 	0.000 	0.000 	0.000 	: 	: 	: 	: 	: 	: 	: 	: 	: 	: 	: 	: 
X9900,GWH,MT	: 	0.000 	0.000 	0.000 	0.000 	0.000 	0.000 	0.000 	0.000 	0.000 	0.000 	0.000 	0.000 	0.000 	0.000 	0.000 	0.000 	0.000 	0.000 	0.000 	0.000 	0.000 	0.000 	0.000 	0.000 	0.000 	0.000 	0.000 	0.000 	0.000 	0.000 	0.000 	0.000 	0.000 	0.000 	0.000 	0.000 	0.000 	0.000 	0.000 	0.000 	0.000 	0.000 	0.000 	0.000 	0.000 	0.000 	0.000 	0.000 	0.000 	0.000 	0.000 	0.000 	0.000 	0.000 	0.000 	0.000 	0.000 	0.000 	0.000 	0.000 	0.000 	0.000 	0.000 	: 	: 	: 	: 	: 	: 	: 	: 	: 	: 	: 	: 
X9900,GWH,NL	: 	: 	43.351 e	50.366 e	46.701 e	47.173 e	50.398 e	44.207 e	48.999 e	40.821 e	31.678 e	47.573 e	41.810 e	41.783 e	38.397 e	34.270 e	38.634 e	39.967 e	41.176 e	39.523 e	40.405 e	37.371 e	25.782 e	37.777 e	39.992 e	41.234 e	38.757 e	0.000 e	39.372 e	37.786 e	36.339 e	37.537 e	38.436 e	37.697 e	9.593 e	49.593 e	50.426 e	51.625 e	49.223 e	55.594 e	0.000 e	0.000 e	0.000 e	0.000 e	0.000 e	0.000 e	0.000 e	0.000 e	0.000 e	0.000 e	0.000 e	0.000 e	0.000 e	0.000 e	0.000 e	0.000 e	0.000 e	0.000 e	0.000 e	0.000 e	0.000 e	0.000 e	0.000 e	0.000 e	: 	: 	: 	: 	: 	: 	: 	: 	: 	: 	: 	: 
X9900,GWH,NO	0.000 	0.000 	0.000 	0.000 	0.000 	0.000 	0.000 	0.000 	0.000 	0.000 	0.000 	0.000 	0.000 	0.000 	0.000 	0.000 	0.000 	0.000 	0.000 	0.000 	0.000 	0.000 	0.000 	0.000 	0.000 	0.000 	0.000 	0.000 	0.000 	0.000 	0.000 	0.000 	0.000 	0.000 	0.000 	0.000 	0.000 	0.000 	0.000 	0.000 	0.000 	0.000 	0.000 	0.000 	0.000 	0.000 	0.000 	0.000 	0.000 	0.000 	0.000 	0.000 	0.000 	0.000 	0.000 	0.000 	0.000 	0.000 	0.000 	0.000 	0.000 	0.000 	0.000 	0.000 	: 	: 	: 	: 	: 	: 	: 	: 	: 	: 	: 	: 
X9900,GWH,PL	: 	: 	0.000 	0.000 	0.000 	0.000 	0.000 	0.000 	0.000 	0.000 	0.000 	0.000 	0.000 	0.000 	0.000 	0.000 	0.000 	0.000 	0.000 	0.000 	0.000 	0.000 	0.000 	0.000 	0.000 	0.000 	0.000 	0.000 	0.000 	0.000 	0.000 	0.000 	0.000 	0.000 	0.000 	0.000 	0.000 	0.000 	0.000 	0.000 	0.000 	0.000 	0.000 	0.000 	0.000 	0.000 	0.000 	0.000 	0.000 	0.000 	0.000 	0.000 	0.000 	0.000 	0.000 	0.000 	0.000 	0.000 	0.000 	0.000 	0.000 	0.000 	0.000 	0.000 	: 	: 	: 	: 	: 	: 	: 	: 	: 	: 	: 	: 
X9900,GWH,PT	: 	: 	0.000 	0.000 	0.000 	0.000 	0.000 	0.000 	0.000 	0.000 	0.000 	0.000 	0.000 	0.000 	0.000 	0.000 	0.000 	0.000 	0.000 	0.000 	0.000 	0.000 	0.000 	0.000 	0.000 	0.000 	0.000 	0.000 	0.000 	0.000 	0.000 	0.000 	0.000 	0.000 	0.000 	0.000 	0.000 	0.000 	0.000 	0.000 	0.000 	0.000 	0.000 	0.000 	0.000 	0.000 	0.000 	0.000 	0.000 	0.000 	0.000 	0.000 	0.000 	0.000 	0.000 	0.000 	0.000 	0.000 	0.000 	0.000 	0.000 	0.000 	0.000 	0.000 	: 	: 	: 	: 	: 	: 	: 	: 	: 	: 	: 	: 
X9900,GWH,RO	: 	0.000 	0.000 	0.000 	0.000 	0.000 	0.000 	0.000 	0.000 	0.000 	0.000 	0.000 	0.000 	0.000 	0.000 	0.000 	0.000 	0.000 	0.000 	0.000 	0.000 	0.000 	0.000 	0.000 	0.000 	0.000 	0.000 	0.000 	0.000 	0.000 	0.000 	0.000 	0.000 	0.000 	0.000 	0.000 	0.000 	0.000 	0.000 	0.000 	0.000 	0.000 	0.000 	0.000 	0.000 	0.000 	0.000 	0.000 	0.000 	0.000 	0.000 	0.000 	0.000 	0.000 	0.000 	0.000 	0.000 	0.000 	0.000 	0.000 	0.000 	0.000 	0.000 	0.000 	: 	: 	: 	: 	: 	: 	: 	: 	: 	: 	: 	: 
X9900,GWH,RS	: 	0.000 	0.000 	0.000 	0.000 	0.000 	0.000 	0.000 	0.000 	0.000 	0.000 	0.000 	0.000 	0.000 	0.000 	0.000 	0.000 	0.000 	0.000 	0.000 	0.000 	0.000 	0.000 	0.000 	0.000 	0.000 	0.000 	0.000 	0.000 	0.000 	0.000 	0.000 	0.000 	0.000 	0.000 	0.000 	0.000 	0.000 	0.000 	0.000 	0.000 	0.000 	0.000 	0.000 	0.000 	0.000 	0.000 	0.000 	0.000 	0.000 	0.000 	0.000 	0.000 	0.000 	0.000 	0.000 	0.000 	0.000 	0.000 	0.000 	0.000 	0.000 	0.000 	0.000 	: 	: 	: 	: 	: 	: 	: 	: 	: 	: 	: 	: 
X9900,GWH,SE	: 	0.000 	0.000 	0.000 	0.000 	0.000 	0.000 	0.000 	0.000 	0.000 	0.000 	0.000 	0.000 	0.000 	0.000 	0.000 	0.000 	0.000 	0.000 	0.000 	0.000 	0.000 	0.000 	0.000 	0.000 	0.000 	0.000 	0.000 	0.000 	0.000 	0.000 	0.000 	0.000 	0.000 	0.000 	0.000 	0.000 	0.000 	0.000 	0.000 	0.000 	0.000 	0.000 	0.000 	0.000 	0.000 	0.000 	0.000 	0.000 	0.000 	0.000 	0.000 	0.000 	0.000 	0.000 	0.000 	0.000 	0.000 	0.000 	0.000 	0.000 	0.000 	0.000 	0.000 	: 	: 	: 	: 	: 	: 	: 	: 	: 	: 	: 	: 
X9900,GWH,SI	: 	: 	0.000 	0.000 	0.000 	0.000 	0.000 	0.000 	0.000 	0.000 	0.000 	0.000 	0.000 	0.000 	0.000 	0.000 	0.000 	0.000 	0.000 	0.000 	0.000 	0.000 	0.000 	0.000 	0.000 	0.000 	0.000 	0.000 	0.000 	0.000 	0.000 	0.000 	0.000 	0.000 	0.000 	0.000 	0.000 	0.000 	0.000 	0.000 	0.000 	0.000 	0.000 	0.000 	0.000 	0.000 	0.000 	0.000 	0.000 	0.000 	0.000 	0.000 	0.000 	0.000 	0.000 	0.000 	0.000 	0.000 	0.000 	0.000 	0.000 	0.000 	0.000 	0.000 	: 	: 	: 	: 	: 	: 	: 	: 	: 	: 	: 	: 
X9900,GWH,SK	: 	5.000 	3.000 	4.000 	5.000 	5.000 	4.000 	1.000 	4.000 	5.000 	5.000 	5.000 	5.000 	4.000 	3.000 	6.000 	5.000 	5.000 	5.000 	4.000 	3.000 	4.000 	5.000 	4.000 	3.000 	3.000 	3.000 	5.000 	4.000 	6.000 	5.000 	4.000 	4.000 	4.000 	4.000 	4.000 	4.000 	3.000 	3.000 	4.000 	5.000 	5.000 	4.000 	4.000 	5.000 	6.000 	4.000 	4.000 	5.000 	6.000 	3.000 	4.000 	6.000 	6.000 	6.000 	4.000 	5.000 	6.000 	5.000 	5.000 	6.000 	5.000 	3.000 	6.000 	: 	: 	: 	: 	: 	: 	: 	: 	: 	: 	: 	: 
X9900,GWH,TR	: 	: 	77.076 	67.783 	71.979 	78.345 	79.899 	77.068 	75.955 	77.708 	60.613 	59.049 	76.476 	55.740 	61.763 	68.654 	62.854 	63.170 	70.173 	67.729 	66.028 	66.877 	51.013 	64.309 	57.619 	53.245 	50.029 	51.811 	52.372 	60.383 	64.860 	50.417 	47.979 	36.198 	53.891 	64.552 	62.071 	57.588 	53.595 	60.756 	54.158 	52.889 	40.467 	59.245 	62.161 	63.428 	63.623 	66.193 	60.489 	61.952 	54.511 	64.010 	52.347 	52.114 	68.741 	73.818 	72.763 	62.808 	64.810 	62.389 e	51.803 e	51.395 e	52.935 e	53.743 e	: 	: 	: 	: 	: 	: 	: 	: 	: 	: 	: 	: 
X9900,GWH,UA	: 	: 	: 	0.000 	0.000 	0.000 	0.000 	0.000 	0.000 	0.000 	0.000 	0.000 	0.000 	0.000 	0.000 	0.000 	0.000 	0.000 	0.000 	0.000 	0.000 	0.000 	0.000 	0.000 	0.000 	0.000 	0.000 	0.000 	0.000 	0.000 	0.000 	0.000 	0.000 	0.000 	0.000 	0.000 	0.000 	0.000 	0.000 	0.000 	0.000 	0.000 	0.000 	0.000 	0.000 	0.000 	0.000 	0.000 	0.000 	0.000 	0.000 	0.000 	0.000 	0.000 	0.000 	: 	: 	: 	: 	: 	: 	: 	: 	: 	: 	: 	: 	: 	: 	: 	: 	: 	: 	: 	: 	: 
X9900,GWH,UK	: 	: 	: 	: 	: 	: 	: 	: 	: 	: 	: 	: 	: 	: 	: 	: 	: 	: 	0.000 	0.000 	0.000 	0.000 	0.000 	0.000 	0.000 	0.000 	0.000 	0.000 	0.000 	0.000 	0.000 	0.000 	0.000 	0.000 	0.000 	0.000 	0.000 	0.000 	0.000 	0.000 	0.000 	0.000 	0.000 	0.000 	0.000 	0.000 	0.000 	0.000 	0.000 	0.000 	0.000 	0.000 	0.000 	0.000 	0.000 	0.000 	0.000 	0.000 	0.000 	0.000 	0.000 	0.000 	0.000 	0.000 	: 	: 	: 	: 	: 	: 	: 	: 	: 	: 	: 	: 
