siec,plant_tec,unit,geo\time	2020 	2019 	2018 	2017 	2016 	2015 	2014 	2013 	2012 	2011 	2010 	2009 	2008 	2007 	2006 	2005 	2004 	2003 	2002 	2001 	2000 	1999 	1998 	1997 	1996 	1995 	1994 	1993 	1992 	1991 	1990 
R5100,CAP_NET_ELC,MW,AL	0.000 	0.000 	0.000 	0.000 	0.000 	0.000 	0.000 	0.000 	0.000 	0.000 	0.000 	0.000 	0.000 	0.000 	0.000 	0.000 	0.000 	0.000 	0.000 	0.000 	0.000 	0.000 	0.000 	0.000 	0.000 	0.000 	0.000 	0.000 	0.000 	0.000 	0.000 
R5100,CAP_NET_ELC,MW,AT	816.199 	813.428 	824.253 	837.771 	916.695 	938.621 	958.884 	1017.352 	1105.461 	1627.970 	1588.634 	1553.826 	1542.490 	1548.850 	1334.785 	1118.310 	766.000 	766.000 	766.000 	766.000 	780.000 	787.000 	747.000 	609.000 	607.000 	544.000 	412.000 	412.000 	400.000 	400.000 	400.000 
R5100,CAP_NET_ELC,MW,BA	1.120 	1.220 	0.250 	0.000 	0.000 	0.000 	0.000 	: 	: 	: 	: 	: 	: 	: 	: 	: 	: 	: 	: 	: 	: 	: 	: 	: 	: 	: 	: 	: 	: 	: 	: 
R5100,CAP_NET_ELC,MW,BE	563.500 	539.200 	526.300 	559.200 	566.300 	591.300 	557.600 	640.000 	678.000 	701.000 	640.000 	554.000 	442.000 	329.000 	307.000 	294.000 	130.000 	121.000 	57.000 	62.000 	47.000 	38.000 	18.000 	11.000 	19.000 	23.000 	11.000 	11.000 	18.000 	26.000 	26.000 
R5100,CAP_NET_ELC,MW,BG	15.064 	23.513 	33.019 	22.973 	19.000 	34.000 	30.000 	30.000 	14.000 	6.000 	6.000 	6.000 	6.000 	6.000 	6.000 	7.000 	7.000 	7.000 	52.000 	52.000 	52.000 	52.000 	52.000 	0.000 	0.000 	0.000 	0.000 	0.000 	0.000 	0.000 	0.000 
R5100,CAP_NET_ELC,MW,CY	0.000 	0.000 	0.000 	0.000 	0.000 	0.000 	0.000 	0.000 	0.000 	0.000 	0.000 	0.000 	0.000 	0.000 	0.000 	0.000 	0.000 	0.000 	0.000 	0.000 	0.000 	0.000 	0.000 	0.000 	0.000 	0.000 	0.000 	0.000 	0.000 	0.000 	0.000 
R5100,CAP_NET_ELC,MW,CZ	452.000 	434.000 	385.000 	402.000 	376.000 	380.000 	355.000 	306.000 	330.000 	306.000 	271.000 	254.000 	213.000 	176.000 	133.000 	102.000 	103.000 	68.000 	0.000 	0.000 	0.000 	0.000 	0.000 	0.000 	0.000 	0.000 	0.000 	0.000 	0.000 	0.000 	0.000 
R5100,CAP_NET_ELC,MW,DE	1597.000 	1598.000 	1585.000 	1601.000 	1600.000 	1592.000 	1589.000 	1623.000 	1558.000 	1554.000 	1502.000 	1470.000 	1457.000 	1431.000 	1411.000 	1218.000 	1020.000 	859.000 	285.000 	190.000 	129.000 	127.000 	103.000 	84.000 	79.000 	79.000 	79.000 	77.000 	77.000 	43.000 	22.000 
R5100,CAP_NET_ELC,MW,DK	1484.664 	1501.260 	1484.664 	1501.260 	1031.697 	973.414 	989.359 	918.719 	1155.550 	920.648 	868.237 	705.000 	553.000 	333.000 	455.000 	584.000 	474.000 	311.000 	215.000 	133.000 	86.000 	110.000 	95.000 	71.000 	65.000 	110.000 	52.000 	40.000 	40.000 	40.000 	40.000 
R5100,CAP_NET_ELC,MW,EA19	9319.817 	8629.106 	8404.196 	8149.336 	7974.147 	7838.235 	7722.371 	7872.595 	7681.471 	7939.227 	7690.089 	7196.317 	6913.763 	6631.852 	6210.780 	5659.990 	4876.942 	4678.887 	3809.134 	3468.041 	3274.461 	2769.246 	2465.777 	2237.681 	2237.396 	2201.595 	2115.000 	1890.000 	1920.000 	1788.000 	1747.000 
R5100,CAP_NET_ELC,MW,EE	200.000 	180.000 	165.000 	165.000 	165.000 	165.000 	165.000 	150.000 	163.000 	145.000 	138.000 	58.000 	10.000 	10.000 	10.000 	10.000 	10.000 	10.000 	5.000 	0.000 	0.000 	0.000 	0.000 	0.000 	0.000 	5.000 	0.000 	0.000 	0.000 	0.000 	0.000 
R5100,CAP_NET_ELC,MW,EL	14.111 	13.113 	11.880 	2.560 	2.000 	2.000 	0.000 	0.000 	0.000 	0.000 	0.000 	0.000 	0.000 	0.000 	0.000 	0.000 	0.000 	0.000 	0.000 	0.000 	0.000 	0.000 	0.000 	0.000 	0.000 	0.000 	0.000 	0.000 	0.000 	0.000 	0.000 
R5100,CAP_NET_ELC,MW,ES	867.854 	718.441 	672.441 	672.441 	672.441 	672.441 	672.941 	652.941 	635.857 	558.167 	541.167 	502.000 	374.000 	396.000 	388.000 	354.000 	344.000 	329.000 	285.000 	167.000 	150.000 	138.000 	128.000 	127.000 	127.000 	126.000 	183.000 	115.000 	114.000 	115.000 	115.000 
R5100,CAP_NET_ELC,MW,EU27_2020	15560.778 	15749.930 	15558.116 	15037.221 	14351.844 	14213.649 	14008.730 	13118.314 	13455.021 	13211.875 	12557.326 	11809.317 	10857.763 	10070.852 	10359.780 	9240.990 	7343.942 	6798.887 	5790.134 	5587.041 	5158.461 	4426.246 	3948.777 	3947.681 	4053.396 	3820.595 	3672.000 	3459.000 	3356.000 	3028.000 	2987.000 
R5100,CAP_NET_ELC,MW,FI	2442.000 	1963.000 	1966.000 	1966.000 	1747.000 	1751.000 	1751.000 	1751.000 	1727.000 	1759.000 	1653.000 	1653.000 	1755.000 	1757.000 	1730.000 	1720.000 	1700.000 	1700.000 	1600.000 	1600.000 	1500.000 	1200.000 	1100.000 	1100.000 	1100.000 	1146.000 	1146.000 	1054.000 	1085.000 	1003.000 	983.000 
R5100,CAP_NET_ELC,MW,FR	846.514 	873.517 	826.973 	623.044 	610.341 	525.508 	460.556 	446.436 	359.529 	330.062 	353.000 	248.000 	251.000 	245.000 	213.000 	211.000 	202.000 	190.000 	190.000 	189.000 	182.000 	0.000 	0.000 	0.000 	0.000 	0.000 	0.000 	0.000 	0.000 	0.000 	0.000 
R5100,CAP_NET_ELC,MW,GE	0.000 	0.000 	0.000 	0.000 	0.000 	0.000 	0.000 	0.000 	: 	: 	: 	: 	: 	: 	: 	: 	: 	: 	: 	: 	: 	: 	: 	: 	: 	: 	: 	: 	: 	: 	: 
R5100,CAP_NET_ELC,MW,HR	80.200 	75.500 	64.800 	42.000 	26.000 	25.000 	8.000 	7.000 	7.000 	6.000 	3.000 	0.000 	0.000 	0.000 	0.000 	0.000 	0.000 	0.000 	0.000 	0.000 	0.000 	0.000 	0.000 	0.000 	0.000 	0.000 	0.000 	0.000 	0.000 	0.000 	0.000 
R5100,CAP_NET_ELC,MW,HU	397.000 	402.000 	414.000 	386.000 	322.000 	422.000 	467.000 	247.000 	260.000 	436.000 	469.000 	464.000 	356.000 	306.000 	328.000 	337.000 	189.000 	40.000 	44.000 	5.000 	5.000 	5.000 	5.000 	5.000 	5.000 	5.000 	0.000 	0.000 	0.000 	0.000 	0.000 
R5100,CAP_NET_ELC,MW,IE	6.707 	6.650 	5.450 	5.450 	5.450 	5.450 	5.450 	5.450 	5.450 	5.450 	5.350 	5.350 	5.350 	1.830 	2.000 	2.000 	2.000 	0.000 	0.000 	0.000 	0.000 	0.000 	0.000 	0.000 	0.000 	0.000 	0.000 	0.000 	0.000 	0.000 	0.000 
R5100,CAP_NET_ELC,MW,IS	0.000 	0.000 	0.000 	0.000 	0.000 	0.000 	0.000 	0.000 	0.000 	0.000 	0.000 	0.000 	0.000 	0.000 	0.000 	0.000 	0.000 	0.000 	0.000 	0.000 	0.000 	0.000 	0.000 	0.000 	0.000 	0.000 	0.000 	0.000 	0.000 	0.000 	0.000 
R5100,CAP_NET_ELC,MW,IT	726.182 	727.979 	733.213 	684.108 	685.000 	616.000 	620.000 	606.000 	538.000 	421.000 	406.000 	438.000 	415.000 	362.000 	359.000 	358.000 	380.000 	383.000 	290.000 	221.000 	218.000 	198.000 	154.000 	90.000 	96.000 	68.000 	76.000 	9.000 	9.000 	4.000 	4.000 
R5100,CAP_NET_ELC,MW,LI	0.000 	0.000 	0.000 	0.000 	0.000 	0.000 	0.000 	: 	: 	: 	: 	: 	: 	: 	: 	: 	: 	: 	: 	: 	: 	: 	: 	: 	: 	: 	: 	: 	: 	: 	: 
R5100,CAP_NET_ELC,MW,LT	63.000 	63.000 	62.000 	45.000 	39.000 	45.000 	46.000 	43.000 	38.000 	18.000 	16.000 	16.000 	16.000 	16.000 	12.000 	2.000 	2.000 	2.000 	2.000 	2.000 	0.000 	0.000 	0.000 	0.000 	0.000 	0.000 	0.000 	0.000 	0.000 	0.000 	0.000 
R5100,CAP_NET_ELC,MW,LU	35.145 	35.145 	15.145 	14.815 	3.915 	3.915 	3.750 	3.750 	0.000 	0.000 	0.000 	0.000 	0.000 	0.000 	0.000 	0.000 	0.000 	0.000 	0.000 	0.000 	0.000 	0.000 	0.000 	0.000 	0.000 	0.000 	0.000 	0.000 	0.000 	0.000 	0.000 
R5100,CAP_NET_ELC,MW,LV	96.067 	96.947 	72.609 	93.736 	81.000 	66.000 	63.000 	55.000 	23.000 	5.000 	5.000 	2.000 	3.000 	3.000 	3.000 	3.000 	3.000 	2.000 	1.000 	1.000 	0.000 	0.000 	0.000 	0.000 	0.000 	0.000 	0.000 	0.000 	0.000 	0.000 	0.000 
R5100,CAP_NET_ELC,MW,MD	0.000 	0.000 	0.000 	0.000 	0.000 	0.000 	0.000 	0.000 	0.000 	0.000 	0.000 	: 	: 	: 	: 	: 	: 	: 	: 	: 	: 	: 	: 	: 	: 	: 	: 	: 	: 	: 	: 
R5100,CAP_NET_ELC,MW,ME	0.000 	0.000 	0.000 	0.000 	0.000 	0.000 	0.000 	0.000 	0.000 	0.000 	0.000 	0.000 	0.000 	0.000 	0.000 	0.000 	: 	: 	: 	: 	: 	: 	: 	: 	: 	: 	: 	: 	: 	: 	: 
R5100,CAP_NET_ELC,MW,MK	0.000 	0.000 	0.000 	0.000 	0.000 	0.000 	0.000 	0.000 	0.000 	0.000 	0.000 	0.000 	0.000 	0.000 	0.000 	0.000 	0.000 	0.000 	0.000 	0.000 	0.000 	0.000 	0.000 	0.000 	0.000 	0.000 	0.000 	0.000 	0.000 	0.000 	0.000 
R5100,CAP_NET_ELC,MW,MT	0.000 	0.000 	0.000 	0.000 	0.000 	0.000 	0.000 	0.000 	0.000 	0.000 	0.000 	0.000 	0.000 	0.000 	0.000 	0.000 	0.000 	0.000 	0.000 	0.000 	0.000 	0.000 	0.000 	0.000 	0.000 	0.000 	0.000 	0.000 	0.000 	0.000 	0.000 
R5100,CAP_NET_ELC,MW,NL	270.570 	239.115 	222.000 	226.000 	223.005 	218.000 	190.190 	214.666 	172.174 	132.578 	157.938 	156.141 	154.923 	94.172 	39.995 	39.680 	36.942 	35.887 	36.134 	36.041 	34.461 	33.246 	4.777 	4.681 	4.396 	5.595 	5.000 	5.000 	5.000 	5.000 	5.000 
R5100,CAP_NET_ELC,MW,NO	20.000 	27.000 	27.000 	27.000 	27.000 	79.000 	79.000 	79.000 	79.000 	79.000 	79.000 	79.000 	79.000 	79.000 	79.000 	79.000 	95.000 	107.000 	101.000 	35.000 	35.000 	30.000 	100.000 	102.000 	102.000 	97.000 	42.000 	42.000 	42.000 	42.000 	41.000 
R5100,CAP_NET_ELC,MW,PL	734.201 	731.780 	735.159 	708.769 	727.000 	737.000 	629.000 	582.000 	455.000 	175.000 	53.000 	42.000 	40.000 	33.000 	25.000 	25.000 	24.000 	24.000 	0.000 	0.000 	0.000 	0.000 	0.000 	0.000 	0.000 	0.000 	0.000 	0.000 	0.000 	0.000 	0.000 
R5100,CAP_NET_ELC,MW,PT	602.968 	589.571 	535.932 	471.211 	477.000 	471.000 	456.000 	458.000 	479.000 	478.000 	482.000 	342.000 	293.000 	290.000 	279.000 	273.000 	224.000 	224.000 	233.000 	214.000 	219.000 	233.000 	211.000 	212.000 	205.000 	205.000 	203.000 	207.000 	212.000 	192.000 	192.000 
R5100,CAP_NET_ELC,MW,RO	135.832 	118.771 	119.278 	118.883 	107.000 	104.000 	79.000 	35.000 	30.000 	26.000 	19.000 	0.000 	15.000 	15.000 	0.000 	0.000 	0.000 	0.000 	0.000 	151.000 	251.000 	0.000 	0.000 	303.000 	309.000 	304.000 	305.000 	329.000 	196.000 	0.000 	0.000 
R5100,CAP_NET_ELC,MW,RS	2.400 	2.400 	0.000 	0.000 	0.000 	0.000 	0.000 	0.000 	0.000 	0.000 	0.000 	0.000 	0.000 	0.000 	0.000 	0.000 	0.000 	0.000 	0.000 	0.000 	0.000 	0.000 	0.000 	0.000 	0.000 	0.000 	0.000 	0.000 	0.000 	0.000 	0.000 
R5100,CAP_NET_ELC,MW,SE	2942.000 	3834.000 	3918.000 	3706.000 	3769.000 	3700.000 	3729.000 	3120.000 	3522.000 	3397.000 	3178.000 	3142.000 	2761.000 	2570.000 	3202.000 	2526.000 	1670.000 	1670.000 	1670.000 	1778.000 	1490.000 	1490.000 	1331.000 	1331.000 	1437.000 	1200.000 	1200.000 	1200.000 	1200.000 	1200.000 	1200.000 
R5100,CAP_NET_ELC,MW,SI	35.000 	34.000 	32.000 	33.000 	30.000 	30.000 	30.000 	30.000 	30.000 	33.000 	33.000 	38.000 	48.000 	14.000 	14.000 	13.000 	13.000 	13.000 	15.000 	15.000 	15.000 	15.000 	0.000 	0.000 	0.000 	0.000 	0.000 	0.000 	0.000 	0.000 	0.000 
R5100,CAP_NET_ELC,MW,SK	137.000 	138.000 	148.000 	149.000 	150.000 	145.000 	153.000 	176.000 	169.000 	171.000 	169.000 	160.000 	147.000 	134.000 	108.000 	44.000 	44.000 	44.000 	44.000 	5.000 	0.000 	0.000 	0.000 	0.000 	0.000 	0.000 	0.000 	0.000 	0.000 	0.000 	0.000 
R5100,CAP_NET_ELC,MW,TR	331.633 	214.220 	128.950 	83.000 	55.000 	12.000 	10.000 	10.000 	10.000 	10.000 	47.000 	47.000 	69.000 	72.000 	72.000 	72.000 	72.000 	72.000 	72.000 	72.000 	72.000 	72.000 	21.000 	14.000 	14.000 	14.000 	13.000 	14.000 	11.000 	11.000 	0.000 
R5100,CAP_NET_ELC,MW,UA	99.900 	74.000 	59.000 	96.000 	65.000 	0.000 	0.000 	0.000 	0.000 	0.000 	0.000 	0.000 	0.000 	0.000 	0.000 	0.000 	0.000 	0.000 	0.000 	0.000 	0.000 	0.000 	0.000 	0.000 	0.000 	0.000 	0.000 	0.000 	0.000 	0.000 	0.000 
R5100,CAP_NET_ELC,MW,UK	: 	4672.586 	4592.592 	3149.508 	2962.867 	2714.585 	2383.000 	2104.000 	1485.000 	1627.000 	709.000 	587.000 	486.000 	526.000 	508.000 	474.000 	301.000 	254.000 	155.000 	133.000 	133.000 	84.000 	84.000 	46.000 	46.000 	46.000 	46.000 	46.000 	13.000 	0.000 	0.000 
R5100,CAP_NET_ELC,MW,XK	0.000 	0.000 	0.000 	0.000 	0.000 	0.000 	0.000 	0.000 	0.000 	0.000 	0.000 	0.000 	0.000 	0.000 	0.000 	0.000 	0.000 	0.000 	0.000 	0.000 	0.000 	: 	: 	: 	: 	: 	: 	: 	: 	: 	: 
R5210P,CAP_NET_ELC,MW,AL	0.000 	0.000 	0.000 	0.000 	0.000 	0.000 	0.000 	0.000 	0.000 	0.000 	0.000 	0.000 	0.000 	0.000 	0.000 	0.000 	0.000 	0.000 	0.000 	0.000 	0.000 	0.000 	0.000 	0.000 	0.000 	0.000 	0.000 	0.000 	0.000 	0.000 	0.000 
R5210P,CAP_NET_ELC,MW,AT	0.000 	0.000 	0.000 	0.000 	0.000 	0.000 	0.000 	0.000 	0.000 	0.000 	0.000 	0.000 	0.000 	0.000 	0.000 	0.000 	0.000 	0.000 	0.000 	0.000 	0.000 	0.000 	0.000 	0.000 	0.000 	0.000 	0.000 	0.000 	0.000 	0.000 	0.000 
R5210P,CAP_NET_ELC,MW,BA	0.000 	0.000 	0.000 	0.000 	0.000 	0.000 	0.000 	: 	: 	: 	: 	: 	: 	: 	: 	: 	: 	: 	: 	: 	: 	: 	: 	: 	: 	: 	: 	: 	: 	: 	: 
R5210P,CAP_NET_ELC,MW,BE	0.000 	0.000 	0.000 	0.000 	0.000 	0.000 	0.000 	0.000 	0.000 	0.000 	0.000 	0.000 	0.000 	0.000 	0.000 	0.000 	0.000 	0.000 	0.000 	0.000 	0.000 	0.000 	0.000 	0.000 	0.000 	0.000 	0.000 	0.000 	0.000 	0.000 	0.000 
R5210P,CAP_NET_ELC,MW,BG	0.000 	0.000 	0.000 	0.000 	0.000 	0.000 	0.000 	0.000 	0.000 	0.000 	0.000 	0.000 	0.000 	0.000 	0.000 	0.000 	0.000 	0.000 	0.000 	0.000 	0.000 	0.000 	0.000 	0.000 	0.000 	0.000 	0.000 	0.000 	0.000 	0.000 	0.000 
R5210P,CAP_NET_ELC,MW,CY	0.000 	0.000 	0.000 	0.000 	0.000 	0.000 	0.000 	0.000 	0.000 	0.000 	0.000 	0.000 	0.000 	0.000 	0.000 	0.000 	0.000 	0.000 	0.000 	0.000 	0.000 	0.000 	0.000 	0.000 	0.000 	0.000 	0.000 	0.000 	0.000 	0.000 	0.000 
R5210P,CAP_NET_ELC,MW,CZ	0.000 	0.000 	0.000 	0.000 	0.000 	0.000 	0.000 	0.000 	0.000 	0.000 	0.000 	0.000 	0.000 	0.000 	0.000 	0.000 	0.000 	0.000 	0.000 	0.000 	0.000 	0.000 	0.000 	0.000 	0.000 	0.000 	0.000 	0.000 	0.000 	0.000 	0.000 
R5210P,CAP_NET_ELC,MW,DE	0.000 	0.000 	0.000 	0.000 	0.000 	0.000 	0.000 	0.000 	0.000 	0.000 	0.000 	0.000 	0.000 	0.000 	0.000 	0.000 	0.000 	0.000 	0.000 	0.000 	0.000 	0.000 	0.000 	0.000 	0.000 	0.000 	0.000 	0.000 	0.000 	0.000 	0.000 
R5210P,CAP_NET_ELC,MW,DK	0.000 	0.000 	0.000 	0.000 	0.000 	0.000 	0.000 	0.000 	0.000 	0.000 	0.000 	0.000 	0.000 	0.000 	0.000 	0.000 	0.000 	0.000 	0.000 	0.000 	0.000 	0.000 	0.000 	0.000 	0.000 	0.000 	0.000 	0.000 	0.000 	0.000 	0.000 
R5210P,CAP_NET_ELC,MW,EA19	0.000 	0.000 	0.000 	0.000 	0.000 	0.000 	0.000 	0.000 	0.000 	0.000 	0.000 	0.000 	0.000 	0.000 	0.000 	0.000 	0.000 	0.000 	0.000 	0.000 	0.000 	0.000 	0.000 	0.000 	0.000 	0.000 	0.000 	0.000 	0.000 	0.000 	0.000 
R5210P,CAP_NET_ELC,MW,EE	0.000 	0.000 	0.000 	0.000 	0.000 	0.000 	0.000 	0.000 	0.000 	0.000 	0.000 	0.000 	0.000 	0.000 	0.000 	0.000 	0.000 	0.000 	0.000 	0.000 	0.000 	0.000 	0.000 	0.000 	0.000 	0.000 	0.000 	0.000 	0.000 	0.000 	0.000 
R5210P,CAP_NET_ELC,MW,EL	0.000 	0.000 	0.000 	0.000 	0.000 	0.000 	0.000 	0.000 	0.000 	0.000 	0.000 	0.000 	0.000 	0.000 	0.000 	0.000 	0.000 	0.000 	0.000 	0.000 	0.000 	0.000 	0.000 	0.000 	0.000 	0.000 	0.000 	0.000 	0.000 	0.000 	0.000 
R5210P,CAP_NET_ELC,MW,ES	0.000 	0.000 	0.000 	0.000 	0.000 	0.000 	0.000 	0.000 	0.000 	0.000 	0.000 	0.000 	0.000 	0.000 	0.000 	0.000 	0.000 	0.000 	0.000 	0.000 	0.000 	0.000 	0.000 	0.000 	0.000 	0.000 	0.000 	0.000 	0.000 	0.000 	0.000 
R5210P,CAP_NET_ELC,MW,EU27_2020	0.000 	0.000 	0.000 	0.000 	0.000 	0.000 	0.000 	0.000 	0.000 	0.000 	0.000 	0.000 	0.000 	0.000 	0.000 	0.000 	0.000 	0.000 	0.000 	0.000 	0.000 	0.000 	0.000 	0.000 	0.000 	0.000 	0.000 	0.000 	0.000 	0.000 	0.000 
R5210P,CAP_NET_ELC,MW,FI	0.000 	0.000 	0.000 	0.000 	0.000 	0.000 	0.000 	0.000 	0.000 	0.000 	0.000 	0.000 	0.000 	0.000 	0.000 	0.000 	0.000 	0.000 	0.000 	0.000 	0.000 	0.000 	0.000 	0.000 	0.000 	0.000 	0.000 	0.000 	0.000 	0.000 	0.000 
R5210P,CAP_NET_ELC,MW,FR	0.000 	0.000 	0.000 	0.000 	0.000 	0.000 	0.000 	0.000 	0.000 	0.000 	0.000 	0.000 	0.000 	0.000 	0.000 	0.000 	0.000 	0.000 	0.000 	0.000 	0.000 	0.000 	0.000 	0.000 	0.000 	0.000 	0.000 	0.000 	0.000 	0.000 	0.000 
R5210P,CAP_NET_ELC,MW,GE	0.000 	0.000 	0.000 	0.000 	0.000 	0.000 	0.000 	0.000 	: 	: 	: 	: 	: 	: 	: 	: 	: 	: 	: 	: 	: 	: 	: 	: 	: 	: 	: 	: 	: 	: 	: 
R5210P,CAP_NET_ELC,MW,HR	0.000 	0.000 	0.000 	0.000 	0.000 	0.000 	0.000 	0.000 	0.000 	0.000 	0.000 	0.000 	0.000 	0.000 	0.000 	0.000 	0.000 	0.000 	0.000 	0.000 	0.000 	0.000 	0.000 	0.000 	0.000 	0.000 	0.000 	0.000 	0.000 	0.000 	0.000 
R5210P,CAP_NET_ELC,MW,HU	0.000 	0.000 	0.000 	0.000 	0.000 	0.000 	0.000 	0.000 	0.000 	0.000 	0.000 	0.000 	0.000 	0.000 	0.000 	0.000 	0.000 	0.000 	0.000 	0.000 	0.000 	0.000 	0.000 	0.000 	0.000 	0.000 	0.000 	0.000 	0.000 	0.000 	0.000 
R5210P,CAP_NET_ELC,MW,IE	0.000 	0.000 	0.000 	0.000 	0.000 	0.000 	0.000 	0.000 	0.000 	0.000 	0.000 	0.000 	0.000 	0.000 	0.000 	0.000 	0.000 	0.000 	0.000 	0.000 	0.000 	0.000 	0.000 	0.000 	0.000 	0.000 	0.000 	0.000 	0.000 	0.000 	0.000 
R5210P,CAP_NET_ELC,MW,IS	0.000 	0.000 	0.000 	0.000 	0.000 	0.000 	0.000 	0.000 	0.000 	0.000 	0.000 	0.000 	0.000 	0.000 	0.000 	0.000 	0.000 	0.000 	0.000 	0.000 	0.000 	0.000 	0.000 	0.000 	0.000 	0.000 	0.000 	0.000 	0.000 	0.000 	0.000 
R5210P,CAP_NET_ELC,MW,IT	0.000 	0.000 	0.000 	0.000 	0.000 	0.000 	0.000 	0.000 	0.000 	0.000 	0.000 	0.000 	0.000 	0.000 	0.000 	0.000 	0.000 	0.000 	0.000 	0.000 	0.000 	0.000 	0.000 	0.000 	0.000 	0.000 	0.000 	0.000 	0.000 	0.000 	0.000 
R5210P,CAP_NET_ELC,MW,LI	0.000 	0.000 	0.000 	0.000 	0.000 	0.000 	0.000 	: 	: 	: 	: 	: 	: 	: 	: 	: 	: 	: 	: 	: 	: 	: 	: 	: 	: 	: 	: 	: 	: 	: 	: 
R5210P,CAP_NET_ELC,MW,LT	0.000 	0.000 	0.000 	0.000 	0.000 	0.000 	0.000 	0.000 	0.000 	0.000 	0.000 	0.000 	0.000 	0.000 	0.000 	0.000 	0.000 	0.000 	0.000 	0.000 	0.000 	0.000 	0.000 	0.000 	0.000 	0.000 	0.000 	0.000 	0.000 	0.000 	0.000 
R5210P,CAP_NET_ELC,MW,LU	0.000 	0.000 	0.000 	0.000 	0.000 	0.000 	0.000 	0.000 	0.000 	0.000 	0.000 	0.000 	0.000 	0.000 	0.000 	0.000 	0.000 	0.000 	0.000 	0.000 	0.000 	0.000 	0.000 	0.000 	0.000 	0.000 	0.000 	0.000 	0.000 	0.000 	0.000 
R5210P,CAP_NET_ELC,MW,LV	0.000 	0.000 	0.000 	0.000 	0.000 	0.000 	0.000 	0.000 	0.000 	0.000 	0.000 	0.000 	0.000 	0.000 	0.000 	0.000 	0.000 	0.000 	0.000 	0.000 	0.000 	0.000 	0.000 	0.000 	0.000 	0.000 	0.000 	0.000 	0.000 	0.000 	0.000 
R5210P,CAP_NET_ELC,MW,MD	0.000 	0.000 	0.000 	0.000 	0.000 	0.000 	0.000 	0.000 	0.000 	0.000 	0.000 	: 	: 	: 	: 	: 	: 	: 	: 	: 	: 	: 	: 	: 	: 	: 	: 	: 	: 	: 	: 
R5210P,CAP_NET_ELC,MW,ME	0.000 	0.000 	0.000 	0.000 	0.000 	0.000 	0.000 	0.000 	0.000 	0.000 	0.000 	0.000 	0.000 	0.000 	0.000 	0.000 	: 	: 	: 	: 	: 	: 	: 	: 	: 	: 	: 	: 	: 	: 	: 
R5210P,CAP_NET_ELC,MW,MK	0.000 	0.000 	0.000 	0.000 	0.000 	0.000 	0.000 	0.000 	0.000 	0.000 	0.000 	0.000 	0.000 	0.000 	0.000 	0.000 	0.000 	0.000 	0.000 	0.000 	0.000 	0.000 	0.000 	0.000 	0.000 	0.000 	0.000 	0.000 	0.000 	0.000 	0.000 
R5210P,CAP_NET_ELC,MW,MT	0.000 	0.000 	0.000 	0.000 	0.000 	0.000 	0.000 	0.000 	0.000 	0.000 	0.000 	0.000 	0.000 	0.000 	0.000 	0.000 	0.000 	0.000 	0.000 	0.000 	0.000 	0.000 	0.000 	0.000 	0.000 	0.000 	0.000 	0.000 	0.000 	0.000 	0.000 
R5210P,CAP_NET_ELC,MW,NL	0.000 	0.000 	0.000 	0.000 	0.000 	0.000 	0.000 	0.000 	0.000 	0.000 	0.000 	0.000 	0.000 	0.000 	0.000 	0.000 	0.000 	0.000 	0.000 	0.000 	0.000 	0.000 	0.000 	0.000 	0.000 	0.000 	0.000 	0.000 	0.000 	0.000 	0.000 
R5210P,CAP_NET_ELC,MW,NO	0.000 	0.000 	0.000 	0.000 	0.000 	0.000 	0.000 	0.000 	0.000 	0.000 	0.000 	0.000 	0.000 	0.000 	0.000 	0.000 	0.000 	0.000 	0.000 	0.000 	0.000 	0.000 	0.000 	0.000 	0.000 	0.000 	0.000 	0.000 	0.000 	0.000 	0.000 
R5210P,CAP_NET_ELC,MW,PL	0.000 	0.000 	0.000 	0.000 	0.000 	0.000 	0.000 	0.000 	0.000 	0.000 	0.000 	0.000 	0.000 	0.000 	0.000 	0.000 	0.000 	0.000 	0.000 	0.000 	0.000 	0.000 	0.000 	0.000 	0.000 	0.000 	0.000 	0.000 	0.000 	0.000 	0.000 
R5210P,CAP_NET_ELC,MW,PT	0.000 	0.000 	0.000 	0.000 	0.000 	0.000 	0.000 	0.000 	0.000 	0.000 	0.000 	0.000 	0.000 	0.000 	0.000 	0.000 	0.000 	0.000 	0.000 	0.000 	0.000 	0.000 	0.000 	0.000 	0.000 	0.000 	0.000 	0.000 	0.000 	0.000 	0.000 
R5210P,CAP_NET_ELC,MW,RO	0.000 	0.000 	0.000 	0.000 	0.000 	0.000 	0.000 	0.000 	0.000 	0.000 	0.000 	0.000 	0.000 	0.000 	0.000 	0.000 	0.000 	0.000 	0.000 	0.000 	0.000 	0.000 	0.000 	0.000 	0.000 	0.000 	0.000 	0.000 	0.000 	0.000 	0.000 
R5210P,CAP_NET_ELC,MW,RS	0.000 	0.000 	0.000 	0.000 	0.000 	0.000 	0.000 	0.000 	0.000 	0.000 	0.000 	0.000 	0.000 	0.000 	0.000 	0.000 	0.000 	0.000 	0.000 	0.000 	0.000 	0.000 	0.000 	0.000 	0.000 	0.000 	0.000 	0.000 	0.000 	0.000 	0.000 
R5210P,CAP_NET_ELC,MW,SE	0.000 	0.000 	0.000 	0.000 	0.000 	0.000 	0.000 	0.000 	0.000 	0.000 	0.000 	0.000 	0.000 	0.000 	0.000 	0.000 	0.000 	0.000 	0.000 	0.000 	0.000 	0.000 	0.000 	0.000 	0.000 	0.000 	0.000 	0.000 	0.000 	0.000 	0.000 
R5210P,CAP_NET_ELC,MW,SI	0.000 	0.000 	0.000 	0.000 	0.000 	0.000 	0.000 	0.000 	0.000 	0.000 	0.000 	0.000 	0.000 	0.000 	0.000 	0.000 	0.000 	0.000 	0.000 	0.000 	0.000 	0.000 	0.000 	0.000 	0.000 	0.000 	0.000 	0.000 	0.000 	0.000 	0.000 
R5210P,CAP_NET_ELC,MW,SK	0.000 	0.000 	0.000 	0.000 	0.000 	0.000 	0.000 	0.000 	0.000 	0.000 	0.000 	0.000 	0.000 	0.000 	0.000 	0.000 	0.000 	0.000 	0.000 	0.000 	0.000 	0.000 	0.000 	0.000 	0.000 	0.000 	0.000 	0.000 	0.000 	0.000 	0.000 
R5210P,CAP_NET_ELC,MW,TR	0.000 	0.000 	0.000 	0.000 	0.000 	0.000 	0.000 	0.000 	0.000 	0.000 	0.000 	0.000 	0.000 	0.000 	0.000 	0.000 	0.000 	0.000 	0.000 	0.000 	0.000 	0.000 	0.000 	0.000 	0.000 	0.000 	0.000 	0.000 	0.000 	0.000 	0.000 
R5210P,CAP_NET_ELC,MW,UA	0.000 	0.000 	0.000 	0.000 	0.000 	0.000 	0.000 	0.000 	0.000 	0.000 	0.000 	0.000 	0.000 	0.000 	0.000 	0.000 	0.000 	0.000 	0.000 	0.000 	0.000 	0.000 	0.000 	0.000 	0.000 	0.000 	0.000 	0.000 	0.000 	0.000 	0.000 
R5210P,CAP_NET_ELC,MW,UK	: 	0.000 	0.000 	0.000 	0.000 	0.000 	0.000 	0.000 	0.000 	0.000 	0.000 	0.000 	0.000 	0.000 	0.000 	0.000 	0.000 	0.000 	0.000 	0.000 	0.000 	0.000 	0.000 	0.000 	0.000 	0.000 	0.000 	0.000 	0.000 	0.000 	0.000 
R5210P,CAP_NET_ELC,MW,XK	0.000 	0.000 	0.000 	0.000 	0.000 	0.000 	0.000 	0.000 	0.000 	0.000 	0.000 	0.000 	0.000 	0.000 	0.000 	0.000 	0.000 	0.000 	0.000 	0.000 	0.000 	: 	: 	: 	: 	: 	: 	: 	: 	: 	: 
R5220P,CAP_NET_ELC,MW,AL	0.000 	0.000 	0.000 	0.000 	0.000 	0.000 	0.000 	0.000 	0.000 	0.000 	0.000 	0.000 	0.000 	0.000 	0.000 	0.000 	0.000 	0.000 	0.000 	0.000 	0.000 	0.000 	0.000 	0.000 	0.000 	0.000 	0.000 	0.000 	0.000 	0.000 	0.000 
R5220P,CAP_NET_ELC,MW,AT	0.000 	0.000 	0.000 	0.000 	0.000 	0.000 	0.000 	0.000 	0.000 	0.000 	0.000 	0.000 	0.000 	0.000 	0.000 	0.000 	0.000 	0.000 	0.000 	0.000 	0.000 	0.000 	0.000 	0.000 	0.000 	0.000 	0.000 	0.000 	0.000 	0.000 	0.000 
R5220P,CAP_NET_ELC,MW,BA	0.000 	0.000 	0.000 	0.000 	0.000 	0.000 	0.000 	: 	: 	: 	: 	: 	: 	: 	: 	: 	: 	: 	: 	: 	: 	: 	: 	: 	: 	: 	: 	: 	: 	: 	: 
R5220P,CAP_NET_ELC,MW,BE	5.000 	8.000 	8.300 	9.100 	9.700 	11.000 	13.300 	12.000 	12.000 	12.000 	12.000 	0.000 	0.000 	0.000 	0.000 	0.000 	0.000 	0.000 	0.000 	0.000 	0.000 	0.000 	0.000 	0.000 	0.000 	0.000 	0.000 	0.000 	0.000 	0.000 	0.000 
R5220P,CAP_NET_ELC,MW,BG	0.000 	0.000 	0.000 	0.000 	0.000 	0.000 	0.000 	0.000 	0.000 	0.000 	0.000 	0.000 	0.000 	0.000 	0.000 	0.000 	0.000 	0.000 	0.000 	0.000 	0.000 	0.000 	0.000 	0.000 	0.000 	0.000 	0.000 	0.000 	0.000 	0.000 	0.000 
R5220P,CAP_NET_ELC,MW,CY	0.000 	0.000 	0.000 	0.000 	0.000 	0.000 	0.000 	0.000 	0.000 	0.000 	0.000 	0.000 	0.000 	0.000 	0.000 	0.000 	0.000 	0.000 	0.000 	0.000 	0.000 	0.000 	0.000 	0.000 	0.000 	0.000 	0.000 	0.000 	0.000 	0.000 	0.000 
R5220P,CAP_NET_ELC,MW,CZ	0.000 	0.000 	0.000 	0.000 	0.000 	0.000 	0.000 	0.000 	0.000 	0.000 	0.000 	0.000 	0.000 	0.000 	0.000 	0.000 	0.000 	0.000 	0.000 	0.000 	0.000 	0.000 	0.000 	0.000 	0.000 	0.000 	0.000 	0.000 	0.000 	0.000 	0.000 
R5220P,CAP_NET_ELC,MW,DE	0.000 	0.000 	0.000 	0.000 	0.000 	0.000 	0.000 	0.000 	0.000 	0.000 	0.000 	0.000 	0.000 	0.000 	0.000 	0.000 	0.000 	0.000 	0.000 	0.000 	0.000 	0.000 	0.000 	0.000 	0.000 	0.000 	0.000 	0.000 	0.000 	0.000 	0.000 
R5220P,CAP_NET_ELC,MW,DK	0.000 	0.000 	0.000 	0.000 	0.000 	0.000 	0.000 	0.000 	0.000 	0.000 	0.000 	0.000 	0.000 	0.000 	0.000 	0.000 	0.000 	0.000 	0.000 	0.000 	0.000 	0.000 	0.000 	0.000 	0.000 	0.000 	0.000 	0.000 	0.000 	0.000 	0.000 
R5220P,CAP_NET_ELC,MW,EA19	9.731 	13.269 	13.569 	14.776 	14.700 	16.000 	18.300 	17.000 	14.000 	14.048 	12.715 	0.705 	0.000 	0.000 	0.000 	0.000 	0.000 	0.000 	0.000 	0.000 	0.000 	0.000 	0.000 	0.000 	0.000 	0.000 	0.000 	0.000 	0.000 	0.000 	0.000 
R5220P,CAP_NET_ELC,MW,EE	0.000 	0.000 	0.000 	0.000 	0.000 	0.000 	0.000 	0.000 	0.000 	0.000 	0.000 	0.000 	0.000 	0.000 	0.000 	0.000 	0.000 	0.000 	0.000 	0.000 	0.000 	0.000 	0.000 	0.000 	0.000 	0.000 	0.000 	0.000 	0.000 	0.000 	0.000 
R5220P,CAP_NET_ELC,MW,EL	0.000 	0.000 	0.000 	0.000 	0.000 	0.000 	0.000 	0.000 	0.000 	0.000 	0.000 	0.000 	0.000 	0.000 	0.000 	0.000 	0.000 	0.000 	0.000 	0.000 	0.000 	0.000 	0.000 	0.000 	0.000 	0.000 	0.000 	0.000 	0.000 	0.000 	0.000 
R5220P,CAP_NET_ELC,MW,ES	0.000 	0.000 	0.000 	0.000 	0.000 	0.000 	0.000 	0.000 	0.000 	0.000 	0.000 	0.000 	0.000 	0.000 	0.000 	0.000 	0.000 	0.000 	0.000 	0.000 	0.000 	0.000 	0.000 	0.000 	0.000 	0.000 	0.000 	0.000 	0.000 	0.000 	0.000 
R5220P,CAP_NET_ELC,MW,EU27_2020	9.731 	13.269 	13.569 	14.776 	14.700 	16.000 	18.300 	17.000 	14.000 	14.048 	12.715 	0.705 	0.000 	0.000 	0.000 	0.000 	0.000 	0.000 	0.000 	0.000 	0.000 	0.000 	0.000 	0.000 	0.000 	0.000 	0.000 	0.000 	0.000 	0.000 	0.000 
R5220P,CAP_NET_ELC,MW,FI	0.000 	0.000 	0.000 	0.000 	0.000 	0.000 	0.000 	0.000 	0.000 	0.000 	0.000 	0.000 	0.000 	0.000 	0.000 	0.000 	0.000 	0.000 	0.000 	0.000 	0.000 	0.000 	0.000 	0.000 	0.000 	0.000 	0.000 	0.000 	0.000 	0.000 	0.000 
R5220P,CAP_NET_ELC,MW,FR	0.000 	0.000 	0.000 	0.000 	0.000 	0.000 	0.000 	0.000 	0.000 	0.000 	0.000 	0.000 	0.000 	0.000 	0.000 	0.000 	0.000 	0.000 	0.000 	0.000 	0.000 	0.000 	0.000 	0.000 	0.000 	0.000 	0.000 	0.000 	0.000 	0.000 	0.000 
R5220P,CAP_NET_ELC,MW,GE	0.000 	0.000 	0.000 	0.000 	0.000 	0.000 	0.000 	0.000 	: 	: 	: 	: 	: 	: 	: 	: 	: 	: 	: 	: 	: 	: 	: 	: 	: 	: 	: 	: 	: 	: 	: 
R5220P,CAP_NET_ELC,MW,HR	0.000 	0.000 	0.000 	0.000 	0.000 	0.000 	0.000 	0.000 	0.000 	0.000 	0.000 	0.000 	0.000 	0.000 	0.000 	0.000 	0.000 	0.000 	0.000 	0.000 	0.000 	0.000 	0.000 	0.000 	0.000 	0.000 	0.000 	0.000 	0.000 	0.000 	0.000 
R5220P,CAP_NET_ELC,MW,HU	0.000 	0.000 	0.000 	0.000 	0.000 	0.000 	0.000 	0.000 	0.000 	0.000 	0.000 	0.000 	0.000 	0.000 	0.000 	0.000 	0.000 	0.000 	0.000 	0.000 	0.000 	0.000 	0.000 	0.000 	0.000 	0.000 	0.000 	0.000 	0.000 	0.000 	0.000 
R5220P,CAP_NET_ELC,MW,IE	0.000 	0.000 	0.000 	0.000 	0.000 	0.000 	0.000 	0.000 	0.000 	0.000 	0.000 	0.000 	0.000 	0.000 	0.000 	0.000 	0.000 	0.000 	0.000 	0.000 	0.000 	0.000 	0.000 	0.000 	0.000 	0.000 	0.000 	0.000 	0.000 	0.000 	0.000 
R5220P,CAP_NET_ELC,MW,IS	0.000 	0.000 	0.000 	0.000 	0.000 	0.000 	0.000 	0.000 	0.000 	0.000 	0.000 	0.000 	0.000 	0.000 	0.000 	0.000 	0.000 	0.000 	0.000 	0.000 	0.000 	0.000 	0.000 	0.000 	0.000 	0.000 	0.000 	0.000 	0.000 	0.000 	0.000 
R5220P,CAP_NET_ELC,MW,IT	3.331 	3.869 	3.869 	4.276 	4.000 	4.000 	4.000 	4.000 	2.000 	2.048 	0.715 	0.705 	0.000 	0.000 	0.000 	0.000 	0.000 	0.000 	0.000 	0.000 	0.000 	0.000 	0.000 	0.000 	0.000 	0.000 	0.000 	0.000 	0.000 	0.000 	0.000 
R5220P,CAP_NET_ELC,MW,LI	0.000 	0.000 	0.000 	0.000 	0.000 	0.000 	0.000 	: 	: 	: 	: 	: 	: 	: 	: 	: 	: 	: 	: 	: 	: 	: 	: 	: 	: 	: 	: 	: 	: 	: 	: 
R5220P,CAP_NET_ELC,MW,LT	0.000 	0.000 	0.000 	0.000 	0.000 	0.000 	0.000 	0.000 	0.000 	0.000 	0.000 	0.000 	0.000 	0.000 	0.000 	0.000 	0.000 	0.000 	0.000 	0.000 	0.000 	0.000 	0.000 	0.000 	0.000 	0.000 	0.000 	0.000 	0.000 	0.000 	0.000 
R5220P,CAP_NET_ELC,MW,LU	0.000 	0.000 	0.000 	0.000 	0.000 	0.000 	0.000 	0.000 	0.000 	0.000 	0.000 	0.000 	0.000 	0.000 	0.000 	0.000 	0.000 	0.000 	0.000 	0.000 	0.000 	0.000 	0.000 	0.000 	0.000 	0.000 	0.000 	0.000 	0.000 	0.000 	0.000 
R5220P,CAP_NET_ELC,MW,LV	0.000 	0.000 	0.000 	0.000 	0.000 	0.000 	0.000 	0.000 	0.000 	0.000 	0.000 	0.000 	0.000 	0.000 	0.000 	0.000 	0.000 	0.000 	0.000 	0.000 	0.000 	0.000 	0.000 	0.000 	0.000 	0.000 	0.000 	0.000 	0.000 	0.000 	0.000 
R5220P,CAP_NET_ELC,MW,MD	0.000 	0.000 	0.000 	0.000 	0.000 	0.000 	0.000 	0.000 	0.000 	0.000 	0.000 	: 	: 	: 	: 	: 	: 	: 	: 	: 	: 	: 	: 	: 	: 	: 	: 	: 	: 	: 	: 
R5220P,CAP_NET_ELC,MW,ME	0.000 	0.000 	0.000 	0.000 	0.000 	0.000 	0.000 	0.000 	0.000 	0.000 	0.000 	0.000 	0.000 	0.000 	0.000 	0.000 	: 	: 	: 	: 	: 	: 	: 	: 	: 	: 	: 	: 	: 	: 	: 
R5220P,CAP_NET_ELC,MW,MK	0.000 	0.000 	0.000 	0.000 	0.000 	0.000 	0.000 	0.000 	0.000 	0.000 	0.000 	0.000 	0.000 	0.000 	0.000 	0.000 	0.000 	0.000 	0.000 	0.000 	0.000 	0.000 	0.000 	0.000 	0.000 	0.000 	0.000 	0.000 	0.000 	0.000 	0.000 
R5220P,CAP_NET_ELC,MW,MT	0.000 	0.000 	0.000 	0.000 	0.000 	0.000 	0.000 	0.000 	0.000 	0.000 	0.000 	0.000 	0.000 	0.000 	0.000 	0.000 	0.000 	0.000 	0.000 	0.000 	0.000 	0.000 	0.000 	0.000 	0.000 	0.000 	0.000 	0.000 	0.000 	0.000 	0.000 
R5220P,CAP_NET_ELC,MW,NL	0.000 	0.000 	0.000 	0.000 	0.000 	0.000 	0.000 	0.000 	0.000 	0.000 	0.000 	0.000 	0.000 	0.000 	0.000 	0.000 	0.000 	0.000 	0.000 	0.000 	0.000 	0.000 	0.000 	0.000 	0.000 	0.000 	0.000 	0.000 	0.000 	0.000 	0.000 
R5220P,CAP_NET_ELC,MW,NO	0.000 	0.000 	0.000 	0.000 	0.000 	0.000 	0.000 	0.000 	0.000 	0.000 	0.000 	0.000 	0.000 	0.000 	0.000 	0.000 	0.000 	0.000 	0.000 	0.000 	0.000 	0.000 	0.000 	0.000 	0.000 	0.000 	0.000 	0.000 	0.000 	0.000 	0.000 
R5220P,CAP_NET_ELC,MW,PL	0.000 	0.000 	0.000 	0.000 	0.000 	0.000 	0.000 	0.000 	0.000 	0.000 	0.000 	0.000 	0.000 	0.000 	0.000 	0.000 	0.000 	0.000 	0.000 	0.000 	0.000 	0.000 	0.000 	0.000 	0.000 	0.000 	0.000 	0.000 	0.000 	0.000 	0.000 
R5220P,CAP_NET_ELC,MW,PT	0.000 	0.000 	0.000 	0.000 	0.000 	0.000 	0.000 	0.000 	0.000 	0.000 	0.000 	0.000 	0.000 	0.000 	0.000 	0.000 	0.000 	0.000 	0.000 	0.000 	0.000 	0.000 	0.000 	0.000 	0.000 	0.000 	0.000 	0.000 	0.000 	0.000 	0.000 
R5220P,CAP_NET_ELC,MW,RO	0.000 	0.000 	0.000 	0.000 	0.000 	0.000 	0.000 	0.000 	0.000 	0.000 	0.000 	0.000 	0.000 	0.000 	0.000 	0.000 	0.000 	0.000 	0.000 	0.000 	0.000 	0.000 	0.000 	0.000 	0.000 	0.000 	0.000 	0.000 	0.000 	0.000 	0.000 
R5220P,CAP_NET_ELC,MW,RS	0.000 	0.000 	0.000 	0.000 	0.000 	0.000 	0.000 	0.000 	0.000 	0.000 	0.000 	0.000 	0.000 	0.000 	0.000 	0.000 	0.000 	0.000 	0.000 	0.000 	0.000 	0.000 	0.000 	0.000 	0.000 	0.000 	0.000 	0.000 	0.000 	0.000 	0.000 
R5220P,CAP_NET_ELC,MW,SE	0.000 	0.000 	0.000 	0.000 	0.000 	0.000 	0.000 	0.000 	0.000 	0.000 	0.000 	0.000 	0.000 	0.000 	0.000 	0.000 	0.000 	0.000 	0.000 	0.000 	0.000 	0.000 	0.000 	0.000 	0.000 	0.000 	0.000 	0.000 	0.000 	0.000 	0.000 
R5220P,CAP_NET_ELC,MW,SI	1.400 	1.400 	1.400 	1.400 	1.000 	1.000 	1.000 	1.000 	0.000 	0.000 	0.000 	0.000 	0.000 	0.000 	0.000 	0.000 	0.000 	0.000 	0.000 	0.000 	0.000 	0.000 	0.000 	0.000 	0.000 	0.000 	0.000 	0.000 	0.000 	0.000 	0.000 
R5220P,CAP_NET_ELC,MW,SK	0.000 	0.000 	0.000 	0.000 	0.000 	0.000 	0.000 	0.000 	0.000 	0.000 	0.000 	0.000 	0.000 	0.000 	0.000 	0.000 	0.000 	0.000 	0.000 	0.000 	0.000 	0.000 	0.000 	0.000 	0.000 	0.000 	0.000 	0.000 	0.000 	0.000 	0.000 
R5220P,CAP_NET_ELC,MW,TR	0.000 	0.000 	0.000 	0.000 	0.000 	0.000 	0.000 	0.000 	0.000 	0.000 	0.000 	0.000 	0.000 	0.000 	0.000 	0.000 	0.000 	0.000 	0.000 	0.000 	0.000 	0.000 	0.000 	0.000 	0.000 	0.000 	0.000 	0.000 	0.000 	0.000 	0.000 
R5220P,CAP_NET_ELC,MW,UA	0.000 	0.000 	0.000 	0.000 	0.000 	0.000 	0.000 	0.000 	0.000 	0.000 	0.000 	0.000 	0.000 	0.000 	0.000 	0.000 	0.000 	0.000 	0.000 	0.000 	0.000 	0.000 	0.000 	0.000 	0.000 	0.000 	0.000 	0.000 	0.000 	0.000 	0.000 
R5220P,CAP_NET_ELC,MW,UK	: 	0.000 	0.000 	0.000 	0.000 	0.000 	0.000 	0.000 	0.000 	0.000 	0.000 	0.000 	0.000 	0.000 	0.000 	0.000 	0.000 	0.000 	0.000 	0.000 	0.000 	0.000 	0.000 	0.000 	0.000 	0.000 	0.000 	0.000 	0.000 	0.000 	0.000 
R5220P,CAP_NET_ELC,MW,XK	0.000 	0.000 	0.000 	0.000 	0.000 	0.000 	0.000 	0.000 	0.000 	0.000 	0.000 	0.000 	0.000 	0.000 	0.000 	0.000 	0.000 	0.000 	0.000 	0.000 	0.000 	: 	: 	: 	: 	: 	: 	: 	: 	: 	: 
R5290,CAP_NET_ELC,MW,AL	0.000 	0.000 	0.000 	0.000 	0.000 	0.000 	0.000 	0.000 	0.000 	0.000 	0.000 	0.000 	0.000 	0.000 	0.000 	0.000 	0.000 	0.000 	0.000 	0.000 	0.000 	0.000 	0.000 	0.000 	0.000 	0.000 	0.000 	0.000 	0.000 	0.000 	0.000 
R5290,CAP_NET_ELC,MW,AT	0.461 	0.521 	1.324 	1.204 	2.969 	3.385 	1.025 	6.359 	5.513 	7.342 	14.510 	45.873 	55.810 	27.405 	54.377 	50.440 	17.000 	10.000 	2.000 	0.000 	0.000 	0.000 	0.000 	0.000 	0.000 	0.000 	0.000 	0.000 	0.000 	0.000 	0.000 
R5290,CAP_NET_ELC,MW,BA	0.000 	0.000 	0.000 	0.000 	0.000 	0.000 	0.000 	: 	: 	: 	: 	: 	: 	: 	: 	: 	: 	: 	: 	: 	: 	: 	: 	: 	: 	: 	: 	: 	: 	: 	: 
R5290,CAP_NET_ELC,MW,BE	18.100 	36.900 	36.900 	36.200 	35.200 	37.800 	37.700 	38.000 	43.000 	69.000 	122.000 	139.000 	73.000 	97.000 	100.000 	95.000 	0.000 	0.000 	0.000 	0.000 	0.000 	0.000 	0.000 	0.000 	0.000 	0.000 	0.000 	0.000 	0.000 	0.000 	0.000 
R5290,CAP_NET_ELC,MW,BG	0.000 	0.000 	0.000 	0.000 	0.000 	0.000 	0.000 	0.000 	0.000 	0.000 	0.000 	0.000 	0.000 	0.000 	0.000 	0.000 	0.000 	0.000 	0.000 	0.000 	0.000 	0.000 	0.000 	0.000 	0.000 	0.000 	0.000 	0.000 	0.000 	0.000 	0.000 
R5290,CAP_NET_ELC,MW,CY	0.000 	0.000 	0.000 	0.000 	0.000 	0.000 	0.000 	0.000 	0.000 	0.000 	0.000 	0.000 	0.000 	0.000 	0.000 	0.000 	0.000 	0.000 	0.000 	0.000 	0.000 	0.000 	0.000 	0.000 	0.000 	0.000 	0.000 	0.000 	0.000 	0.000 	0.000 
R5290,CAP_NET_ELC,MW,CZ	0.000 	0.000 	0.000 	0.000 	0.000 	0.000 	0.000 	0.000 	0.000 	0.000 	0.000 	0.000 	0.000 	0.000 	0.000 	0.000 	0.000 	0.000 	0.000 	0.000 	0.000 	0.000 	0.000 	0.000 	0.000 	0.000 	0.000 	0.000 	0.000 	0.000 	0.000 
R5290,CAP_NET_ELC,MW,DE	231.000 	231.000 	230.000 	230.000 	231.000 	232.000 	232.000 	263.000 	277.000 	345.000 	410.000 	412.000 	341.000 	295.000 	177.000 	60.000 	21.000 	18.000 	6.000 	5.000 	0.000 	0.000 	0.000 	0.000 	0.000 	0.000 	0.000 	0.000 	0.000 	0.000 	0.000 
R5290,CAP_NET_ELC,MW,DK	0.198 	0.514 	0.514 	0.514 	0.355 	0.758 	0.000 	6.959 	0.000 	0.000 	0.000 	0.000 	0.000 	0.000 	0.000 	0.000 	0.000 	0.000 	0.000 	0.000 	0.000 	0.000 	0.000 	0.000 	0.000 	0.000 	0.000 	0.000 	0.000 	0.000 	0.000 
R5290,CAP_NET_ELC,MW,EA19	1199.238 	1219.267 	1241.529 	1249.983 	1261.819 	1271.872 	1256.725 	1306.359 	1312.513 	1174.002 	1144.170 	984.533 	602.470 	430.205 	331.377 	205.440 	38.000 	28.000 	8.000 	5.000 	0.000 	0.000 	0.000 	0.000 	0.000 	0.000 	0.000 	0.000 	0.000 	0.000 	0.000 
R5290,CAP_NET_ELC,MW,EE	0.000 	0.000 	0.000 	0.000 	0.000 	0.000 	0.000 	0.000 	0.000 	0.000 	0.000 	0.000 	0.000 	0.000 	0.000 	0.000 	0.000 	0.000 	0.000 	0.000 	0.000 	0.000 	0.000 	0.000 	0.000 	0.000 	0.000 	0.000 	0.000 	0.000 	0.000 
R5290,CAP_NET_ELC,MW,EL	0.000 	0.000 	0.000 	0.000 	0.000 	0.000 	0.000 	0.000 	0.000 	0.000 	0.000 	0.000 	0.000 	0.000 	0.000 	0.000 	0.000 	0.000 	0.000 	0.000 	0.000 	0.000 	0.000 	0.000 	0.000 	0.000 	0.000 	0.000 	0.000 	0.000 	0.000 
R5290,CAP_NET_ELC,MW,ES	6.412 	6.412 	6.412 	0.000 	0.000 	0.000 	0.000 	0.000 	0.000 	0.000 	0.000 	0.000 	0.000 	0.000 	0.000 	0.000 	0.000 	0.000 	0.000 	0.000 	0.000 	0.000 	0.000 	0.000 	0.000 	0.000 	0.000 	0.000 	0.000 	0.000 	0.000 
R5290,CAP_NET_ELC,MW,EU27_2020	1199.436 	2114.781 	1777.043 	1797.497 	1777.174 	1848.630 	1778.725 	1861.318 	1840.513 	1174.002 	1144.170 	984.533 	602.470 	430.205 	331.377 	205.440 	38.000 	28.000 	8.000 	5.000 	0.000 	0.000 	0.000 	0.000 	0.000 	0.000 	0.000 	0.000 	0.000 	0.000 	0.000 
R5290,CAP_NET_ELC,MW,FI	0.000 	0.000 	0.000 	0.000 	0.000 	0.000 	0.000 	0.000 	0.000 	0.000 	0.000 	0.000 	0.000 	0.000 	0.000 	0.000 	0.000 	0.000 	0.000 	0.000 	0.000 	0.000 	0.000 	0.000 	0.000 	0.000 	0.000 	0.000 	0.000 	0.000 	0.000 
R5290,CAP_NET_ELC,MW,FR	14.570 	0.138 	0.050 	0.128 	3.650 	2.687 	0.000 	0.000 	0.000 	0.000 	0.000 	0.000 	0.000 	0.000 	0.000 	0.000 	0.000 	0.000 	0.000 	0.000 	0.000 	0.000 	0.000 	0.000 	0.000 	0.000 	0.000 	0.000 	0.000 	0.000 	0.000 
R5290,CAP_NET_ELC,MW,GE	0.000 	0.000 	0.000 	0.000 	0.000 	0.000 	0.000 	0.000 	: 	: 	: 	: 	: 	: 	: 	: 	: 	: 	: 	: 	: 	: 	: 	: 	: 	: 	: 	: 	: 	: 	: 
R5290,CAP_NET_ELC,MW,HR	0.000 	0.000 	0.000 	0.000 	0.000 	0.000 	0.000 	0.000 	0.000 	0.000 	0.000 	0.000 	0.000 	0.000 	0.000 	0.000 	0.000 	0.000 	0.000 	0.000 	0.000 	0.000 	0.000 	0.000 	0.000 	0.000 	0.000 	0.000 	0.000 	0.000 	0.000 
R5290,CAP_NET_ELC,MW,HU	0.000 	0.000 	0.000 	0.000 	0.000 	0.000 	0.000 	0.000 	0.000 	0.000 	0.000 	0.000 	0.000 	0.000 	0.000 	0.000 	0.000 	0.000 	0.000 	0.000 	0.000 	0.000 	0.000 	0.000 	0.000 	0.000 	0.000 	0.000 	0.000 	0.000 	0.000 
R5290,CAP_NET_ELC,MW,IE	0.000 	0.000 	0.000 	0.000 	0.000 	0.000 	0.000 	0.000 	0.000 	0.000 	0.000 	0.000 	0.000 	0.000 	0.000 	0.000 	0.000 	0.000 	0.000 	0.000 	0.000 	0.000 	0.000 	0.000 	0.000 	0.000 	0.000 	0.000 	0.000 	0.000 	0.000 
R5290,CAP_NET_ELC,MW,IS	0.000 	0.000 	0.000 	0.000 	0.000 	0.000 	0.000 	0.000 	0.000 	0.000 	0.000 	0.000 	0.000 	0.000 	0.000 	0.000 	0.000 	0.000 	0.000 	0.000 	0.000 	0.000 	0.000 	0.000 	0.000 	0.000 	0.000 	0.000 	0.000 	0.000 	0.000 
R5290,CAP_NET_ELC,MW,IT	928.695 	944.296 	966.843 	982.451 	989.000 	996.000 	986.000 	999.000 	987.000 	736.000 	581.000 	371.000 	116.000 	0.000 	0.000 	0.000 	0.000 	0.000 	0.000 	0.000 	0.000 	0.000 	0.000 	0.000 	0.000 	0.000 	0.000 	0.000 	0.000 	0.000 	0.000 
R5290,CAP_NET_ELC,MW,LI	0.000 	0.000 	0.000 	0.000 	0.000 	0.000 	0.000 	: 	: 	: 	: 	: 	: 	: 	: 	: 	: 	: 	: 	: 	: 	: 	: 	: 	: 	: 	: 	: 	: 	: 	: 
R5290,CAP_NET_ELC,MW,LT	0.000 	0.000 	0.000 	0.000 	0.000 	0.000 	0.000 	0.000 	0.000 	0.000 	0.000 	0.000 	0.000 	0.000 	0.000 	0.000 	0.000 	0.000 	0.000 	0.000 	0.000 	0.000 	0.000 	0.000 	0.000 	0.000 	0.000 	0.000 	0.000 	0.000 	0.000 
R5290,CAP_NET_ELC,MW,LU	0.000 	0.000 	0.000 	0.000 	0.000 	0.000 	0.000 	0.000 	0.000 	0.000 	0.000 	0.000 	0.000 	0.000 	0.000 	0.000 	0.000 	0.000 	0.000 	0.000 	0.000 	0.000 	0.000 	0.000 	0.000 	0.000 	0.000 	0.000 	0.000 	0.000 	0.000 
R5290,CAP_NET_ELC,MW,LV	0.000 	0.000 	0.000 	0.000 	0.000 	0.000 	0.000 	0.000 	0.000 	0.000 	0.000 	0.000 	0.000 	0.000 	0.000 	0.000 	0.000 	0.000 	0.000 	0.000 	0.000 	0.000 	0.000 	0.000 	0.000 	0.000 	0.000 	0.000 	0.000 	0.000 	0.000 
R5290,CAP_NET_ELC,MW,MD	0.000 	0.000 	0.000 	0.000 	0.000 	0.000 	0.000 	0.000 	0.000 	0.000 	0.000 	: 	: 	: 	: 	: 	: 	: 	: 	: 	: 	: 	: 	: 	: 	: 	: 	: 	: 	: 	: 
R5290,CAP_NET_ELC,MW,ME	0.000 	0.000 	0.000 	0.000 	0.000 	0.000 	0.000 	0.000 	0.000 	0.000 	0.000 	0.000 	0.000 	0.000 	0.000 	0.000 	: 	: 	: 	: 	: 	: 	: 	: 	: 	: 	: 	: 	: 	: 	: 
R5290,CAP_NET_ELC,MW,MK	0.000 	0.000 	0.000 	0.000 	0.000 	0.000 	0.000 	0.000 	0.000 	0.000 	0.000 	0.000 	0.000 	0.000 	0.000 	0.000 	0.000 	0.000 	0.000 	0.000 	0.000 	0.000 	0.000 	0.000 	0.000 	0.000 	0.000 	0.000 	0.000 	0.000 	0.000 
R5290,CAP_NET_ELC,MW,MT	0.000 	0.000 	0.000 	0.000 	0.000 	0.000 	0.000 	0.000 	0.000 	0.000 	0.000 	0.000 	0.000 	0.000 	0.000 	0.000 	0.000 	0.000 	0.000 	0.000 	0.000 	0.000 	0.000 	0.000 	0.000 	0.000 	0.000 	0.000 	0.000 	0.000 	0.000 
R5290,CAP_NET_ELC,MW,NL	0.000 	0.000 	0.000 	0.000 	0.000 	0.000 	0.000 	0.000 	0.000 	16.660 	16.660 	16.660 	16.660 	10.800 	0.000 	0.000 	0.000 	0.000 	0.000 	0.000 	0.000 	0.000 	0.000 	0.000 	0.000 	0.000 	0.000 	0.000 	0.000 	0.000 	0.000 
R5290,CAP_NET_ELC,MW,NO	0.000 	0.000 	0.000 	0.000 	0.000 	0.000 	0.000 	0.000 	0.000 	0.000 	0.000 	0.000 	0.000 	0.000 	0.000 	0.000 	0.000 	0.000 	0.000 	0.000 	0.000 	0.000 	0.000 	0.000 	0.000 	0.000 	0.000 	0.000 	0.000 	0.000 	0.000 
R5290,CAP_NET_ELC,MW,PL	0.000 	0.000 	0.000 	0.000 	0.000 	0.000 	0.000 	0.000 	0.000 	0.000 	0.000 	0.000 	0.000 	0.000 	0.000 	0.000 	0.000 	0.000 	0.000 	0.000 	0.000 	0.000 	0.000 	0.000 	0.000 	0.000 	0.000 	0.000 	0.000 	0.000 	0.000 
R5290,CAP_NET_ELC,MW,PT	0.000 	0.000 	0.000 	0.000 	0.000 	0.000 	0.000 	0.000 	0.000 	0.000 	0.000 	0.000 	0.000 	0.000 	0.000 	0.000 	0.000 	0.000 	0.000 	0.000 	0.000 	0.000 	0.000 	0.000 	0.000 	0.000 	0.000 	0.000 	0.000 	0.000 	0.000 
R5290,CAP_NET_ELC,MW,RO	0.000 	0.000 	0.000 	0.000 	0.000 	0.000 	0.000 	0.000 	0.000 	0.000 	0.000 	0.000 	0.000 	0.000 	0.000 	0.000 	0.000 	0.000 	0.000 	0.000 	0.000 	0.000 	0.000 	0.000 	0.000 	0.000 	0.000 	0.000 	0.000 	0.000 	0.000 
R5290,CAP_NET_ELC,MW,RS	0.000 	0.000 	0.000 	0.000 	0.000 	0.000 	0.000 	0.000 	0.000 	0.000 	0.000 	0.000 	0.000 	0.000 	0.000 	0.000 	0.000 	0.000 	0.000 	0.000 	0.000 	0.000 	0.000 	0.000 	0.000 	0.000 	0.000 	0.000 	0.000 	0.000 	0.000 
R5290,CAP_NET_ELC,MW,SE	0.000 	895.000 	535.000 	547.000 	515.000 	576.000 	522.000 	548.000 	528.000 	0.000 	0.000 	0.000 	0.000 	0.000 	0.000 	0.000 	0.000 	0.000 	0.000 	0.000 	0.000 	0.000 	0.000 	0.000 	0.000 	0.000 	0.000 	0.000 	0.000 	0.000 	0.000 
R5290,CAP_NET_ELC,MW,SI	0.000 	0.000 	0.000 	0.000 	0.000 	0.000 	0.000 	0.000 	0.000 	0.000 	0.000 	0.000 	0.000 	0.000 	0.000 	0.000 	0.000 	0.000 	0.000 	0.000 	0.000 	0.000 	0.000 	0.000 	0.000 	0.000 	0.000 	0.000 	0.000 	0.000 	0.000 
R5290,CAP_NET_ELC,MW,SK	0.000 	0.000 	0.000 	0.000 	0.000 	0.000 	0.000 	0.000 	0.000 	0.000 	0.000 	0.000 	0.000 	0.000 	0.000 	0.000 	0.000 	0.000 	0.000 	0.000 	0.000 	0.000 	0.000 	0.000 	0.000 	0.000 	0.000 	0.000 	0.000 	0.000 	0.000 
R5290,CAP_NET_ELC,MW,TR	22.780 	19.282 	18.802 	12.300 	7.000 	7.000 	7.000 	0.000 	0.000 	0.000 	0.000 	0.000 	0.000 	0.000 	0.000 	0.000 	0.000 	0.000 	0.000 	0.000 	0.000 	0.000 	0.000 	0.000 	0.000 	0.000 	0.000 	0.000 	0.000 	0.000 	0.000 
R5290,CAP_NET_ELC,MW,UA	0.000 	0.000 	0.000 	0.000 	0.000 	0.000 	0.000 	0.000 	0.000 	0.000 	0.000 	0.000 	0.000 	0.000 	0.000 	0.000 	0.000 	0.000 	0.000 	0.000 	0.000 	0.000 	0.000 	0.000 	0.000 	0.000 	0.000 	0.000 	0.000 	0.000 	0.000 
R5290,CAP_NET_ELC,MW,UK	: 	0.000 	0.000 	0.000 	0.000 	0.000 	0.000 	0.000 	0.000 	0.000 	0.000 	0.000 	0.000 	0.000 	0.000 	0.000 	0.000 	0.000 	0.000 	0.000 	0.000 	0.000 	0.000 	0.000 	0.000 	0.000 	0.000 	0.000 	0.000 	0.000 	0.000 
R5290,CAP_NET_ELC,MW,XK	0.000 	0.000 	0.000 	0.000 	0.000 	0.000 	0.000 	0.000 	0.000 	0.000 	0.000 	0.000 	0.000 	0.000 	0.000 	0.000 	0.000 	0.000 	0.000 	0.000 	0.000 	: 	: 	: 	: 	: 	: 	: 	: 	: 	: 
R5300,CAP_NET_ELC,MW,AL	0.000 	0.000 	0.000 	0.000 	0.000 	0.000 	0.000 	0.000 	0.000 	0.000 	0.000 	0.000 	0.000 	0.000 	0.000 	0.000 	0.000 	0.000 	0.000 	0.000 	0.000 	0.000 	0.000 	0.000 	0.000 	0.000 	0.000 	0.000 	0.000 	0.000 	0.000 
R5300,CAP_NET_ELC,MW,AT	164.579 	163.740 	175.396 	180.079 	202.304 	191.413 	188.873 	194.037 	272.937 	372.198 	330.270 	335.482 	284.659 	289.352 	222.169 	217.782 	29.000 	29.000 	18.000 	27.000 	24.000 	20.000 	35.000 	38.000 	28.000 	20.000 	9.000 	9.000 	0.000 	0.000 	0.000 
R5300,CAP_NET_ELC,MW,BA	0.990 	0.990 	0.990 	1.000 	0.000 	0.000 	0.000 	: 	: 	: 	: 	: 	: 	: 	: 	: 	: 	: 	: 	: 	: 	: 	: 	: 	: 	: 	: 	: 	: 	: 	: 
R5300,CAP_NET_ELC,MW,BE	199.000 	196.600 	190.200 	182.500 	187.500 	178.900 	181.000 	151.000 	141.000 	129.000 	115.000 	105.000 	88.000 	68.000 	53.000 	56.000 	50.000 	42.000 	33.000 	28.000 	20.000 	10.000 	11.000 	7.000 	4.000 	2.000 	1.000 	0.000 	0.000 	1.000 	1.000 
R5300,CAP_NET_ELC,MW,BG	32.990 	33.356 	36.409 	29.030 	38.000 	20.000 	10.000 	4.000 	0.000 	5.000 	4.000 	3.000 	0.000 	0.000 	0.000 	0.000 	0.000 	0.000 	0.000 	0.000 	0.000 	0.000 	0.000 	0.000 	0.000 	0.000 	0.000 	0.000 	0.000 	0.000 	0.000 
R5300,CAP_NET_ELC,MW,CY	12.718 	12.718 	12.718 	9.750 	10.000 	10.000 	10.000 	10.000 	9.000 	9.000 	8.000 	8.000 	7.000 	1.000 	0.000 	0.000 	0.000 	0.000 	0.000 	0.000 	0.000 	0.000 	0.000 	0.000 	0.000 	0.000 	0.000 	0.000 	0.000 	0.000 	0.000 
R5300,CAP_NET_ELC,MW,CZ	366.000 	368.000 	369.000 	372.000 	369.000 	368.000 	367.000 	361.000 	300.000 	177.000 	118.000 	96.000 	71.000 	50.000 	43.000 	36.000 	25.000 	25.000 	0.000 	0.000 	0.000 	0.000 	0.000 	0.000 	0.000 	0.000 	0.000 	0.000 	0.000 	0.000 	0.000 
R5300,CAP_NET_ELC,MW,DE	7465.000 	7081.000 	6784.000 	6147.000 	5850.000 	5643.000 	5437.000 	5148.000 	4921.000 	4520.000 	3548.000 	2987.000 	1885.000 	1661.000 	1428.000 	1096.000 	653.000 	561.000 	580.000 	560.000 	345.000 	287.000 	229.000 	229.000 	229.000 	229.000 	89.000 	89.000 	79.000 	89.000 	89.000 
R5300,CAP_NET_ELC,MW,DK	119.173 	107.617 	107.617 	107.617 	106.543 	103.747 	95.789 	93.214 	79.790 	77.000 	80.000 	77.000 	74.000 	59.000 	61.000 	65.000 	63.000 	58.000 	53.000 	47.000 	41.000 	41.000 	39.000 	35.000 	27.000 	23.000 	16.000 	22.000 	19.000 	20.000 	20.000 
R5300,CAP_NET_ELC,MW,EA19	10686.348 	10244.265 	9906.999 	9230.449 	8900.573 	8628.309 	8352.387 	7895.337 	7610.496 	6642.303 	5207.372 	4452.492 	3185.966 	2843.348 	2403.461 	2015.745 	1317.589 	1178.894 	1102.054 	989.404 	711.383 	558.672 	489.804 	460.370 	420.204 	334.400 	164.372 	181.372 	142.960 	152.000 	150.000 
R5300,CAP_NET_ELC,MW,EE	11.000 	7.900 	9.350 	11.000 	11.000 	11.000 	8.000 	6.000 	4.000 	4.000 	4.000 	2.000 	2.000 	2.000 	2.000 	2.000 	1.000 	1.000 	1.000 	0.000 	0.000 	0.000 	0.000 	0.000 	0.000 	0.000 	0.000 	0.000 	0.000 	0.000 	0.000 
R5300,CAP_NET_ELC,MW,EL	83.297 	74.760 	70.150 	61.520 	56.000 	49.000 	47.000 	46.000 	45.000 	45.000 	41.000 	40.000 	40.000 	39.000 	24.000 	24.000 	24.000 	22.000 	22.000 	22.000 	1.000 	0.000 	0.000 	0.000 	0.000 	0.000 	0.000 	0.000 	0.000 	0.000 	0.000 
R5300,CAP_NET_ELC,MW,ES	269.083 	266.699 	257.920 	251.107 	247.815 	245.235 	242.542 	242.982 	232.990 	222.525 	198.072 	180.290 	158.778 	153.306 	144.424 	136.340 	118.966 	102.026 	61.069 	36.337 	30.383 	23.672 	20.804 	19.370 	17.204 	10.400 	7.372 	7.372 	0.960 	0.000 	0.000 
R5300,CAP_NET_ELC,MW,EU27_2020	11735.146 	11139.080 	10796.155 	10118.507 	9769.616 	9451.556 	9108.676 	8602.051 	8192.786 	7064.803 	5543.872 	4741.992 	3430.466 	3037.348 	2573.461 	2196.745 	1453.589 	1302.894 	1194.054 	1068.404 	780.383 	624.672 	533.804 	497.370 	449.204 	358.400 	182.372 	205.372 	161.960 	172.000 	170.000 
R5300,CAP_NET_ELC,MW,FI	5.000 	5.000 	5.000 	4.000 	4.000 	3.000 	3.000 	0.000 	0.000 	0.000 	0.000 	0.000 	0.000 	0.000 	0.000 	0.000 	0.000 	0.000 	0.000 	0.000 	0.000 	0.000 	0.000 	0.000 	0.000 	0.000 	0.000 	0.000 	0.000 	0.000 	0.000 
R5300,CAP_NET_ELC,MW,FR	532.546 	499.727 	464.915 	444.311 	409.163 	383.414 	342.089 	297.904 	255.661 	213.286 	171.000 	159.000 	127.000 	107.000 	90.000 	84.000 	73.000 	69.000 	66.000 	35.000 	34.000 	0.000 	0.000 	0.000 	0.000 	0.000 	0.000 	0.000 	0.000 	0.000 	0.000 
R5300,CAP_NET_ELC,MW,GE	0.000 	0.000 	0.000 	0.000 	0.000 	0.000 	0.000 	0.000 	: 	: 	: 	: 	: 	: 	: 	: 	: 	: 	: 	: 	: 	: 	: 	: 	: 	: 	: 	: 	: 	: 	: 
R5300,CAP_NET_ELC,MW,HR	55.100 	51.900 	50.600 	44.600 	36.500 	27.500 	16.500 	16.500 	11.500 	8.500 	6.500 	4.500 	4.500 	2.000 	2.000 	2.000 	0.000 	0.000 	0.000 	0.000 	0.000 	0.000 	0.000 	0.000 	0.000 	0.000 	2.000 	2.000 	0.000 	0.000 	0.000 
R5300,CAP_NET_ELC,MW,HU	85.000 	79.000 	76.000 	82.000 	76.000 	72.000 	63.000 	63.000 	53.000 	45.000 	24.000 	24.000 	19.000 	19.000 	8.000 	6.000 	4.000 	4.000 	2.000 	1.000 	1.000 	0.000 	0.000 	0.000 	0.000 	0.000 	0.000 	0.000 	0.000 	0.000 	0.000 
R5300,CAP_NET_ELC,MW,IE	59.474 	59.328 	56.528 	56.078 	55.958 	53.444 	53.444 	52.445 	43.845 	39.397 	30.732 	29.622 	28.753 	26.822 	25.000 	18.000 	15.000 	15.000 	15.000 	15.000 	15.000 	15.000 	12.000 	12.000 	10.000 	0.000 	0.000 	0.000 	0.000 	0.000 	0.000 
R5300,CAP_NET_ELC,MW,IS	0.000 	0.000 	0.000 	0.000 	0.000 	0.000 	0.000 	0.000 	0.000 	0.000 	0.000 	1.000 	1.000 	1.000 	1.000 	1.000 	1.000 	0.000 	0.000 	0.000 	0.000 	0.000 	0.000 	0.000 	0.000 	0.000 	0.000 	0.000 	0.000 	0.000 	0.000 
R5300,CAP_NET_ELC,MW,IT	1379.058 	1382.350 	1375.350 	1371.505 	1352.000 	1336.000 	1336.000 	1317.000 	1274.000 	732.000 	480.000 	359.000 	349.000 	329.000 	294.000 	284.000 	268.000 	256.000 	224.000 	198.000 	180.000 	144.000 	127.000 	102.000 	76.000 	21.000 	12.000 	41.000 	41.000 	41.000 	41.000 
R5300,CAP_NET_ELC,MW,LI	0.000 	0.000 	0.000 	0.000 	0.000 	0.000 	0.000 	: 	: 	: 	: 	: 	: 	: 	: 	: 	: 	: 	: 	: 	: 	: 	: 	: 	: 	: 	: 	: 	: 	: 	: 
R5300,CAP_NET_ELC,MW,LT	36.000 	35.000 	35.000 	25.000 	25.000 	21.000 	20.000 	16.000 	15.000 	15.000 	13.000 	8.000 	8.000 	6.000 	3.000 	3.000 	3.000 	2.000 	2.000 	0.000 	0.000 	0.000 	0.000 	0.000 	0.000 	0.000 	0.000 	0.000 	0.000 	0.000 	0.000 
R5300,CAP_NET_ELC,MW,LU	12.213 	12.203 	12.203 	12.273 	12.273 	11.903 	10.439 	9.969 	10.063 	9.897 	9.298 	9.098 	7.776 	5.868 	5.868 	4.623 	4.623 	3.868 	2.985 	2.067 	0.000 	0.000 	0.000 	0.000 	0.000 	0.000 	0.000 	0.000 	0.000 	0.000 	0.000 
R5300,CAP_NET_ELC,MW,LV	60.246 	60.666 	61.476 	60.288 	62.000 	60.000 	58.000 	53.000 	43.000 	25.000 	11.000 	8.000 	7.000 	7.000 	7.000 	7.000 	6.000 	5.000 	5.000 	0.000 	0.000 	0.000 	0.000 	0.000 	0.000 	0.000 	0.000 	0.000 	0.000 	0.000 	0.000 
R5300,CAP_NET_ELC,MW,MD	6.600 	5.500 	5.500 	6.000 	3.000 	3.000 	3.000 	2.000 	0.000 	0.000 	0.000 	: 	: 	: 	: 	: 	: 	: 	: 	: 	: 	: 	: 	: 	: 	: 	: 	: 	: 	: 	: 
R5300,CAP_NET_ELC,MW,ME	0.000 	0.000 	0.000 	0.000 	0.000 	0.000 	0.000 	0.000 	0.000 	0.000 	0.000 	0.000 	0.000 	0.000 	0.000 	0.000 	: 	: 	: 	: 	: 	: 	: 	: 	: 	: 	: 	: 	: 	: 	: 
R5300,CAP_NET_ELC,MW,MK	8.000 	8.000 	7.000 	7.000 	5.000 	4.000 	0.000 	0.000 	0.000 	0.000 	0.000 	0.000 	0.000 	0.000 	0.000 	0.000 	0.000 	0.000 	0.000 	0.000 	0.000 	0.000 	0.000 	0.000 	0.000 	0.000 	0.000 	0.000 	0.000 	0.000 	0.000 
R5300,CAP_NET_ELC,MW,MT	4.560 	4.560 	4.560 	4.560 	4.560 	3.000 	3.000 	3.000 	3.000 	3.000 	0.000 	0.000 	0.000 	0.000 	0.000 	0.000 	0.000 	0.000 	0.000 	0.000 	0.000 	0.000 	0.000 	0.000 	0.000 	0.000 	0.000 	0.000 	0.000 	0.000 	0.000 
R5300,CAP_NET_ELC,MW,NL	208.985 	202.994 	205.000 	221.000 	221.000 	239.000 	237.000 	230.000 	219.000 	217.000 	200.000 	186.000 	167.000 	124.000 	89.000 	68.000 	59.000 	65.000 	66.000 	61.000 	59.000 	56.000 	54.000 	52.000 	55.000 	51.000 	45.000 	35.000 	22.000 	21.000 	19.000 
R5300,CAP_NET_ELC,MW,NO	11.000 	7.000 	10.000 	10.000 	10.000 	17.000 	17.000 	17.000 	17.000 	17.000 	13.000 	15.000 	15.000 	0.000 	0.000 	0.000 	0.000 	0.000 	0.000 	0.000 	0.000 	0.000 	0.000 	0.000 	0.000 	0.000 	0.000 	0.000 	0.000 	0.000 	0.000 
R5300,CAP_NET_ELC,MW,PL	261.002 	232.863 	225.451 	229.224 	225.000 	216.000 	187.000 	153.000 	128.000 	102.000 	81.000 	68.000 	52.000 	40.000 	32.000 	30.000 	24.000 	17.000 	14.000 	12.000 	9.000 	7.000 	5.000 	2.000 	2.000 	1.000 	0.000 	0.000 	0.000 	0.000 	0.000 
R5300,CAP_NET_ELC,MW,PT	71.243 	72.020 	71.233 	70.078 	68.000 	66.000 	66.000 	55.000 	51.000 	44.000 	25.000 	20.000 	13.000 	13.000 	8.000 	8.000 	6.000 	1.000 	1.000 	1.000 	1.000 	1.000 	1.000 	1.000 	1.000 	1.000 	1.000 	0.000 	0.000 	0.000 	0.000 
R5300,CAP_NET_ELC,MW,RO	29.533 	20.079 	22.079 	21.587 	16.000 	14.000 	15.000 	11.000 	5.000 	4.000 	1.000 	0.000 	0.000 	0.000 	0.000 	0.000 	0.000 	0.000 	3.000 	0.000 	0.000 	0.000 	0.000 	0.000 	0.000 	0.000 	0.000 	0.000 	0.000 	0.000 	0.000 
R5300,CAP_NET_ELC,MW,RS	28.508 	25.736 	17.000 	13.000 	10.000 	5.000 	5.000 	4.000 	0.000 	0.000 	0.000 	0.000 	0.000 	0.000 	0.000 	0.000 	0.000 	0.000 	0.000 	0.000 	0.000 	0.000 	0.000 	0.000 	0.000 	0.000 	0.000 	0.000 	0.000 	0.000 	0.000 
R5300,CAP_NET_ELC,MW,SE	100.000 	2.000 	2.000 	2.000 	2.000 	2.000 	2.000 	5.000 	5.000 	4.000 	22.000 	17.000 	24.000 	24.000 	24.000 	42.000 	20.000 	20.000 	20.000 	19.000 	18.000 	18.000 	0.000 	0.000 	0.000 	0.000 	0.000 	0.000 	0.000 	0.000 	0.000 
R5300,CAP_NET_ELC,MW,SI	30.346 	25.000 	27.000 	27.400 	29.000 	32.000 	31.000 	28.000 	29.000 	21.000 	14.000 	12.000 	9.000 	8.000 	6.000 	5.000 	5.000 	3.000 	3.000 	3.000 	2.000 	2.000 	0.000 	0.000 	0.000 	0.000 	0.000 	0.000 	0.000 	0.000 	0.000 
R5300,CAP_NET_ELC,MW,SK	82.000 	82.000 	89.000 	91.000 	93.000 	91.000 	78.000 	35.000 	41.000 	21.000 	9.000 	4.000 	4.000 	3.000 	2.000 	2.000 	2.000 	2.000 	2.000 	1.000 	0.000 	0.000 	0.000 	0.000 	0.000 	0.000 	0.000 	0.000 	0.000 	0.000 	0.000 
R5300,CAP_NET_ELC,MW,TR	740.769 	547.783 	438.487 	376.500 	297.000 	252.000 	204.000 	162.000 	132.000 	89.000 	71.000 	55.000 	33.000 	16.000 	14.000 	9.000 	9.000 	9.000 	9.000 	4.000 	4.000 	3.000 	0.000 	0.000 	0.000 	0.000 	0.000 	0.000 	0.000 	0.000 	0.000 
R5300,CAP_NET_ELC,MW,UA	112.700 	66.000 	37.400 	26.000 	10.000 	0.000 	0.000 	0.000 	0.000 	0.000 	0.000 	0.000 	0.000 	0.000 	0.000 	0.000 	0.000 	0.000 	0.000 	0.000 	0.000 	0.000 	0.000 	0.000 	0.000 	0.000 	0.000 	0.000 	0.000 	0.000 	0.000 
R5300,CAP_NET_ELC,MW,UK	: 	1831.603 	1835.915 	1819.050 	1773.626 	1628.000 	1531.000 	1414.000 	1375.000 	1326.000 	1244.000 	1068.000 	987.000 	991.000 	943.000 	900.000 	804.000 	700.000 	535.000 	503.000 	468.000 	400.000 	311.000 	256.000 	233.000 	182.000 	172.000 	167.000 	142.000 	120.000 	90.000 
R5300,CAP_NET_ELC,MW,XK	0.000 	0.000 	0.000 	0.000 	0.000 	0.000 	0.000 	0.000 	0.000 	0.000 	0.000 	0.000 	0.000 	0.000 	0.000 	0.000 	0.000 	0.000 	0.000 	0.000 	0.000 	: 	: 	: 	: 	: 	: 	: 	: 	: 	: 
RA100,CAP_NET_ELC,MW,AL	2387.000 	2162.000 	2105.000 	2047.000 	1913.000 	1798.000 	1725.000 	1781.000 	1628.000 	1508.000 	1475.000 	1459.000 	1457.000 	1455.000 	1453.000 	1453.000 	1453.000 	1453.000 	1453.000 	1453.000 	1453.000 	1453.000 	1453.000 	1453.000 	1453.000 	1453.000 	1453.000 	1453.000 	1453.000 	1453.000 	1453.000 
RA100,CAP_NET_ELC,MW,AT	14604.532 	14597.108 	14516.246 	14149.948 	14116.314 	13649.655 	13532.252 	13383.396 	13308.889 	13177.390 	12894.848 	12630.430 	12440.950 	11988.189 	11825.096 	11799.042 	11578.000 	11545.000 	11504.000 	11640.000 	11613.000 	11606.000 	11622.000 	11477.000 	11322.000 	11259.000 	11181.000 	11121.000 	11123.000 	11048.000 	10947.000 
RA100,CAP_NET_ELC,MW,BA	2248.790 	2238.840 	2235.600 	2211.000 	0.000 	0.000 	0.000 	: 	: 	: 	: 	: 	: 	: 	: 	: 	: 	: 	: 	: 	: 	: 	: 	: 	: 	: 	: 	: 	: 	: 	: 
RA100,CAP_NET_ELC,MW,BE	1415.800 	1414.100 	1417.800 	1417.100 	1419.100 	1422.000 	1431.000 	1429.000 	1427.000 	1426.000 	1425.000 	1417.000 	1418.000 	1417.000 	1414.000 	1412.000 	1425.000 	1420.000 	1421.000 	1421.000 	1413.000 	1410.000 	1404.000 	1403.000 	1403.000 	1403.000 	1402.000 	1402.000 	1401.000 	1401.000 	1401.000 
RA100,CAP_NET_ELC,MW,BG	3376.456 	3378.350 	3379.000 	3371.550 	3223.000 	3219.000 	3219.000 	3203.000 	3181.000 	3108.000 	3048.000 	3001.000 	2984.000 	2876.000 	2848.000 	2848.000 	2848.000 	2515.000 	1948.000 	1705.000 	1880.000 	2394.000 	2388.000 	2383.000 	1975.000 	1975.000 	1975.000 	1975.000 	1975.000 	1975.000 	1975.000 
RA100,CAP_NET_ELC,MW,CY	0.000 	0.000 	0.000 	0.000 	0.000 	0.000 	0.000 	0.000 	0.000 	0.000 	0.000 	0.000 	0.000 	0.000 	0.000 	0.000 	0.000 	0.000 	0.000 	0.000 	0.000 	0.000 	0.000 	0.000 	0.000 	0.000 	0.000 	0.000 	0.000 	0.000 	0.000 
RA100,CAP_NET_ELC,MW,CZ	2265.426 	2265.210 	2264.019 	2264.700 	2262.000 	2260.000 	2252.000 	2252.000 	2212.000 	2197.000 	2196.000 	2184.000 	2176.000 	2171.000 	2163.000 	2167.000 	2160.000 	2149.000 	2145.000 	2145.000 	2097.000 	2153.000 	2033.000 	2050.000 	2014.000 	1399.000 	1397.000 	1402.000 	1405.000 	1393.000 	1410.000 
RA100,CAP_NET_ELC,MW,DE	10792.000 	10733.000 	10684.000 	11120.000 	11207.000 	11255.000 	11234.000 	11239.000 	11257.000 	11436.000 	11218.000 	11238.000 	10805.000 	10833.000 	10842.000 	10858.000 	10104.000 	9284.000 	9589.000 	9393.000 	9485.000 	9201.000 	8914.000 	8841.000 	8940.000 	8876.000 	8839.000 	8693.000 	8625.000 	8549.000 	8182.000 
RA100,CAP_NET_ELC,MW,DK	7.263 	7.263 	7.153 	7.153 	9.267 	6.878 	8.616 	8.733 	9.255 	9.264 	9.199 	9.000 	9.000 	9.000 	9.000 	11.000 	11.000 	11.000 	11.000 	11.000 	10.000 	11.000 	11.000 	10.000 	10.000 	10.000 	9.000 	10.000 	10.000 	9.000 	10.000 
RA100,CAP_NET_ELC,MW,EA19	117406.741 	117342.413 	116937.156 	116887.717 	116386.783 	115028.445 	113516.423 	112891.470 	112043.914 	111439.069 	110014.156 	109363.622 	108439.082 	107841.321 	107499.228 	107176.119 	105669.044 	104403.918 	104550.918 	104157.918 	103799.300 	102092.000 	101038.000 	100342.000 	100025.000 	99526.000 	96161.000 	95429.000 	94455.000 	93082.000 	92035.000 
RA100,CAP_NET_ELC,MW,EE	8.000 	6.000 	7.300 	7.300 	6.000 	6.000 	5.000 	8.000 	8.000 	5.000 	6.000 	7.000 	5.000 	5.000 	5.000 	5.000 	4.000 	4.000 	3.000 	2.000 	2.000 	1.000 	1.000 	1.000 	1.000 	1.000 	1.000 	1.000 	1.000 	0.000 	0.000 
RA100,CAP_NET_ELC,MW,EL	3417.000 	3412.000 	3409.000 	3392.000 	3392.000 	3392.000 	3389.000 	3238.000 	3236.000 	3224.000 	3215.000 	3201.000 	3176.000 	3150.000 	3134.000 	3106.000 	3099.000 	3079.000 	3078.000 	3076.000 	3072.000 	2959.000 	2856.000 	2727.000 	2522.000 	2523.000 	2523.000 	2523.000 	2523.000 	2512.000 	2408.000 
RA100,CAP_NET_ELC,MW,ES	20116.592 	20113.667 	20079.572 	20079.000 	20080.000 	20053.000 	19223.000 	19185.000 	18550.000 	18540.000 	18535.000 	18505.000 	18451.000 	18372.000 	18318.000 	18220.000 	18167.000 	18043.000 	18068.000 	18032.000 	17960.000 	16646.000 	16402.000 	16482.000 	16609.000 	16505.000 	15930.000 	15795.000 	15795.000 	15740.000 	15657.000 
RA100,CAP_NET_ELC,MW,EU27_2020	150771.285 	150796.149 	150366.749 	150365.108 	149715.150 	148195.423 	146206.139 	146049.203 	144944.169 	144343.333 	142997.355 	142130.622 	140856.082 	140305.321 	139516.228 	139271.119 	137713.044 	135860.918 	135437.918 	135057.918 	134729.300 	133477.000 	132101.000 	131513.000 	130454.000 	129232.000 	126147.000 	125136.000 	124124.000 	122482.000 	121430.000 
RA100,CAP_NET_ELC,MW,FI	3164.000 	3157.000 	3152.000 	3156.000 	3133.000 	3133.000 	3132.000 	3108.000 	3080.000 	3080.000 	3039.000 	3029.000 	3006.000 	3102.000 	3062.000 	3035.000 	2999.000 	2966.000 	2964.000 	2926.000 	2882.000 	2881.000 	2881.000 	2861.000 	2785.000 	2777.000 	2736.000 	2731.000 	2679.000 	2648.000 	2621.000 
RA100,CAP_NET_ELC,MW,FR	25712.360 	25868.588 	25726.935 	25706.940 	25620.854 	25551.830 	25577.062 	25646.149 	25656.717 	25642.371 	25425.000 	25208.000 	25120.000 	25155.000 	25142.000 	25130.000 	25117.000 	25230.000 	25278.000 	25179.000 	25154.000 	25116.000 	25095.000 	25090.000 	25074.000 	24987.000 	24991.000 	24925.000 	24857.000 	24742.000 	24673.000 
RA100,CAP_NET_ELC,MW,GE	2727.411 	2583.000 	2695.000 	2723.000 	2430.000 	2378.000 	2380.000 	2705.000 	: 	: 	: 	: 	: 	: 	: 	: 	: 	: 	: 	: 	: 	: 	: 	: 	: 	: 	: 	: 	: 	: 	: 
RA100,CAP_NET_ELC,MW,HR	2199.500 	2199.700 	2199.500 	2193.000 	2192.100 	2195.100 	2180.100 	2178.000 	2129.000 	2129.000 	2129.000 	2080.000 	2063.000 	2063.000 	2065.000 	2065.000 	2071.000 	2064.000 	2054.000 	2067.000 	2067.000 	2067.000 	2067.000 	2067.000 	2067.000 	2060.000 	2049.000 	2049.000 	2046.000 	2046.000 	2046.000 
RA100,CAP_NET_ELC,MW,HU	58.000 	58.000 	57.000 	57.000 	57.000 	57.000 	57.000 	57.000 	56.000 	55.000 	53.000 	53.000 	51.000 	49.000 	49.000 	49.000 	49.000 	54.000 	48.000 	48.000 	48.000 	48.000 	48.000 	48.000 	48.000 	48.000 	48.000 	48.000 	48.000 	48.000 	48.000 
RA100,CAP_NET_ELC,MW,IE	529.000 	529.000 	529.000 	529.000 	529.000 	529.000 	529.000 	529.000 	529.000 	237.000 	237.000 	526.000 	526.000 	526.000 	526.000 	526.000 	532.000 	532.000 	532.000 	530.000 	528.000 	528.000 	525.000 	525.000 	522.000 	517.000 	517.000 	516.000 	516.000 	516.000 	513.000 
RA100,CAP_NET_ELC,MW,IS	2114.419 	2104.459 	2098.722 	1994.747 	1987.000 	1987.000 	1984.000 	1984.000 	1877.000 	1884.000 	1883.000 	1875.000 	1879.000 	1758.000 	1163.000 	1163.000 	1163.000 	1155.000 	1155.000 	1109.000 	1064.000 	1016.000 	956.000 	923.000 	884.000 	884.000 	884.000 	879.000 	879.000 	779.000 	756.000 
RA100,CAP_NET_ELC,MW,IT	22694.985 	22541.086 	22498.587 	22426.015 	22298.000 	22220.000 	22098.000 	22009.000 	21880.000 	21737.000 	21520.000 	21371.000 	21276.000 	21117.000 	21072.000 	20993.000 	20744.000 	20660.000 	20514.000 	20434.000 	20346.000 	20444.000 	20058.000 	19946.000 	19876.000 	19844.000 	19745.000 	19669.000 	19351.000 	19078.000 	18770.000 
RA100,CAP_NET_ELC,MW,LI	0.000 	0.000 	0.000 	0.000 	0.000 	0.000 	0.000 	: 	: 	: 	: 	: 	: 	: 	: 	: 	: 	: 	: 	: 	: 	: 	: 	: 	: 	: 	: 	: 	: 	: 	: 
RA100,CAP_NET_ELC,MW,LT	877.000 	877.000 	877.000 	877.000 	877.000 	877.000 	877.000 	876.000 	876.000 	876.000 	876.000 	876.000 	875.000 	875.000 	877.000 	877.000 	870.000 	869.000 	863.000 	863.000 	863.000 	860.000 	858.000 	668.000 	665.000 	665.000 	665.000 	475.000 	475.000 	95.000 	95.000 
RA100,CAP_NET_ELC,MW,LU	1330.527 	1330.473 	1330.473 	1330.545 	1330.318 	1330.266 	1330.308 	1134.308 	1134.308 	1134.308 	1134.308 	1134.192 	1134.132 	1134.132 	1134.132 	1134.077 	1134.044 	1133.918 	1133.918 	1133.918 	1133.300 	1133.000 	1133.000 	1133.000 	1133.000 	1133.000 	1133.000 	1133.000 	1133.000 	1133.000 	1133.000 
RA100,CAP_NET_ELC,MW,LV	1586.276 	1586.690 	1564.985 	1564.318 	1564.197 	1587.694 	1587.801 	1586.617 	1576.000 	1576.000 	1576.000 	1536.000 	1536.000 	1536.000 	1536.000 	1536.000 	1536.000 	1537.000 	1529.000 	1523.000 	1513.000 	1511.000 	1522.000 	1520.000 	1520.000 	1507.000 	1504.000 	1503.000 	1487.000 	1487.000 	1487.000 
RA100,CAP_NET_ELC,MW,MD	16.300 	16.300 	16.000 	16.000 	16.000 	16.000 	16.000 	16.000 	16.000 	16.000 	16.000 	: 	: 	: 	: 	: 	: 	: 	: 	: 	: 	: 	: 	: 	: 	: 	: 	: 	: 	: 	: 
RA100,CAP_NET_ELC,MW,ME	696.685 	676.243 	675.607 	674.812 	668.156 	661.923 	652.688 	629.844 	629.000 	629.000 	629.000 	629.000 	629.000 	629.000 	629.000 	629.000 	: 	: 	: 	: 	: 	: 	: 	: 	: 	: 	: 	: 	: 	: 	: 
RA100,CAP_NET_ELC,MW,MK	683.760 	678.189 	674.162 	670.705 	661.132 	658.000 	630.000 	617.000 	595.000 	556.000 	555.000 	553.000 	552.000 	546.000 	545.000 	544.000 	544.000 	444.000 	443.000 	443.000 	443.000 	433.000 	433.000 	433.000 	428.000 	423.000 	423.000 	418.000 	418.000 	417.000 	417.000 
RA100,CAP_NET_ELC,MW,MT	0.000 	0.000 	0.000 	0.000 	0.000 	0.000 	0.000 	0.000 	0.000 	0.000 	0.000 	0.000 	0.000 	0.000 	0.000 	0.000 	0.000 	0.000 	0.000 	0.000 	0.000 	0.000 	0.000 	0.000 	0.000 	0.000 	0.000 	0.000 	0.000 	0.000 	0.000 
RA100,CAP_NET_ELC,MW,NL	37.000 	37.000 	37.000 	37.000 	37.000 	37.000 	37.000 	37.000 	37.000 	37.000 	37.000 	37.000 	37.000 	37.000 	37.000 	37.000 	37.000 	37.000 	37.000 	37.000 	37.000 	37.000 	37.000 	37.000 	37.000 	37.000 	37.000 	37.000 	37.000 	37.000 	37.000 
RA100,CAP_NET_ELC,MW,NO	33732.000 	32797.000 	32530.000 	31912.000 	31817.000 	31372.000 	31240.000 	31033.000 	30509.000 	29969.000 	29693.000 	29539.000 	29413.000 	28957.000 	28725.000 	28549.000 	28030.000 	27989.000 	27913.000 	27679.000 	28126.000 	27878.000 	27641.000 	27999.000 	28166.000 	28052.000 	27282.000 	26868.000 	26905.000 	26889.000 	26884.000 
RA100,CAP_NET_ELC,MW,PL	2399.602 	2397.012 	2391.268 	2390.059 	2385.000 	2370.000 	2364.000 	2355.000 	2351.000 	2346.000 	2342.000 	2338.000 	2335.000 	2328.000 	2331.000 	2321.000 	2282.000 	2273.000 	2207.000 	2234.000 	2183.000 	2179.000 	2175.000 	2077.000 	2074.000 	2064.000 	2071.000 	2057.000 	2050.000 	1924.000 	1888.000 
RA100,CAP_NET_ELC,MW,PT	7240.806 	7261.985 	7235.833 	7225.922 	6960.000 	6168.000 	5715.000 	5661.000 	5712.000 	5535.000 	5106.000 	5091.000 	5058.000 	5061.000 	5053.000 	5017.000 	4831.000 	4583.000 	4583.000 	4560.000 	4535.000 	4525.000 	4503.000 	4498.000 	4492.000 	4475.000 	4202.000 	4150.000 	3697.000 	3341.000 	3356.000 
RA100,CAP_NET_ELC,MW,RO	6652.297 	6686.201 	6700.653 	6691.929 	6734.000 	6730.000 	6613.000 	6610.000 	6548.000 	6483.000 	6474.000 	6450.000 	6362.000 	6331.000 	6282.000 	6289.000 	6278.000 	6248.000 	6242.000 	6122.000 	6120.000 	6082.000 	6081.000 	6074.000 	6038.000 	5998.000 	5938.000 	5872.000 	5687.000 	5687.000 	5687.000 
RA100,CAP_NET_ELC,MW,RS	3082.300 	3074.000 	3043.000 	3038.000 	3030.000 	3022.000 	3017.000 	2931.000 	2965.530 	2935.997 	2907.206 	2888.879 	2886.879 	2886.879 	2886.879 	2886.879 	2886.879 	2886.879 	2886.879 	2886.879 	2886.723 	2886.723 	2886.723 	2886.723 	2886.723 	2886.723 	0.000 	0.000 	0.000 	0.000 	0.000 
RA100,CAP_NET_ELC,MW,SE	16406.000 	16462.000 	16431.000 	16502.000 	16466.000 	16329.000 	15996.000 	16494.000 	16414.000 	16577.000 	16732.000 	16652.000 	16437.000 	16637.000 	16270.000 	16345.000 	16345.000 	16143.000 	16232.000 	16568.000 	16525.000 	16451.000 	16260.000 	16462.000 	16203.000 	16152.000 	16499.000 	16294.000 	16448.000 	16318.000 	16331.000 
RA100,CAP_NET_ELC,MW,SI	1351.863 	1350.716 	1343.425 	1346.629 	1293.000 	1295.000 	1296.000 	1299.000 	1254.000 	1253.000 	1254.000 	1070.000 	1027.000 	1018.000 	1009.000 	979.000 	974.000 	974.000 	949.000 	906.000 	843.000 	815.000 	810.000 	734.000 	734.000 	757.000 	755.000 	755.000 	755.000 	755.000 	755.000 
RA100,CAP_NET_ELC,MW,SK	2529.000 	2527.000 	2528.000 	2523.000 	2524.000 	2522.000 	2523.000 	2523.000 	2522.000 	2523.000 	2516.000 	2487.000 	2548.000 	2515.000 	2513.000 	2512.000 	2518.000 	2507.000 	2505.000 	2502.000 	2420.000 	2419.000 	2417.000 	2399.000 	2390.000 	2260.000 	0.000 	0.000 	0.000 	0.000 	0.000 
RA100,CAP_NET_ELC,MW,TR	30983.901 	28503.008 	28291.392 	27273.100 	26681.000 	25868.000 	23643.000 	22289.000 	19609.000 	17137.000 	15831.000 	14553.000 	13829.000 	13395.000 	13063.000 	12906.000 	12645.000 	12579.000 	12241.000 	11673.000 	11175.000 	10537.000 	10307.000 	10102.000 	9935.000 	9863.000 	9865.000 	9682.000 	8379.000 	7114.000 	6764.000 
RA100,CAP_NET_ELC,MW,UA	4820.000 	6325.000 	6243.000 	6213.000 	6167.000 	5883.000 	5851.000 	5489.000 	5470.000 	5469.000 	5458.000 	5421.000 	5083.000 	5056.000 	4920.000 	4740.000 	0.000 	0.000 	0.000 	0.000 	0.000 	0.000 	0.000 	0.000 	0.000 	0.000 	0.000 	0.000 	0.000 	0.000 	0.000 
RA100,CAP_NET_ELC,MW,UK	: 	4773.000 	4773.000 	4772.912 	4733.000 	4676.974 	4474.000 	4453.000 	4437.000 	4423.000 	4391.000 	4384.000 	4372.000 	4266.000 	4241.000 	4289.000 	4287.000 	4273.000 	4371.000 	4417.000 	4273.000 	4265.000 	4263.000 	4276.000 	4243.000 	4220.000 	4213.000 	4212.000 	4210.000 	4202.000 	3897.000 
RA100,CAP_NET_ELC,MW,XK	110.130 	95.110 	80.370 	80.370 	78.270 	43.000 	43.000 	43.000 	43.000 	43.000 	42.000 	40.000 	40.000 	40.000 	40.000 	32.000 	32.000 	32.000 	32.000 	32.000 	32.000 	: 	: 	: 	: 	: 	: 	: 	: 	: 	: 
RA110,CAP_NET_ELC,MW,AL	2387.000 	2162.000 	2105.000 	2047.000 	1913.000 	1798.000 	1725.000 	1781.000 	1628.000 	1508.000 	1475.000 	1459.000 	1457.000 	1455.000 	1453.000 	1453.000 	1453.000 	1453.000 	1453.000 	1453.000 	1453.000 	1453.000 	1453.000 	1453.000 	1453.000 	1453.000 	1453.000 	1453.000 	1453.000 	1453.000 	1453.000 
RA110,CAP_NET_ELC,MW,AT	8933.232 	8923.828 	8850.966 	8505.668 	8492.924 	8456.265 	8321.625 	8272.179 	8200.672 	8144.173 	8102.331 	8011.913 	8026.433 	8023.589 	7860.496 	7834.412 	7613.000 	7607.000 	7567.000 	7703.000 	7676.000 	7669.000 	7685.000 	7540.000 	7385.000 	7323.000 	7245.000 	7202.000 	7204.000 	7129.000 	7028.000 
RA110,CAP_NET_ELC,MW,BA	1828.790 	1818.840 	1815.600 	1791.000 	0.000 	0.000 	0.000 	: 	: 	: 	: 	: 	: 	: 	: 	: 	: 	: 	: 	: 	: 	: 	: 	: 	: 	: 	: 	: 	: 	: 	: 
RA110,CAP_NET_ELC,MW,BE	105.800 	104.100 	107.800 	107.100 	109.100 	112.000 	121.000 	119.000 	120.000 	119.000 	118.000 	110.000 	111.000 	110.000 	107.000 	105.000 	115.000 	110.000 	111.000 	111.000 	103.000 	103.000 	97.000 	96.000 	96.000 	96.000 	95.000 	95.000 	94.000 	94.000 	94.000 
RA110,CAP_NET_ELC,MW,BG	2363.456 	2365.350 	2366.000 	2358.550 	2210.000 	2206.000 	2206.000 	2190.000 	2168.000 	2095.000 	2035.000 	1988.000 	1971.000 	1863.000 	1835.000 	1835.000 	1835.000 	1502.000 	935.000 	692.000 	867.000 	1381.000 	1807.000 	1802.000 	1394.000 	1394.000 	1826.000 	1826.000 	1826.000 	1826.000 	1826.000 
RA110,CAP_NET_ELC,MW,CY	0.000 	0.000 	0.000 	0.000 	0.000 	0.000 	0.000 	0.000 	0.000 	0.000 	0.000 	0.000 	0.000 	0.000 	0.000 	0.000 	0.000 	0.000 	0.000 	0.000 	0.000 	0.000 	0.000 	0.000 	0.000 	0.000 	0.000 	0.000 	0.000 	0.000 	0.000 
RA110,CAP_NET_ELC,MW,CZ	1093.926 	1093.710 	1092.519 	1092.700 	1090.000 	1088.000 	1080.000 	1080.000 	1065.000 	1050.000 	1049.000 	1037.000 	1029.000 	1024.000 	1016.000 	1020.000 	1015.000 	1004.000 	1000.000 	1000.000 	952.000 	1008.000 	888.000 	905.000 	868.000 	908.000 	906.000 	911.000 	914.000 	902.000 	919.000 
RA110,CAP_NET_ELC,MW,DE	4304.000 	4249.000 	4200.000 	4449.000 	4442.000 	4433.000 	4424.000 	4433.000 	4451.000 	4469.000 	4252.000 	4283.000 	4104.000 	4083.000 	4117.000 	4134.000 	4209.000 	4088.000 	4193.000 	4101.000 	4086.000 	3802.000 	3642.000 	3569.000 	3563.000 	3624.000 	3471.000 	3385.000 	3317.000 	3310.000 	3310.000 
RA110,CAP_NET_ELC,MW,DK	7.263 	7.263 	7.153 	7.153 	9.267 	6.878 	8.616 	8.733 	9.255 	9.264 	9.199 	9.000 	9.000 	9.000 	9.000 	11.000 	11.000 	11.000 	11.000 	11.000 	10.000 	11.000 	11.000 	10.000 	10.000 	10.000 	9.000 	10.000 	10.000 	9.000 	10.000 
RA110,CAP_NET_ELC,MW,EA19	76487.774 	76088.781 	75693.966 	75479.395 	75189.137 	74696.734 	73505.904 	73184.741 	73218.556 	73083.228 	71896.659 	71389.125 	70923.585 	70601.741 	70285.648 	70404.509 	70079.964 	69777.838 	69525.838 	69216.838 	68950.220 	67599.920 	66795.920 	66703.920 	66289.920 	65899.920 	63176.920 	62925.560 	62197.560 	61524.560 	61173.560 
RA110,CAP_NET_ELC,MW,EE	8.000 	6.000 	7.300 	7.300 	6.000 	6.000 	5.000 	8.000 	8.000 	5.000 	6.000 	7.000 	5.000 	5.000 	5.000 	5.000 	4.000 	4.000 	3.000 	2.000 	2.000 	1.000 	1.000 	1.000 	1.000 	1.000 	1.000 	1.000 	1.000 	0.000 	0.000 
RA110,CAP_NET_ELC,MW,EL	2718.000 	2713.000 	2710.000 	2693.000 	2693.000 	2693.000 	2690.000 	2539.000 	2537.000 	2525.000 	2516.000 	2502.000 	2477.000 	2451.000 	2435.000 	2407.000 	2400.000 	2380.000 	2379.000 	2377.000 	2373.000 	2344.000 	2241.000 	2412.000 	2207.000 	2208.000 	2208.000 	2208.000 	2208.000 	2197.000 	2093.000 
RA110,CAP_NET_ELC,MW,ES	13703.562 	13700.637 	13666.542 	13665.970 	13666.970 	13639.970 	12809.970 	12771.970 	13014.920 	13004.920 	12999.920 	12969.920 	12915.920 	12836.920 	12782.920 	12684.920 	12631.920 	12507.920 	12532.920 	12496.920 	12424.920 	11110.920 	10866.920 	10946.920 	11073.920 	10969.920 	10394.920 	10473.560 	10473.560 	10418.560 	10335.560 
RA110,CAP_NET_ELC,MW,EU27_2020	105123.803 	104814.920 	104406.595 	104228.647 	103806.204 	103145.412 	101491.320 	101634.474 	101704.811 	101573.492 	100456.858 	99733.125 	99032.585 	98797.741 	98043.648 	98236.509 	97894.964 	97001.838 	96240.838 	95917.838 	95750.220 	94854.920 	94088.920 	94196.920 	92703.920 	92252.920 	90249.920 	89719.560 	88953.560 	88136.560 	87816.560 
RA110,CAP_NET_ELC,MW,FI	3164.000 	3157.000 	3152.000 	3156.000 	3133.000 	3133.000 	3132.000 	3108.000 	3080.000 	3080.000 	3039.000 	3029.000 	3006.000 	3102.000 	3062.000 	3035.000 	2999.000 	2966.000 	2964.000 	2926.000 	2882.000 	2881.000 	2881.000 	2861.000 	2785.000 	2777.000 	2736.000 	2731.000 	2679.000 	2648.000 	2621.000 
RA110,CAP_NET_ELC,MW,FR	18835.105 	18646.655 	18580.437 	18561.310 	18486.328 	18415.539 	18392.200 	18379.767 	18387.756 	18372.527 	18156.000 	18009.000 	17922.000 	17832.000 	17820.000 	17808.000 	17812.000 	17927.000 	17775.000 	17674.000 	17646.000 	17948.000 	18023.000 	18018.000 	17999.000 	17898.000 	17902.000 	17836.000 	17766.000 	17655.000 	17717.000 
RA110,CAP_NET_ELC,MW,GE	2727.411 	2583.000 	2695.000 	2723.000 	2430.000 	2378.000 	2380.000 	2705.000 	: 	: 	: 	: 	: 	: 	: 	: 	: 	: 	: 	: 	: 	: 	: 	: 	: 	: 	: 	: 	: 	: 	: 
RA110,CAP_NET_ELC,MW,HR	1924.100 	1924.300 	1924.100 	1911.600 	1910.800 	1913.800 	1898.800 	1897.000 	1848.000 	1848.000 	1848.000 	1799.000 	1782.000 	1782.000 	1784.000 	1784.000 	1790.000 	1783.000 	1775.000 	1788.000 	1788.000 	1788.000 	1788.000 	1788.000 	1788.000 	1788.000 	1785.000 	1785.000 	1782.000 	1782.000 	1782.000 
RA110,CAP_NET_ELC,MW,HU	58.000 	58.000 	57.000 	57.000 	57.000 	57.000 	57.000 	57.000 	56.000 	55.000 	53.000 	53.000 	51.000 	49.000 	49.000 	49.000 	49.000 	54.000 	48.000 	48.000 	48.000 	48.000 	48.000 	48.000 	48.000 	48.000 	48.000 	48.000 	48.000 	48.000 	48.000 
RA110,CAP_NET_ELC,MW,IE	237.000 	237.000 	237.000 	237.000 	237.000 	237.000 	237.000 	237.000 	237.000 	237.000 	237.000 	234.000 	234.000 	234.000 	234.000 	234.000 	240.000 	240.000 	240.000 	238.000 	236.000 	236.000 	233.000 	233.000 	232.000 	227.000 	227.000 	226.000 	226.000 	226.000 	223.000 
RA110,CAP_NET_ELC,MW,IS	2114.419 	2104.459 	2098.722 	1994.747 	1987.000 	1987.000 	1984.000 	1984.000 	1877.000 	1884.000 	1883.000 	1875.000 	1879.000 	1758.000 	1163.000 	1163.000 	1163.000 	1155.000 	1155.000 	1109.000 	1064.000 	1016.000 	956.000 	923.000 	884.000 	884.000 	884.000 	879.000 	879.000 	779.000 	756.000 
RA110,CAP_NET_ELC,MW,IT	15443.003 	15297.097 	15181.605 	15109.033 	14991.000 	14628.000 	14506.000 	14454.000 	14325.000 	14193.000 	13976.000 	13827.000 	13732.000 	13573.000 	13528.000 	13890.000 	13789.000 	13703.000 	13557.000 	13456.000 	13389.000 	13417.000 	13058.000 	13060.000 	12999.000 	12964.000 	12864.000 	12788.000 	12718.000 	12692.000 	12582.000 
RA110,CAP_NET_ELC,MW,LI	0.000 	0.000 	0.000 	0.000 	0.000 	0.000 	0.000 	: 	: 	: 	: 	: 	: 	: 	: 	: 	: 	: 	: 	: 	: 	: 	: 	: 	: 	: 	: 	: 	: 	: 	: 
RA110,CAP_NET_ELC,MW,LT	117.000 	117.000 	117.000 	117.000 	117.000 	117.000 	117.000 	116.000 	116.000 	116.000 	116.000 	116.000 	115.000 	115.000 	117.000 	117.000 	110.000 	109.000 	103.000 	103.000 	103.000 	100.000 	98.000 	98.000 	95.000 	95.000 	95.000 	95.000 	95.000 	95.000 	95.000 
RA110,CAP_NET_ELC,MW,LU	34.527 	34.473 	34.473 	34.545 	34.318 	34.266 	34.308 	34.308 	34.308 	34.308 	34.308 	34.192 	34.132 	34.132 	34.132 	34.077 	34.044 	33.918 	33.918 	33.918 	33.300 	33.000 	33.000 	33.000 	33.000 	33.000 	33.000 	33.000 	33.000 	33.000 	33.000 
RA110,CAP_NET_ELC,MW,LV	1586.276 	1586.690 	1564.985 	1564.318 	1564.197 	1587.694 	1587.801 	1586.617 	1576.000 	1576.000 	1576.000 	1536.000 	1536.000 	1536.000 	1536.000 	1536.000 	1536.000 	1537.000 	1529.000 	1523.000 	1513.000 	1511.000 	1522.000 	1520.000 	1520.000 	1507.000 	1504.000 	1503.000 	1487.000 	1487.000 	1487.000 
RA110,CAP_NET_ELC,MW,MD	16.300 	16.300 	16.300 	16.000 	16.000 	16.000 	16.000 	16.000 	16.000 	16.000 	16.000 	: 	: 	: 	: 	: 	: 	: 	: 	: 	: 	: 	: 	: 	: 	: 	: 	: 	: 	: 	: 
RA110,CAP_NET_ELC,MW,ME	696.685 	676.243 	675.607 	674.812 	668.156 	661.923 	652.688 	629.844 	629.000 	629.000 	629.000 	629.000 	629.000 	629.000 	629.000 	629.000 	: 	: 	: 	: 	: 	: 	: 	: 	: 	: 	: 	: 	: 	: 	: 
RA110,CAP_NET_ELC,MW,MK	683.760 	678.189 	674.162 	670.705 	661.132 	658.000 	630.000 	617.000 	595.000 	556.000 	555.000 	553.000 	552.000 	546.000 	545.000 	544.000 	544.000 	444.000 	443.000 	443.000 	443.000 	433.000 	433.000 	433.000 	428.000 	423.000 	423.000 	418.000 	418.000 	417.000 	417.000 
RA110,CAP_NET_ELC,MW,MT	0.000 	0.000 	0.000 	0.000 	0.000 	0.000 	0.000 	0.000 	0.000 	0.000 	0.000 	0.000 	0.000 	0.000 	0.000 	0.000 	0.000 	0.000 	0.000 	0.000 	0.000 	0.000 	0.000 	0.000 	0.000 	0.000 	0.000 	0.000 	0.000 	0.000 	0.000 
RA110,CAP_NET_ELC,MW,NL	37.000 	37.000 	37.000 	37.000 	37.000 	37.000 	37.000 	37.000 	37.000 	37.000 	37.000 	37.000 	37.000 	37.000 	37.000 	37.000 	37.000 	37.000 	37.000 	37.000 	37.000 	37.000 	37.000 	37.000 	37.000 	37.000 	37.000 	37.000 	37.000 	37.000 	37.000 
RA110,CAP_NET_ELC,MW,NO	32285.300 	31387.000 	31120.000 	30382.000 	30281.000 	29939.000 	29889.000 	29682.000 	29158.000 	28618.000 	28367.000 	28188.000 	28062.000 	27647.000 	27398.000 	27222.000 	26721.000 	26947.000 	26604.000 	26319.000 	26766.000 	27215.000 	26978.000 	27327.000 	27494.000 	27379.000 	26215.000 	25801.000 	25838.000 	25822.000 	25817.000 
RA110,CAP_NET_ELC,MW,PL	600.652 	598.062 	592.318 	591.109 	596.000 	588.000 	582.000 	573.000 	569.000 	564.000 	560.000 	556.000 	553.000 	546.000 	549.000 	542.000 	535.000 	524.000 	517.000 	517.000 	509.000 	505.000 	501.000 	495.000 	492.000 	482.000 	489.000 	475.000 	468.000 	467.000 	467.000 
RA110,CAP_NET_ELC,MW,PT	4476.406 	4497.585 	4471.433 	4461.522 	4458.300 	4446.000 	4368.000 	4362.900 	4413.900 	4490.300 	4057.100 	4042.100 	4009.100 	4012.100 	4004.100 	3968.100 	3974.000 	3966.000 	3966.000 	3943.000 	3918.000 	3908.000 	3886.000 	3881.000 	3875.000 	3858.000 	3609.000 	3557.000 	3104.000 	2748.000 	2763.000 
RA110,CAP_NET_ELC,MW,RO	6281.632 	6316.454 	6341.539 	6328.140 	6377.000 	6359.000 	6256.000 	6249.000 	6456.000 	6391.000 	6382.000 	6358.000 	6362.000 	6331.000 	6282.000 	6289.000 	6278.000 	6248.000 	6242.000 	6122.000 	6120.000 	6082.000 	6081.000 	6074.000 	6038.000 	5998.000 	5938.000 	5872.000 	5687.000 	5687.000 	5687.000 
RA110,CAP_NET_ELC,MW,RS	2339.300 	2331.000 	2300.000 	2295.000 	2416.000 	2408.000 	2403.000 	2317.000 	2351.530 	2321.997 	2293.206 	2274.879 	2272.879 	2272.879 	2272.879 	2272.879 	2272.879 	2272.879 	2272.879 	2272.879 	2272.723 	2272.723 	2272.723 	2272.723 	2272.723 	2272.723 	0.000 	0.000 	0.000 	0.000 	0.000 
RA110,CAP_NET_ELC,MW,SE	16307.000 	16363.000 	16332.000 	16403.000 	16367.000 	16230.000 	15897.000 	16395.000 	16315.000 	16478.000 	16624.000 	16544.000 	16352.000 	16592.000 	16234.000 	16302.000 	16302.000 	16098.000 	16187.000 	16523.000 	16506.000 	16432.000 	16169.000 	16371.000 	15776.000 	15725.000 	16072.000 	15867.000 	16021.000 	15891.000 	15904.000 
RA110,CAP_NET_ELC,MW,SI	1171.863 	1170.716 	1163.425 	1166.629 	1113.000 	1115.000 	1116.000 	1119.000 	1074.000 	1073.000 	1074.000 	1070.000 	1027.000 	1018.000 	1009.000 	979.000 	974.000 	974.000 	949.000 	906.000 	843.000 	815.000 	810.000 	734.000 	734.000 	757.000 	755.000 	755.000 	755.000 	755.000 	755.000 
RA110,CAP_NET_ELC,MW,SK	1613.000 	1611.000 	1612.000 	1607.000 	1608.000 	1606.000 	1607.000 	1607.000 	1606.000 	1607.000 	1600.000 	1571.000 	1632.000 	1599.000 	1597.000 	1596.000 	1602.000 	1588.000 	1586.000 	1586.000 	1685.000 	1684.000 	1682.000 	1664.000 	1655.000 	1525.000 	0.000 	0.000 	0.000 	0.000 	0.000 
RA110,CAP_NET_ELC,MW,TR	30983.901 	28503.008 	28291.392 	27273.100 	26681.000 	25868.000 	23643.000 	22289.000 	19609.000 	17137.000 	15831.000 	14553.000 	13829.000 	13395.000 	13063.000 	12906.000 	12645.000 	12579.000 	12241.000 	11673.000 	11175.000 	10537.000 	10307.000 	10102.000 	9935.000 	9863.000 	9865.000 	9682.000 	8379.000 	7114.000 	6764.000 
RA110,CAP_NET_ELC,MW,UA	4820.000 	4816.000 	4734.000 	4704.000 	4658.000 	4697.000 	4665.000 	4627.000 	4608.000 	4607.000 	5458.000 	5421.000 	5083.000 	5056.000 	4920.000 	4740.000 	0.000 	0.000 	0.000 	0.000 	0.000 	0.000 	0.000 	0.000 	0.000 	0.000 	0.000 	0.000 	0.000 	0.000 	0.000 
RA110,CAP_NET_ELC,MW,UK	: 	1873.000 	1873.000 	1870.000 	1833.000 	1776.974 	1730.000 	1709.000 	1693.000 	1679.000 	1647.000 	1640.000 	1628.000 	1522.000 	1515.000 	1501.000 	1499.000 	1485.000 	1583.000 	1629.000 	1485.000 	1477.000 	1475.000 	1488.000 	1455.000 	1432.000 	1425.000 	1425.000 	1423.000 	1415.000 	1110.000 
RA110,CAP_NET_ELC,MW,XK	110.130 	85.070 	80.370 	80.370 	78.270 	43.000 	43.000 	43.000 	43.000 	43.000 	42.000 	40.000 	40.000 	40.000 	40.000 	32.000 	32.000 	32.000 	32.000 	32.000 	32.000 	: 	: 	: 	: 	: 	: 	: 	: 	: 	: 
RA110ROR,CAP_NET_ELC,MW,AL	0.000 	0.000 	0.000 	0.000 	0.000 	0.000 	0.000 	0.000 	0.000 	0.000 	0.000 	0.000 	0.000 	0.000 	0.000 	0.000 	0.000 	0.000 	0.000 	0.000 	0.000 	0.000 	0.000 	0.000 	0.000 	0.000 	0.000 	0.000 	0.000 	0.000 	0.000 
RA110ROR,CAP_NET_ELC,MW,AT	5467.320 	5476.853 	5399.886 	5271.568 	5695.086 	5662.400 	5600.279 	5580.671 	5518.765 	5443.538 	5395.613 	5373.242 	5392.726 	5395.027 	5349.646 	5317.747 	0.000 	0.000 	0.000 	0.000 	0.000 	0.000 	0.000 	0.000 	0.000 	0.000 	0.000 	0.000 	0.000 	0.000 	0.000 
RA110ROR,CAP_NET_ELC,MW,BA	0.000 	0.000 	74.000 	73.000 	0.000 	0.000 	0.000 	: 	: 	: 	: 	: 	: 	: 	: 	: 	: 	: 	: 	: 	: 	: 	: 	: 	: 	: 	: 	: 	: 	: 	: 
RA110ROR,CAP_NET_ELC,MW,BE	0.000 	0.000 	0.000 	0.000 	0.000 	0.000 	0.000 	0.000 	0.000 	0.000 	0.000 	0.000 	0.000 	0.000 	0.000 	0.000 	0.000 	0.000 	0.000 	0.000 	0.000 	0.000 	0.000 	0.000 	0.000 	0.000 	0.000 	0.000 	0.000 	0.000 	0.000 
RA110ROR,CAP_NET_ELC,MW,BG	0.000 	0.000 	0.000 	0.000 	0.000 	0.000 	0.000 	0.000 	0.000 	0.000 	0.000 	0.000 	0.000 	0.000 	0.000 	0.000 	0.000 	0.000 	0.000 	0.000 	0.000 	0.000 	0.000 	0.000 	0.000 	0.000 	0.000 	0.000 	0.000 	0.000 	0.000 
RA110ROR,CAP_NET_ELC,MW,CY	0.000 	0.000 	0.000 	0.000 	0.000 	0.000 	0.000 	0.000 	0.000 	0.000 	0.000 	0.000 	0.000 	0.000 	0.000 	0.000 	0.000 	0.000 	0.000 	0.000 	0.000 	0.000 	0.000 	0.000 	0.000 	0.000 	0.000 	0.000 	0.000 	0.000 	0.000 
RA110ROR,CAP_NET_ELC,MW,CZ	0.000 	0.000 	0.000 	0.000 	0.000 	0.000 	0.000 	0.000 	0.000 	0.000 	0.000 	0.000 	0.000 	0.000 	0.000 	0.000 	0.000 	0.000 	0.000 	0.000 	0.000 	0.000 	0.000 	0.000 	0.000 	0.000 	0.000 	0.000 	0.000 	0.000 	0.000 
RA110ROR,CAP_NET_ELC,MW,DE	3966.000 	3968.000 	3825.000 	4097.000 	4090.000 	4081.000 	4074.000 	4089.000 	4106.000 	4080.000 	3954.000 	3985.000 	3811.000 	3790.000 	3820.000 	3837.000 	3062.000 	2993.000 	0.000 	0.000 	0.000 	0.000 	0.000 	0.000 	0.000 	0.000 	0.000 	0.000 	0.000 	0.000 	0.000 
RA110ROR,CAP_NET_ELC,MW,DK	0.000 	0.000 	0.000 	0.000 	0.000 	0.000 	0.000 	0.000 	0.000 	0.000 	0.000 	0.000 	0.000 	0.000 	0.000 	0.000 	0.000 	0.000 	0.000 	0.000 	0.000 	0.000 	0.000 	0.000 	0.000 	0.000 	0.000 	0.000 	0.000 	0.000 	0.000 
RA110ROR,CAP_NET_ELC,MW,EA19	23402.976 	23148.702 	22767.553 	22852.926 	23007.909 	20388.315 	20176.216 	20101.921 	19929.162 	19803.928 	19176.355 	19009.450 	18715.055 	18540.140 	18208.433 	18084.836 	11960.842 	11715.736 	8653.442 	8460.963 	8115.072 	3821.920 	3810.074 	3801.036 	3795.056 	3768.270 	3537.849 	3539.077 	3458.849 	3418.281 	3433.094 
RA110ROR,CAP_NET_ELC,MW,EE	0.000 	0.000 	0.000 	0.000 	0.000 	0.000 	0.000 	0.000 	0.000 	0.000 	0.000 	0.000 	0.000 	0.000 	0.000 	0.000 	0.000 	0.000 	0.000 	0.000 	0.000 	0.000 	0.000 	0.000 	0.000 	0.000 	0.000 	0.000 	0.000 	0.000 	0.000 
RA110ROR,CAP_NET_ELC,MW,EL	0.000 	0.000 	0.000 	0.000 	0.000 	0.000 	0.000 	0.000 	0.000 	0.000 	0.000 	0.000 	0.000 	0.000 	0.000 	0.000 	0.000 	0.000 	0.000 	0.000 	0.000 	0.000 	0.000 	0.000 	0.000 	0.000 	0.000 	0.000 	0.000 	0.000 	0.000 
RA110ROR,CAP_NET_ELC,MW,ES	2528.566 	2525.641 	2520.530 	2519.958 	2520.047 	0.000 	0.000 	0.000 	0.000 	0.000 	0.000 	0.000 	0.000 	0.000 	0.000 	0.000 	0.000 	0.000 	0.000 	0.000 	0.000 	0.000 	0.000 	0.000 	0.000 	0.000 	0.000 	0.000 	0.000 	0.000 	0.000 
RA110ROR,CAP_NET_ELC,MW,EU27_2020	23899.276 	23640.402 	23258.053 	23341.626 	23064.909 	20445.315 	20233.216 	20158.921 	19985.162 	19858.928 	19229.355 	19062.450 	18766.055 	18589.140 	18257.433 	18133.836 	12009.842 	11769.736 	8701.442 	8508.963 	8163.072 	3869.920 	3858.074 	3849.036 	3843.056 	3816.270 	3585.849 	3587.077 	3506.849 	3466.281 	3481.094 
RA110ROR,CAP_NET_ELC,MW,FI	0.000 	0.000 	0.000 	0.000 	0.000 	0.000 	0.000 	0.000 	0.000 	0.000 	0.000 	0.000 	0.000 	0.000 	0.000 	0.000 	0.000 	0.000 	0.000 	0.000 	0.000 	0.000 	0.000 	0.000 	0.000 	0.000 	0.000 	0.000 	0.000 	0.000 	0.000 
RA110ROR,CAP_NET_ELC,MW,FR	0.000 	0.000 	0.000 	0.000 	0.000 	0.000 	0.000 	0.000 	0.000 	0.000 	0.000 	0.000 	0.000 	0.000 	0.000 	0.000 	0.000 	0.000 	0.000 	0.000 	0.000 	0.000 	0.000 	0.000 	0.000 	0.000 	0.000 	0.000 	0.000 	0.000 	0.000 
RA110ROR,CAP_NET_ELC,MW,GE	0.000 	0.000 	0.000 	0.000 	0.000 	0.000 	0.000 	0.000 	: 	: 	: 	: 	: 	: 	: 	: 	: 	: 	: 	: 	: 	: 	: 	: 	: 	: 	: 	: 	: 	: 	: 
RA110ROR,CAP_NET_ELC,MW,HR	438.300 	433.700 	433.500 	431.700 	0.000 	0.000 	0.000 	0.000 	0.000 	0.000 	0.000 	0.000 	0.000 	0.000 	0.000 	0.000 	0.000 	0.000 	0.000 	0.000 	0.000 	0.000 	0.000 	0.000 	0.000 	0.000 	0.000 	0.000 	0.000 	0.000 	0.000 
RA110ROR,CAP_NET_ELC,MW,HU	58.000 	58.000 	57.000 	57.000 	57.000 	57.000 	57.000 	57.000 	56.000 	55.000 	53.000 	53.000 	51.000 	49.000 	49.000 	49.000 	49.000 	54.000 	48.000 	48.000 	48.000 	48.000 	48.000 	48.000 	48.000 	48.000 	48.000 	48.000 	48.000 	48.000 	48.000 
RA110ROR,CAP_NET_ELC,MW,IE	0.000 	0.000 	0.000 	0.000 	0.000 	0.000 	0.000 	0.000 	0.000 	0.000 	0.000 	0.000 	0.000 	0.000 	0.000 	0.000 	0.000 	0.000 	0.000 	0.000 	0.000 	0.000 	0.000 	0.000 	0.000 	0.000 	0.000 	0.000 	0.000 	0.000 	0.000 
RA110ROR,CAP_NET_ELC,MW,IS	0.000 	0.000 	0.000 	0.000 	0.000 	0.000 	0.000 	0.000 	0.000 	0.000 	0.000 	0.000 	0.000 	0.000 	0.000 	0.000 	0.000 	0.000 	0.000 	0.000 	0.000 	0.000 	0.000 	0.000 	0.000 	0.000 	0.000 	0.000 	0.000 	0.000 	0.000 
RA110ROR,CAP_NET_ELC,MW,IT	5934.162 	5654.034 	5538.620 	5478.708 	5286.600 	5203.300 	5059.300 	4986.000 	4867.200 	4783.400 	4764.900 	4633.300 	4567.300 	4416.100 	4114.100 	4051.800 	4020.500 	3851.300 	3814.400 	3691.900 	3453.400 	0.000 	0.000 	0.000 	0.000 	0.000 	0.000 	0.000 	0.000 	0.000 	0.000 
RA110ROR,CAP_NET_ELC,MW,LI	0.000 	0.000 	0.000 	0.000 	0.000 	0.000 	0.000 	: 	: 	: 	: 	: 	: 	: 	: 	: 	: 	: 	: 	: 	: 	: 	: 	: 	: 	: 	: 	: 	: 	: 	: 
RA110ROR,CAP_NET_ELC,MW,LT	0.000 	0.000 	0.000 	0.000 	0.000 	0.000 	0.000 	0.000 	0.000 	0.000 	0.000 	0.000 	0.000 	0.000 	0.000 	0.000 	0.000 	0.000 	0.000 	0.000 	0.000 	0.000 	0.000 	0.000 	0.000 	0.000 	0.000 	0.000 	0.000 	0.000 	0.000 
RA110ROR,CAP_NET_ELC,MW,LU	0.000 	0.000 	0.000 	0.000 	0.000 	0.000 	0.000 	0.000 	0.000 	0.000 	0.000 	0.000 	0.000 	0.000 	0.000 	0.000 	0.000 	0.000 	0.000 	0.000 	0.000 	0.000 	0.000 	0.000 	0.000 	0.000 	0.000 	0.000 	0.000 	0.000 	0.000 
RA110ROR,CAP_NET_ELC,MW,LV	1586.276 	1586.690 	1564.985 	1564.318 	1564.197 	1587.694 	1587.801 	1586.617 	1576.000 	1576.000 	1576.000 	1536.000 	1536.000 	1536.000 	1536.000 	1536.000 	1536.000 	1537.000 	1529.000 	1523.000 	1513.000 	1511.000 	1522.000 	1520.000 	1520.000 	1507.000 	1504.000 	1503.000 	1487.000 	1487.000 	1487.000 
RA110ROR,CAP_NET_ELC,MW,MD	0.000 	0.000 	0.000 	0.000 	0.000 	0.000 	0.000 	0.000 	0.000 	0.000 	0.000 	: 	: 	: 	: 	: 	: 	: 	: 	: 	: 	: 	: 	: 	: 	: 	: 	: 	: 	: 	: 
RA110ROR,CAP_NET_ELC,MW,ME	0.000 	0.000 	0.000 	0.000 	0.000 	0.000 	0.000 	0.000 	0.000 	0.000 	0.000 	0.000 	0.000 	0.000 	0.000 	0.000 	: 	: 	: 	: 	: 	: 	: 	: 	: 	: 	: 	: 	: 	: 	: 
RA110ROR,CAP_NET_ELC,MW,MK	683.760 	678.189 	674.162 	670.705 	661.132 	658.000 	630.000 	617.000 	595.000 	556.000 	555.000 	553.000 	552.000 	546.000 	545.000 	544.000 	544.000 	444.000 	443.000 	443.000 	443.000 	0.000 	0.000 	0.000 	0.000 	0.000 	0.000 	0.000 	0.000 	0.000 	0.000 
RA110ROR,CAP_NET_ELC,MW,MT	0.000 	0.000 	0.000 	0.000 	0.000 	0.000 	0.000 	0.000 	0.000 	0.000 	0.000 	0.000 	0.000 	0.000 	0.000 	0.000 	0.000 	0.000 	0.000 	0.000 	0.000 	0.000 	0.000 	0.000 	0.000 	0.000 	0.000 	0.000 	0.000 	0.000 	0.000 
RA110ROR,CAP_NET_ELC,MW,NL	0.000 	0.000 	0.000 	0.000 	0.000 	0.000 	0.000 	0.000 	0.000 	0.000 	0.000 	0.000 	0.000 	0.000 	0.000 	0.000 	0.000 	0.000 	0.000 	0.000 	0.000 	0.000 	0.000 	0.000 	0.000 	0.000 	0.000 	0.000 	0.000 	0.000 	0.000 
RA110ROR,CAP_NET_ELC,MW,NO	0.000 	0.000 	0.000 	0.000 	0.000 	0.000 	0.000 	0.000 	0.000 	0.000 	0.000 	0.000 	0.000 	0.000 	0.000 	0.000 	0.000 	0.000 	0.000 	0.000 	0.000 	0.000 	0.000 	0.000 	0.000 	0.000 	0.000 	0.000 	0.000 	0.000 	0.000 
RA110ROR,CAP_NET_ELC,MW,PL	0.000 	0.000 	0.000 	0.000 	0.000 	0.000 	0.000 	0.000 	0.000 	0.000 	0.000 	0.000 	0.000 	0.000 	0.000 	0.000 	0.000 	0.000 	0.000 	0.000 	0.000 	0.000 	0.000 	0.000 	0.000 	0.000 	0.000 	0.000 	0.000 	0.000 	0.000 
RA110ROR,CAP_NET_ELC,MW,PT	2748.789 	2766.768 	2755.107 	2754.745 	2738.979 	2738.921 	2738.836 	2740.633 	2787.197 	2847.990 	2411.842 	2411.908 	2381.029 	2385.013 	2379.687 	2363.289 	2368.342 	2360.436 	2361.042 	2340.063 	2305.672 	2310.920 	2288.074 	2281.036 	2275.056 	2261.270 	2033.849 	2036.077 	1971.849 	1931.281 	1946.094 
RA110ROR,CAP_NET_ELC,MW,RO	0.000 	0.000 	0.000 	0.000 	0.000 	0.000 	0.000 	0.000 	0.000 	0.000 	0.000 	0.000 	0.000 	0.000 	0.000 	0.000 	0.000 	0.000 	0.000 	0.000 	0.000 	0.000 	0.000 	0.000 	0.000 	0.000 	0.000 	0.000 	0.000 	0.000 	0.000 
RA110ROR,CAP_NET_ELC,MW,RS	0.000 	0.000 	0.000 	0.000 	0.000 	0.000 	0.000 	0.000 	0.000 	0.000 	0.000 	0.000 	0.000 	0.000 	0.000 	0.000 	0.000 	0.000 	0.000 	0.000 	0.000 	0.000 	0.000 	0.000 	0.000 	0.000 	0.000 	0.000 	0.000 	0.000 	0.000 
RA110ROR,CAP_NET_ELC,MW,SE	0.000 	0.000 	0.000 	0.000 	0.000 	0.000 	0.000 	0.000 	0.000 	0.000 	0.000 	0.000 	0.000 	0.000 	0.000 	0.000 	0.000 	0.000 	0.000 	0.000 	0.000 	0.000 	0.000 	0.000 	0.000 	0.000 	0.000 	0.000 	0.000 	0.000 	0.000 
RA110ROR,CAP_NET_ELC,MW,SI	1171.863 	1170.716 	1163.425 	1166.629 	1113.000 	1115.000 	1116.000 	1119.000 	1074.000 	1073.000 	1074.000 	1070.000 	1027.000 	1018.000 	1009.000 	979.000 	974.000 	974.000 	949.000 	906.000 	843.000 	0.000 	0.000 	0.000 	0.000 	0.000 	0.000 	0.000 	0.000 	0.000 	0.000 
RA110ROR,CAP_NET_ELC,MW,SK	0.000 	0.000 	0.000 	0.000 	0.000 	0.000 	0.000 	0.000 	0.000 	0.000 	0.000 	0.000 	0.000 	0.000 	0.000 	0.000 	0.000 	0.000 	0.000 	0.000 	0.000 	0.000 	0.000 	0.000 	0.000 	0.000 	0.000 	0.000 	0.000 	0.000 	0.000 
RA110ROR,CAP_NET_ELC,MW,TR	8058.900 	7860.500 	7136.482 	7489.700 	0.000 	0.000 	0.000 	0.000 	0.000 	0.000 	0.000 	0.000 	0.000 	0.000 	0.000 	0.000 	0.000 	0.000 	0.000 	0.000 	0.000 	0.000 	0.000 	0.000 	0.000 	0.000 	0.000 	0.000 	0.000 	0.000 	0.000 
RA110ROR,CAP_NET_ELC,MW,UA	0.000 	0.000 	0.000 	0.000 	0.000 	0.000 	0.000 	0.000 	0.000 	0.000 	0.000 	0.000 	0.000 	0.000 	0.000 	0.000 	0.000 	0.000 	0.000 	0.000 	0.000 	0.000 	0.000 	0.000 	0.000 	0.000 	0.000 	0.000 	0.000 	0.000 	0.000 
RA110ROR,CAP_NET_ELC,MW,UK	: 	240.000 	237.000 	536.000 	108.000 	180.000 	65.000 	64.000 	63.000 	63.000 	61.000 	61.000 	61.000 	57.000 	57.000 	56.000 	56.000 	55.000 	59.000 	61.000 	0.000 	0.000 	0.000 	0.000 	0.000 	0.000 	0.000 	0.000 	0.000 	0.000 	0.000 
RA110ROR,CAP_NET_ELC,MW,XK	33.700 	33.750 	37.290 	37.290 	0.000 	0.000 	0.000 	0.000 	0.000 	0.000 	0.000 	0.000 	0.000 	0.000 	0.000 	0.000 	0.000 	0.000 	0.000 	0.000 	0.000 	: 	: 	: 	: 	: 	: 	: 	: 	: 	: 
RA120,CAP_NET_ELC,MW,AL	0.000 	0.000 	0.000 	0.000 	0.000 	0.000 	0.000 	0.000 	0.000 	0.000 	0.000 	0.000 	0.000 	0.000 	0.000 	0.000 	0.000 	0.000 	0.000 	0.000 	0.000 	0.000 	0.000 	0.000 	0.000 	0.000 	0.000 	0.000 	0.000 	0.000 	0.000 
RA120,CAP_NET_ELC,MW,AT	5671.300 	5673.280 	5665.280 	5644.280 	5623.390 	5193.390 	5210.627 	5111.217 	5108.217 	5033.217 	4792.517 	4618.517 	4414.517 	3964.600 	3964.600 	3964.630 	3965.000 	3938.000 	3937.000 	3937.000 	3937.000 	3937.000 	3937.000 	3937.000 	3937.000 	3936.000 	3936.000 	3919.000 	3919.000 	3919.000 	3919.000 
RA120,CAP_NET_ELC,MW,BA	420.000 	420.000 	420.000 	420.000 	0.000 	0.000 	0.000 	: 	: 	: 	: 	: 	: 	: 	: 	: 	: 	: 	: 	: 	: 	: 	: 	: 	: 	: 	: 	: 	: 	: 	: 
RA120,CAP_NET_ELC,MW,BE	0.000 	0.000 	0.000 	0.000 	0.000 	0.000 	0.000 	0.000 	0.000 	0.000 	0.000 	0.000 	0.000 	0.000 	0.000 	0.000 	0.000 	0.000 	0.000 	0.000 	0.000 	0.000 	0.000 	0.000 	0.000 	0.000 	0.000 	0.000 	0.000 	0.000 	0.000 
RA120,CAP_NET_ELC,MW,BG	149.000 	149.000 	149.000 	149.000 	149.000 	149.000 	149.000 	149.000 	149.000 	149.000 	149.000 	149.000 	149.000 	149.000 	149.000 	149.000 	149.000 	149.000 	149.000 	149.000 	149.000 	149.000 	149.000 	149.000 	149.000 	149.000 	149.000 	149.000 	149.000 	149.000 	149.000 
RA120,CAP_NET_ELC,MW,CY	0.000 	0.000 	0.000 	0.000 	0.000 	0.000 	0.000 	0.000 	0.000 	0.000 	0.000 	0.000 	0.000 	0.000 	0.000 	0.000 	0.000 	0.000 	0.000 	0.000 	0.000 	0.000 	0.000 	0.000 	0.000 	0.000 	0.000 	0.000 	0.000 	0.000 	0.000 
RA120,CAP_NET_ELC,MW,CZ	0.000 	0.000 	0.000 	0.000 	0.000 	0.000 	0.000 	0.000 	0.000 	0.000 	0.000 	0.000 	0.000 	0.000 	0.000 	0.000 	0.000 	0.000 	0.000 	0.000 	0.000 	0.000 	0.000 	0.000 	0.000 	0.000 	0.000 	0.000 	0.000 	0.000 	0.000 
RA120,CAP_NET_ELC,MW,DE	1134.000 	1129.000 	1129.000 	1178.000 	1187.000 	1156.000 	1156.000 	1156.000 	1156.000 	1156.000 	1155.000 	1057.000 	1060.000 	1054.000 	1076.000 	1076.000 	977.000 	865.000 	744.000 	730.000 	745.000 	745.000 	727.000 	727.000 	742.000 	724.000 	740.000 	732.000 	732.000 	723.000 	672.000 
RA120,CAP_NET_ELC,MW,DK	0.000 	0.000 	0.000 	0.000 	0.000 	0.000 	0.000 	0.000 	0.000 	0.000 	0.000 	0.000 	0.000 	0.000 	0.000 	0.000 	0.000 	0.000 	0.000 	0.000 	0.000 	0.000 	0.000 	0.000 	0.000 	0.000 	0.000 	0.000 	0.000 	0.000 	0.000 
RA120,CAP_NET_ELC,MW,EA19	21811.527 	22145.152 	22134.710 	22161.842 	21824.546 	20870.651 	20561.459 	20402.669 	20402.248 	20063.731 	19825.047 	19483.047 	19281.047 	18957.130 	18978.130 	18537.160 	18081.630 	17703.630 	17725.630 	17713.630 	17731.630 	17335.630 	17221.630 	16807.630 	16824.630 	16819.630 	16811.630 	16572.990 	16572.990 	16559.990 	16484.990 
RA120,CAP_NET_ELC,MW,EE	0.000 	0.000 	0.000 	0.000 	0.000 	0.000 	0.000 	0.000 	0.000 	0.000 	0.000 	0.000 	0.000 	0.000 	0.000 	0.000 	0.000 	0.000 	0.000 	0.000 	0.000 	0.000 	0.000 	0.000 	0.000 	0.000 	0.000 	0.000 	0.000 	0.000 	0.000 
RA120,CAP_NET_ELC,MW,EL	699.000 	699.000 	699.000 	699.000 	699.000 	699.000 	699.000 	699.000 	699.000 	699.000 	699.000 	699.000 	699.000 	699.000 	699.000 	699.000 	699.000 	699.000 	699.000 	699.000 	699.000 	615.000 	615.000 	315.000 	315.000 	315.000 	315.000 	315.000 	315.000 	315.000 	315.000 
RA120,CAP_NET_ELC,MW,ES	3081.630 	3081.630 	3081.630 	3081.630 	3081.630 	3081.630 	3081.630 	3081.630 	3081.630 	3081.630 	3081.630 	3081.630 	3081.630 	3081.630 	3081.630 	3081.630 	3081.630 	3081.630 	3081.630 	3081.630 	3081.630 	3081.630 	3081.630 	3081.630 	3081.630 	3081.630 	3081.630 	2867.990 	2867.990 	2867.990 	2867.990 
RA120,CAP_NET_ELC,MW,EU27_2020	22990.042 	23322.749 	23301.674 	23339.481 	22895.846 	21955.951 	21632.759 	21477.669 	21208.248 	20869.731 	20631.047 	20289.047 	20087.047 	19763.130 	19784.130 	19340.160 	18852.630 	18476.630 	18477.630 	18492.630 	18467.630 	18071.630 	17957.630 	17451.630 	17468.630 	17456.630 	17440.630 	17201.990 	17201.990 	17188.990 	17113.990 
RA120,CAP_NET_ELC,MW,FI	0.000 	0.000 	0.000 	0.000 	0.000 	0.000 	0.000 	0.000 	0.000 	0.000 	0.000 	0.000 	0.000 	0.000 	0.000 	0.000 	0.000 	0.000 	0.000 	0.000 	0.000 	0.000 	0.000 	0.000 	0.000 	0.000 	0.000 	0.000 	0.000 	0.000 	0.000 
RA120,CAP_NET_ELC,MW,FR	5149.595 	5494.233 	5418.798 	5417.930 	5406.826 	5408.631 	5457.202 	5458.722 	5461.301 	5462.184 	5461.000 	5391.000 	5390.000 	5522.000 	5521.000 	5521.000 	5504.000 	5502.000 	5646.000 	5648.000 	5651.000 	5310.000 	5225.000 	5225.000 	5228.000 	5242.000 	5242.000 	5242.000 	5242.000 	5238.000 	5164.000 
RA120,CAP_NET_ELC,MW,GE	0.000 	0.000 	0.000 	0.000 	0.000 	0.000 	0.000 	0.000 	: 	: 	: 	: 	: 	: 	: 	: 	: 	: 	: 	: 	: 	: 	: 	: 	: 	: 	: 	: 	: 	: 	: 
RA120,CAP_NET_ELC,MW,HR	275.400 	275.400 	275.400 	281.400 	281.300 	281.300 	281.300 	281.000 	281.000 	281.000 	281.000 	281.000 	281.000 	281.000 	281.000 	281.000 	281.000 	281.000 	279.000 	279.000 	279.000 	279.000 	279.000 	279.000 	279.000 	272.000 	264.000 	264.000 	264.000 	264.000 	264.000 
RA120,CAP_NET_ELC,MW,HU	0.000 	0.000 	0.000 	0.000 	0.000 	0.000 	0.000 	0.000 	0.000 	0.000 	0.000 	0.000 	0.000 	0.000 	0.000 	0.000 	0.000 	0.000 	0.000 	0.000 	0.000 	0.000 	0.000 	0.000 	0.000 	0.000 	0.000 	0.000 	0.000 	0.000 	0.000 
RA120,CAP_NET_ELC,MW,IE	0.000 	0.000 	0.000 	0.000 	0.000 	0.000 	0.000 	0.000 	0.000 	0.000 	0.000 	0.000 	0.000 	0.000 	0.000 	0.000 	0.000 	0.000 	0.000 	0.000 	0.000 	0.000 	0.000 	0.000 	0.000 	0.000 	0.000 	0.000 	0.000 	0.000 	0.000 
RA120,CAP_NET_ELC,MW,IS	0.000 	0.000 	0.000 	0.000 	0.000 	0.000 	0.000 	0.000 	0.000 	0.000 	0.000 	0.000 	0.000 	0.000 	0.000 	0.000 	0.000 	0.000 	0.000 	0.000 	0.000 	0.000 	0.000 	0.000 	0.000 	0.000 	0.000 	0.000 	0.000 	0.000 	0.000 
RA120,CAP_NET_ELC,MW,IT	3311.602 	3303.609 	3376.602 	3376.602 	3325.000 	3610.000 	3610.000 	3598.000 	3598.000 	3587.000 	3587.000 	3587.000 	3587.000 	3587.000 	3587.000 	3146.000 	2998.000 	3001.000 	3001.000 	3001.000 	3001.000 	3030.000 	3019.000 	2905.000 	2904.000 	2904.000 	2904.000 	2904.000 	2904.000 	2904.000 	2954.000 
RA120,CAP_NET_ELC,MW,LI	0.000 	0.000 	0.000 	0.000 	0.000 	0.000 	0.000 	: 	: 	: 	: 	: 	: 	: 	: 	: 	: 	: 	: 	: 	: 	: 	: 	: 	: 	: 	: 	: 	: 	: 	: 
RA120,CAP_NET_ELC,MW,LT	0.000 	0.000 	0.000 	0.000 	0.000 	0.000 	0.000 	0.000 	0.000 	0.000 	0.000 	0.000 	0.000 	0.000 	0.000 	0.000 	0.000 	0.000 	0.000 	0.000 	0.000 	0.000 	0.000 	0.000 	0.000 	0.000 	0.000 	0.000 	0.000 	0.000 	0.000 
RA120,CAP_NET_ELC,MW,LU	0.000 	0.000 	0.000 	0.000 	0.000 	0.000 	0.000 	0.000 	0.000 	0.000 	0.000 	0.000 	0.000 	0.000 	0.000 	0.000 	0.000 	0.000 	0.000 	0.000 	0.000 	0.000 	0.000 	0.000 	0.000 	0.000 	0.000 	0.000 	0.000 	0.000 	0.000 
RA120,CAP_NET_ELC,MW,LV	0.000 	0.000 	0.000 	0.000 	0.000 	0.000 	0.000 	0.000 	0.000 	0.000 	0.000 	0.000 	0.000 	0.000 	0.000 	0.000 	0.000 	0.000 	0.000 	0.000 	0.000 	0.000 	0.000 	0.000 	0.000 	0.000 	0.000 	0.000 	0.000 	0.000 	0.000 
RA120,CAP_NET_ELC,MW,MD	0.000 	0.000 	0.000 	0.000 	0.000 	0.000 	0.000 	0.000 	0.000 	0.000 	0.000 	: 	: 	: 	: 	: 	: 	: 	: 	: 	: 	: 	: 	: 	: 	: 	: 	: 	: 	: 	: 
RA120,CAP_NET_ELC,MW,ME	0.000 	0.000 	0.000 	0.000 	0.000 	0.000 	0.000 	0.000 	0.000 	0.000 	0.000 	0.000 	0.000 	0.000 	0.000 	0.000 	: 	: 	: 	: 	: 	: 	: 	: 	: 	: 	: 	: 	: 	: 	: 
RA120,CAP_NET_ELC,MW,MK	0.000 	0.000 	0.000 	0.000 	0.000 	0.000 	0.000 	0.000 	0.000 	0.000 	0.000 	0.000 	0.000 	0.000 	0.000 	0.000 	0.000 	0.000 	0.000 	0.000 	0.000 	0.000 	0.000 	0.000 	0.000 	0.000 	0.000 	0.000 	0.000 	0.000 	0.000 
RA120,CAP_NET_ELC,MW,MT	0.000 	0.000 	0.000 	0.000 	0.000 	0.000 	0.000 	0.000 	0.000 	0.000 	0.000 	0.000 	0.000 	0.000 	0.000 	0.000 	0.000 	0.000 	0.000 	0.000 	0.000 	0.000 	0.000 	0.000 	0.000 	0.000 	0.000 	0.000 	0.000 	0.000 	0.000 
RA120,CAP_NET_ELC,MW,NL	0.000 	0.000 	0.000 	0.000 	0.000 	0.000 	0.000 	0.000 	0.000 	0.000 	0.000 	0.000 	0.000 	0.000 	0.000 	0.000 	0.000 	0.000 	0.000 	0.000 	0.000 	0.000 	0.000 	0.000 	0.000 	0.000 	0.000 	0.000 	0.000 	0.000 	0.000 
RA120,CAP_NET_ELC,MW,NO	1446.700 	1410.000 	1410.000 	1530.000 	1536.000 	1433.000 	1351.000 	1351.000 	1351.000 	1351.000 	1326.000 	1351.000 	1351.000 	1310.000 	1327.000 	1327.000 	1309.000 	1042.000 	1309.000 	1360.000 	1360.000 	663.000 	663.000 	672.000 	672.000 	673.000 	1067.000 	1067.000 	1067.000 	1067.000 	1067.000 
RA120,CAP_NET_ELC,MW,PL	375.950 	375.950 	375.950 	375.950 	376.000 	376.000 	376.000 	376.000 	376.000 	376.000 	376.000 	376.000 	376.000 	376.000 	376.000 	373.000 	341.000 	343.000 	324.000 	351.000 	308.000 	308.000 	308.000 	216.000 	216.000 	216.000 	216.000 	216.000 	216.000 	216.000 	216.000 
RA120,CAP_NET_ELC,MW,PT	2764.400 	2764.400 	2764.400 	2764.400 	2501.700 	1722.000 	1347.000 	1298.100 	1298.100 	1044.700 	1048.900 	1048.900 	1048.900 	1048.900 	1048.900 	1048.900 	857.000 	617.000 	617.000 	617.000 	617.000 	617.000 	617.000 	617.000 	617.000 	617.000 	593.000 	593.000 	593.000 	593.000 	593.000 
RA120,CAP_NET_ELC,MW,RO	279.165 	278.247 	267.614 	272.289 	265.000 	279.000 	265.000 	269.000 	0.000 	0.000 	0.000 	0.000 	0.000 	0.000 	0.000 	0.000 	0.000 	0.000 	0.000 	0.000 	0.000 	0.000 	0.000 	0.000 	0.000 	0.000 	0.000 	0.000 	0.000 	0.000 	0.000 
RA120,CAP_NET_ELC,MW,RS	129.000 	129.000 	129.000 	129.000 	0.000 	0.000 	0.000 	0.000 	0.000 	0.000 	0.000 	0.000 	0.000 	0.000 	0.000 	0.000 	0.000 	0.000 	0.000 	0.000 	0.000 	0.000 	0.000 	0.000 	0.000 	0.000 	0.000 	0.000 	0.000 	0.000 	0.000 
RA120,CAP_NET_ELC,MW,SE	99.000 	99.000 	99.000 	99.000 	0.000 	0.000 	0.000 	0.000 	0.000 	0.000 	0.000 	0.000 	0.000 	0.000 	0.000 	0.000 	0.000 	0.000 	0.000 	0.000 	0.000 	0.000 	0.000 	0.000 	0.000 	0.000 	0.000 	0.000 	0.000 	0.000 	0.000 
RA120,CAP_NET_ELC,MW,SI	0.000 	0.000 	0.000 	0.000 	0.000 	0.000 	0.000 	0.000 	0.000 	0.000 	0.000 	0.000 	0.000 	0.000 	0.000 	0.000 	0.000 	0.000 	0.000 	0.000 	0.000 	0.000 	0.000 	0.000 	0.000 	0.000 	0.000 	0.000 	0.000 	0.000 	0.000 
RA120,CAP_NET_ELC,MW,SK	0.000 	0.000 	0.000 	0.000 	0.000 	0.000 	0.000 	0.000 	0.000 	0.000 	0.000 	0.000 	0.000 	0.000 	0.000 	0.000 	0.000 	0.000 	0.000 	0.000 	0.000 	0.000 	0.000 	0.000 	0.000 	0.000 	0.000 	0.000 	0.000 	0.000 	0.000 
RA120,CAP_NET_ELC,MW,TR	0.000 	0.000 	0.000 	0.000 	0.000 	0.000 	0.000 	0.000 	0.000 	0.000 	0.000 	0.000 	0.000 	0.000 	0.000 	0.000 	0.000 	0.000 	0.000 	0.000 	0.000 	0.000 	0.000 	0.000 	0.000 	0.000 	0.000 	0.000 	0.000 	0.000 	0.000 
RA120,CAP_NET_ELC,MW,UA	0.000 	0.000 	0.000 	0.000 	0.000 	0.000 	0.000 	0.000 	0.000 	0.000 	0.000 	0.000 	0.000 	0.000 	0.000 	0.000 	0.000 	0.000 	0.000 	0.000 	0.000 	0.000 	0.000 	0.000 	0.000 	0.000 	0.000 	0.000 	0.000 	0.000 	0.000 
RA120,CAP_NET_ELC,MW,UK	: 	300.000 	300.000 	300.000 	300.000 	300.000 	300.000 	300.000 	300.000 	300.000 	300.000 	300.000 	300.000 	300.000 	300.000 	300.000 	300.000 	300.000 	300.000 	300.000 	300.000 	300.000 	300.000 	300.000 	300.000 	300.000 	300.000 	300.000 	300.000 	300.000 	300.000 
RA120,CAP_NET_ELC,MW,XK	0.000 	: 	0.000 	0.000 	0.000 	0.000 	0.000 	0.000 	0.000 	0.000 	0.000 	0.000 	0.000 	0.000 	0.000 	0.000 	0.000 	0.000 	0.000 	0.000 	0.000 	: 	: 	: 	: 	: 	: 	: 	: 	: 	: 
RA130,CAP_NET_ELC,MW,AL	0.000 	0.000 	0.000 	0.000 	0.000 	0.000 	0.000 	0.000 	0.000 	0.000 	0.000 	0.000 	0.000 	0.000 	0.000 	0.000 	0.000 	0.000 	0.000 	0.000 	0.000 	0.000 	0.000 	0.000 	0.000 	0.000 	0.000 	0.000 	0.000 	0.000 	0.000 
RA130,CAP_NET_ELC,MW,AT	0.000 	0.000 	0.000 	0.000 	0.000 	0.000 	0.000 	0.000 	0.000 	0.000 	0.000 	0.000 	0.000 	0.000 	0.000 	0.000 	0.000 	0.000 	0.000 	0.000 	0.000 	0.000 	0.000 	0.000 	0.000 	0.000 	0.000 	0.000 	0.000 	0.000 	0.000 
RA130,CAP_NET_ELC,MW,BA	0.000 	0.000 	0.000 	0.000 	0.000 	0.000 	0.000 	: 	: 	: 	: 	: 	: 	: 	: 	: 	: 	: 	: 	: 	: 	: 	: 	: 	: 	: 	: 	: 	: 	: 	: 
RA130,CAP_NET_ELC,MW,BE	1310.000 	1310.000 	1310.000 	1310.000 	1310.000 	1310.000 	1310.000 	1310.000 	1307.000 	1307.000 	1307.000 	1307.000 	1307.000 	1307.000 	1307.000 	1307.000 	1310.000 	1310.000 	1310.000 	1310.000 	1310.000 	1307.000 	1307.000 	1307.000 	1307.000 	1307.000 	1307.000 	1307.000 	1307.000 	1307.000 	1307.000 
RA130,CAP_NET_ELC,MW,BG	864.000 	864.000 	864.000 	864.000 	864.000 	864.000 	864.000 	864.000 	864.000 	864.000 	864.000 	864.000 	864.000 	864.000 	864.000 	864.000 	864.000 	864.000 	864.000 	864.000 	864.000 	864.000 	432.000 	432.000 	432.000 	432.000 	0.000 	0.000 	0.000 	0.000 	0.000 
RA130,CAP_NET_ELC,MW,CY	0.000 	0.000 	0.000 	0.000 	0.000 	0.000 	0.000 	0.000 	0.000 	0.000 	0.000 	0.000 	0.000 	0.000 	0.000 	0.000 	0.000 	0.000 	0.000 	0.000 	0.000 	0.000 	0.000 	0.000 	0.000 	0.000 	0.000 	0.000 	0.000 	0.000 	0.000 
RA130,CAP_NET_ELC,MW,CZ	1171.500 	1171.500 	1171.500 	1172.000 	1172.000 	1172.000 	1172.000 	1172.000 	1147.000 	1147.000 	1147.000 	1147.000 	1147.000 	1147.000 	1147.000 	1147.000 	1145.000 	1145.000 	1145.000 	1145.000 	1145.000 	1145.000 	1145.000 	1145.000 	1146.000 	491.000 	491.000 	491.000 	491.000 	491.000 	491.000 
RA130,CAP_NET_ELC,MW,DE	5354.000 	5355.000 	5355.000 	5493.000 	5578.000 	5666.000 	5654.000 	5650.000 	5650.000 	5811.000 	5811.000 	5898.000 	5641.000 	5696.000 	5649.000 	5648.000 	4918.000 	4331.000 	4652.000 	4562.000 	4654.000 	4654.000 	4545.000 	4545.000 	4635.000 	4528.000 	4628.000 	4576.000 	4576.000 	4516.000 	4200.000 
RA130,CAP_NET_ELC,MW,DK	0.000 	0.000 	0.000 	0.000 	0.000 	0.000 	0.000 	0.000 	0.000 	0.000 	0.000 	0.000 	0.000 	0.000 	0.000 	0.000 	0.000 	0.000 	0.000 	0.000 	0.000 	0.000 	0.000 	0.000 	0.000 	0.000 	0.000 	0.000 	0.000 	0.000 	0.000 
RA130,CAP_NET_ELC,MW,EA19	19107.440 	19108.480 	19108.480 	19246.480 	19373.100 	19461.060 	19449.060 	19304.060 	18423.110 	18292.110 	18292.450 	18491.450 	18234.450 	18282.450 	18235.450 	18234.450 	17507.450 	16922.450 	17299.450 	17227.450 	17117.450 	17156.450 	17020.450 	16830.450 	16910.450 	16806.450 	16172.450 	15930.450 	15684.450 	14997.450 	14376.450 
RA130,CAP_NET_ELC,MW,EE	0.000 	0.000 	0.000 	0.000 	0.000 	0.000 	0.000 	0.000 	0.000 	0.000 	0.000 	0.000 	0.000 	0.000 	0.000 	0.000 	0.000 	0.000 	0.000 	0.000 	0.000 	0.000 	0.000 	0.000 	0.000 	0.000 	0.000 	0.000 	0.000 	0.000 	0.000 
RA130,CAP_NET_ELC,MW,EL	0.000 	0.000 	0.000 	0.000 	0.000 	0.000 	0.000 	0.000 	0.000 	0.000 	0.000 	0.000 	0.000 	0.000 	0.000 	0.000 	0.000 	0.000 	0.000 	0.000 	0.000 	0.000 	0.000 	0.000 	0.000 	0.000 	0.000 	0.000 	0.000 	0.000 	0.000 
RA130,CAP_NET_ELC,MW,ES	3331.400 	3331.400 	3331.400 	3331.400 	3331.400 	3331.400 	3331.400 	3331.400 	2453.450 	2453.450 	2453.450 	2453.450 	2453.450 	2453.450 	2453.450 	2453.450 	2453.450 	2453.450 	2453.450 	2453.450 	2453.450 	2453.450 	2453.450 	2453.450 	2453.450 	2453.450 	2453.450 	2453.450 	2453.450 	2453.450 	2453.450 
RA130,CAP_NET_ELC,MW,EU27_2020	22657.440 	22658.480 	22658.480 	22796.980 	23013.100 	23094.060 	23082.060 	22937.060 	22031.110 	21900.110 	21909.450 	22108.450 	21736.450 	21744.450 	21688.450 	21694.450 	20965.450 	20382.450 	20719.450 	20647.450 	20511.450 	20550.450 	20054.450 	19864.450 	20281.450 	19522.450 	18456.450 	18214.450 	17968.450 	17156.450 	16499.450 
RA130,CAP_NET_ELC,MW,FI	0.000 	0.000 	0.000 	0.000 	0.000 	0.000 	0.000 	0.000 	0.000 	0.000 	0.000 	0.000 	0.000 	0.000 	0.000 	0.000 	0.000 	0.000 	0.000 	0.000 	0.000 	0.000 	0.000 	0.000 	0.000 	0.000 	0.000 	0.000 	0.000 	0.000 	0.000 
RA130,CAP_NET_ELC,MW,FR	1727.660 	1727.700 	1727.700 	1727.700 	1727.700 	1727.660 	1727.660 	1807.660 	1807.660 	1807.660 	1808.000 	1808.000 	1808.000 	1801.000 	1801.000 	1801.000 	1801.000 	1801.000 	1857.000 	1857.000 	1857.000 	1858.000 	1847.000 	1847.000 	1847.000 	1847.000 	1847.000 	1847.000 	1849.000 	1849.000 	1792.000 
RA130,CAP_NET_ELC,MW,GE	0.000 	0.000 	0.000 	0.000 	0.000 	0.000 	0.000 	0.000 	: 	: 	: 	: 	: 	: 	: 	: 	: 	: 	: 	: 	: 	: 	: 	: 	: 	: 	: 	: 	: 	: 	: 
RA130,CAP_NET_ELC,MW,HR	0.000 	0.000 	0.000 	0.000 	0.000 	0.000 	0.000 	0.000 	0.000 	0.000 	0.000 	0.000 	0.000 	0.000 	0.000 	0.000 	0.000 	0.000 	0.000 	0.000 	0.000 	0.000 	0.000 	0.000 	0.000 	0.000 	0.000 	0.000 	0.000 	0.000 	0.000 
RA130,CAP_NET_ELC,MW,HU	0.000 	0.000 	0.000 	0.000 	0.000 	0.000 	0.000 	0.000 	0.000 	0.000 	0.000 	0.000 	0.000 	0.000 	0.000 	0.000 	0.000 	0.000 	0.000 	0.000 	0.000 	0.000 	0.000 	0.000 	0.000 	0.000 	0.000 	0.000 	0.000 	0.000 	0.000 
RA130,CAP_NET_ELC,MW,IE	292.000 	292.000 	292.000 	292.000 	292.000 	292.000 	292.000 	292.000 	292.000 	0.000 	0.000 	292.000 	292.000 	292.000 	292.000 	292.000 	292.000 	292.000 	292.000 	292.000 	292.000 	292.000 	292.000 	292.000 	290.000 	290.000 	290.000 	290.000 	290.000 	290.000 	290.000 
RA130,CAP_NET_ELC,MW,IS	0.000 	0.000 	0.000 	0.000 	0.000 	0.000 	0.000 	0.000 	0.000 	0.000 	0.000 	0.000 	0.000 	0.000 	0.000 	0.000 	0.000 	0.000 	0.000 	0.000 	0.000 	0.000 	0.000 	0.000 	0.000 	0.000 	0.000 	0.000 	0.000 	0.000 	0.000 
RA130,CAP_NET_ELC,MW,IT	3940.380 	3940.380 	3940.380 	3940.380 	3982.000 	3982.000 	3982.000 	3957.000 	3957.000 	3957.000 	3957.000 	3957.000 	3957.000 	3957.000 	3957.000 	3957.000 	3957.000 	3956.000 	3956.000 	3977.000 	3956.000 	3997.000 	3981.000 	3981.000 	3973.000 	3976.000 	3977.000 	3977.000 	3729.000 	3482.000 	3234.000 
RA130,CAP_NET_ELC,MW,LI	0.000 	0.000 	0.000 	0.000 	0.000 	0.000 	0.000 	: 	: 	: 	: 	: 	: 	: 	: 	: 	: 	: 	: 	: 	: 	: 	: 	: 	: 	: 	: 	: 	: 	: 	: 
RA130,CAP_NET_ELC,MW,LT	760.000 	760.000 	760.000 	760.000 	760.000 	760.000 	760.000 	760.000 	760.000 	760.000 	760.000 	760.000 	760.000 	760.000 	760.000 	760.000 	760.000 	760.000 	760.000 	760.000 	760.000 	760.000 	760.000 	570.000 	570.000 	570.000 	570.000 	380.000 	380.000 	0.000 	0.000 
RA130,CAP_NET_ELC,MW,LU	1296.000 	1296.000 	1296.000 	1296.000 	1296.000 	1296.000 	1296.000 	1100.000 	1100.000 	1100.000 	1100.000 	1100.000 	1100.000 	1100.000 	1100.000 	1100.000 	1100.000 	1100.000 	1100.000 	1100.000 	1100.000 	1100.000 	1100.000 	1100.000 	1100.000 	1100.000 	1100.000 	1100.000 	1100.000 	1100.000 	1100.000 
RA130,CAP_NET_ELC,MW,LV	0.000 	0.000 	0.000 	0.000 	0.000 	0.000 	0.000 	0.000 	0.000 	0.000 	0.000 	0.000 	0.000 	0.000 	0.000 	0.000 	0.000 	0.000 	0.000 	0.000 	0.000 	0.000 	0.000 	0.000 	0.000 	0.000 	0.000 	0.000 	0.000 	0.000 	0.000 
RA130,CAP_NET_ELC,MW,MD	0.000 	0.000 	0.000 	0.000 	0.000 	0.000 	0.000 	0.000 	0.000 	0.000 	0.000 	: 	: 	: 	: 	: 	: 	: 	: 	: 	: 	: 	: 	: 	: 	: 	: 	: 	: 	: 	: 
RA130,CAP_NET_ELC,MW,ME	0.000 	0.000 	0.000 	0.000 	0.000 	0.000 	0.000 	0.000 	0.000 	0.000 	0.000 	0.000 	0.000 	0.000 	0.000 	0.000 	: 	: 	: 	: 	: 	: 	: 	: 	: 	: 	: 	: 	: 	: 	: 
RA130,CAP_NET_ELC,MW,MK	0.000 	0.000 	0.000 	0.000 	0.000 	0.000 	0.000 	0.000 	0.000 	0.000 	0.000 	0.000 	0.000 	0.000 	0.000 	0.000 	0.000 	0.000 	0.000 	0.000 	0.000 	0.000 	0.000 	0.000 	0.000 	0.000 	0.000 	0.000 	0.000 	0.000 	0.000 
RA130,CAP_NET_ELC,MW,MT	0.000 	0.000 	0.000 	0.000 	0.000 	0.000 	0.000 	0.000 	0.000 	0.000 	0.000 	0.000 	0.000 	0.000 	0.000 	0.000 	0.000 	0.000 	0.000 	0.000 	0.000 	0.000 	0.000 	0.000 	0.000 	0.000 	0.000 	0.000 	0.000 	0.000 	0.000 
RA130,CAP_NET_ELC,MW,NL	0.000 	0.000 	0.000 	0.000 	0.000 	0.000 	0.000 	0.000 	0.000 	0.000 	0.000 	0.000 	0.000 	0.000 	0.000 	0.000 	0.000 	0.000 	0.000 	0.000 	0.000 	0.000 	0.000 	0.000 	0.000 	0.000 	0.000 	0.000 	0.000 	0.000 	0.000 
RA130,CAP_NET_ELC,MW,NO	0.000 	0.000 	0.000 	0.000 	0.000 	0.000 	0.000 	0.000 	0.000 	0.000 	0.000 	0.000 	0.000 	0.000 	0.000 	0.000 	0.000 	0.000 	0.000 	0.000 	0.000 	0.000 	0.000 	0.000 	0.000 	0.000 	0.000 	0.000 	0.000 	0.000 	0.000 
RA130,CAP_NET_ELC,MW,PL	1423.000 	1423.000 	1423.000 	1423.000 	1413.000 	1406.000 	1406.000 	1406.000 	1406.000 	1406.000 	1406.000 	1406.000 	1406.000 	1406.000 	1406.000 	1406.000 	1406.000 	1406.000 	1366.000 	1366.000 	1366.000 	1366.000 	1366.000 	1366.000 	1366.000 	1366.000 	1366.000 	1366.000 	1366.000 	1241.000 	1205.000 
RA130,CAP_NET_ELC,MW,PT	0.000 	0.000 	0.000 	0.000 	0.000 	0.000 	0.000 	0.000 	0.000 	0.000 	0.000 	0.000 	0.000 	0.000 	0.000 	0.000 	0.000 	0.000 	0.000 	0.000 	0.000 	0.000 	0.000 	0.000 	0.000 	0.000 	0.000 	0.000 	0.000 	0.000 	0.000 
RA130,CAP_NET_ELC,MW,RO	91.500 	91.500 	91.500 	91.500 	92.000 	92.000 	92.000 	92.000 	92.000 	92.000 	92.000 	92.000 	0.000 	0.000 	0.000 	0.000 	0.000 	0.000 	0.000 	0.000 	0.000 	0.000 	0.000 	0.000 	0.000 	0.000 	0.000 	0.000 	0.000 	0.000 	0.000 
RA130,CAP_NET_ELC,MW,RS	614.000 	614.000 	614.000 	614.000 	614.000 	614.000 	614.000 	614.000 	614.000 	614.000 	614.000 	614.000 	614.000 	614.000 	614.000 	614.000 	614.000 	614.000 	614.000 	614.000 	614.000 	614.000 	614.000 	614.000 	614.000 	614.000 	0.000 	0.000 	0.000 	0.000 	0.000 
RA130,CAP_NET_ELC,MW,SE	0.000 	0.000 	0.000 	0.000 	99.000 	99.000 	99.000 	99.000 	99.000 	99.000 	108.000 	108.000 	85.000 	45.000 	36.000 	43.000 	43.000 	45.000 	45.000 	45.000 	19.000 	19.000 	91.000 	91.000 	427.000 	427.000 	427.000 	427.000 	427.000 	427.000 	427.000 
RA130,CAP_NET_ELC,MW,SI	180.000 	180.000 	180.000 	180.000 	180.000 	180.000 	180.000 	180.000 	180.000 	180.000 	180.000 	0.000 	0.000 	0.000 	0.000 	0.000 	0.000 	0.000 	0.000 	0.000 	0.000 	0.000 	0.000 	0.000 	0.000 	0.000 	0.000 	0.000 	0.000 	0.000 	0.000 
RA130,CAP_NET_ELC,MW,SK	916.000 	916.000 	916.000 	916.000 	916.000 	916.000 	916.000 	916.000 	916.000 	916.000 	916.000 	916.000 	916.000 	916.000 	916.000 	916.000 	916.000 	919.000 	919.000 	916.000 	735.000 	735.000 	735.000 	735.000 	735.000 	735.000 	0.000 	0.000 	0.000 	0.000 	0.000 
RA130,CAP_NET_ELC,MW,TR	0.000 	0.000 	0.000 	0.000 	0.000 	0.000 	0.000 	0.000 	0.000 	0.000 	0.000 	0.000 	0.000 	0.000 	0.000 	0.000 	0.000 	0.000 	0.000 	0.000 	0.000 	0.000 	0.000 	0.000 	0.000 	0.000 	0.000 	0.000 	0.000 	0.000 	0.000 
RA130,CAP_NET_ELC,MW,UA	1515.000 	1509.000 	1509.000 	1509.000 	1509.000 	1186.000 	1186.000 	862.000 	862.000 	862.000 	0.000 	0.000 	0.000 	0.000 	0.000 	0.000 	0.000 	0.000 	0.000 	0.000 	0.000 	0.000 	0.000 	0.000 	0.000 	0.000 	0.000 	0.000 	0.000 	0.000 	0.000 
RA130,CAP_NET_ELC,MW,UK	: 	2600.000 	2600.000 	2600.000 	2600.000 	2600.000 	2444.000 	2444.000 	2444.000 	2444.000 	2444.000 	2444.000 	2444.000 	2444.000 	2426.000 	2488.000 	2488.000 	2488.000 	2488.000 	2488.000 	2488.000 	2488.000 	2488.000 	2488.000 	2488.000 	2488.000 	2488.000 	2487.000 	2487.000 	2487.000 	2487.000 
RA130,CAP_NET_ELC,MW,XK	0.000 	0.000 	0.000 	0.000 	0.000 	0.000 	0.000 	0.000 	0.000 	0.000 	0.000 	0.000 	0.000 	0.000 	0.000 	0.000 	0.000 	0.000 	0.000 	0.000 	0.000 	: 	: 	: 	: 	: 	: 	: 	: 	: 	: 
RA200,CAP_NET_ELC,MW,AL	0.000 	0.000 	0.000 	0.000 	0.000 	0.000 	0.000 	0.000 	0.000 	0.000 	0.000 	0.000 	0.000 	0.000 	0.000 	0.000 	0.000 	0.000 	0.000 	0.000 	0.000 	0.000 	0.000 	0.000 	0.000 	0.000 	0.000 	0.000 	0.000 	0.000 	0.000 
RA200,CAP_NET_ELC,MW,AT	0.915 	0.915 	0.915 	0.915 	0.924 	0.915 	0.915 	0.915 	0.915 	0.915 	0.915 	0.915 	0.915 	0.915 	0.915 	0.915 	2.000 	2.000 	2.000 	0.000 	0.000 	0.000 	0.000 	0.000 	0.000 	0.000 	0.000 	0.000 	0.000 	0.000 	0.000 
RA200,CAP_NET_ELC,MW,BA	0.000 	0.000 	0.000 	0.000 	0.000 	0.000 	0.000 	: 	: 	: 	: 	: 	: 	: 	: 	: 	: 	: 	: 	: 	: 	: 	: 	: 	: 	: 	: 	: 	: 	: 	: 
RA200,CAP_NET_ELC,MW,BE	0.000 	0.000 	0.000 	0.000 	0.000 	0.000 	0.000 	0.000 	0.000 	0.000 	0.000 	0.000 	0.000 	0.000 	0.000 	0.000 	0.000 	0.000 	0.000 	0.000 	0.000 	0.000 	0.000 	0.000 	0.000 	0.000 	0.000 	0.000 	0.000 	0.000 	0.000 
RA200,CAP_NET_ELC,MW,BG	0.000 	0.000 	0.000 	0.000 	0.000 	0.000 	0.000 	0.000 	0.000 	0.000 	0.000 	0.000 	0.000 	0.000 	0.000 	0.000 	0.000 	0.000 	0.000 	0.000 	0.000 	0.000 	0.000 	0.000 	0.000 	0.000 	0.000 	0.000 	0.000 	0.000 	0.000 
RA200,CAP_NET_ELC,MW,CY	0.000 	0.000 	0.000 	0.000 	0.000 	0.000 	0.000 	0.000 	0.000 	0.000 	0.000 	0.000 	0.000 	0.000 	0.000 	0.000 	0.000 	0.000 	0.000 	0.000 	0.000 	0.000 	0.000 	0.000 	0.000 	0.000 	0.000 	0.000 	0.000 	0.000 	0.000 
RA200,CAP_NET_ELC,MW,CZ	0.000 	0.000 	0.000 	0.000 	0.000 	0.000 	0.000 	0.000 	0.000 	0.000 	0.000 	0.000 	0.000 	0.000 	0.000 	0.000 	0.000 	0.000 	0.000 	0.000 	0.000 	0.000 	0.000 	0.000 	0.000 	0.000 	0.000 	0.000 	0.000 	0.000 	0.000 
RA200,CAP_NET_ELC,MW,DE	40.000 	40.000 	35.000 	32.000 	33.000 	29.000 	29.000 	26.000 	16.000 	6.000 	7.000 	6.000 	3.000 	3.000 	0.000 	0.000 	0.000 	0.000 	0.000 	0.000 	0.000 	0.000 	0.000 	0.000 	0.000 	0.000 	0.000 	0.000 	0.000 	0.000 	0.000 
RA200,CAP_NET_ELC,MW,DK	0.000 	0.000 	0.000 	0.000 	0.000 	0.000 	0.000 	0.000 	0.000 	0.000 	0.000 	0.000 	0.000 	0.000 	0.000 	0.000 	0.000 	0.000 	0.000 	0.000 	0.000 	0.000 	0.000 	0.000 	0.000 	0.000 	0.000 	0.000 	0.000 	0.000 	0.000 
RA200,CAP_NET_ELC,MW,EA19	857.955 	853.355 	848.355 	845.355 	842.074 	837.665 	837.915 	795.915 	783.415 	774.815 	760.915 	726.915 	699.915 	699.915 	696.915 	685.915 	658.000 	723.000 	682.000 	587.000 	604.000 	599.000 	559.000 	539.000 	495.000 	480.000 	480.000 	476.000 	476.000 	572.000 	499.000 
RA200,CAP_NET_ELC,MW,EE	0.000 	0.000 	0.000 	0.000 	0.000 	0.000 	0.000 	0.000 	0.000 	0.000 	0.000 	0.000 	0.000 	0.000 	0.000 	0.000 	0.000 	0.000 	0.000 	0.000 	0.000 	0.000 	0.000 	0.000 	0.000 	0.000 	0.000 	0.000 	0.000 	0.000 	0.000 
RA200,CAP_NET_ELC,MW,EL	0.000 	0.000 	0.000 	0.000 	0.000 	0.000 	0.000 	0.000 	0.000 	0.000 	0.000 	0.000 	0.000 	0.000 	0.000 	0.000 	0.000 	0.000 	0.000 	0.000 	0.000 	0.000 	2.000 	2.000 	2.000 	2.000 	2.000 	2.000 	2.000 	2.000 	2.000 
RA200,CAP_NET_ELC,MW,ES	0.000 	0.000 	0.000 	0.000 	0.000 	0.000 	0.000 	0.000 	0.000 	0.000 	0.000 	0.000 	0.000 	0.000 	0.000 	0.000 	0.000 	0.000 	0.000 	0.000 	0.000 	0.000 	0.000 	0.000 	0.000 	0.000 	0.000 	0.000 	0.000 	0.000 	0.000 
RA200,CAP_NET_ELC,MW,EU27_2020	871.005 	866.405 	861.405 	848.405 	842.074 	837.665 	837.915 	795.915 	783.415 	774.815 	760.915 	726.915 	699.915 	699.915 	696.915 	685.915 	658.000 	723.000 	682.000 	587.000 	604.000 	599.000 	559.000 	539.000 	495.000 	480.000 	480.000 	476.000 	476.000 	572.000 	499.000 
RA200,CAP_NET_ELC,MW,FI	0.000 	0.000 	0.000 	0.000 	0.000 	0.000 	0.000 	0.000 	0.000 	0.000 	0.000 	0.000 	0.000 	0.000 	0.000 	0.000 	0.000 	0.000 	0.000 	0.000 	0.000 	0.000 	0.000 	0.000 	0.000 	0.000 	0.000 	0.000 	0.000 	0.000 	0.000 
RA200,CAP_NET_ELC,MW,FR	16.150 	16.150 	16.150 	16.150 	16.150 	14.750 	15.000 	15.000 	13.500 	14.900 	0.000 	0.000 	0.000 	0.000 	0.000 	0.000 	0.000 	0.000 	0.000 	0.000 	0.000 	0.000 	0.000 	0.000 	0.000 	0.000 	0.000 	0.000 	0.000 	0.000 	0.000 
RA200,CAP_NET_ELC,MW,GE	0.000 	0.000 	0.000 	0.000 	0.000 	0.000 	0.000 	0.000 	: 	: 	: 	: 	: 	: 	: 	: 	: 	: 	: 	: 	: 	: 	: 	: 	: 	: 	: 	: 	: 	: 	: 
RA200,CAP_NET_ELC,MW,HR	10.000 	10.000 	10.000 	0.000 	0.000 	0.000 	0.000 	0.000 	0.000 	0.000 	0.000 	0.000 	0.000 	0.000 	0.000 	0.000 	0.000 	0.000 	0.000 	0.000 	0.000 	0.000 	0.000 	0.000 	0.000 	0.000 	0.000 	0.000 	0.000 	0.000 	0.000 
RA200,CAP_NET_ELC,MW,HU	3.000 	3.000 	3.000 	3.000 	0.000 	0.000 	0.000 	0.000 	0.000 	0.000 	0.000 	0.000 	0.000 	0.000 	0.000 	0.000 	0.000 	0.000 	0.000 	0.000 	0.000 	0.000 	0.000 	0.000 	0.000 	0.000 	0.000 	0.000 	0.000 	0.000 	0.000 
RA200,CAP_NET_ELC,MW,IE	0.000 	0.000 	0.000 	0.000 	0.000 	0.000 	0.000 	0.000 	0.000 	0.000 	0.000 	0.000 	0.000 	0.000 	0.000 	0.000 	0.000 	0.000 	0.000 	0.000 	0.000 	0.000 	0.000 	0.000 	0.000 	0.000 	0.000 	0.000 	0.000 	0.000 	0.000 
RA200,CAP_NET_ELC,MW,IS	756.158 	755.558 	755.558 	709.958 	665.000 	665.000 	665.000 	665.000 	665.000 	665.000 	575.000 	575.000 	575.000 	485.000 	422.000 	232.000 	202.000 	202.000 	202.000 	202.000 	172.000 	172.000 	140.000 	80.000 	51.000 	51.000 	51.000 	51.000 	45.000 	45.000 	46.000 
RA200,CAP_NET_ELC,MW,IT	771.790 	767.190 	767.190 	767.190 	767.000 	768.000 	768.000 	729.000 	728.000 	728.000 	728.000 	695.000 	671.000 	671.000 	671.000 	671.000 	642.000 	707.000 	666.000 	573.000 	590.000 	585.000 	547.000 	529.000 	485.000 	470.000 	470.000 	471.000 	471.000 	567.000 	496.000 
RA200,CAP_NET_ELC,MW,LI	0.000 	0.000 	0.000 	0.000 	0.000 	0.000 	0.000 	: 	: 	: 	: 	: 	: 	: 	: 	: 	: 	: 	: 	: 	: 	: 	: 	: 	: 	: 	: 	: 	: 	: 	: 
RA200,CAP_NET_ELC,MW,LT	0.000 	0.000 	0.000 	0.000 	0.000 	0.000 	0.000 	0.000 	0.000 	0.000 	0.000 	0.000 	0.000 	0.000 	0.000 	0.000 	0.000 	0.000 	0.000 	0.000 	0.000 	0.000 	0.000 	0.000 	0.000 	0.000 	0.000 	0.000 	0.000 	0.000 	0.000 
RA200,CAP_NET_ELC,MW,LU	0.000 	0.000 	0.000 	0.000 	0.000 	0.000 	0.000 	0.000 	0.000 	0.000 	0.000 	0.000 	0.000 	0.000 	0.000 	0.000 	0.000 	0.000 	0.000 	0.000 	0.000 	0.000 	0.000 	0.000 	0.000 	0.000 	0.000 	0.000 	0.000 	0.000 	0.000 
RA200,CAP_NET_ELC,MW,LV	0.000 	0.000 	0.000 	0.000 	0.000 	0.000 	0.000 	0.000 	0.000 	0.000 	0.000 	0.000 	0.000 	0.000 	0.000 	0.000 	0.000 	0.000 	0.000 	0.000 	0.000 	0.000 	0.000 	0.000 	0.000 	0.000 	0.000 	0.000 	0.000 	0.000 	0.000 
RA200,CAP_NET_ELC,MW,MD	0.000 	0.000 	0.000 	0.000 	0.000 	0.000 	0.000 	0.000 	0.000 	0.000 	0.000 	: 	: 	: 	: 	: 	: 	: 	: 	: 	: 	: 	: 	: 	: 	: 	: 	: 	: 	: 	: 
RA200,CAP_NET_ELC,MW,ME	0.000 	0.000 	0.000 	0.000 	0.000 	0.000 	0.000 	0.000 	0.000 	0.000 	0.000 	0.000 	0.000 	0.000 	0.000 	0.000 	: 	: 	: 	: 	: 	: 	: 	: 	: 	: 	: 	: 	: 	: 	: 
RA200,CAP_NET_ELC,MW,MK	0.000 	0.000 	0.000 	0.000 	0.000 	0.000 	0.000 	0.000 	0.000 	0.000 	0.000 	0.000 	0.000 	0.000 	0.000 	0.000 	0.000 	0.000 	0.000 	0.000 	0.000 	0.000 	0.000 	0.000 	0.000 	0.000 	0.000 	0.000 	0.000 	0.000 	0.000 
RA200,CAP_NET_ELC,MW,MT	0.000 	0.000 	0.000 	0.000 	0.000 	0.000 	0.000 	0.000 	0.000 	0.000 	0.000 	0.000 	0.000 	0.000 	0.000 	0.000 	0.000 	0.000 	0.000 	0.000 	0.000 	0.000 	0.000 	0.000 	0.000 	0.000 	0.000 	0.000 	0.000 	0.000 	0.000 
RA200,CAP_NET_ELC,MW,NL	0.000 	0.000 	0.000 	0.000 	0.000 	0.000 	0.000 	0.000 	0.000 	0.000 	0.000 	0.000 	0.000 	0.000 	0.000 	0.000 	0.000 	0.000 	0.000 	0.000 	0.000 	0.000 	0.000 	0.000 	0.000 	0.000 	0.000 	0.000 	0.000 	0.000 	0.000 
RA200,CAP_NET_ELC,MW,NO	0.000 	0.000 	0.000 	0.000 	0.000 	0.000 	0.000 	0.000 	0.000 	0.000 	0.000 	0.000 	0.000 	0.000 	0.000 	0.000 	0.000 	0.000 	0.000 	0.000 	0.000 	0.000 	0.000 	0.000 	0.000 	0.000 	0.000 	0.000 	0.000 	0.000 	0.000 
RA200,CAP_NET_ELC,MW,PL	0.000 	0.000 	0.000 	0.000 	0.000 	0.000 	0.000 	0.000 	0.000 	0.000 	0.000 	0.000 	0.000 	0.000 	0.000 	0.000 	0.000 	0.000 	0.000 	0.000 	0.000 	0.000 	0.000 	0.000 	0.000 	0.000 	0.000 	0.000 	0.000 	0.000 	0.000 
RA200,CAP_NET_ELC,MW,PT	29.100 	29.100 	29.100 	29.100 	25.000 	25.000 	25.000 	25.000 	25.000 	25.000 	25.000 	25.000 	25.000 	25.000 	25.000 	14.000 	14.000 	14.000 	14.000 	14.000 	14.000 	14.000 	10.000 	8.000 	8.000 	8.000 	8.000 	3.000 	3.000 	3.000 	1.000 
RA200,CAP_NET_ELC,MW,RO	0.050 	0.050 	0.050 	0.050 	0.000 	0.000 	0.000 	0.000 	0.000 	0.000 	0.000 	0.000 	0.000 	0.000 	0.000 	0.000 	0.000 	0.000 	0.000 	0.000 	0.000 	0.000 	0.000 	0.000 	0.000 	0.000 	0.000 	0.000 	0.000 	0.000 	0.000 
RA200,CAP_NET_ELC,MW,RS	0.000 	0.000 	0.000 	0.000 	0.000 	0.000 	0.000 	0.000 	0.000 	0.000 	0.000 	0.000 	0.000 	0.000 	0.000 	0.000 	0.000 	0.000 	0.000 	0.000 	0.000 	0.000 	0.000 	0.000 	0.000 	0.000 	0.000 	0.000 	0.000 	0.000 	0.000 
RA200,CAP_NET_ELC,MW,SE	0.000 	0.000 	0.000 	0.000 	0.000 	0.000 	0.000 	0.000 	0.000 	0.000 	0.000 	0.000 	0.000 	0.000 	0.000 	0.000 	0.000 	0.000 	0.000 	0.000 	0.000 	0.000 	0.000 	0.000 	0.000 	0.000 	0.000 	0.000 	0.000 	0.000 	0.000 
RA200,CAP_NET_ELC,MW,SI	0.000 	0.000 	0.000 	0.000 	0.000 	0.000 	0.000 	0.000 	0.000 	0.000 	0.000 	0.000 	0.000 	0.000 	0.000 	0.000 	0.000 	0.000 	0.000 	0.000 	0.000 	0.000 	0.000 	0.000 	0.000 	0.000 	0.000 	0.000 	0.000 	0.000 	0.000 
RA200,CAP_NET_ELC,MW,SK	0.000 	0.000 	0.000 	0.000 	0.000 	0.000 	0.000 	0.000 	0.000 	0.000 	0.000 	0.000 	0.000 	0.000 	0.000 	0.000 	0.000 	0.000 	0.000 	0.000 	0.000 	0.000 	0.000 	0.000 	0.000 	0.000 	0.000 	0.000 	0.000 	0.000 	0.000 
RA200,CAP_NET_ELC,MW,TR	1613.188 	1514.688 	1282.518 	1063.700 	821.000 	624.000 	405.000 	311.000 	162.000 	114.000 	94.000 	77.000 	30.000 	23.000 	23.000 	15.000 	15.000 	15.000 	18.000 	18.000 	18.000 	18.000 	18.000 	18.000 	18.000 	18.000 	18.000 	18.000 	18.000 	18.000 	18.000 
RA200,CAP_NET_ELC,MW,UA	0.000 	0.000 	0.000 	0.000 	0.000 	0.000 	0.000 	0.000 	0.000 	0.000 	0.000 	0.000 	0.000 	0.000 	0.000 	0.000 	0.000 	0.000 	0.000 	0.000 	0.000 	0.000 	0.000 	0.000 	0.000 	0.000 	0.000 	0.000 	0.000 	0.000 	0.000 
RA200,CAP_NET_ELC,MW,UK	: 	0.000 	0.000 	0.000 	0.000 	0.000 	0.000 	0.000 	0.000 	0.000 	0.000 	0.000 	0.000 	0.000 	0.000 	0.000 	0.000 	0.000 	0.000 	0.000 	0.000 	0.000 	0.000 	0.000 	0.000 	0.000 	0.000 	0.000 	0.000 	0.000 	0.000 
RA200,CAP_NET_ELC,MW,XK	0.000 	0.000 	0.000 	0.000 	0.000 	0.000 	0.000 	0.000 	0.000 	0.000 	0.000 	0.000 	0.000 	0.000 	0.000 	0.000 	0.000 	0.000 	0.000 	0.000 	0.000 	: 	: 	: 	: 	: 	: 	: 	: 	: 	: 
RA300,CAP_NET_ELC,MW,AL	0.000 	0.000 	0.000 	0.000 	0.000 	0.000 	0.000 	0.000 	0.000 	0.000 	0.000 	0.000 	0.000 	0.000 	0.000 	0.000 	0.000 	0.000 	0.000 	0.000 	0.000 	0.000 	0.000 	0.000 	0.000 	0.000 	0.000 	0.000 	0.000 	0.000 	0.000 
RA300,CAP_NET_ELC,MW,AT	3225.985 	3224.117 	3132.713 	2886.698 	2729.996 	2488.726 	2110.275 	1674.538 	1337.150 	1105.966 	1015.828 	1000.985 	991.974 	991.159 	968.269 	825.219 	581.000 	322.000 	109.000 	67.000 	50.000 	38.000 	34.000 	15.000 	3.000 	1.000 	1.000 	1.000 	0.000 	0.000 	0.000 
RA300,CAP_NET_ELC,MW,BA	87.000 	87.000 	51.000 	0.000 	0.000 	0.000 	0.000 	: 	: 	: 	: 	: 	: 	: 	: 	: 	: 	: 	: 	: 	: 	: 	: 	: 	: 	: 	: 	: 	: 	: 	: 
RA300,CAP_NET_ELC,MW,BE	4680.900 	3863.400 	3267.900 	2787.500 	2370.000 	2176.000 	1944.000 	1780.000 	1370.000 	1069.000 	912.000 	608.000 	324.000 	276.000 	212.000 	167.000 	96.000 	67.000 	31.000 	26.000 	14.000 	10.000 	6.000 	5.000 	5.000 	5.000 	5.000 	5.000 	5.000 	5.000 	5.000 
RA300,CAP_NET_ELC,MW,BG	702.800 	703.120 	698.920 	698.390 	699.000 	699.000 	699.000 	683.000 	677.000 	541.000 	488.000 	333.000 	114.000 	30.000 	27.000 	8.000 	1.000 	0.000 	0.000 	0.000 	0.000 	0.000 	0.000 	0.000 	0.000 	0.000 	0.000 	0.000 	0.000 	0.000 	0.000 
RA300,CAP_NET_ELC,MW,CY	157.725 	157.725 	157.725 	157.725 	157.725 	157.725 	147.225 	147.225 	147.225 	134.225 	82.225 	0.225 	0.225 	0.225 	0.225 	0.225 	0.225 	0.000 	0.000 	0.000 	0.000 	0.000 	0.000 	0.000 	0.000 	0.000 	0.000 	0.000 	0.000 	0.000 	0.000 
RA300,CAP_NET_ELC,MW,CZ	339.424 	339.414 	316.200 	308.205 	282.000 	281.000 	278.000 	262.000 	258.000 	213.000 	213.000 	193.000 	150.000 	113.800 	43.500 	22.000 	16.500 	10.600 	6.400 	0.000 	2.000 	0.000 	0.000 	0.000 	0.000 	0.000 	0.000 	0.000 	0.000 	0.000 	0.000 
RA300,CAP_NET_ELC,MW,DE	62188.000 	60742.000 	58721.000 	55580.000 	49435.000 	44580.000 	38614.000 	33477.000 	30979.000 	28712.000 	26903.000 	25732.000 	22794.000 	22116.000 	20474.000 	18248.000 	16419.000 	14381.000 	12001.000 	8754.000 	6095.000 	4138.000 	2672.000 	1966.000 	1564.000 	1137.000 	643.000 	334.000 	183.000 	110.000 	48.000 
RA300,CAP_NET_ELC,MW,DK	6259.455 	6102.940 	6115.046 	5488.949 	5245.142 	5076.966 	4886.403 	4818.923 	4161.941 	3951.981 	3801.829 	3482.087 	3162.870 	3124.214 	3135.696 	3127.836 	3123.712 	3119.916 	2894.531 	2497.153 	2390.015 	1753.445 	1438.482 	1123.347 	814.221 	599.499 	521.237 	468.099 	435.949 	392.859 	325.981 
RA300,CAP_NET_ELC,MW,EA19	149274.448 	141491.101 	133022.955 	126119.591 	115765.737 	106529.678 	96931.088 	88895.292 	83554.200 	76687.549 	70548.180 	64372.440 	54913.414 	48937.784 	41571.894 	34935.644 	29486.525 	23665.800 	19313.700 	14032.800 	9692.500 	6749.200 	4279.200 	2987.200 	2196.500 	1564.500 	912.500 	572.500 	356.500 	209.000 	110.000 
RA300,CAP_NET_ELC,MW,EE	317.000 	316.000 	310.000 	311.800 	310.000 	300.000 	275.000 	248.000 	266.000 	180.000 	108.000 	104.000 	77.000 	50.000 	31.000 	31.000 	7.000 	3.000 	1.000 	0.000 	0.000 	0.000 	0.000 	0.000 	0.000 	0.000 	0.000 	0.000 	0.000 	0.000 	0.000 
RA300,CAP_NET_ELC,MW,EL	4119.250 	3589.000 	2877.495 	2624.000 	2370.000 	2091.000 	1978.000 	1809.000 	1753.000 	1640.000 	1298.000 	1171.000 	1022.000 	846.000 	749.000 	491.000 	470.000 	371.000 	287.000 	270.000 	226.000 	109.000 	38.000 	27.000 	27.000 	27.000 	27.000 	27.000 	16.000 	1.000 	1.000 
RA300,CAP_NET_ELC,MW,ES	26819.190 	25590.076 	23405.055 	23124.479 	22990.000 	22943.000 	22925.000 	22958.000 	22789.000 	21529.000 	20693.000 	19176.000 	16555.000 	14820.000 	11722.000 	9918.000 	8317.000 	5945.000 	4891.000 	3397.000 	2206.000 	1613.000 	848.000 	420.000 	227.000 	98.000 	41.000 	34.000 	33.000 	3.000 	2.000 
RA300,CAP_NET_ELC,MW,EU27_2020	176985.204 	167162.151 	157166.757 	148920.390 	138010.879 	127168.644 	115630.491 	105638.215 	97148.141 	87406.530 	78937.009 	70852.527 	60111.284 	53415.798 	45586.090 	38760.480 	33145.737 	27251.316 	22604.631 	16844.953 	12297.515 	8701.645 	5893.682 	4233.547 	3115.721 	2230.999 	1473.737 	1070.599 	812.449 	613.859 	443.981 
RA300,CAP_NET_ELC,MW,FI	2586.000 	2284.000 	2041.000 	2044.000 	1565.000 	1005.000 	627.000 	447.000 	257.000 	199.000 	197.000 	147.000 	143.000 	110.000 	86.000 	82.000 	82.000 	52.000 	43.000 	39.000 	38.000 	38.000 	17.000 	12.000 	7.000 	6.000 	5.000 	5.000 	1.000 	1.000 	0.000 
RA300,CAP_NET_ELC,MW,FR	17484.001 	16456.854 	14900.146 	13499.357 	11566.564 	10298.180 	9201.425 	8155.961 	7607.496 	6758.016 	5912.000 	4582.000 	3403.000 	2223.000 	1412.000 	690.000 	358.000 	218.000 	138.000 	66.000 	38.000 	18.000 	15.000 	7.000 	6.000 	3.000 	3.000 	3.000 	1.000 	1.000 	0.000 
RA300,CAP_NET_ELC,MW,GE	21.000 	21.000 	20.000 	20.000 	20.000 	0.000 	0.000 	0.000 	: 	: 	: 	: 	: 	: 	: 	: 	: 	: 	: 	: 	: 	: 	: 	: 	: 	: 	: 	: 	: 	: 	: 
RA300,CAP_NET_ELC,MW,HR	801.300 	646.300 	586.300 	576.100 	483.000 	418.000 	339.000 	254.000 	180.000 	130.000 	79.000 	70.000 	17.000 	17.000 	17.000 	6.000 	0.000 	0.000 	0.000 	0.000 	0.000 	0.000 	0.000 	0.000 	0.000 	0.000 	0.000 	0.000 	0.000 	0.000 	0.000 
RA300,CAP_NET_ELC,MW,HU	321.000 	323.000 	329.000 	329.000 	329.000 	329.000 	329.000 	329.000 	325.000 	331.000 	293.000 	203.000 	134.000 	61.000 	33.000 	17.000 	3.000 	3.000 	1.000 	1.000 	0.000 	0.000 	0.000 	0.000 	0.000 	0.000 	0.000 	0.000 	0.000 	0.000 	0.000 
RA300,CAP_NET_ELC,MW,IE	4306.700 	4126.450 	3673.850 	3319.150 	2801.650 	2451.150 	2283.250 	1923.300 	1704.350 	1584.600 	1390.400 	1251.300 	942.300 	740.500 	676.500 	493.300 	336.400 	210.300 	134.800 	122.900 	116.500 	70.200 	62.200 	57.200 	6.500 	6.500 	6.500 	6.500 	6.500 	0.000 	0.000 
RA300,CAP_NET_ELC,MW,IS	1.800 	2.400 	2.400 	2.430 	3.000 	3.000 	3.000 	2.000 	0.000 	0.000 	0.000 	0.000 	0.000 	0.000 	0.000 	0.000 	0.000 	0.000 	0.000 	0.000 	0.000 	0.000 	0.000 	0.000 	0.000 	0.000 	0.000 	0.000 	0.000 	0.000 	0.000 
RA300,CAP_NET_ELC,MW,IT	10870.622 	10679.460 	10230.246 	9736.578 	9384.000 	9137.000 	8683.000 	8542.000 	8102.000 	6918.000 	5794.000 	4879.000 	3525.000 	2702.000 	1902.000 	1635.000 	1127.000 	874.000 	780.000 	664.000 	363.000 	232.000 	164.000 	119.000 	34.000 	22.000 	21.000 	18.000 	7.000 	4.000 	3.000 
RA300,CAP_NET_ELC,MW,LI	0.000 	0.000 	0.000 	0.000 	0.000 	0.000 	0.000 	: 	: 	: 	: 	: 	: 	: 	: 	: 	: 	: 	: 	: 	: 	: 	: 	: 	: 	: 	: 	: 	: 	: 	: 
RA300,CAP_NET_ELC,MW,LT	540.000 	534.000 	533.000 	518.000 	509.000 	436.000 	288.000 	279.000 	275.000 	202.000 	133.000 	98.000 	54.000 	47.000 	31.000 	1.000 	1.000 	0.000 	0.000 	0.000 	0.000 	0.000 	0.000 	0.000 	0.000 	0.000 	0.000 	0.000 	0.000 	0.000 	0.000 
RA300,CAP_NET_ELC,MW,LU	152.744 	135.794 	122.894 	119.694 	119.694 	63.794 	58.342 	58.327 	58.327 	44.527 	43.727 	42.930 	42.915 	34.900 	34.900 	34.900 	34.900 	20.500 	13.900 	13.900 	14.000 	14.000 	10.000 	4.000 	2.000 	0.000 	0.000 	0.000 	0.000 	0.000 	0.000 
RA300,CAP_NET_ELC,MW,LV	77.922 	77.922 	78.172 	77.105 	69.905 	68.165 	68.915 	65.892 	59.000 	36.000 	30.000 	29.000 	28.000 	26.000 	26.000 	26.000 	26.000 	26.000 	22.000 	2.000 	2.000 	1.000 	1.000 	1.000 	1.000 	1.000 	0.000 	0.000 	0.000 	0.000 	0.000 
RA300,CAP_NET_ELC,MW,MD	41.300 	35.000 	34.000 	9.000 	2.000 	1.000 	1.000 	1.000 	0.000 	0.000 	0.000 	: 	: 	: 	: 	: 	: 	: 	: 	: 	: 	: 	: 	: 	: 	: 	: 	: 	: 	: 	: 
RA300,CAP_NET_ELC,MW,ME	118.000 	118.000 	72.000 	72.000 	0.000 	0.000 	0.000 	0.000 	0.000 	0.000 	0.000 	0.000 	0.000 	0.000 	0.000 	0.000 	: 	: 	: 	: 	: 	: 	: 	: 	: 	: 	: 	: 	: 	: 	: 
RA300,CAP_NET_ELC,MW,MK	37.000 	37.000 	37.000 	37.000 	37.000 	37.000 	37.000 	0.000 	0.000 	0.000 	0.000 	0.000 	0.000 	0.000 	0.000 	0.000 	0.000 	0.000 	0.000 	0.000 	0.000 	0.000 	0.000 	0.000 	0.000 	0.000 	0.000 	0.000 	0.000 	0.000 	0.000 
RA300,CAP_NET_ELC,MW,MT	0.100 	0.100 	0.100 	0.100 	0.100 	0.100 	0.100 	0.100 	0.100 	0.000 	0.000 	0.000 	0.000 	0.000 	0.000 	0.000 	0.000 	0.000 	0.000 	0.000 	0.000 	0.000 	0.000 	0.000 	0.000 	0.000 	0.000 	0.000 	0.000 	0.000 	0.000 
RA300,CAP_NET_ELC,MW,NL	6618.750 	4484.158 	4393.000 	4202.000 	4257.000 	3391.000 	2865.000 	2713.000 	2433.000 	2316.000 	2237.000 	2222.000 	2149.000 	1749.000 	1561.000 	1224.000 	1075.000 	905.000 	672.000 	486.000 	447.000 	411.000 	364.000 	325.000 	296.000 	250.000 	152.000 	131.000 	101.000 	83.000 	50.000 
RA300,CAP_NET_ELC,MW,NO	4030.000 	2914.000 	1710.000 	1207.000 	883.000 	867.000 	859.000 	818.000 	705.000 	512.000 	425.000 	423.000 	395.000 	348.000 	284.000 	265.000 	152.000 	97.000 	97.000 	13.000 	13.000 	14.000 	5.000 	4.000 	4.000 	3.000 	3.000 	3.000 	0.000 	0.000 	0.000 
RA300,CAP_NET_ELC,MW,PL	6298.250 	5837.761 	5766.078 	5759.357 	5747.000 	4886.000 	3836.000 	3429.000 	2564.000 	1800.000 	1108.000 	709.000 	526.000 	306.000 	172.000 	121.000 	40.000 	35.000 	32.000 	19.000 	4.000 	3.000 	2.000 	0.000 	0.000 	0.000 	0.000 	0.000 	0.000 	0.000 	0.000 
RA300,CAP_NET_ELC,MW,PT	5122.259 	5222.745 	5172.359 	5124.105 	5124.103 	4936.838 	4856.556 	4609.949 	4411.552 	4256.215 	3796.000 	3326.000 	2857.000 	2201.000 	1681.000 	1064.000 	553.000 	268.000 	190.000 	125.000 	83.000 	57.000 	48.000 	29.000 	18.000 	8.000 	8.000 	8.000 	3.000 	1.000 	1.000 
RA300,CAP_NET_ELC,MW,RO	3012.527 	3037.515 	3032.258 	3029.798 	3025.000 	3130.000 	3244.000 	2773.000 	1822.000 	988.000 	389.000 	15.000 	5.000 	3.000 	1.000 	1.000 	0.000 	0.000 	0.000 	0.000 	0.000 	0.000 	0.000 	0.000 	0.000 	0.000 	0.000 	1.000 	0.000 	0.000 	0.000 
RA300,CAP_NET_ELC,MW,RS	398.000 	398.000 	227.000 	25.000 	17.000 	0.000 	0.000 	0.000 	0.000 	0.000 	0.000 	0.000 	0.000 	0.000 	0.000 	0.000 	0.000 	0.000 	0.000 	0.000 	0.000 	0.000 	0.000 	0.000 	0.000 	0.000 	0.000 	0.000 	0.000 	0.000 	0.000 
RA300,CAP_NET_ELC,MW,SE	9976.000 	8681.000 	7300.000 	6611.000 	6435.000 	5819.000 	5088.000 	4194.000 	3606.000 	2764.000 	2017.000 	1475.000 	1089.000 	823.000 	585.000 	522.000 	475.000 	417.000 	357.000 	295.000 	209.000 	196.000 	174.000 	123.000 	105.000 	67.000 	40.000 	29.000 	20.000 	12.000 	8.000 
RA300,CAP_NET_ELC,MW,SI	3.300 	3.300 	3.300 	3.300 	3.000 	3.000 	3.000 	2.000 	2.000 	0.000 	0.000 	0.000 	0.000 	0.000 	0.000 	0.000 	0.000 	0.000 	0.000 	0.000 	0.000 	0.000 	0.000 	0.000 	0.000 	0.000 	0.000 	0.000 	0.000 	0.000 	0.000 
RA300,CAP_NET_ELC,MW,SK	4.000 	4.000 	3.000 	4.000 	3.000 	3.000 	3.000 	5.000 	3.000 	3.000 	3.000 	3.000 	5.000 	5.000 	5.000 	5.000 	3.000 	3.000 	0.000 	0.000 	0.000 	0.000 	0.000 	0.000 	0.000 	0.000 	0.000 	0.000 	0.000 	0.000 	0.000 
RA300,CAP_NET_ELC,MW,TR	8832.395 	7591.156 	7005.386 	6516.150 	5751.000 	4503.000 	3630.000 	2760.000 	2261.000 	1729.000 	1320.000 	792.000 	364.000 	146.000 	59.000 	21.000 	19.000 	19.000 	19.000 	19.000 	19.000 	9.000 	9.000 	0.000 	0.000 	0.000 	0.000 	0.000 	0.000 	0.000 	0.000 
RA300,CAP_NET_ELC,MW,UA	1110.400 	796.000 	476.000 	465.000 	428.000 	428.000 	411.000 	361.000 	248.000 	146.000 	88.000 	86.000 	83.000 	82.000 	82.000 	65.000 	0.000 	0.000 	0.000 	0.000 	0.000 	0.000 	0.000 	0.000 	0.000 	0.000 	0.000 	0.000 	0.000 	0.000 	0.000 
RA300,CAP_NET_ELC,MW,UK	: 	24095.381 	21767.221 	19584.998 	16125.935 	14305.634 	13073.953 	11282.272 	9030.420 	6596.285 	5421.232 	4422.000 	3446.000 	2477.000 	1955.000 	1565.000 	933.000 	742.000 	534.000 	493.000 	412.000 	357.000 	331.000 	322.000 	238.000 	200.000 	153.000 	131.000 	50.000 	14.000 	10.000 
RA300,CAP_NET_ELC,MW,XK	33.750 	33.750 	33.750 	33.750 	1.000 	1.000 	1.000 	1.000 	1.000 	1.000 	1.000 	0.000 	0.000 	0.000 	0.000 	0.000 	0.000 	0.000 	0.000 	0.000 	0.000 	: 	: 	: 	: 	: 	: 	: 	: 	: 	: 
RA310,CAP_NET_ELC,MW,AL	0.000 	0.000 	0.000 	0.000 	0.000 	0.000 	0.000 	0.000 	0.000 	0.000 	0.000 	0.000 	0.000 	0.000 	0.000 	0.000 	0.000 	0.000 	0.000 	0.000 	0.000 	0.000 	0.000 	0.000 	0.000 	0.000 	0.000 	0.000 	0.000 	0.000 	0.000 
RA310,CAP_NET_ELC,MW,AT	3225.985 	3224.117 	3132.713 	2886.698 	2729.996 	2488.726 	2110.275 	1674.538 	1337.150 	1105.966 	1015.828 	1000.985 	991.974 	991.159 	968.269 	825.219 	0.000 	0.000 	0.000 	0.000 	0.000 	0.000 	0.000 	0.000 	0.000 	0.000 	0.000 	0.000 	0.000 	0.000 	0.000 
RA310,CAP_NET_ELC,MW,BA	87.000 	87.000 	51.000 	0.000 	0.000 	0.000 	0.000 	: 	: 	: 	: 	: 	: 	: 	: 	: 	: 	: 	: 	: 	: 	: 	: 	: 	: 	: 	: 	: 	: 	: 	: 
RA310,CAP_NET_ELC,MW,BE	2419.100 	2307.900 	2082.000 	1910.300 	1657.800 	1464.000 	1236.300 	1072.300 	989.000 	872.500 	715.500 	576.000 	0.000 	0.000 	0.000 	0.000 	0.000 	0.000 	0.000 	0.000 	0.000 	0.000 	0.000 	0.000 	0.000 	0.000 	0.000 	0.000 	0.000 	0.000 	0.000 
RA310,CAP_NET_ELC,MW,BG	702.800 	703.120 	698.920 	698.390 	0.000 	0.000 	0.000 	0.000 	0.000 	0.000 	0.000 	0.000 	0.000 	0.000 	0.000 	0.000 	0.000 	0.000 	0.000 	0.000 	0.000 	0.000 	0.000 	0.000 	0.000 	0.000 	0.000 	0.000 	0.000 	0.000 	0.000 
RA310,CAP_NET_ELC,MW,CY	157.725 	157.725 	157.725 	157.725 	157.725 	157.725 	147.225 	147.225 	147.225 	134.225 	82.225 	0.225 	0.225 	0.225 	0.225 	0.225 	0.225 	0.000 	0.000 	0.000 	0.000 	0.000 	0.000 	0.000 	0.000 	0.000 	0.000 	0.000 	0.000 	0.000 	0.000 
RA310,CAP_NET_ELC,MW,CZ	339.424 	339.414 	316.200 	308.205 	282.000 	281.000 	278.000 	262.000 	258.000 	213.000 	213.000 	193.000 	150.000 	113.800 	43.500 	22.000 	16.500 	10.600 	6.400 	0.000 	2.000 	0.000 	0.000 	0.000 	0.000 	0.000 	0.000 	0.000 	0.000 	0.000 	0.000 
RA310,CAP_NET_ELC,MW,DE	54414.000 	53187.000 	52328.000 	50174.000 	45283.000 	41297.000 	37620.000 	32969.000 	30711.000 	28524.000 	26823.000 	25697.000 	22794.000 	22116.000 	20474.000 	18248.000 	16419.000 	14381.000 	0.000 	0.000 	0.000 	0.000 	0.000 	0.000 	0.000 	0.000 	0.000 	0.000 	0.000 	0.000 	0.000 
RA310,CAP_NET_ELC,MW,DK	4558.655 	4402.140 	4414.246 	4225.149 	3974.092 	3805.916 	3615.353 	3547.873 	3240.091 	3080.531 	2933.979 	2821.237 	2739.520 	2700.864 	2712.346 	2704.486 	2700.362 	2696.566 	2680.581 	2447.203 	2340.065 	1743.495 	1428.532 	1113.397 	804.271 	589.549 	516.287 	463.149 	430.999 	387.909 	325.981 
RA310,CAP_NET_ELC,MW,EA19	136681.149 	131350.601 	124414.355 	118806.691 	109940.237 	102171.378 	94995.088 	87447.292 	82672.900 	76070.889 	64129.380 	59495.440 	50958.414 	46280.784 	39808.894 	34047.644 	28444.525 	23055.800 	7033.700 	5119.800 	3495.500 	2531.200 	1542.200 	990.200 	616.500 	418.500 	260.500 	229.500 	167.500 	93.000 	57.000 
RA310,CAP_NET_ELC,MW,EE	317.000 	316.000 	310.000 	311.800 	310.000 	300.000 	275.000 	248.000 	266.000 	180.000 	108.000 	104.000 	77.000 	0.000 	0.000 	0.000 	0.000 	0.000 	0.000 	0.000 	0.000 	0.000 	0.000 	0.000 	0.000 	0.000 	0.000 	0.000 	0.000 	0.000 	0.000 
RA310,CAP_NET_ELC,MW,EL	4119.250 	3589.000 	2877.495 	2624.000 	2370.000 	2091.000 	1978.000 	1809.000 	1753.000 	1640.000 	1298.000 	1171.000 	1022.000 	846.000 	749.000 	491.000 	470.000 	371.000 	287.000 	270.000 	226.000 	109.000 	38.000 	27.000 	27.000 	27.000 	27.000 	27.000 	16.000 	1.000 	1.000 
RA310,CAP_NET_ELC,MW,ES	26819.190 	25590.076 	23405.055 	23124.479 	22990.000 	22943.000 	22925.000 	22958.000 	22789.000 	21529.000 	20693.000 	19176.000 	16555.000 	14820.000 	11722.000 	9918.000 	8317.000 	5945.000 	4891.000 	3397.000 	2206.000 	1613.000 	848.000 	420.000 	227.000 	98.000 	41.000 	34.000 	33.000 	3.000 	2.000 
RA310,CAP_NET_ELC,MW,EU27_2020	162488.105 	155116.913 	146654.357 	140140.690 	126987.329 	117497.294 	108267.441 	99250.165 	92682.991 	84226.420 	70610.359 	64803.677 	55480.934 	50171.448 	43350.740 	37419.130 	31658.387 	26196.966 	9753.681 	7587.003 	5841.565 	4277.695 	2972.732 	2103.597 	1420.771 	1008.049 	776.787 	692.649 	598.499 	480.909 	382.981 
RA310,CAP_NET_ELC,MW,FI	2513.000 	2211.000 	1968.300 	1971.300 	1560.700 	1000.700 	622.700 	444.700 	254.700 	196.700 	194.700 	147.000 	143.000 	110.000 	86.000 	82.000 	82.000 	52.000 	43.000 	39.000 	38.000 	38.000 	17.000 	12.000 	7.000 	6.000 	5.000 	5.000 	1.000 	1.000 	0.000 
RA310,CAP_NET_ELC,MW,FR	17484.001 	16456.854 	14900.146 	13499.357 	11566.564 	10298.180 	9201.425 	8155.961 	7607.496 	6758.016 	0.000 	0.000 	0.000 	0.000 	0.000 	0.000 	0.000 	0.000 	0.000 	0.000 	0.000 	0.000 	0.000 	0.000 	0.000 	0.000 	0.000 	0.000 	0.000 	0.000 	0.000 
RA310,CAP_NET_ELC,MW,GE	21.000 	21.000 	20.000 	20.000 	20.000 	0.000 	0.000 	0.000 	: 	: 	: 	: 	: 	: 	: 	: 	: 	: 	: 	: 	: 	: 	: 	: 	: 	: 	: 	: 	: 	: 	: 
RA310,CAP_NET_ELC,MW,HR	801.300 	646.300 	586.300 	576.100 	483.000 	418.000 	339.000 	254.000 	180.000 	130.000 	79.000 	70.000 	17.000 	17.000 	17.000 	6.000 	0.000 	0.000 	0.000 	0.000 	0.000 	0.000 	0.000 	0.000 	0.000 	0.000 	0.000 	0.000 	0.000 	0.000 	0.000 
RA310,CAP_NET_ELC,MW,HU	321.000 	323.000 	329.000 	329.000 	329.000 	329.000 	329.000 	329.000 	325.000 	331.000 	293.000 	203.000 	134.000 	61.000 	33.000 	17.000 	3.000 	3.000 	1.000 	1.000 	0.000 	0.000 	0.000 	0.000 	0.000 	0.000 	0.000 	0.000 	0.000 	0.000 	0.000 
RA310,CAP_NET_ELC,MW,IE	4306.700 	4126.450 	3673.850 	3319.150 	2801.650 	2451.150 	2283.250 	1923.300 	1704.350 	1584.600 	1390.400 	1251.300 	942.300 	740.500 	676.500 	493.300 	336.400 	210.300 	134.800 	122.900 	116.500 	70.200 	62.200 	57.200 	6.500 	6.500 	6.500 	6.500 	6.500 	0.000 	0.000 
RA310,CAP_NET_ELC,MW,IS	1.800 	2.400 	2.400 	0.000 	0.000 	0.000 	0.000 	0.000 	0.000 	0.000 	0.000 	0.000 	0.000 	0.000 	0.000 	0.000 	0.000 	0.000 	0.000 	0.000 	0.000 	0.000 	0.000 	0.000 	0.000 	0.000 	0.000 	0.000 	0.000 	0.000 	0.000 
RA310,CAP_NET_ELC,MW,IT	10870.622 	10679.460 	10230.246 	9736.578 	9384.000 	9137.000 	8683.000 	8542.000 	8102.000 	6918.000 	5794.000 	4879.000 	3525.000 	2702.000 	1902.000 	1635.000 	1127.000 	874.000 	780.000 	664.000 	363.000 	232.000 	164.000 	119.000 	34.000 	22.000 	21.000 	18.000 	7.000 	4.000 	3.000 
RA310,CAP_NET_ELC,MW,LI	0.000 	0.000 	0.000 	0.000 	0.000 	0.000 	0.000 	: 	: 	: 	: 	: 	: 	: 	: 	: 	: 	: 	: 	: 	: 	: 	: 	: 	: 	: 	: 	: 	: 	: 	: 
RA310,CAP_NET_ELC,MW,LT	540.000 	534.000 	533.000 	518.000 	509.000 	436.000 	288.000 	279.000 	275.000 	202.000 	133.000 	98.000 	54.000 	47.000 	31.000 	1.000 	1.000 	0.000 	0.000 	0.000 	0.000 	0.000 	0.000 	0.000 	0.000 	0.000 	0.000 	0.000 	0.000 	0.000 	0.000 
RA310,CAP_NET_ELC,MW,LU	152.744 	135.794 	122.894 	119.694 	119.694 	63.794 	58.342 	58.327 	58.327 	44.527 	43.727 	42.930 	42.915 	34.900 	34.900 	34.900 	34.900 	20.500 	13.900 	13.900 	14.000 	0.000 	0.000 	0.000 	0.000 	0.000 	0.000 	0.000 	0.000 	0.000 	0.000 
RA310,CAP_NET_ELC,MW,LV	77.922 	77.922 	78.172 	77.105 	69.905 	68.165 	68.915 	65.892 	59.000 	36.000 	30.000 	29.000 	28.000 	26.000 	26.000 	26.000 	26.000 	26.000 	22.000 	2.000 	2.000 	1.000 	1.000 	1.000 	1.000 	1.000 	0.000 	0.000 	0.000 	0.000 	0.000 
RA310,CAP_NET_ELC,MW,MD	41.300 	35.000 	34.000 	0.000 	0.000 	0.000 	0.000 	0.000 	0.000 	0.000 	0.000 	: 	: 	: 	: 	: 	: 	: 	: 	: 	: 	: 	: 	: 	: 	: 	: 	: 	: 	: 	: 
RA310,CAP_NET_ELC,MW,ME	118.000 	118.000 	72.000 	72.000 	0.000 	0.000 	0.000 	0.000 	0.000 	0.000 	0.000 	0.000 	0.000 	0.000 	0.000 	0.000 	: 	: 	: 	: 	: 	: 	: 	: 	: 	: 	: 	: 	: 	: 	: 
RA310,CAP_NET_ELC,MW,MK	37.000 	37.000 	37.000 	37.000 	37.000 	37.000 	37.000 	0.000 	0.000 	0.000 	0.000 	0.000 	0.000 	0.000 	0.000 	0.000 	0.000 	0.000 	0.000 	0.000 	0.000 	0.000 	0.000 	0.000 	0.000 	0.000 	0.000 	0.000 	0.000 	0.000 	0.000 
RA310,CAP_NET_ELC,MW,MT	0.100 	0.100 	0.100 	0.100 	0.100 	0.100 	0.100 	0.100 	0.100 	0.000 	0.000 	0.000 	0.000 	0.000 	0.000 	0.000 	0.000 	0.000 	0.000 	0.000 	0.000 	0.000 	0.000 	0.000 	0.000 	0.000 	0.000 	0.000 	0.000 	0.000 	0.000 
RA310,CAP_NET_ELC,MW,NL	4159.250 	3527.158 	3436.000 	3245.000 	3300.000 	3034.000 	2637.000 	2485.000 	2205.000 	2088.000 	2009.000 	1994.000 	1921.000 	1641.000 	1453.000 	1224.000 	1075.000 	905.000 	672.000 	486.000 	447.000 	411.000 	364.000 	325.000 	296.000 	250.000 	152.000 	131.000 	101.000 	83.000 	50.000 
RA310,CAP_NET_ELC,MW,NO	4030.000 	2914.000 	1710.000 	1207.000 	883.000 	867.000 	859.000 	818.000 	705.000 	512.000 	425.000 	423.000 	395.000 	348.000 	284.000 	265.000 	152.000 	97.000 	97.000 	13.000 	13.000 	14.000 	5.000 	4.000 	4.000 	3.000 	3.000 	3.000 	0.000 	0.000 	0.000 
RA310,CAP_NET_ELC,MW,PL	6298.250 	5836.823 	5766.078 	5759.357 	5747.000 	4886.000 	3836.000 	3429.000 	2564.000 	1800.000 	1108.000 	709.000 	526.000 	306.000 	172.000 	121.000 	40.000 	35.000 	32.000 	19.000 	4.000 	3.000 	2.000 	0.000 	0.000 	0.000 	0.000 	0.000 	0.000 	0.000 	0.000 
RA310,CAP_NET_ELC,MW,PT	5097.260 	5222.745 	5172.359 	5124.105 	5124.103 	4934.838 	4854.556 	4607.949 	4409.552 	4254.355 	3796.000 	3326.000 	2857.000 	2201.000 	1681.000 	1064.000 	553.000 	268.000 	190.000 	125.000 	83.000 	57.000 	48.000 	29.000 	18.000 	8.000 	8.000 	8.000 	3.000 	1.000 	1.000 
RA310,CAP_NET_ELC,MW,RO	3012.527 	3037.515 	3032.258 	3029.798 	0.000 	0.000 	0.000 	0.000 	0.000 	0.000 	0.000 	0.000 	0.000 	0.000 	0.000 	0.000 	0.000 	0.000 	0.000 	0.000 	0.000 	0.000 	0.000 	0.000 	0.000 	0.000 	0.000 	0.000 	0.000 	0.000 	0.000 
RA310,CAP_NET_ELC,MW,RS	398.000 	398.000 	227.000 	25.000 	17.000 	0.000 	0.000 	0.000 	0.000 	0.000 	0.000 	0.000 	0.000 	0.000 	0.000 	0.000 	0.000 	0.000 	0.000 	0.000 	0.000 	0.000 	0.000 	0.000 	0.000 	0.000 	0.000 	0.000 	0.000 	0.000 	0.000 
RA310,CAP_NET_ELC,MW,SE	9773.000 	8478.000 	7097.000 	6408.000 	6232.000 	5606.000 	4875.000 	3981.000 	3443.000 	2601.000 	1854.000 	1312.000 	956.000 	692.000 	564.000 	501.000 	454.000 	396.000 	0.000 	0.000 	0.000 	0.000 	0.000 	0.000 	0.000 	0.000 	0.000 	0.000 	0.000 	0.000 	0.000 
RA310,CAP_NET_ELC,MW,SI	3.300 	3.300 	3.300 	3.300 	3.000 	3.000 	3.000 	2.000 	2.000 	0.000 	0.000 	0.000 	0.000 	0.000 	0.000 	0.000 	0.000 	0.000 	0.000 	0.000 	0.000 	0.000 	0.000 	0.000 	0.000 	0.000 	0.000 	0.000 	0.000 	0.000 	0.000 
RA310,CAP_NET_ELC,MW,SK	4.000 	4.000 	3.000 	4.000 	3.000 	3.000 	3.000 	5.000 	3.000 	3.000 	3.000 	3.000 	5.000 	5.000 	5.000 	5.000 	3.000 	3.000 	0.000 	0.000 	0.000 	0.000 	0.000 	0.000 	0.000 	0.000 	0.000 	0.000 	0.000 	0.000 	0.000 
RA310,CAP_NET_ELC,MW,TR	8832.395 	7591.156 	7005.386 	6516.150 	5751.000 	4503.000 	3630.000 	2760.000 	2261.000 	1729.000 	1320.000 	792.000 	364.000 	146.000 	59.000 	21.000 	19.000 	19.000 	19.000 	19.000 	19.000 	9.000 	9.000 	0.000 	0.000 	0.000 	0.000 	0.000 	0.000 	0.000 	0.000 
RA310,CAP_NET_ELC,MW,UA	1110.400 	796.000 	476.000 	0.000 	0.000 	0.000 	0.000 	0.000 	0.000 	0.000 	0.000 	0.000 	0.000 	0.000 	0.000 	0.000 	0.000 	0.000 	0.000 	0.000 	0.000 	0.000 	0.000 	0.000 	0.000 	0.000 	0.000 	0.000 	0.000 	0.000 	0.000 
RA310,CAP_NET_ELC,MW,UK	: 	14124.648 	13550.721 	12597.148 	10832.535 	9212.234 	8572.653 	7586.322 	6034.970 	4758.035 	4079.782 	0.000 	0.000 	0.000 	0.000 	0.000 	0.000 	0.000 	0.000 	0.000 	0.000 	0.000 	0.000 	0.000 	0.000 	0.000 	0.000 	0.000 	0.000 	0.000 	0.000 
RA310,CAP_NET_ELC,MW,XK	33.750 	33.750 	33.750 	33.750 	0.000 	0.000 	0.000 	0.000 	0.000 	0.000 	0.000 	0.000 	0.000 	0.000 	0.000 	0.000 	0.000 	0.000 	0.000 	0.000 	0.000 	: 	: 	: 	: 	: 	: 	: 	: 	: 	: 
RA320,CAP_NET_ELC,MW,AL	0.000 	0.000 	0.000 	0.000 	0.000 	0.000 	0.000 	0.000 	0.000 	0.000 	0.000 	0.000 	0.000 	0.000 	0.000 	0.000 	0.000 	0.000 	0.000 	0.000 	0.000 	0.000 	0.000 	0.000 	0.000 	0.000 	0.000 	0.000 	0.000 	0.000 	0.000 
RA320,CAP_NET_ELC,MW,AT	0.000 	0.000 	0.000 	0.000 	0.000 	0.000 	0.000 	0.000 	0.000 	0.000 	0.000 	0.000 	0.000 	0.000 	0.000 	0.000 	0.000 	0.000 	0.000 	0.000 	0.000 	0.000 	0.000 	0.000 	0.000 	0.000 	0.000 	0.000 	0.000 	0.000 	0.000 
RA320,CAP_NET_ELC,MW,BA	0.000 	0.000 	0.000 	0.000 	0.000 	0.000 	0.000 	: 	: 	: 	: 	: 	: 	: 	: 	: 	: 	: 	: 	: 	: 	: 	: 	: 	: 	: 	: 	: 	: 	: 	: 
RA320,CAP_NET_ELC,MW,BE	2261.800 	1555.500 	1185.900 	877.200 	712.200 	712.000 	707.700 	707.700 	381.000 	196.500 	196.500 	32.000 	0.000 	0.000 	0.000 	0.000 	0.000 	0.000 	0.000 	0.000 	0.000 	0.000 	0.000 	0.000 	0.000 	0.000 	0.000 	0.000 	0.000 	0.000 	0.000 
RA320,CAP_NET_ELC,MW,BG	0.000 	0.000 	0.000 	0.000 	0.000 	0.000 	0.000 	0.000 	0.000 	0.000 	0.000 	0.000 	0.000 	0.000 	0.000 	0.000 	0.000 	0.000 	0.000 	0.000 	0.000 	0.000 	0.000 	0.000 	0.000 	0.000 	0.000 	0.000 	0.000 	0.000 	0.000 
RA320,CAP_NET_ELC,MW,CY	0.000 	0.000 	0.000 	0.000 	0.000 	0.000 	0.000 	0.000 	0.000 	0.000 	0.000 	0.000 	0.000 	0.000 	0.000 	0.000 	0.000 	0.000 	0.000 	0.000 	0.000 	0.000 	0.000 	0.000 	0.000 	0.000 	0.000 	0.000 	0.000 	0.000 	0.000 
RA320,CAP_NET_ELC,MW,CZ	0.000 	0.000 	0.000 	0.000 	0.000 	0.000 	0.000 	0.000 	0.000 	0.000 	0.000 	0.000 	0.000 	0.000 	0.000 	0.000 	0.000 	0.000 	0.000 	0.000 	0.000 	0.000 	0.000 	0.000 	0.000 	0.000 	0.000 	0.000 	0.000 	0.000 	0.000 
RA320,CAP_NET_ELC,MW,DE	7774.000 	7555.000 	6393.000 	5406.000 	4152.000 	3283.000 	994.000 	508.000 	268.000 	188.000 	80.000 	35.000 	0.000 	0.000 	0.000 	0.000 	0.000 	0.000 	0.000 	0.000 	0.000 	0.000 	0.000 	0.000 	0.000 	0.000 	0.000 	0.000 	0.000 	0.000 	0.000 
RA320,CAP_NET_ELC,MW,DK	1700.800 	1700.800 	1700.800 	1263.800 	1271.050 	1271.050 	1271.050 	1271.050 	921.850 	871.450 	867.850 	660.850 	423.350 	423.350 	423.350 	423.350 	423.350 	423.350 	213.950 	49.950 	49.950 	9.950 	9.950 	9.950 	9.950 	9.950 	4.950 	4.950 	4.950 	4.950 	0.000 
RA320,CAP_NET_ELC,MW,EA19	12593.299 	10140.500 	8608.600 	7312.900 	5825.500 	4358.300 	1936.000 	1448.000 	881.300 	616.660 	506.800 	295.000 	228.000 	108.000 	108.000 	0.000 	0.000 	0.000 	0.000 	0.000 	0.000 	0.000 	0.000 	0.000 	0.000 	0.000 	0.000 	0.000 	0.000 	0.000 	0.000 
RA320,CAP_NET_ELC,MW,EE	0.000 	0.000 	0.000 	0.000 	0.000 	0.000 	0.000 	0.000 	0.000 	0.000 	0.000 	0.000 	0.000 	0.000 	0.000 	0.000 	0.000 	0.000 	0.000 	0.000 	0.000 	0.000 	0.000 	0.000 	0.000 	0.000 	0.000 	0.000 	0.000 	0.000 	0.000 
RA320,CAP_NET_ELC,MW,EL	0.000 	0.000 	0.000 	0.000 	0.000 	0.000 	0.000 	0.000 	0.000 	0.000 	0.000 	0.000 	0.000 	0.000 	0.000 	0.000 	0.000 	0.000 	0.000 	0.000 	0.000 	0.000 	0.000 	0.000 	0.000 	0.000 	0.000 	0.000 	0.000 	0.000 	0.000 
RA320,CAP_NET_ELC,MW,ES	0.000 	0.000 	0.000 	0.000 	0.000 	0.000 	0.000 	0.000 	0.000 	0.000 	0.000 	0.000 	0.000 	0.000 	0.000 	0.000 	0.000 	0.000 	0.000 	0.000 	0.000 	0.000 	0.000 	0.000 	0.000 	0.000 	0.000 	0.000 	0.000 	0.000 	0.000 
RA320,CAP_NET_ELC,MW,EU27_2020	14497.099 	12044.300 	10512.400 	8779.700 	7299.550 	5842.350 	3420.050 	2932.050 	1966.150 	1651.110 	1537.650 	1118.850 	784.350 	662.350 	552.350 	444.350 	444.350 	444.350 	213.950 	49.950 	49.950 	9.950 	9.950 	9.950 	9.950 	9.950 	4.950 	4.950 	4.950 	4.950 	0.000 
RA320,CAP_NET_ELC,MW,FI	73.000 	73.000 	72.700 	72.700 	4.300 	4.300 	4.300 	2.300 	2.300 	2.300 	2.300 	0.000 	0.000 	0.000 	0.000 	0.000 	0.000 	0.000 	0.000 	0.000 	0.000 	0.000 	0.000 	0.000 	0.000 	0.000 	0.000 	0.000 	0.000 	0.000 	0.000 
RA320,CAP_NET_ELC,MW,FR	0.000 	0.000 	0.000 	0.000 	0.000 	0.000 	0.000 	0.000 	0.000 	0.000 	0.000 	0.000 	0.000 	0.000 	0.000 	0.000 	0.000 	0.000 	0.000 	0.000 	0.000 	0.000 	0.000 	0.000 	0.000 	0.000 	0.000 	0.000 	0.000 	0.000 	0.000 
RA320,CAP_NET_ELC,MW,GE	0.000 	0.000 	0.000 	0.000 	0.000 	0.000 	0.000 	0.000 	: 	: 	: 	: 	: 	: 	: 	: 	: 	: 	: 	: 	: 	: 	: 	: 	: 	: 	: 	: 	: 	: 	: 
RA320,CAP_NET_ELC,MW,HR	0.000 	0.000 	0.000 	0.000 	0.000 	0.000 	0.000 	0.000 	0.000 	0.000 	0.000 	0.000 	0.000 	0.000 	0.000 	0.000 	0.000 	0.000 	0.000 	0.000 	0.000 	0.000 	0.000 	0.000 	0.000 	0.000 	0.000 	0.000 	0.000 	0.000 	0.000 
RA320,CAP_NET_ELC,MW,HU	0.000 	0.000 	0.000 	0.000 	0.000 	0.000 	0.000 	0.000 	0.000 	0.000 	0.000 	0.000 	0.000 	0.000 	0.000 	0.000 	0.000 	0.000 	0.000 	0.000 	0.000 	0.000 	0.000 	0.000 	0.000 	0.000 	0.000 	0.000 	0.000 	0.000 	0.000 
RA320,CAP_NET_ELC,MW,IE	0.000 	0.000 	0.000 	0.000 	0.000 	0.000 	0.000 	0.000 	0.000 	0.000 	0.000 	0.000 	0.000 	0.000 	0.000 	0.000 	0.000 	0.000 	0.000 	0.000 	0.000 	0.000 	0.000 	0.000 	0.000 	0.000 	0.000 	0.000 	0.000 	0.000 	0.000 
RA320,CAP_NET_ELC,MW,IS	0.000 	0.000 	0.000 	0.000 	0.000 	0.000 	0.000 	0.000 	0.000 	0.000 	0.000 	0.000 	0.000 	0.000 	0.000 	0.000 	0.000 	0.000 	0.000 	0.000 	0.000 	0.000 	0.000 	0.000 	0.000 	0.000 	0.000 	0.000 	0.000 	0.000 	0.000 
RA320,CAP_NET_ELC,MW,IT	0.000 	0.000 	0.000 	0.000 	0.000 	0.000 	0.000 	0.000 	0.000 	0.000 	0.000 	0.000 	0.000 	0.000 	0.000 	0.000 	0.000 	0.000 	0.000 	0.000 	0.000 	0.000 	0.000 	0.000 	0.000 	0.000 	0.000 	0.000 	0.000 	0.000 	0.000 
RA320,CAP_NET_ELC,MW,LI	0.000 	0.000 	0.000 	0.000 	0.000 	0.000 	0.000 	: 	: 	: 	: 	: 	: 	: 	: 	: 	: 	: 	: 	: 	: 	: 	: 	: 	: 	: 	: 	: 	: 	: 	: 
RA320,CAP_NET_ELC,MW,LT	0.000 	0.000 	0.000 	0.000 	0.000 	0.000 	0.000 	0.000 	0.000 	0.000 	0.000 	0.000 	0.000 	0.000 	0.000 	0.000 	0.000 	0.000 	0.000 	0.000 	0.000 	0.000 	0.000 	0.000 	0.000 	0.000 	0.000 	0.000 	0.000 	0.000 	0.000 
RA320,CAP_NET_ELC,MW,LU	0.000 	0.000 	0.000 	0.000 	0.000 	0.000 	0.000 	0.000 	0.000 	0.000 	0.000 	0.000 	0.000 	0.000 	0.000 	0.000 	0.000 	0.000 	0.000 	0.000 	0.000 	0.000 	0.000 	0.000 	0.000 	0.000 	0.000 	0.000 	0.000 	0.000 	0.000 
RA320,CAP_NET_ELC,MW,LV	0.000 	0.000 	0.000 	0.000 	0.000 	0.000 	0.000 	0.000 	0.000 	0.000 	0.000 	0.000 	0.000 	0.000 	0.000 	0.000 	0.000 	0.000 	0.000 	0.000 	0.000 	0.000 	0.000 	0.000 	0.000 	0.000 	0.000 	0.000 	0.000 	0.000 	0.000 
RA320,CAP_NET_ELC,MW,MD	0.000 	0.000 	0.000 	9.000 	2.000 	1.000 	0.000 	0.000 	0.000 	0.000 	0.000 	: 	: 	: 	: 	: 	: 	: 	: 	: 	: 	: 	: 	: 	: 	: 	: 	: 	: 	: 	: 
RA320,CAP_NET_ELC,MW,ME	0.000 	0.000 	0.000 	0.000 	0.000 	0.000 	0.000 	0.000 	0.000 	0.000 	0.000 	0.000 	0.000 	0.000 	0.000 	0.000 	: 	: 	: 	: 	: 	: 	: 	: 	: 	: 	: 	: 	: 	: 	: 
RA320,CAP_NET_ELC,MW,MK	0.000 	0.000 	0.000 	0.000 	0.000 	0.000 	0.000 	0.000 	0.000 	0.000 	0.000 	0.000 	0.000 	0.000 	0.000 	0.000 	0.000 	0.000 	0.000 	0.000 	0.000 	0.000 	0.000 	0.000 	0.000 	0.000 	0.000 	0.000 	0.000 	0.000 	0.000 
RA320,CAP_NET_ELC,MW,MT	0.000 	0.000 	0.000 	0.000 	0.000 	0.000 	0.000 	0.000 	0.000 	0.000 	0.000 	0.000 	0.000 	0.000 	0.000 	0.000 	0.000 	0.000 	0.000 	0.000 	0.000 	0.000 	0.000 	0.000 	0.000 	0.000 	0.000 	0.000 	0.000 	0.000 	0.000 
RA320,CAP_NET_ELC,MW,NL	2459.500 	957.000 	957.000 	957.000 	957.000 	357.000 	228.000 	228.000 	228.000 	228.000 	228.000 	228.000 	228.000 	108.000 	108.000 	0.000 	0.000 	0.000 	0.000 	0.000 	0.000 	0.000 	0.000 	0.000 	0.000 	0.000 	0.000 	0.000 	0.000 	0.000 	0.000 
RA320,CAP_NET_ELC,MW,NO	0.000 	0.000 	0.000 	0.000 	0.000 	0.000 	0.000 	0.000 	0.000 	0.000 	0.000 	0.000 	0.000 	0.000 	0.000 	0.000 	0.000 	0.000 	0.000 	0.000 	0.000 	0.000 	0.000 	0.000 	0.000 	0.000 	0.000 	0.000 	0.000 	0.000 	0.000 
RA320,CAP_NET_ELC,MW,PL	0.000 	0.000 	0.000 	0.000 	0.000 	0.000 	0.000 	0.000 	0.000 	0.000 	0.000 	0.000 	0.000 	0.000 	0.000 	0.000 	0.000 	0.000 	0.000 	0.000 	0.000 	0.000 	0.000 	0.000 	0.000 	0.000 	0.000 	0.000 	0.000 	0.000 	0.000 
RA320,CAP_NET_ELC,MW,PT	24.999 	0.000 	0.000 	0.000 	0.000 	2.000 	2.000 	2.000 	2.000 	1.860 	0.000 	0.000 	0.000 	0.000 	0.000 	0.000 	0.000 	0.000 	0.000 	0.000 	0.000 	0.000 	0.000 	0.000 	0.000 	0.000 	0.000 	0.000 	0.000 	0.000 	0.000 
RA320,CAP_NET_ELC,MW,RO	0.000 	0.000 	0.000 	0.000 	0.000 	0.000 	0.000 	0.000 	0.000 	0.000 	0.000 	0.000 	0.000 	0.000 	0.000 	0.000 	0.000 	0.000 	0.000 	0.000 	0.000 	0.000 	0.000 	0.000 	0.000 	0.000 	0.000 	0.000 	0.000 	0.000 	0.000 
RA320,CAP_NET_ELC,MW,RS	0.000 	0.000 	0.000 	0.000 	0.000 	0.000 	0.000 	0.000 	0.000 	0.000 	0.000 	0.000 	0.000 	0.000 	0.000 	0.000 	0.000 	0.000 	0.000 	0.000 	0.000 	0.000 	0.000 	0.000 	0.000 	0.000 	0.000 	0.000 	0.000 	0.000 	0.000 
RA320,CAP_NET_ELC,MW,SE	203.000 	203.000 	203.000 	203.000 	203.000 	213.000 	213.000 	213.000 	163.000 	163.000 	163.000 	163.000 	133.000 	131.000 	21.000 	21.000 	21.000 	21.000 	0.000 	0.000 	0.000 	0.000 	0.000 	0.000 	0.000 	0.000 	0.000 	0.000 	0.000 	0.000 	0.000 
RA320,CAP_NET_ELC,MW,SI	0.000 	0.000 	0.000 	0.000 	0.000 	0.000 	0.000 	0.000 	0.000 	0.000 	0.000 	0.000 	0.000 	0.000 	0.000 	0.000 	0.000 	0.000 	0.000 	0.000 	0.000 	0.000 	0.000 	0.000 	0.000 	0.000 	0.000 	0.000 	0.000 	0.000 	0.000 
RA320,CAP_NET_ELC,MW,SK	0.000 	0.000 	0.000 	0.000 	0.000 	0.000 	0.000 	0.000 	0.000 	0.000 	0.000 	0.000 	0.000 	0.000 	0.000 	0.000 	0.000 	0.000 	0.000 	0.000 	0.000 	0.000 	0.000 	0.000 	0.000 	0.000 	0.000 	0.000 	0.000 	0.000 	0.000 
RA320,CAP_NET_ELC,MW,TR	0.000 	0.000 	0.000 	0.000 	0.000 	0.000 	0.000 	0.000 	0.000 	0.000 	0.000 	0.000 	0.000 	0.000 	0.000 	0.000 	0.000 	0.000 	0.000 	0.000 	0.000 	0.000 	0.000 	0.000 	0.000 	0.000 	0.000 	0.000 	0.000 	0.000 	0.000 
RA320,CAP_NET_ELC,MW,UA	0.000 	0.000 	0.000 	0.000 	0.000 	0.000 	0.000 	0.000 	0.000 	0.000 	0.000 	0.000 	0.000 	0.000 	0.000 	0.000 	0.000 	0.000 	0.000 	0.000 	0.000 	0.000 	0.000 	0.000 	0.000 	0.000 	0.000 	0.000 	0.000 	0.000 	0.000 
RA320,CAP_NET_ELC,MW,UK	: 	9970.733 	8216.500 	6987.850 	5293.400 	5093.400 	4501.300 	3695.950 	2995.450 	1838.250 	1341.450 	0.000 	0.000 	0.000 	0.000 	0.000 	0.000 	0.000 	0.000 	0.000 	0.000 	0.000 	0.000 	0.000 	0.000 	0.000 	0.000 	0.000 	0.000 	0.000 	0.000 
RA320,CAP_NET_ELC,MW,XK	0.000 	0.000 	0.000 	0.000 	0.000 	0.000 	0.000 	0.000 	0.000 	0.000 	0.000 	0.000 	0.000 	0.000 	0.000 	0.000 	0.000 	0.000 	0.000 	0.000 	0.000 	: 	: 	: 	: 	: 	: 	: 	: 	: 	: 
RA400,CAP_NET_ELC,MW,AL	21.000 	14.000 	1.000 	1.000 	0.000 	0.000 	0.000 	0.000 	0.000 	0.000 	0.000 	0.000 	0.000 	0.000 	0.000 	0.000 	0.000 	0.000 	0.000 	0.000 	0.000 	0.000 	0.000 	0.000 	0.000 	0.000 	0.000 	0.000 	0.000 	0.000 	0.000 
RA400,CAP_NET_ELC,MW,AT	2042.934 	1702.093 	1455.132 	1268.971 	1096.016 	937.098 	785.246 	625.974 	337.483 	174.070 	88.813 	48.915 	30.120 	24.238 	22.387 	21.018 	27.000 	23.000 	9.000 	7.000 	5.000 	4.000 	3.000 	2.000 	2.000 	1.000 	1.000 	1.000 	1.000 	0.000 	0.000 
RA400,CAP_NET_ELC,MW,BA	34.890 	22.350 	18.150 	16.000 	0.000 	0.000 	0.000 	: 	: 	: 	: 	: 	: 	: 	: 	: 	: 	: 	: 	: 	: 	: 	: 	: 	: 	: 	: 	: 	: 	: 	: 
RA400,CAP_NET_ELC,MW,BE	5574.800 	4636.600 	4000.000 	3620.600 	3328.800 	3131.600 	3015.000 	2901.600 	2646.600 	1978.600 	1006.600 	386.000 	62.000 	20.000 	2.000 	2.000 	1.000 	1.000 	1.000 	0.000 	0.000 	0.000 	0.000 	0.000 	0.000 	0.000 	0.000 	0.000 	0.000 	0.000 	0.000 
RA400,CAP_NET_ELC,MW,BG	1097.357 	1047.950 	1032.679 	1035.570 	1028.000 	1029.000 	1026.000 	1020.000 	1013.000 	154.000 	25.000 	2.000 	0.000 	0.000 	0.000 	0.000 	0.000 	0.000 	0.000 	0.000 	0.000 	0.000 	0.000 	0.000 	0.000 	0.000 	0.000 	0.000 	0.000 	0.000 	0.000 
RA400,CAP_NET_ELC,MW,CY	229.134 	151.261 	118.479 	110.046 	84.000 	76.000 	64.000 	35.000 	17.000 	10.000 	7.000 	4.000 	2.000 	1.000 	1.000 	1.000 	0.000 	0.000 	0.000 	0.000 	0.000 	0.000 	0.000 	0.000 	0.000 	0.000 	0.000 	0.000 	0.000 	0.000 	0.000 
RA400,CAP_NET_ELC,MW,CZ	2122.711 	2086.424 	2075.072 	2069.500 	2067.900 	2074.900 	2067.400 	2063.500 	2022.000 	1913.000 	1727.000 	464.600 	39.500 	3.961 	0.841 	0.586 	0.413 	0.289 	0.155 	0.124 	0.072 	0.000 	0.000 	0.000 	0.000 	0.000 	0.000 	0.000 	0.000 	0.000 	0.000 
RA400,CAP_NET_ELC,MW,DE	53721.000 	48914.000 	45158.000 	42293.000 	40679.000 	39224.000 	37900.000 	36710.000 	34077.000 	25916.000 	18006.000 	10566.000 	6120.000 	4170.000 	2899.000 	2056.000 	1105.000 	435.000 	260.000 	195.000 	114.000 	70.000 	54.000 	42.000 	28.000 	18.000 	12.000 	9.000 	6.000 	2.000 	2.000 
RA400,CAP_NET_ELC,MW,DK	1304.294 	1080.000 	998.000 	906.350 	850.953 	782.108 	607.000 	571.000 	402.000 	17.000 	7.000 	5.000 	3.000 	3.000 	3.000 	3.000 	2.000 	2.000 	2.000 	1.000 	1.000 	1.000 	1.000 	1.000 	1.000 	0.000 	0.000 	0.000 	0.000 	0.000 	0.000 
RA400,CAP_NET_ELC,MW,EA19	125234.232 	110871.587 	96774.914 	89911.096 	85548.897 	82042.702 	78413.889 	75175.464 	67613.131 	51184.999 	28844.357 	16517.889 	10383.682 	4973.172 	3216.083 	2261.601 	1289.561 	583.170 	350.593 	269.160 	172.000 	118.000 	96.000 	78.000 	59.000 	45.000 	36.000 	31.000 	23.000 	12.000 	11.000 
RA400,CAP_NET_ELC,MW,EE	207.670 	120.600 	31.900 	15.000 	10.000 	0.000 	0.000 	0.000 	0.000 	0.000 	0.000 	0.000 	0.000 	0.000 	0.000 	0.000 	0.000 	0.000 	0.000 	0.000 	0.000 	0.000 	0.000 	0.000 	0.000 	0.000 	0.000 	0.000 	0.000 	0.000 	0.000 
RA400,CAP_NET_ELC,MW,EL	3287.720 	2833.794 	2651.570 	2605.530 	2604.000 	2604.000 	2596.000 	2579.000 	1536.000 	612.000 	202.000 	46.000 	12.000 	9.000 	5.000 	1.000 	1.000 	1.000 	1.000 	1.000 	0.000 	0.000 	0.000 	0.000 	0.000 	0.000 	0.000 	0.000 	0.000 	0.000 	0.000 
RA400,CAP_NET_ELC,MW,ES	12589.490 	11143.266 	7067.670 	7027.063 	7017.063 	7008.063 	7001.063 	6994.063 	6569.000 	5432.000 	4605.000 	3705.000 	3445.000 	505.000 	141.000 	52.000 	33.000 	22.000 	17.000 	13.000 	10.000 	8.000 	7.000 	6.000 	5.000 	5.000 	4.000 	4.000 	4.000 	3.000 	3.000 
RA400,CAP_NET_ELC,MW,EU27_2020	138442.687 	120221.816 	104052.252 	96231.806 	91498.797 	87686.287 	83616.439 	79690.357 	71132.431 	53287.109 	30616.357 	16999.489 	10435.182 	4986.133 	3224.924 	2269.187 	1295.974 	589.459 	355.748 	273.284 	176.072 	122.000 	99.000 	81.000 	62.000 	47.000 	37.000 	32.000 	24.000 	12.000 	11.000 
RA400,CAP_NET_ELC,MW,FI	318.000 	222.000 	140.000 	82.000 	39.000 	17.000 	11.000 	9.000 	8.000 	7.000 	7.000 	6.000 	6.000 	5.000 	5.000 	4.000 	4.000 	3.000 	3.000 	3.000 	2.000 	2.000 	2.000 	2.000 	2.000 	1.000 	1.000 	1.000 	1.000 	1.000 	1.000 
RA400,CAP_NET_ELC,MW,FR	12022.225 	10807.874 	9672.296 	8610.437 	7702.081 	7137.517 	6034.418 	5277.289 	4358.754 	3003.574 	1044.000 	277.000 	80.000 	26.000 	15.000 	13.000 	11.000 	9.000 	8.000 	7.000 	7.000 	6.000 	5.000 	4.000 	3.000 	2.000 	2.000 	2.000 	2.000 	0.000 	0.000 
RA400,CAP_NET_ELC,MW,GE	0.000 	0.000 	0.000 	0.000 	0.000 	0.000 	0.000 	0.000 	: 	: 	: 	: 	: 	: 	: 	: 	: 	: 	: 	: 	: 	: 	: 	: 	: 	: 	: 	: 	: 	: 	: 
RA400,CAP_NET_ELC,MW,HR	108.500 	84.800 	67.700 	60.000 	55.800 	47.800 	33.000 	19.000 	4.000 	0.000 	0.000 	0.000 	0.000 	0.000 	0.000 	0.000 	0.000 	0.000 	0.000 	0.000 	0.000 	0.000 	0.000 	0.000 	0.000 	0.000 	0.000 	0.000 	0.000 	0.000 	0.000 
RA400,CAP_NET_ELC,MW,HU	2131.000 	1400.000 	728.000 	344.000 	235.000 	172.000 	89.000 	35.000 	12.000 	4.000 	2.000 	1.000 	1.000 	0.000 	0.000 	0.000 	0.000 	0.000 	0.000 	0.000 	0.000 	0.000 	0.000 	0.000 	0.000 	0.000 	0.000 	0.000 	0.000 	0.000 	0.000 
RA400,CAP_NET_ELC,MW,IE	92.790 	58.310 	31.571 	16.813 	5.927 	2.352 	1.629 	1.017 	0.940 	0.789 	0.693 	0.617 	0.000 	0.000 	0.000 	0.000 	0.000 	0.000 	0.000 	0.000 	0.000 	0.000 	0.000 	0.000 	0.000 	0.000 	0.000 	0.000 	0.000 	0.000 	0.000 
RA400,CAP_NET_ELC,MW,IS	0.000 	0.000 	0.000 	0.000 	0.000 	0.000 	0.000 	0.000 	0.000 	0.000 	0.000 	0.000 	0.000 	0.000 	0.000 	0.000 	0.000 	0.000 	0.000 	0.000 	0.000 	0.000 	0.000 	0.000 	0.000 	0.000 	0.000 	0.000 	0.000 	0.000 	0.000 
RA400,CAP_NET_ELC,MW,IT	21650.040 	20865.275 	20107.589 	19682.293 	19283.000 	18901.000 	18594.000 	18185.000 	16785.000 	13131.000 	3592.000 	1264.000 	483.000 	110.000 	45.000 	34.000 	31.000 	26.000 	22.000 	20.000 	19.000 	18.000 	18.000 	17.000 	16.000 	16.000 	14.000 	12.000 	8.000 	5.000 	4.000 
RA400,CAP_NET_ELC,MW,LI	0.000 	0.000 	0.000 	0.000 	0.000 	0.000 	0.000 	: 	: 	: 	: 	: 	: 	: 	: 	: 	: 	: 	: 	: 	: 	: 	: 	: 	: 	: 	: 	: 	: 	: 	: 
RA400,CAP_NET_ELC,MW,LT	164.000 	103.000 	82.000 	73.751 	70.000 	69.000 	69.000 	68.000 	7.000 	0.000 	0.000 	0.000 	0.000 	0.000 	0.000 	0.000 	0.000 	0.000 	0.000 	0.000 	0.000 	0.000 	0.000 	0.000 	0.000 	0.000 	0.000 	0.000 	0.000 	0.000 	0.000 
RA400,CAP_NET_ELC,MW,LU	186.643 	159.736 	130.624 	128.103 	121.896 	116.272 	109.933 	95.021 	74.654 	40.666 	29.451 	26.357 	24.562 	23.934 	23.696 	23.583 	23.561 	14.170 	1.593 	0.160 	0.000 	0.000 	0.000 	0.000 	0.000 	0.000 	0.000 	0.000 	0.000 	0.000 	0.000 
RA400,CAP_NET_ELC,MW,LV	5.102 	3.302 	1.962 	0.690 	0.690 	0.000 	0.000 	0.000 	0.000 	0.000 	0.000 	0.000 	0.000 	0.000 	0.000 	0.000 	0.000 	0.000 	0.000 	0.000 	0.000 	0.000 	0.000 	0.000 	0.000 	0.000 	0.000 	0.000 	0.000 	0.000 	0.000 
RA400,CAP_NET_ELC,MW,MD	4.300 	5.000 	3.000 	2.000 	2.000 	1.000 	1.000 	0.000 	0.000 	0.000 	0.000 	: 	: 	: 	: 	: 	: 	: 	: 	: 	: 	: 	: 	: 	: 	: 	: 	: 	: 	: 	: 
RA400,CAP_NET_ELC,MW,ME	0.700 	0.000 	0.000 	0.000 	0.000 	0.000 	0.000 	0.000 	0.000 	0.000 	0.000 	0.000 	0.000 	0.000 	0.000 	0.000 	: 	: 	: 	: 	: 	: 	: 	: 	: 	: 	: 	: 	: 	: 	: 
RA400,CAP_NET_ELC,MW,MK	16.713 	16.713 	16.699 	16.699 	16.699 	17.000 	15.000 	7.000 	4.000 	2.000 	0.000 	0.000 	0.000 	0.000 	0.000 	0.000 	0.000 	0.000 	0.000 	0.000 	0.000 	0.000 	0.000 	0.000 	0.000 	0.000 	0.000 	0.000 	0.000 	0.000 	0.000 
RA400,CAP_NET_ELC,MW,MT	187.892 	155.161 	131.890 	111.763 	93.600 	74.800 	54.600 	28.500 	15.700 	5.300 	0.800 	0.000 	0.000 	0.000 	0.000 	0.000 	0.000 	0.000 	0.000 	0.000 	0.000 	0.000 	0.000 	0.000 	0.000 	0.000 	0.000 	0.000 	0.000 	0.000 	0.000 
RA400,CAP_NET_ELC,MW,NL	10949.720 	7226.000 	4608.000 	2911.000 	2135.000 	1526.000 	1007.000 	650.000 	287.000 	149.000 	90.000 	69.000 	59.000 	54.000 	53.000 	51.000 	50.000 	46.000 	26.000 	21.000 	13.000 	9.000 	6.000 	4.000 	3.000 	2.000 	2.000 	2.000 	1.000 	1.000 	1.000 
RA400,CAP_NET_ELC,MW,NO	159.800 	119.826 	68.405 	0.000 	0.000 	0.000 	0.000 	0.000 	0.000 	0.000 	0.000 	0.000 	0.000 	8.000 	8.000 	7.000 	7.000 	7.000 	6.000 	6.000 	6.000 	6.000 	5.000 	5.000 	5.000 	5.000 	4.000 	4.000 	4.000 	0.000 	0.000 
RA400,CAP_NET_ELC,MW,PL	3954.963 	1539.259 	561.976 	287.091 	187.247 	107.777 	27.150 	2.393 	1.300 	1.110 	0.000 	0.000 	0.000 	0.000 	0.000 	0.000 	0.000 	0.000 	0.000 	0.000 	0.000 	0.000 	0.000 	0.000 	0.000 	0.000 	0.000 	0.000 	0.000 	0.000 	0.000 
RA400,CAP_NET_ELC,MW,PT	1100.292 	901.438 	667.431 	579.236 	512.824 	447.000 	415.000 	296.000 	238.000 	172.000 	134.000 	115.000 	59.000 	24.000 	3.000 	2.000 	2.000 	2.000 	1.000 	1.000 	1.000 	1.000 	1.000 	1.000 	0.000 	0.000 	0.000 	0.000 	0.000 	0.000 	0.000 
RA400,CAP_NET_ELC,MW,RO	1382.630 	1397.796 	1385.911 	1374.199 	1372.000 	1326.000 	1293.000 	761.000 	41.000 	1.000 	0.000 	0.000 	0.000 	0.000 	0.000 	0.000 	0.000 	0.000 	0.000 	0.000 	0.000 	0.000 	0.000 	0.000 	0.000 	0.000 	0.000 	0.000 	0.000 	0.000 	0.000 
RA400,CAP_NET_ELC,MW,RS	11.500 	11.000 	11.000 	10.000 	11.000 	9.000 	6.000 	0.000 	0.000 	0.000 	0.000 	0.000 	0.000 	0.000 	0.000 	0.000 	0.000 	0.000 	0.000 	0.000 	0.000 	0.000 	0.000 	0.000 	0.000 	0.000 	0.000 	0.000 	0.000 	0.000 	0.000 
RA400,CAP_NET_ELC,MW,SE	1107.000 	714.000 	428.000 	244.000 	153.000 	104.000 	60.000 	43.000 	24.000 	12.000 	11.000 	9.000 	8.000 	6.000 	5.000 	4.000 	4.000 	4.000 	3.000 	3.000 	3.000 	3.000 	2.000 	2.000 	2.000 	2.000 	1.000 	1.000 	1.000 	0.000 	0.000 
RA400,CAP_NET_ELC,MW,SI	369.780 	277.877 	246.800 	246.800 	233.000 	238.000 	223.000 	187.000 	142.000 	57.000 	12.000 	4.000 	1.000 	1.000 	1.000 	1.000 	1.000 	1.000 	1.000 	1.000 	1.000 	0.000 	0.000 	0.000 	0.000 	0.000 	0.000 	0.000 	0.000 	0.000 	0.000 
RA400,CAP_NET_ELC,MW,SK	535.000 	590.000 	472.000 	528.000 	533.000 	533.000 	533.000 	533.000 	513.000 	496.000 	19.000 	0.000 	0.000 	0.000 	0.000 	0.000 	0.000 	0.000 	0.000 	0.000 	0.000 	0.000 	0.000 	0.000 	0.000 	0.000 	0.000 	0.000 	0.000 	0.000 	0.000 
RA400,CAP_NET_ELC,MW,TR	6667.418 	5995.155 	5062.608 	3420.700 	833.000 	249.000 	40.000 	0.000 	0.000 	0.000 	0.000 	0.000 	0.000 	0.000 	0.000 	0.000 	0.000 	0.000 	0.000 	0.000 	0.000 	0.000 	0.000 	0.000 	0.000 	0.000 	0.000 	0.000 	0.000 	0.000 	0.000 
RA400,CAP_NET_ELC,MW,UA	5194.000 	1953.000 	1201.000 	758.600 	425.000 	423.000 	411.000 	612.000 	319.000 	148.000 	0.000 	0.000 	0.000 	0.000 	0.000 	0.000 	0.000 	0.000 	0.000 	0.000 	0.000 	0.000 	0.000 	0.000 	0.000 	0.000 	0.000 	0.000 	0.000 	0.000 	0.000 
RA400,CAP_NET_ELC,MW,UK	: 	13346.000 	13073.000 	12760.000 	11914.000 	9601.219 	5528.000 	2937.000 	1753.000 	1000.000 	95.000 	27.000 	23.000 	18.000 	14.000 	11.000 	8.000 	6.000 	4.000 	3.000 	2.000 	1.000 	1.000 	1.000 	0.000 	0.000 	0.000 	0.000 	0.000 	0.000 	0.000 
RA400,CAP_NET_ELC,MW,XK	10.000 	10.000 	6.602 	6.602 	1.950 	0.000 	0.000 	0.000 	0.000 	0.000 	0.000 	0.000 	0.000 	0.000 	0.000 	0.000 	0.000 	0.000 	0.000 	0.000 	0.000 	: 	: 	: 	: 	: 	: 	: 	: 	: 	: 
RA410,CAP_NET_ELC,MW,AL	0.000 	0.000 	0.000 	0.000 	0.000 	0.000 	0.000 	0.000 	0.000 	0.000 	0.000 	0.000 	0.000 	0.000 	0.000 	0.000 	0.000 	0.000 	0.000 	0.000 	0.000 	0.000 	0.000 	0.000 	0.000 	0.000 	0.000 	0.000 	0.000 	0.000 	0.000 
RA410,CAP_NET_ELC,MW,AT	0.000 	0.000 	0.000 	0.000 	0.000 	0.000 	0.000 	0.000 	0.000 	0.000 	0.000 	0.000 	0.000 	0.000 	0.000 	0.000 	0.000 	0.000 	0.000 	0.000 	0.000 	0.000 	0.000 	0.000 	0.000 	0.000 	0.000 	0.000 	0.000 	0.000 	0.000 
RA410,CAP_NET_ELC,MW,BA	0.000 	0.000 	0.000 	0.000 	0.000 	0.000 	0.000 	: 	: 	: 	: 	: 	: 	: 	: 	: 	: 	: 	: 	: 	: 	: 	: 	: 	: 	: 	: 	: 	: 	: 	: 
RA410,CAP_NET_ELC,MW,BE	0.000 	0.000 	0.000 	0.000 	0.000 	0.000 	0.000 	0.000 	0.000 	0.000 	0.000 	0.000 	0.000 	0.000 	0.000 	0.000 	0.000 	0.000 	0.000 	0.000 	0.000 	0.000 	0.000 	0.000 	0.000 	0.000 	0.000 	0.000 	0.000 	0.000 	0.000 
RA410,CAP_NET_ELC,MW,BG	0.000 	0.000 	0.000 	0.000 	0.000 	0.000 	0.000 	0.000 	0.000 	0.000 	0.000 	0.000 	0.000 	0.000 	0.000 	0.000 	0.000 	0.000 	0.000 	0.000 	0.000 	0.000 	0.000 	0.000 	0.000 	0.000 	0.000 	0.000 	0.000 	0.000 	0.000 
RA410,CAP_NET_ELC,MW,CY	0.000 	0.000 	0.000 	0.000 	0.000 	0.000 	0.000 	0.000 	0.000 	0.000 	0.000 	0.000 	0.000 	0.000 	0.000 	0.000 	0.000 	0.000 	0.000 	0.000 	0.000 	0.000 	0.000 	0.000 	0.000 	0.000 	0.000 	0.000 	0.000 	0.000 	0.000 
RA410,CAP_NET_ELC,MW,CZ	0.000 	0.000 	0.000 	0.000 	0.000 	0.000 	0.000 	0.000 	0.000 	0.000 	0.000 	0.000 	0.000 	0.000 	0.000 	0.000 	0.000 	0.000 	0.000 	0.000 	0.000 	0.000 	0.000 	0.000 	0.000 	0.000 	0.000 	0.000 	0.000 	0.000 	0.000 
RA410,CAP_NET_ELC,MW,DE	2.000 	2.000 	2.000 	2.000 	2.000 	2.000 	2.000 	2.000 	2.000 	2.000 	2.000 	2.000 	0.000 	0.000 	0.000 	0.000 	0.000 	0.000 	0.000 	0.000 	0.000 	0.000 	0.000 	0.000 	0.000 	0.000 	0.000 	0.000 	0.000 	0.000 	0.000 
RA410,CAP_NET_ELC,MW,DK	0.000 	0.000 	0.000 	0.000 	0.000 	0.000 	0.000 	0.000 	0.000 	0.000 	0.000 	0.000 	0.000 	0.000 	0.000 	0.000 	0.000 	0.000 	0.000 	0.000 	0.000 	0.000 	0.000 	0.000 	0.000 	0.000 	0.000 	0.000 	0.000 	0.000 	0.000 
RA410,CAP_NET_ELC,MW,EA19	2306.013 	2306.013 	2306.063 	2306.063 	2306.063 	2306.063 	2306.063 	2306.063 	2002.000 	1151.000 	734.000 	284.000 	61.000 	11.000 	11.000 	0.000 	0.000 	0.000 	0.000 	0.000 	0.000 	0.000 	0.000 	0.000 	0.000 	0.000 	0.000 	0.000 	0.000 	0.000 	0.000 
RA410,CAP_NET_ELC,MW,EE	0.000 	0.000 	0.000 	0.000 	0.000 	0.000 	0.000 	0.000 	0.000 	0.000 	0.000 	0.000 	0.000 	0.000 	0.000 	0.000 	0.000 	0.000 	0.000 	0.000 	0.000 	0.000 	0.000 	0.000 	0.000 	0.000 	0.000 	0.000 	0.000 	0.000 	0.000 
RA410,CAP_NET_ELC,MW,EL	0.000 	0.000 	0.000 	0.000 	0.000 	0.000 	0.000 	0.000 	0.000 	0.000 	0.000 	0.000 	0.000 	0.000 	0.000 	0.000 	0.000 	0.000 	0.000 	0.000 	0.000 	0.000 	0.000 	0.000 	0.000 	0.000 	0.000 	0.000 	0.000 	0.000 	0.000 
RA410,CAP_NET_ELC,MW,ES	2304.013 	2304.013 	2304.063 	2304.063 	2304.063 	2304.063 	2304.063 	2304.063 	2000.000 	1149.000 	732.000 	282.000 	61.000 	11.000 	11.000 	0.000 	0.000 	0.000 	0.000 	0.000 	0.000 	0.000 	0.000 	0.000 	0.000 	0.000 	0.000 	0.000 	0.000 	0.000 	0.000 
RA410,CAP_NET_ELC,MW,EU27_2020	2306.104 	2306.104 	2306.154 	2306.133 	2306.063 	2306.063 	2306.063 	2306.063 	2002.000 	1151.000 	734.000 	284.000 	61.000 	11.000 	11.000 	0.000 	0.000 	0.000 	0.000 	0.000 	0.000 	0.000 	0.000 	0.000 	0.000 	0.000 	0.000 	0.000 	0.000 	0.000 	0.000 
RA410,CAP_NET_ELC,MW,FI	0.000 	0.000 	0.000 	0.000 	0.000 	0.000 	0.000 	0.000 	0.000 	0.000 	0.000 	0.000 	0.000 	0.000 	0.000 	0.000 	0.000 	0.000 	0.000 	0.000 	0.000 	0.000 	0.000 	0.000 	0.000 	0.000 	0.000 	0.000 	0.000 	0.000 	0.000 
RA410,CAP_NET_ELC,MW,FR	0.000 	0.000 	0.000 	0.000 	0.000 	0.000 	0.000 	0.000 	0.000 	0.000 	0.000 	0.000 	0.000 	0.000 	0.000 	0.000 	0.000 	0.000 	0.000 	0.000 	0.000 	0.000 	0.000 	0.000 	0.000 	0.000 	0.000 	0.000 	0.000 	0.000 	0.000 
RA410,CAP_NET_ELC,MW,GE	0.000 	0.000 	0.000 	0.000 	0.000 	0.000 	0.000 	0.000 	: 	: 	: 	: 	: 	: 	: 	: 	: 	: 	: 	: 	: 	: 	: 	: 	: 	: 	: 	: 	: 	: 	: 
RA410,CAP_NET_ELC,MW,HR	0.000 	0.000 	0.000 	0.000 	0.000 	0.000 	0.000 	0.000 	0.000 	0.000 	0.000 	0.000 	0.000 	0.000 	0.000 	0.000 	0.000 	0.000 	0.000 	0.000 	0.000 	0.000 	0.000 	0.000 	0.000 	0.000 	0.000 	0.000 	0.000 	0.000 	0.000 
RA410,CAP_NET_ELC,MW,HU	0.000 	0.000 	0.000 	0.000 	0.000 	0.000 	0.000 	0.000 	0.000 	0.000 	0.000 	0.000 	0.000 	0.000 	0.000 	0.000 	0.000 	0.000 	0.000 	0.000 	0.000 	0.000 	0.000 	0.000 	0.000 	0.000 	0.000 	0.000 	0.000 	0.000 	0.000 
RA410,CAP_NET_ELC,MW,IE	0.000 	0.000 	0.000 	0.000 	0.000 	0.000 	0.000 	0.000 	0.000 	0.000 	0.000 	0.000 	0.000 	0.000 	0.000 	0.000 	0.000 	0.000 	0.000 	0.000 	0.000 	0.000 	0.000 	0.000 	0.000 	0.000 	0.000 	0.000 	0.000 	0.000 	0.000 
RA410,CAP_NET_ELC,MW,IS	0.000 	0.000 	0.000 	0.000 	0.000 	0.000 	0.000 	0.000 	0.000 	0.000 	0.000 	0.000 	0.000 	0.000 	0.000 	0.000 	0.000 	0.000 	0.000 	0.000 	0.000 	0.000 	0.000 	0.000 	0.000 	0.000 	0.000 	0.000 	0.000 	0.000 	0.000 
RA410,CAP_NET_ELC,MW,IT	0.000 	0.000 	0.000 	0.000 	0.000 	0.000 	0.000 	0.000 	0.000 	0.000 	0.000 	0.000 	0.000 	0.000 	0.000 	0.000 	0.000 	0.000 	0.000 	0.000 	0.000 	0.000 	0.000 	0.000 	0.000 	0.000 	0.000 	0.000 	0.000 	0.000 	0.000 
RA410,CAP_NET_ELC,MW,LI	0.000 	0.000 	0.000 	0.000 	0.000 	0.000 	0.000 	: 	: 	: 	: 	: 	: 	: 	: 	: 	: 	: 	: 	: 	: 	: 	: 	: 	: 	: 	: 	: 	: 	: 	: 
RA410,CAP_NET_ELC,MW,LT	0.000 	0.000 	0.000 	0.000 	0.000 	0.000 	0.000 	0.000 	0.000 	0.000 	0.000 	0.000 	0.000 	0.000 	0.000 	0.000 	0.000 	0.000 	0.000 	0.000 	0.000 	0.000 	0.000 	0.000 	0.000 	0.000 	0.000 	0.000 	0.000 	0.000 	0.000 
RA410,CAP_NET_ELC,MW,LU	0.000 	0.000 	0.000 	0.000 	0.000 	0.000 	0.000 	0.000 	0.000 	0.000 	0.000 	0.000 	0.000 	0.000 	0.000 	0.000 	0.000 	0.000 	0.000 	0.000 	0.000 	0.000 	0.000 	0.000 	0.000 	0.000 	0.000 	0.000 	0.000 	0.000 	0.000 
RA410,CAP_NET_ELC,MW,LV	0.000 	0.000 	0.000 	0.000 	0.000 	0.000 	0.000 	0.000 	0.000 	0.000 	0.000 	0.000 	0.000 	0.000 	0.000 	0.000 	0.000 	0.000 	0.000 	0.000 	0.000 	0.000 	0.000 	0.000 	0.000 	0.000 	0.000 	0.000 	0.000 	0.000 	0.000 
RA410,CAP_NET_ELC,MW,MD	0.000 	0.000 	0.000 	0.000 	0.000 	0.000 	0.000 	0.000 	0.000 	0.000 	0.000 	: 	: 	: 	: 	: 	: 	: 	: 	: 	: 	: 	: 	: 	: 	: 	: 	: 	: 	: 	: 
RA410,CAP_NET_ELC,MW,ME	0.000 	0.000 	0.000 	0.000 	0.000 	0.000 	0.000 	0.000 	0.000 	0.000 	0.000 	0.000 	0.000 	0.000 	0.000 	0.000 	: 	: 	: 	: 	: 	: 	: 	: 	: 	: 	: 	: 	: 	: 	: 
RA410,CAP_NET_ELC,MW,MK	0.000 	0.000 	0.000 	0.000 	0.000 	0.000 	0.000 	0.000 	0.000 	0.000 	0.000 	0.000 	0.000 	0.000 	0.000 	0.000 	0.000 	0.000 	0.000 	0.000 	0.000 	0.000 	0.000 	0.000 	0.000 	0.000 	0.000 	0.000 	0.000 	0.000 	0.000 
RA410,CAP_NET_ELC,MW,MT	0.000 	0.000 	0.000 	0.000 	0.000 	0.000 	0.000 	0.000 	0.000 	0.000 	0.000 	0.000 	0.000 	0.000 	0.000 	0.000 	0.000 	0.000 	0.000 	0.000 	0.000 	0.000 	0.000 	0.000 	0.000 	0.000 	0.000 	0.000 	0.000 	0.000 	0.000 
RA410,CAP_NET_ELC,MW,NL	0.000 	0.000 	0.000 	0.000 	0.000 	0.000 	0.000 	0.000 	0.000 	0.000 	0.000 	0.000 	0.000 	0.000 	0.000 	0.000 	0.000 	0.000 	0.000 	0.000 	0.000 	0.000 	0.000 	0.000 	0.000 	0.000 	0.000 	0.000 	0.000 	0.000 	0.000 
RA410,CAP_NET_ELC,MW,NO	0.000 	0.000 	0.000 	0.000 	0.000 	0.000 	0.000 	0.000 	0.000 	0.000 	0.000 	0.000 	0.000 	0.000 	0.000 	0.000 	0.000 	0.000 	0.000 	0.000 	0.000 	0.000 	0.000 	0.000 	0.000 	0.000 	0.000 	0.000 	0.000 	0.000 	0.000 
RA410,CAP_NET_ELC,MW,PL	0.000 	0.000 	0.000 	0.000 	0.000 	0.000 	0.000 	0.000 	0.000 	0.000 	0.000 	0.000 	0.000 	0.000 	0.000 	0.000 	0.000 	0.000 	0.000 	0.000 	0.000 	0.000 	0.000 	0.000 	0.000 	0.000 	0.000 	0.000 	0.000 	0.000 	0.000 
RA410,CAP_NET_ELC,MW,PT	0.000 	0.000 	0.000 	0.000 	0.000 	0.000 	0.000 	0.000 	0.000 	0.000 	0.000 	0.000 	0.000 	0.000 	0.000 	0.000 	0.000 	0.000 	0.000 	0.000 	0.000 	0.000 	0.000 	0.000 	0.000 	0.000 	0.000 	0.000 	0.000 	0.000 	0.000 
RA410,CAP_NET_ELC,MW,RO	0.091 	0.091 	0.091 	0.070 	0.000 	0.000 	0.000 	0.000 	0.000 	0.000 	0.000 	0.000 	0.000 	0.000 	0.000 	0.000 	0.000 	0.000 	0.000 	0.000 	0.000 	0.000 	0.000 	0.000 	0.000 	0.000 	0.000 	0.000 	0.000 	0.000 	0.000 
RA410,CAP_NET_ELC,MW,RS	0.000 	0.000 	0.000 	0.000 	0.000 	0.000 	0.000 	0.000 	0.000 	0.000 	0.000 	0.000 	0.000 	0.000 	0.000 	0.000 	0.000 	0.000 	0.000 	0.000 	0.000 	0.000 	0.000 	0.000 	0.000 	0.000 	0.000 	0.000 	0.000 	0.000 	0.000 
RA410,CAP_NET_ELC,MW,SE	0.000 	0.000 	0.000 	0.000 	0.000 	0.000 	0.000 	0.000 	0.000 	0.000 	0.000 	0.000 	0.000 	0.000 	0.000 	0.000 	0.000 	0.000 	0.000 	0.000 	0.000 	0.000 	0.000 	0.000 	0.000 	0.000 	0.000 	0.000 	0.000 	0.000 	0.000 
RA410,CAP_NET_ELC,MW,SI	0.000 	0.000 	0.000 	0.000 	0.000 	0.000 	0.000 	0.000 	0.000 	0.000 	0.000 	0.000 	0.000 	0.000 	0.000 	0.000 	0.000 	0.000 	0.000 	0.000 	0.000 	0.000 	0.000 	0.000 	0.000 	0.000 	0.000 	0.000 	0.000 	0.000 	0.000 
RA410,CAP_NET_ELC,MW,SK	0.000 	0.000 	0.000 	0.000 	0.000 	0.000 	0.000 	0.000 	0.000 	0.000 	0.000 	0.000 	0.000 	0.000 	0.000 	0.000 	0.000 	0.000 	0.000 	0.000 	0.000 	0.000 	0.000 	0.000 	0.000 	0.000 	0.000 	0.000 	0.000 	0.000 	0.000 
RA410,CAP_NET_ELC,MW,TR	0.000 	0.000 	0.000 	0.000 	0.000 	0.000 	0.000 	0.000 	0.000 	0.000 	0.000 	0.000 	0.000 	0.000 	0.000 	0.000 	0.000 	0.000 	0.000 	0.000 	0.000 	0.000 	0.000 	0.000 	0.000 	0.000 	0.000 	0.000 	0.000 	0.000 	0.000 
RA410,CAP_NET_ELC,MW,UA	0.000 	0.000 	0.000 	0.000 	0.000 	0.000 	0.000 	0.000 	0.000 	0.000 	0.000 	0.000 	0.000 	0.000 	0.000 	0.000 	0.000 	0.000 	0.000 	0.000 	0.000 	0.000 	0.000 	0.000 	0.000 	0.000 	0.000 	0.000 	0.000 	0.000 	0.000 
RA410,CAP_NET_ELC,MW,UK	: 	0.000 	0.000 	0.000 	0.000 	0.000 	0.000 	0.000 	0.000 	0.000 	0.000 	0.000 	0.000 	0.000 	0.000 	0.000 	0.000 	0.000 	0.000 	0.000 	0.000 	0.000 	0.000 	0.000 	0.000 	0.000 	0.000 	0.000 	0.000 	0.000 	0.000 
RA410,CAP_NET_ELC,MW,XK	0.000 	0.000 	0.000 	0.000 	0.000 	0.000 	0.000 	0.000 	0.000 	0.000 	0.000 	0.000 	0.000 	0.000 	0.000 	0.000 	0.000 	0.000 	0.000 	0.000 	0.000 	: 	: 	: 	: 	: 	: 	: 	: 	: 	: 
RA420,CAP_NET_ELC,MW,AL	21.000 	14.000 	1.000 	1.000 	0.000 	0.000 	0.000 	0.000 	0.000 	0.000 	0.000 	0.000 	0.000 	0.000 	0.000 	0.000 	0.000 	0.000 	0.000 	0.000 	0.000 	0.000 	0.000 	0.000 	0.000 	0.000 	0.000 	0.000 	0.000 	0.000 	0.000 
RA420,CAP_NET_ELC,MW,AT	2042.934 	1702.093 	1455.132 	1268.971 	1096.016 	937.098 	785.246 	625.974 	337.483 	174.070 	88.813 	48.915 	30.120 	24.238 	22.387 	21.018 	27.000 	23.000 	9.000 	7.000 	5.000 	4.000 	3.000 	2.000 	2.000 	1.000 	1.000 	1.000 	1.000 	0.000 	0.000 
RA420,CAP_NET_ELC,MW,BA	34.890 	22.350 	18.150 	16.000 	0.000 	0.000 	0.000 	: 	: 	: 	: 	: 	: 	: 	: 	: 	: 	: 	: 	: 	: 	: 	: 	: 	: 	: 	: 	: 	: 	: 	: 
RA420,CAP_NET_ELC,MW,BE	5574.800 	4636.600 	4000.000 	3620.600 	3328.800 	3131.600 	3015.000 	2901.600 	2646.600 	1978.600 	1006.600 	386.000 	62.000 	20.000 	2.000 	2.000 	1.000 	1.000 	1.000 	0.000 	0.000 	0.000 	0.000 	0.000 	0.000 	0.000 	0.000 	0.000 	0.000 	0.000 	0.000 
RA420,CAP_NET_ELC,MW,BG	1097.357 	1047.950 	1032.679 	1035.570 	1028.000 	1029.000 	1026.000 	1020.000 	1013.000 	154.000 	25.000 	2.000 	0.000 	0.000 	0.000 	0.000 	0.000 	0.000 	0.000 	0.000 	0.000 	0.000 	0.000 	0.000 	0.000 	0.000 	0.000 	0.000 	0.000 	0.000 	0.000 
RA420,CAP_NET_ELC,MW,CY	229.134 	151.261 	118.479 	110.046 	84.000 	76.000 	64.000 	35.000 	17.000 	10.000 	7.000 	4.000 	2.000 	1.000 	1.000 	1.000 	0.000 	0.000 	0.000 	0.000 	0.000 	0.000 	0.000 	0.000 	0.000 	0.000 	0.000 	0.000 	0.000 	0.000 	0.000 
RA420,CAP_NET_ELC,MW,CZ	2122.711 	2086.424 	2075.072 	2069.500 	2067.900 	2074.900 	2067.400 	2063.500 	2022.000 	1913.000 	1727.000 	464.600 	39.500 	3.961 	0.841 	0.586 	0.413 	0.289 	0.155 	0.124 	0.072 	0.000 	0.000 	0.000 	0.000 	0.000 	0.000 	0.000 	0.000 	0.000 	0.000 
RA420,CAP_NET_ELC,MW,DE	53719.000 	48912.000 	45156.000 	42291.000 	40677.000 	39222.000 	37898.000 	36708.000 	34075.000 	25914.000 	18004.000 	10564.000 	6120.000 	4170.000 	2899.000 	2056.000 	1105.000 	435.000 	260.000 	195.000 	114.000 	70.000 	54.000 	42.000 	28.000 	18.000 	12.000 	9.000 	6.000 	2.000 	2.000 
RA420,CAP_NET_ELC,MW,DK	1304.294 	1080.000 	998.000 	906.350 	850.953 	782.108 	607.000 	571.000 	402.000 	17.000 	7.000 	5.000 	3.000 	3.000 	3.000 	3.000 	2.000 	2.000 	2.000 	1.000 	1.000 	1.000 	1.000 	1.000 	1.000 	0.000 	0.000 	0.000 	0.000 	0.000 	0.000 
RA420,CAP_NET_ELC,MW,EA19	122928.219 	108565.574 	94468.851 	87605.033 	83242.834 	79736.639 	76107.826 	72869.401 	65611.131 	50033.999 	28110.357 	16233.889 	10322.682 	4962.172 	3205.083 	2261.601 	1289.561 	583.170 	350.593 	269.160 	172.000 	118.000 	96.000 	78.000 	59.000 	45.000 	36.000 	31.000 	23.000 	12.000 	11.000 
RA420,CAP_NET_ELC,MW,EE	207.670 	120.600 	31.900 	15.000 	10.000 	0.000 	0.000 	0.000 	0.000 	0.000 	0.000 	0.000 	0.000 	0.000 	0.000 	0.000 	0.000 	0.000 	0.000 	0.000 	0.000 	0.000 	0.000 	0.000 	0.000 	0.000 	0.000 	0.000 	0.000 	0.000 	0.000 
RA420,CAP_NET_ELC,MW,EL	3287.720 	2833.794 	2651.570 	2605.530 	2604.000 	2604.000 	2596.000 	2579.000 	1536.000 	612.000 	202.000 	46.000 	12.000 	9.000 	5.000 	1.000 	1.000 	1.000 	1.000 	1.000 	0.000 	0.000 	0.000 	0.000 	0.000 	0.000 	0.000 	0.000 	0.000 	0.000 	0.000 
RA420,CAP_NET_ELC,MW,ES	10285.477 	8839.253 	4763.607 	4723.000 	4713.000 	4704.000 	4697.000 	4690.000 	4569.000 	4283.000 	3873.000 	3423.000 	3384.000 	494.000 	130.000 	52.000 	33.000 	22.000 	17.000 	13.000 	10.000 	8.000 	7.000 	6.000 	5.000 	5.000 	4.000 	4.000 	4.000 	3.000 	3.000 
RA420,CAP_NET_ELC,MW,EU27_2020	136136.583 	117915.712 	101746.098 	93925.673 	89192.734 	85380.224 	81310.376 	77384.294 	69130.431 	52136.109 	29882.357 	16715.489 	10374.182 	4975.133 	3213.924 	2269.187 	1295.974 	589.459 	355.748 	273.284 	176.072 	122.000 	99.000 	81.000 	62.000 	47.000 	37.000 	32.000 	24.000 	12.000 	11.000 
RA420,CAP_NET_ELC,MW,FI	318.000 	222.000 	140.000 	82.000 	39.000 	17.000 	11.000 	9.000 	8.000 	7.000 	7.000 	6.000 	6.000 	5.000 	5.000 	4.000 	4.000 	3.000 	3.000 	3.000 	2.000 	2.000 	2.000 	2.000 	2.000 	1.000 	1.000 	1.000 	1.000 	1.000 	1.000 
RA420,CAP_NET_ELC,MW,FR	12022.225 	10807.874 	9672.296 	8610.437 	7702.081 	7137.517 	6034.418 	5277.289 	4358.754 	3003.574 	1044.000 	277.000 	80.000 	26.000 	15.000 	13.000 	11.000 	9.000 	8.000 	7.000 	7.000 	6.000 	5.000 	4.000 	3.000 	2.000 	2.000 	2.000 	2.000 	0.000 	0.000 
RA420,CAP_NET_ELC,MW,GE	0.000 	0.000 	0.000 	0.000 	0.000 	0.000 	0.000 	0.000 	: 	: 	: 	: 	: 	: 	: 	: 	: 	: 	: 	: 	: 	: 	: 	: 	: 	: 	: 	: 	: 	: 	: 
RA420,CAP_NET_ELC,MW,HR	108.500 	84.800 	67.700 	60.000 	55.800 	47.800 	33.000 	19.000 	4.000 	0.000 	0.000 	0.000 	0.000 	0.000 	0.000 	0.000 	0.000 	0.000 	0.000 	0.000 	0.000 	0.000 	0.000 	0.000 	0.000 	0.000 	0.000 	0.000 	0.000 	0.000 	0.000 
RA420,CAP_NET_ELC,MW,HU	2131.000 	1400.000 	728.000 	344.000 	235.000 	172.000 	89.000 	35.000 	12.000 	4.000 	2.000 	1.000 	1.000 	0.000 	0.000 	0.000 	0.000 	0.000 	0.000 	0.000 	0.000 	0.000 	0.000 	0.000 	0.000 	0.000 	0.000 	0.000 	0.000 	0.000 	0.000 
RA420,CAP_NET_ELC,MW,IE	92.790 	58.310 	31.571 	16.813 	5.927 	2.352 	1.629 	1.017 	0.940 	0.789 	0.693 	0.617 	0.000 	0.000 	0.000 	0.000 	0.000 	0.000 	0.000 	0.000 	0.000 	0.000 	0.000 	0.000 	0.000 	0.000 	0.000 	0.000 	0.000 	0.000 	0.000 
RA420,CAP_NET_ELC,MW,IS	0.000 	0.000 	0.000 	0.000 	0.000 	0.000 	0.000 	0.000 	0.000 	0.000 	0.000 	0.000 	0.000 	0.000 	0.000 	0.000 	0.000 	0.000 	0.000 	0.000 	0.000 	0.000 	0.000 	0.000 	0.000 	0.000 	0.000 	0.000 	0.000 	0.000 	0.000 
RA420,CAP_NET_ELC,MW,IT	21650.040 	20865.275 	20107.589 	19682.293 	19283.000 	18901.000 	18594.000 	18185.000 	16785.000 	13131.000 	3592.000 	1264.000 	483.000 	110.000 	45.000 	34.000 	31.000 	26.000 	22.000 	20.000 	19.000 	18.000 	18.000 	17.000 	16.000 	16.000 	14.000 	12.000 	8.000 	5.000 	4.000 
RA420,CAP_NET_ELC,MW,LI	0.000 	0.000 	0.000 	0.000 	0.000 	0.000 	0.000 	: 	: 	: 	: 	: 	: 	: 	: 	: 	: 	: 	: 	: 	: 	: 	: 	: 	: 	: 	: 	: 	: 	: 	: 
RA420,CAP_NET_ELC,MW,LT	164.000 	103.000 	82.000 	73.751 	70.000 	69.000 	69.000 	68.000 	7.000 	0.000 	0.000 	0.000 	0.000 	0.000 	0.000 	0.000 	0.000 	0.000 	0.000 	0.000 	0.000 	0.000 	0.000 	0.000 	0.000 	0.000 	0.000 	0.000 	0.000 	0.000 	0.000 
RA420,CAP_NET_ELC,MW,LU	186.643 	159.736 	130.624 	128.103 	121.896 	116.272 	109.933 	95.021 	74.654 	40.666 	29.451 	26.357 	24.562 	23.934 	23.696 	23.583 	23.561 	14.170 	1.593 	0.160 	0.000 	0.000 	0.000 	0.000 	0.000 	0.000 	0.000 	0.000 	0.000 	0.000 	0.000 
RA420,CAP_NET_ELC,MW,LV	5.102 	3.302 	1.962 	0.690 	0.690 	0.000 	0.000 	0.000 	0.000 	0.000 	0.000 	0.000 	0.000 	0.000 	0.000 	0.000 	0.000 	0.000 	0.000 	0.000 	0.000 	0.000 	0.000 	0.000 	0.000 	0.000 	0.000 	0.000 	0.000 	0.000 	0.000 
RA420,CAP_NET_ELC,MW,MD	4.300 	5.000 	3.000 	2.000 	2.000 	1.000 	1.000 	0.000 	0.000 	0.000 	0.000 	: 	: 	: 	: 	: 	: 	: 	: 	: 	: 	: 	: 	: 	: 	: 	: 	: 	: 	: 	: 
RA420,CAP_NET_ELC,MW,ME	0.700 	0.000 	0.000 	0.000 	0.000 	0.000 	0.000 	0.000 	0.000 	0.000 	0.000 	0.000 	0.000 	0.000 	0.000 	0.000 	: 	: 	: 	: 	: 	: 	: 	: 	: 	: 	: 	: 	: 	: 	: 
RA420,CAP_NET_ELC,MW,MK	16.713 	16.713 	16.699 	16.699 	16.699 	17.000 	15.000 	7.000 	4.000 	2.000 	0.000 	0.000 	0.000 	0.000 	0.000 	0.000 	0.000 	0.000 	0.000 	0.000 	0.000 	0.000 	0.000 	0.000 	0.000 	0.000 	0.000 	0.000 	0.000 	0.000 	0.000 
RA420,CAP_NET_ELC,MW,MT	187.892 	155.161 	131.890 	111.763 	93.600 	74.800 	54.600 	28.500 	15.700 	5.300 	0.800 	0.000 	0.000 	0.000 	0.000 	0.000 	0.000 	0.000 	0.000 	0.000 	0.000 	0.000 	0.000 	0.000 	0.000 	0.000 	0.000 	0.000 	0.000 	0.000 	0.000 
RA420,CAP_NET_ELC,MW,NL	10949.720 	7226.000 	4608.000 	2911.000 	2135.000 	1526.000 	1007.000 	650.000 	287.000 	149.000 	90.000 	69.000 	59.000 	54.000 	53.000 	51.000 	50.000 	46.000 	26.000 	21.000 	13.000 	9.000 	6.000 	4.000 	3.000 	2.000 	2.000 	2.000 	1.000 	1.000 	1.000 
RA420,CAP_NET_ELC,MW,NO	159.800 	119.826 	68.405 	0.000 	0.000 	0.000 	0.000 	0.000 	0.000 	0.000 	0.000 	0.000 	0.000 	8.000 	8.000 	7.000 	7.000 	7.000 	6.000 	6.000 	6.000 	6.000 	5.000 	5.000 	5.000 	5.000 	4.000 	4.000 	4.000 	0.000 	0.000 
RA420,CAP_NET_ELC,MW,PL	3954.963 	1539.259 	561.976 	287.091 	187.247 	107.777 	27.150 	2.393 	1.300 	1.110 	0.000 	0.000 	0.000 	0.000 	0.000 	0.000 	0.000 	0.000 	0.000 	0.000 	0.000 	0.000 	0.000 	0.000 	0.000 	0.000 	0.000 	0.000 	0.000 	0.000 	0.000 
RA420,CAP_NET_ELC,MW,PT	1100.292 	901.438 	667.431 	579.236 	512.824 	447.000 	415.000 	296.000 	238.000 	172.000 	134.000 	115.000 	59.000 	24.000 	3.000 	2.000 	2.000 	2.000 	1.000 	1.000 	1.000 	1.000 	1.000 	1.000 	0.000 	0.000 	0.000 	0.000 	0.000 	0.000 	0.000 
RA420,CAP_NET_ELC,MW,RO	1382.539 	1397.705 	1385.820 	1374.129 	1372.000 	1326.000 	1293.000 	761.000 	41.000 	1.000 	0.000 	0.000 	0.000 	0.000 	0.000 	0.000 	0.000 	0.000 	0.000 	0.000 	0.000 	0.000 	0.000 	0.000 	0.000 	0.000 	0.000 	0.000 	0.000 	0.000 	0.000 
RA420,CAP_NET_ELC,MW,RS	11.500 	11.000 	11.000 	10.000 	11.000 	9.000 	6.000 	0.000 	0.000 	0.000 	0.000 	0.000 	0.000 	0.000 	0.000 	0.000 	0.000 	0.000 	0.000 	0.000 	0.000 	0.000 	0.000 	0.000 	0.000 	0.000 	0.000 	0.000 	0.000 	0.000 	0.000 
RA420,CAP_NET_ELC,MW,SE	1107.000 	714.000 	428.000 	244.000 	153.000 	104.000 	60.000 	43.000 	24.000 	12.000 	11.000 	9.000 	8.000 	6.000 	5.000 	4.000 	4.000 	4.000 	3.000 	3.000 	3.000 	3.000 	2.000 	2.000 	2.000 	2.000 	1.000 	1.000 	1.000 	0.000 	0.000 
RA420,CAP_NET_ELC,MW,SI	369.780 	277.877 	246.800 	246.800 	233.000 	238.000 	223.000 	187.000 	142.000 	57.000 	12.000 	4.000 	1.000 	1.000 	1.000 	1.000 	1.000 	1.000 	1.000 	1.000 	1.000 	0.000 	0.000 	0.000 	0.000 	0.000 	0.000 	0.000 	0.000 	0.000 	0.000 
RA420,CAP_NET_ELC,MW,SK	535.000 	590.000 	472.000 	528.000 	533.000 	533.000 	533.000 	533.000 	513.000 	496.000 	19.000 	0.000 	0.000 	0.000 	0.000 	0.000 	0.000 	0.000 	0.000 	0.000 	0.000 	0.000 	0.000 	0.000 	0.000 	0.000 	0.000 	0.000 	0.000 	0.000 	0.000 
RA420,CAP_NET_ELC,MW,TR	6667.418 	5995.155 	5062.608 	3420.700 	833.000 	249.000 	40.000 	0.000 	0.000 	0.000 	0.000 	0.000 	0.000 	0.000 	0.000 	0.000 	0.000 	0.000 	0.000 	0.000 	0.000 	0.000 	0.000 	0.000 	0.000 	0.000 	0.000 	0.000 	0.000 	0.000 	0.000 
RA420,CAP_NET_ELC,MW,UA	5194.000 	1953.000 	1201.000 	758.600 	425.000 	423.000 	411.000 	612.000 	319.000 	148.000 	0.000 	0.000 	0.000 	0.000 	0.000 	0.000 	0.000 	0.000 	0.000 	0.000 	0.000 	0.000 	0.000 	0.000 	0.000 	0.000 	0.000 	0.000 	0.000 	0.000 	0.000 
RA420,CAP_NET_ELC,MW,UK	: 	13346.000 	13073.000 	12760.000 	11914.000 	9601.219 	5528.000 	2937.000 	1753.000 	1000.000 	95.000 	27.000 	23.000 	18.000 	14.000 	11.000 	8.000 	6.000 	4.000 	3.000 	2.000 	1.000 	1.000 	1.000 	0.000 	0.000 	0.000 	0.000 	0.000 	0.000 	0.000 
RA420,CAP_NET_ELC,MW,XK	10.000 	10.000 	6.602 	6.602 	1.950 	0.000 	0.000 	0.000 	0.000 	0.000 	0.000 	0.000 	0.000 	0.000 	0.000 	0.000 	0.000 	0.000 	0.000 	0.000 	0.000 	: 	: 	: 	: 	: 	: 	: 	: 	: 	: 
RA420KW20-1000,CAP_NET_ELC,MW,AL	0.000 	0.000 	1.000 	1.000 	0.000 	0.000 	0.000 	0.000 	0.000 	0.000 	0.000 	0.000 	0.000 	0.000 	0.000 	0.000 	0.000 	0.000 	0.000 	0.000 	0.000 	0.000 	0.000 	0.000 	0.000 	0.000 	0.000 	0.000 	0.000 	0.000 	0.000 
RA420KW20-1000,CAP_NET_ELC,MW,AT	8.364 	8.822 	7.311 	6.034 	7.123 	5.979 	4.431 	3.819 	2.844 	1.239 	0.454 	0.839 	0.358 	0.277 	0.277 	0.277 	0.000 	0.000 	0.000 	0.000 	0.000 	0.000 	0.000 	0.000 	0.000 	0.000 	0.000 	0.000 	0.000 	0.000 	0.000 
RA420KW20-1000,CAP_NET_ELC,MW,BA	34.890 	22.350 	18.150 	16.000 	0.000 	0.000 	0.000 	: 	: 	: 	: 	: 	: 	: 	: 	: 	: 	: 	: 	: 	: 	: 	: 	: 	: 	: 	: 	: 	: 	: 	: 
RA420KW20-1000,CAP_NET_ELC,MW,BE	1563.100 	1363.500 	1155.000 	1065.600 	1016.900 	978.900 	953.200 	943.200 	898.800 	736.500 	395.400 	151.000 	0.000 	0.000 	0.000 	0.000 	0.000 	0.000 	0.000 	0.000 	0.000 	0.000 	0.000 	0.000 	0.000 	0.000 	0.000 	0.000 	0.000 	0.000 	0.000 
RA420KW20-1000,CAP_NET_ELC,MW,BG	0.000 	0.000 	0.000 	0.000 	0.000 	0.000 	0.000 	0.000 	0.000 	0.000 	0.000 	0.000 	0.000 	0.000 	0.000 	0.000 	0.000 	0.000 	0.000 	0.000 	0.000 	0.000 	0.000 	0.000 	0.000 	0.000 	0.000 	0.000 	0.000 	0.000 	0.000 
RA420KW20-1000,CAP_NET_ELC,MW,CY	0.000 	0.000 	0.000 	0.000 	0.000 	0.000 	0.000 	0.000 	0.000 	0.000 	0.000 	0.000 	0.000 	0.000 	0.000 	0.000 	0.000 	0.000 	0.000 	0.000 	0.000 	0.000 	0.000 	0.000 	0.000 	0.000 	0.000 	0.000 	0.000 	0.000 	0.000 
RA420KW20-1000,CAP_NET_ELC,MW,CZ	619.259 	598.693 	588.579 	592.600 	0.000 	0.000 	0.000 	0.000 	0.000 	0.000 	0.000 	0.000 	0.000 	0.000 	0.000 	0.000 	0.000 	0.000 	0.000 	0.000 	0.000 	0.000 	0.000 	0.000 	0.000 	0.000 	0.000 	0.000 	0.000 	0.000 	0.000 
RA420KW20-1000,CAP_NET_ELC,MW,DE	26793.000 	24367.000 	21991.000 	20189.000 	19348.000 	18919.000 	18470.000 	18043.000 	17140.000 	13716.000 	9867.000 	5508.000 	2942.000 	1915.000 	1295.000 	899.000 	432.000 	92.000 	0.000 	0.000 	0.000 	0.000 	0.000 	0.000 	0.000 	0.000 	0.000 	0.000 	0.000 	0.000 	0.000 
RA420KW20-1000,CAP_NET_ELC,MW,DK	0.000 	0.000 	0.000 	0.000 	0.000 	0.000 	0.000 	0.000 	0.000 	0.000 	0.000 	0.000 	0.000 	0.000 	0.000 	0.000 	0.000 	0.000 	0.000 	0.000 	0.000 	0.000 	0.000 	0.000 	0.000 	0.000 	0.000 	0.000 	0.000 	0.000 	0.000 
RA420KW20-1000,CAP_NET_ELC,MW,EA19	51521.195 	47321.455 	43671.713 	41154.316 	38076.100 	33828.817 	33042.970 	32140.441 	30337.864 	23712.963 	12177.154 	5659.839 	2942.358 	1915.277 	1295.277 	899.277 	432.000 	92.000 	0.000 	0.000 	0.000 	0.000 	0.000 	0.000 	0.000 	0.000 	0.000 	0.000 	0.000 	0.000 	0.000 
RA420KW20-1000,CAP_NET_ELC,MW,EE	169.970 	98.500 	21.700 	7.700 	4.300 	0.000 	0.000 	0.000 	0.000 	0.000 	0.000 	0.000 	0.000 	0.000 	0.000 	0.000 	0.000 	0.000 	0.000 	0.000 	0.000 	0.000 	0.000 	0.000 	0.000 	0.000 	0.000 	0.000 	0.000 	0.000 	0.000 
RA420KW20-1000,CAP_NET_ELC,MW,EL	2055.970 	1646.470 	1490.700 	1480.090 	0.000 	0.000 	0.000 	0.000 	0.000 	0.000 	0.000 	0.000 	0.000 	0.000 	0.000 	0.000 	0.000 	0.000 	0.000 	0.000 	0.000 	0.000 	0.000 	0.000 	0.000 	0.000 	0.000 	0.000 	0.000 	0.000 	0.000 
RA420KW20-1000,CAP_NET_ELC,MW,ES	3633.784 	3519.322 	3449.220 	3430.000 	3424.000 	0.000 	0.000 	0.000 	0.000 	0.000 	0.000 	0.000 	0.000 	0.000 	0.000 	0.000 	0.000 	0.000 	0.000 	0.000 	0.000 	0.000 	0.000 	0.000 	0.000 	0.000 	0.000 	0.000 	0.000 	0.000 	0.000 
RA420KW20-1000,CAP_NET_ELC,MW,EU27_2020	57665.363 	50600.408 	45438.331 	42317.305 	38372.385 	34015.877 	33096.952 	32141.675 	30338.136 	23713.073 	12177.154 	5659.839 	2942.358 	1915.277 	1295.277 	899.277 	432.000 	92.000 	0.000 	0.000 	0.000 	0.000 	0.000 	0.000 	0.000 	0.000 	0.000 	0.000 	0.000 	0.000 	0.000 
RA420KW20-1000,CAP_NET_ELC,MW,FI	0.000 	0.000 	0.000 	0.000 	0.000 	0.000 	0.000 	0.000 	0.000 	0.000 	0.000 	0.000 	0.000 	0.000 	0.000 	0.000 	0.000 	0.000 	0.000 	0.000 	0.000 	0.000 	0.000 	0.000 	0.000 	0.000 	0.000 	0.000 	0.000 	0.000 	0.000 
RA420KW20-1000,CAP_NET_ELC,MW,FR	4176.631 	3690.526 	3298.005 	2949.655 	2727.190 	2561.085 	2354.860 	2085.213 	1874.131 	1365.172 	0.000 	0.000 	0.000 	0.000 	0.000 	0.000 	0.000 	0.000 	0.000 	0.000 	0.000 	0.000 	0.000 	0.000 	0.000 	0.000 	0.000 	0.000 	0.000 	0.000 	0.000 
RA420KW20-1000,CAP_NET_ELC,MW,GE	0.000 	0.000 	0.000 	0.000 	0.000 	0.000 	0.000 	0.000 	: 	: 	: 	: 	: 	: 	: 	: 	: 	: 	: 	: 	: 	: 	: 	: 	: 	: 	: 	: 	: 	: 	: 
RA420KW20-1000,CAP_NET_ELC,MW,HR	89.700 	74.400 	58.300 	51.100 	47.300 	39.600 	0.000 	0.000 	0.000 	0.000 	0.000 	0.000 	0.000 	0.000 	0.000 	0.000 	0.000 	0.000 	0.000 	0.000 	0.000 	0.000 	0.000 	0.000 	0.000 	0.000 	0.000 	0.000 	0.000 	0.000 	0.000 
RA420KW20-1000,CAP_NET_ELC,MW,HU	1209.000 	834.000 	404.000 	149.000 	99.000 	76.000 	42.000 	0.000 	0.000 	0.000 	0.000 	0.000 	0.000 	0.000 	0.000 	0.000 	0.000 	0.000 	0.000 	0.000 	0.000 	0.000 	0.000 	0.000 	0.000 	0.000 	0.000 	0.000 	0.000 	0.000 	0.000 
RA420KW20-1000,CAP_NET_ELC,MW,IE	0.000 	0.000 	0.000 	0.000 	0.000 	0.000 	0.000 	0.000 	0.000 	0.000 	0.000 	0.000 	0.000 	0.000 	0.000 	0.000 	0.000 	0.000 	0.000 	0.000 	0.000 	0.000 	0.000 	0.000 	0.000 	0.000 	0.000 	0.000 	0.000 	0.000 	0.000 
RA420KW20-1000,CAP_NET_ELC,MW,IS	0.000 	0.000 	0.000 	0.000 	0.000 	0.000 	0.000 	0.000 	0.000 	0.000 	0.000 	0.000 	0.000 	0.000 	0.000 	0.000 	0.000 	0.000 	0.000 	0.000 	0.000 	0.000 	0.000 	0.000 	0.000 	0.000 	0.000 	0.000 	0.000 	0.000 	0.000 
RA420KW20-1000,CAP_NET_ELC,MW,IT	12237.103 	11907.683 	11657.193 	11475.050 	11328.000 	11186.000 	11097.000 	10935.000 	10327.000 	7837.000 	1914.000 	0.000 	0.000 	0.000 	0.000 	0.000 	0.000 	0.000 	0.000 	0.000 	0.000 	0.000 	0.000 	0.000 	0.000 	0.000 	0.000 	0.000 	0.000 	0.000 	0.000 
RA420KW20-1000,CAP_NET_ELC,MW,LI	0.000 	0.000 	0.000 	0.000 	0.000 	0.000 	0.000 	: 	: 	: 	: 	: 	: 	: 	: 	: 	: 	: 	: 	: 	: 	: 	: 	: 	: 	: 	: 	: 	: 	: 	: 
RA420KW20-1000,CAP_NET_ELC,MW,LT	69.000 	62.000 	61.000 	58.467 	0.000 	0.000 	0.000 	0.000 	0.000 	0.000 	0.000 	0.000 	0.000 	0.000 	0.000 	0.000 	0.000 	0.000 	0.000 	0.000 	0.000 	0.000 	0.000 	0.000 	0.000 	0.000 	0.000 	0.000 	0.000 	0.000 	0.000 
RA420KW20-1000,CAP_NET_ELC,MW,LU	0.000 	0.000 	0.000 	0.000 	0.000 	0.000 	0.000 	0.000 	0.000 	0.000 	0.000 	0.000 	0.000 	0.000 	0.000 	0.000 	0.000 	0.000 	0.000 	0.000 	0.000 	0.000 	0.000 	0.000 	0.000 	0.000 	0.000 	0.000 	0.000 	0.000 	0.000 
RA420KW20-1000,CAP_NET_ELC,MW,LV	0.000 	0.000 	0.000 	0.000 	0.000 	0.000 	0.000 	0.000 	0.000 	0.000 	0.000 	0.000 	0.000 	0.000 	0.000 	0.000 	0.000 	0.000 	0.000 	0.000 	0.000 	0.000 	0.000 	0.000 	0.000 	0.000 	0.000 	0.000 	0.000 	0.000 	0.000 
RA420KW20-1000,CAP_NET_ELC,MW,MD	0.000 	0.000 	0.000 	0.000 	0.000 	0.000 	0.000 	0.000 	0.000 	0.000 	0.000 	: 	: 	: 	: 	: 	: 	: 	: 	: 	: 	: 	: 	: 	: 	: 	: 	: 	: 	: 	: 
RA420KW20-1000,CAP_NET_ELC,MW,ME	0.000 	0.000 	0.000 	0.000 	0.000 	0.000 	0.000 	0.000 	0.000 	0.000 	0.000 	0.000 	0.000 	0.000 	0.000 	0.000 	: 	: 	: 	: 	: 	: 	: 	: 	: 	: 	: 	: 	: 	: 	: 
RA420KW20-1000,CAP_NET_ELC,MW,MK	16.682 	16.682 	16.668 	16.668 	16.668 	16.978 	14.978 	6.978 	3.978 	1.990 	0.000 	0.000 	0.000 	0.000 	0.000 	0.000 	0.000 	0.000 	0.000 	0.000 	0.000 	0.000 	0.000 	0.000 	0.000 	0.000 	0.000 	0.000 	0.000 	0.000 	0.000 
RA420KW20-1000,CAP_NET_ELC,MW,MT	74.732 	63.580 	50.250 	39.142 	31.100 	22.500 	15.200 	8.000 	4.500 	1.300 	0.300 	0.000 	0.000 	0.000 	0.000 	0.000 	0.000 	0.000 	0.000 	0.000 	0.000 	0.000 	0.000 	0.000 	0.000 	0.000 	0.000 	0.000 	0.000 	0.000 	0.000 
RA420KW20-1000,CAP_NET_ELC,MW,NL	0.000 	0.000 	0.000 	0.000 	0.000 	0.000 	0.000 	0.000 	0.000 	0.000 	0.000 	0.000 	0.000 	0.000 	0.000 	0.000 	0.000 	0.000 	0.000 	0.000 	0.000 	0.000 	0.000 	0.000 	0.000 	0.000 	0.000 	0.000 	0.000 	0.000 	0.000 
RA420KW20-1000,CAP_NET_ELC,MW,NO	0.000 	0.000 	0.000 	0.000 	0.000 	0.000 	0.000 	0.000 	0.000 	0.000 	0.000 	0.000 	0.000 	0.000 	0.000 	0.000 	0.000 	0.000 	0.000 	0.000 	0.000 	0.000 	0.000 	0.000 	0.000 	0.000 	0.000 	0.000 	0.000 	0.000 	0.000 
RA420KW20-1000,CAP_NET_ELC,MW,PL	3734.209 	1439.860 	510.739 	251.289 	149.985 	71.460 	11.982 	1.234 	0.272 	0.110 	0.000 	0.000 	0.000 	0.000 	0.000 	0.000 	0.000 	0.000 	0.000 	0.000 	0.000 	0.000 	0.000 	0.000 	0.000 	0.000 	0.000 	0.000 	0.000 	0.000 	0.000 
RA420KW20-1000,CAP_NET_ELC,MW,PT	384.072 	328.464 	253.734 	216.978 	189.487 	155.353 	148.279 	122.209 	90.589 	55.752 	0.000 	0.000 	0.000 	0.000 	0.000 	0.000 	0.000 	0.000 	0.000 	0.000 	0.000 	0.000 	0.000 	0.000 	0.000 	0.000 	0.000 	0.000 	0.000 	0.000 	0.000 
RA420KW20-1000,CAP_NET_ELC,MW,RO	0.000 	0.000 	0.000 	0.000 	0.000 	0.000 	0.000 	0.000 	0.000 	0.000 	0.000 	0.000 	0.000 	0.000 	0.000 	0.000 	0.000 	0.000 	0.000 	0.000 	0.000 	0.000 	0.000 	0.000 	0.000 	0.000 	0.000 	0.000 	0.000 	0.000 	0.000 
RA420KW20-1000,CAP_NET_ELC,MW,RS	0.000 	0.000 	0.000 	0.000 	0.000 	0.000 	0.000 	0.000 	0.000 	0.000 	0.000 	0.000 	0.000 	0.000 	0.000 	0.000 	0.000 	0.000 	0.000 	0.000 	0.000 	0.000 	0.000 	0.000 	0.000 	0.000 	0.000 	0.000 	0.000 	0.000 	0.000 
RA420KW20-1000,CAP_NET_ELC,MW,SE	492.000 	332.000 	205.000 	119.000 	0.000 	0.000 	0.000 	0.000 	0.000 	0.000 	0.000 	0.000 	0.000 	0.000 	0.000 	0.000 	0.000 	0.000 	0.000 	0.000 	0.000 	0.000 	0.000 	0.000 	0.000 	0.000 	0.000 	0.000 	0.000 	0.000 	0.000 
RA420KW20-1000,CAP_NET_ELC,MW,SI	355.469 	265.588 	236.600 	236.600 	0.000 	0.000 	0.000 	0.000 	0.000 	0.000 	0.000 	0.000 	0.000 	0.000 	0.000 	0.000 	0.000 	0.000 	0.000 	0.000 	0.000 	0.000 	0.000 	0.000 	0.000 	0.000 	0.000 	0.000 	0.000 	0.000 	0.000 
RA420KW20-1000,CAP_NET_ELC,MW,SK	0.000 	0.000 	0.000 	0.000 	0.000 	0.000 	0.000 	0.000 	0.000 	0.000 	0.000 	0.000 	0.000 	0.000 	0.000 	0.000 	0.000 	0.000 	0.000 	0.000 	0.000 	0.000 	0.000 	0.000 	0.000 	0.000 	0.000 	0.000 	0.000 	0.000 	0.000 
RA420KW20-1000,CAP_NET_ELC,MW,TR	4556.697 	4897.680 	4472.884 	3015.740 	0.000 	0.000 	0.000 	0.000 	0.000 	0.000 	0.000 	0.000 	0.000 	0.000 	0.000 	0.000 	0.000 	0.000 	0.000 	0.000 	0.000 	0.000 	0.000 	0.000 	0.000 	0.000 	0.000 	0.000 	0.000 	0.000 	0.000 
RA420KW20-1000,CAP_NET_ELC,MW,UA	0.000 	0.000 	0.000 	0.000 	0.000 	0.000 	0.000 	0.000 	0.000 	0.000 	0.000 	0.000 	0.000 	0.000 	0.000 	0.000 	0.000 	0.000 	0.000 	0.000 	0.000 	0.000 	0.000 	0.000 	0.000 	0.000 	0.000 	0.000 	0.000 	0.000 	0.000 
RA420KW20-1000,CAP_NET_ELC,MW,UK	: 	1017.000 	984.000 	955.000 	930.000 	936.781 	729.829 	571.218 	301.432 	0.000 	0.000 	0.000 	0.000 	0.000 	0.000 	0.000 	0.000 	0.000 	0.000 	0.000 	0.000 	0.000 	0.000 	0.000 	0.000 	0.000 	0.000 	0.000 	0.000 	0.000 	0.000 
RA420KW20-1000,CAP_NET_ELC,MW,XK	0.900 	0.900 	0.000 	0.000 	0.000 	0.000 	0.000 	0.000 	0.000 	0.000 	0.000 	0.000 	0.000 	0.000 	0.000 	0.000 	0.000 	0.000 	0.000 	0.000 	0.000 	: 	: 	: 	: 	: 	: 	: 	: 	: 	: 
RA420KW_LT20,CAP_NET_ELC,MW,AL	0.000 	0.000 	0.000 	0.000 	0.000 	0.000 	0.000 	0.000 	0.000 	0.000 	0.000 	0.000 	0.000 	0.000 	0.000 	0.000 	0.000 	0.000 	0.000 	0.000 	0.000 	0.000 	0.000 	0.000 	0.000 	0.000 	0.000 	0.000 	0.000 	0.000 	0.000 
RA420KW_LT20,CAP_NET_ELC,MW,AT	1951.700 	1641.475 	1407.804 	1229.770 	1056.024 	903.973 	759.122 	604.336 	328.981 	166.644 	84.814 	44.723 	26.640 	21.140 	19.337 	18.208 	0.000 	0.000 	0.000 	0.000 	0.000 	0.000 	0.000 	0.000 	0.000 	0.000 	0.000 	0.000 	0.000 	0.000 	0.000 
RA420KW_LT20,CAP_NET_ELC,MW,BA	0.000 	0.000 	0.000 	0.000 	0.000 	0.000 	0.000 	: 	: 	: 	: 	: 	: 	: 	: 	: 	: 	: 	: 	: 	: 	: 	: 	: 	: 	: 	: 	: 	: 	: 	: 
RA420KW_LT20,CAP_NET_ELC,MW,BE	3600.000 	2896.000 	2590.000 	2315.100 	2079.400 	1923.300 	1835.100 	1738.000 	1534.000 	1049.500 	514.600 	198.000 	0.000 	0.000 	0.000 	0.000 	0.000 	0.000 	0.000 	0.000 	0.000 	0.000 	0.000 	0.000 	0.000 	0.000 	0.000 	0.000 	0.000 	0.000 	0.000 
RA420KW_LT20,CAP_NET_ELC,MW,BG	0.000 	0.000 	0.000 	0.000 	0.000 	0.000 	0.000 	0.000 	0.000 	0.000 	0.000 	0.000 	0.000 	0.000 	0.000 	0.000 	0.000 	0.000 	0.000 	0.000 	0.000 	0.000 	0.000 	0.000 	0.000 	0.000 	0.000 	0.000 	0.000 	0.000 	0.000 
RA420KW_LT20,CAP_NET_ELC,MW,CY	0.000 	0.000 	0.000 	0.000 	0.000 	0.000 	0.000 	0.000 	0.000 	0.000 	0.000 	0.000 	0.000 	0.000 	0.000 	0.000 	0.000 	0.000 	0.000 	0.000 	0.000 	0.000 	0.000 	0.000 	0.000 	0.000 	0.000 	0.000 	0.000 	0.000 	0.000 
RA420KW_LT20,CAP_NET_ELC,MW,CZ	189.275 	180.950 	174.112 	150.700 	0.000 	0.000 	0.000 	0.000 	0.000 	0.000 	0.000 	0.000 	0.000 	0.000 	0.000 	0.000 	0.000 	0.000 	0.000 	0.000 	0.000 	0.000 	0.000 	0.000 	0.000 	0.000 	0.000 	0.000 	0.000 	0.000 	0.000 
RA420KW_LT20,CAP_NET_ELC,MW,DE	12820.000 	11751.000 	10991.000 	10531.000 	10131.000 	9822.000 	9545.000 	9225.000 	8536.000 	7052.000 	5356.000 	3792.000 	2646.000 	1928.000 	1446.000 	1055.000 	627.000 	340.000 	0.000 	0.000 	0.000 	0.000 	0.000 	0.000 	0.000 	0.000 	0.000 	0.000 	0.000 	0.000 	0.000 
RA420KW_LT20,CAP_NET_ELC,MW,DK	0.000 	0.000 	0.000 	0.000 	0.000 	0.000 	0.000 	0.000 	0.000 	0.000 	0.000 	0.000 	0.000 	0.000 	0.000 	0.000 	0.000 	0.000 	0.000 	0.000 	0.000 	0.000 	0.000 	0.000 	0.000 	0.000 	0.000 	0.000 	0.000 	0.000 	0.000 
RA420KW_LT20,CAP_NET_ELC,MW,EA19	25722.147 	23091.274 	21364.072 	20091.414 	18530.043 	17451.592 	16650.566 	15692.263 	13839.598 	10731.759 	6787.914 	4034.723 	2672.640 	1949.140 	1465.337 	1073.208 	627.000 	340.000 	0.000 	0.000 	0.000 	0.000 	0.000 	0.000 	0.000 	0.000 	0.000 	0.000 	0.000 	0.000 	0.000 
RA420KW_LT20,CAP_NET_ELC,MW,EE	37.700 	22.100 	10.200 	7.300 	5.700 	0.000 	0.000 	0.000 	0.000 	0.000 	0.000 	0.000 	0.000 	0.000 	0.000 	0.000 	0.000 	0.000 	0.000 	0.000 	0.000 	0.000 	0.000 	0.000 	0.000 	0.000 	0.000 	0.000 	0.000 	0.000 	0.000 
RA420KW_LT20,CAP_NET_ELC,MW,EL	454.360 	454.064 	443.540 	443.240 	0.000 	0.000 	0.000 	0.000 	0.000 	0.000 	0.000 	0.000 	0.000 	0.000 	0.000 	0.000 	0.000 	0.000 	0.000 	0.000 	0.000 	0.000 	0.000 	0.000 	0.000 	0.000 	0.000 	0.000 	0.000 	0.000 	0.000 
RA420KW_LT20,CAP_NET_ELC,MW,ES	319.950 	176.262 	159.026 	158.000 	156.000 	0.000 	0.000 	0.000 	0.000 	0.000 	0.000 	0.000 	0.000 	0.000 	0.000 	0.000 	0.000 	0.000 	0.000 	0.000 	0.000 	0.000 	0.000 	0.000 	0.000 	0.000 	0.000 	0.000 	0.000 	0.000 	0.000 
RA420KW_LT20,CAP_NET_ELC,MW,EU27_2020	26983.722 	23955.624 	21954.584 	20506.014 	18647.543 	17539.792 	16700.802 	15692.422 	13839.626 	10731.759 	6787.914 	4034.723 	2672.640 	1949.140 	1465.337 	1073.208 	627.000 	340.000 	0.000 	0.000 	0.000 	0.000 	0.000 	0.000 	0.000 	0.000 	0.000 	0.000 	0.000 	0.000 	0.000 
RA420KW_LT20,CAP_NET_ELC,MW,FI	0.000 	0.000 	0.000 	0.000 	0.000 	0.000 	0.000 	0.000 	0.000 	0.000 	0.000 	0.000 	0.000 	0.000 	0.000 	0.000 	0.000 	0.000 	0.000 	0.000 	0.000 	0.000 	0.000 	0.000 	0.000 	0.000 	0.000 	0.000 	0.000 	0.000 	0.000 
RA420KW_LT20,CAP_NET_ELC,MW,FR	1642.996 	1537.355 	1438.088 	1314.275 	1240.736 	1165.194 	1074.988 	944.489 	824.556 	676.361 	0.000 	0.000 	0.000 	0.000 	0.000 	0.000 	0.000 	0.000 	0.000 	0.000 	0.000 	0.000 	0.000 	0.000 	0.000 	0.000 	0.000 	0.000 	0.000 	0.000 	0.000 
RA420KW_LT20,CAP_NET_ELC,MW,GE	0.000 	0.000 	0.000 	0.000 	0.000 	0.000 	0.000 	0.000 	: 	: 	: 	: 	: 	: 	: 	: 	: 	: 	: 	: 	: 	: 	: 	: 	: 	: 	: 	: 	: 	: 	: 
RA420KW_LT20,CAP_NET_ELC,MW,HR	15.300 	10.400 	9.400 	8.900 	8.500 	8.200 	0.000 	0.000 	0.000 	0.000 	0.000 	0.000 	0.000 	0.000 	0.000 	0.000 	0.000 	0.000 	0.000 	0.000 	0.000 	0.000 	0.000 	0.000 	0.000 	0.000 	0.000 	0.000 	0.000 	0.000 	0.000 
RA420KW_LT20,CAP_NET_ELC,MW,HU	513.000 	326.000 	218.000 	151.000 	109.000 	80.000 	47.000 	0.000 	0.000 	0.000 	0.000 	0.000 	0.000 	0.000 	0.000 	0.000 	0.000 	0.000 	0.000 	0.000 	0.000 	0.000 	0.000 	0.000 	0.000 	0.000 	0.000 	0.000 	0.000 	0.000 	0.000 
RA420KW_LT20,CAP_NET_ELC,MW,IE	0.000 	0.000 	0.000 	0.000 	0.000 	0.000 	0.000 	0.000 	0.000 	0.000 	0.000 	0.000 	0.000 	0.000 	0.000 	0.000 	0.000 	0.000 	0.000 	0.000 	0.000 	0.000 	0.000 	0.000 	0.000 	0.000 	0.000 	0.000 	0.000 	0.000 	0.000 
RA420KW_LT20,CAP_NET_ELC,MW,IS	0.000 	0.000 	0.000 	0.000 	0.000 	0.000 	0.000 	0.000 	0.000 	0.000 	0.000 	0.000 	0.000 	0.000 	0.000 	0.000 	0.000 	0.000 	0.000 	0.000 	0.000 	0.000 	0.000 	0.000 	0.000 	0.000 	0.000 	0.000 	0.000 	0.000 	0.000 
RA420KW_LT20,CAP_NET_ELC,MW,IT	4750.262 	4479.066 	4205.021 	3983.005 	3778.000 	3567.000 	3380.000 	3144.000 	2593.000 	1776.000 	832.000 	0.000 	0.000 	0.000 	0.000 	0.000 	0.000 	0.000 	0.000 	0.000 	0.000 	0.000 	0.000 	0.000 	0.000 	0.000 	0.000 	0.000 	0.000 	0.000 	0.000 
RA420KW_LT20,CAP_NET_ELC,MW,LI	0.000 	0.000 	0.000 	0.000 	0.000 	0.000 	0.000 	: 	: 	: 	: 	: 	: 	: 	: 	: 	: 	: 	: 	: 	: 	: 	: 	: 	: 	: 	: 	: 	: 	: 	: 
RA420KW_LT20,CAP_NET_ELC,MW,LT	3.000 	3.000 	3.000 	2.606 	0.000 	0.000 	0.000 	0.000 	0.000 	0.000 	0.000 	0.000 	0.000 	0.000 	0.000 	0.000 	0.000 	0.000 	0.000 	0.000 	0.000 	0.000 	0.000 	0.000 	0.000 	0.000 	0.000 	0.000 	0.000 	0.000 	0.000 
RA420KW_LT20,CAP_NET_ELC,MW,LU	0.000 	0.000 	0.000 	0.000 	0.000 	0.000 	0.000 	0.000 	0.000 	0.000 	0.000 	0.000 	0.000 	0.000 	0.000 	0.000 	0.000 	0.000 	0.000 	0.000 	0.000 	0.000 	0.000 	0.000 	0.000 	0.000 	0.000 	0.000 	0.000 	0.000 	0.000 
RA420KW_LT20,CAP_NET_ELC,MW,LV	5.102 	3.302 	1.962 	0.690 	0.690 	0.000 	0.000 	0.000 	0.000 	0.000 	0.000 	0.000 	0.000 	0.000 	0.000 	0.000 	0.000 	0.000 	0.000 	0.000 	0.000 	0.000 	0.000 	0.000 	0.000 	0.000 	0.000 	0.000 	0.000 	0.000 	0.000 
RA420KW_LT20,CAP_NET_ELC,MW,MD	4.300 	5.000 	3.000 	2.000 	2.000 	1.000 	0.000 	0.000 	0.000 	0.000 	0.000 	: 	: 	: 	: 	: 	: 	: 	: 	: 	: 	: 	: 	: 	: 	: 	: 	: 	: 	: 	: 
RA420KW_LT20,CAP_NET_ELC,MW,ME	0.700 	0.000 	0.000 	0.000 	0.000 	0.000 	0.000 	0.000 	0.000 	0.000 	0.000 	0.000 	0.000 	0.000 	0.000 	0.000 	: 	: 	: 	: 	: 	: 	: 	: 	: 	: 	: 	: 	: 	: 	: 
RA420KW_LT20,CAP_NET_ELC,MW,MK	0.031 	0.031 	0.031 	0.031 	0.031 	0.022 	0.022 	0.022 	0.022 	0.010 	0.000 	0.000 	0.000 	0.000 	0.000 	0.000 	0.000 	0.000 	0.000 	0.000 	0.000 	0.000 	0.000 	0.000 	0.000 	0.000 	0.000 	0.000 	0.000 	0.000 	0.000 
RA420KW_LT20,CAP_NET_ELC,MW,MT	96.200 	87.609 	77.668 	68.649 	58.500 	50.300 	37.400 	20.500 	11.200 	4.000 	0.500 	0.000 	0.000 	0.000 	0.000 	0.000 	0.000 	0.000 	0.000 	0.000 	0.000 	0.000 	0.000 	0.000 	0.000 	0.000 	0.000 	0.000 	0.000 	0.000 	0.000 
RA420KW_LT20,CAP_NET_ELC,MW,NL	0.000 	0.000 	0.000 	0.000 	0.000 	0.000 	0.000 	0.000 	0.000 	0.000 	0.000 	0.000 	0.000 	0.000 	0.000 	0.000 	0.000 	0.000 	0.000 	0.000 	0.000 	0.000 	0.000 	0.000 	0.000 	0.000 	0.000 	0.000 	0.000 	0.000 	0.000 
RA420KW_LT20,CAP_NET_ELC,MW,NO	141.500 	102.534 	53.113 	0.000 	0.000 	0.000 	0.000 	0.000 	0.000 	0.000 	0.000 	0.000 	0.000 	0.000 	0.000 	0.000 	0.000 	0.000 	0.000 	0.000 	0.000 	0.000 	0.000 	0.000 	0.000 	0.000 	0.000 	0.000 	0.000 	0.000 	0.000 
RA420KW_LT20,CAP_NET_ELC,MW,PL	0.000 	0.000 	0.000 	0.000 	0.000 	0.000 	3.236 	0.159 	0.028 	0.000 	0.000 	0.000 	0.000 	0.000 	0.000 	0.000 	0.000 	0.000 	0.000 	0.000 	0.000 	0.000 	0.000 	0.000 	0.000 	0.000 	0.000 	0.000 	0.000 	0.000 	0.000 
RA420KW_LT20,CAP_NET_ELC,MW,PT	26.566 	27.752 	26.563 	27.579 	23.993 	19.825 	18.956 	15.938 	11.861 	7.254 	0.000 	0.000 	0.000 	0.000 	0.000 	0.000 	0.000 	0.000 	0.000 	0.000 	0.000 	0.000 	0.000 	0.000 	0.000 	0.000 	0.000 	0.000 	0.000 	0.000 	0.000 
RA420KW_LT20,CAP_NET_ELC,MW,RO	0.000 	0.000 	0.000 	0.000 	0.000 	0.000 	0.000 	0.000 	0.000 	0.000 	0.000 	0.000 	0.000 	0.000 	0.000 	0.000 	0.000 	0.000 	0.000 	0.000 	0.000 	0.000 	0.000 	0.000 	0.000 	0.000 	0.000 	0.000 	0.000 	0.000 	0.000 
RA420KW_LT20,CAP_NET_ELC,MW,RS	0.000 	0.000 	0.000 	0.000 	0.000 	0.000 	0.000 	0.000 	0.000 	0.000 	0.000 	0.000 	0.000 	0.000 	0.000 	0.000 	0.000 	0.000 	0.000 	0.000 	0.000 	0.000 	0.000 	0.000 	0.000 	0.000 	0.000 	0.000 	0.000 	0.000 	0.000 
RA420KW_LT20,CAP_NET_ELC,MW,SE	544.000 	347.000 	189.000 	104.000 	0.000 	0.000 	0.000 	0.000 	0.000 	0.000 	0.000 	0.000 	0.000 	0.000 	0.000 	0.000 	0.000 	0.000 	0.000 	0.000 	0.000 	0.000 	0.000 	0.000 	0.000 	0.000 	0.000 	0.000 	0.000 	0.000 	0.000 
RA420KW_LT20,CAP_NET_ELC,MW,SI	14.311 	12.289 	10.200 	10.200 	0.000 	0.000 	0.000 	0.000 	0.000 	0.000 	0.000 	0.000 	0.000 	0.000 	0.000 	0.000 	0.000 	0.000 	0.000 	0.000 	0.000 	0.000 	0.000 	0.000 	0.000 	0.000 	0.000 	0.000 	0.000 	0.000 	0.000 
RA420KW_LT20,CAP_NET_ELC,MW,SK	0.000 	0.000 	0.000 	0.000 	0.000 	0.000 	0.000 	0.000 	0.000 	0.000 	0.000 	0.000 	0.000 	0.000 	0.000 	0.000 	0.000 	0.000 	0.000 	0.000 	0.000 	0.000 	0.000 	0.000 	0.000 	0.000 	0.000 	0.000 	0.000 	0.000 	0.000 
RA420KW_LT20,CAP_NET_ELC,MW,TR	9.186 	8.085 	2.770 	0.138 	0.000 	0.000 	0.000 	0.000 	0.000 	0.000 	0.000 	0.000 	0.000 	0.000 	0.000 	0.000 	0.000 	0.000 	0.000 	0.000 	0.000 	0.000 	0.000 	0.000 	0.000 	0.000 	0.000 	0.000 	0.000 	0.000 	0.000 
RA420KW_LT20,CAP_NET_ELC,MW,UA	0.000 	0.000 	0.000 	0.000 	0.000 	0.000 	0.000 	0.000 	0.000 	0.000 	0.000 	0.000 	0.000 	0.000 	0.000 	0.000 	0.000 	0.000 	0.000 	0.000 	0.000 	0.000 	0.000 	0.000 	0.000 	0.000 	0.000 	0.000 	0.000 	0.000 	0.000 
RA420KW_LT20,CAP_NET_ELC,MW,UK	: 	2560.000 	2490.000 	2436.000 	2418.000 	2640.339 	1681.196 	1286.579 	945.844 	0.000 	0.000 	0.000 	0.000 	0.000 	0.000 	0.000 	0.000 	0.000 	0.000 	0.000 	0.000 	0.000 	0.000 	0.000 	0.000 	0.000 	0.000 	0.000 	0.000 	0.000 	0.000 
RA420KW_LT20,CAP_NET_ELC,MW,XK	0.100 	0.100 	0.000 	0.000 	1.950 	0.000 	0.000 	0.000 	0.000 	0.000 	0.000 	0.000 	0.000 	0.000 	0.000 	0.000 	0.000 	0.000 	0.000 	0.000 	0.000 	: 	: 	: 	: 	: 	: 	: 	: 	: 	: 
RA420MW_GT1,CAP_NET_ELC,MW,AL	21.000 	14.000 	0.000 	0.000 	0.000 	0.000 	0.000 	0.000 	0.000 	0.000 	0.000 	0.000 	0.000 	0.000 	0.000 	0.000 	0.000 	0.000 	0.000 	0.000 	0.000 	0.000 	0.000 	0.000 	0.000 	0.000 	0.000 	0.000 	0.000 	0.000 	0.000 
RA420MW_GT1,CAP_NET_ELC,MW,AT	74.673 	44.099 	32.820 	26.204 	26.382 	21.611 	16.204 	12.629 	1.267 	2.000 	0.000 	0.000 	0.000 	0.000 	0.000 	0.000 	0.000 	0.000 	0.000 	0.000 	0.000 	0.000 	0.000 	0.000 	0.000 	0.000 	0.000 	0.000 	0.000 	0.000 	0.000 
RA420MW_GT1,CAP_NET_ELC,MW,BA	0.000 	0.000 	0.000 	0.000 	0.000 	0.000 	0.000 	: 	: 	: 	: 	: 	: 	: 	: 	: 	: 	: 	: 	: 	: 	: 	: 	: 	: 	: 	: 	: 	: 	: 	: 
RA420MW_GT1,CAP_NET_ELC,MW,BE	411.700 	377.100 	255.000 	239.900 	232.500 	229.400 	226.700 	220.400 	213.800 	192.600 	96.600 	37.000 	0.000 	0.000 	0.000 	0.000 	0.000 	0.000 	0.000 	0.000 	0.000 	0.000 	0.000 	0.000 	0.000 	0.000 	0.000 	0.000 	0.000 	0.000 	0.000 
RA420MW_GT1,CAP_NET_ELC,MW,BG	0.000 	0.000 	0.000 	0.000 	0.000 	0.000 	0.000 	0.000 	0.000 	0.000 	0.000 	0.000 	0.000 	0.000 	0.000 	0.000 	0.000 	0.000 	0.000 	0.000 	0.000 	0.000 	0.000 	0.000 	0.000 	0.000 	0.000 	0.000 	0.000 	0.000 	0.000 
RA420MW_GT1,CAP_NET_ELC,MW,CY	0.000 	0.000 	0.000 	0.000 	0.000 	0.000 	0.000 	0.000 	0.000 	0.000 	0.000 	0.000 	0.000 	0.000 	0.000 	0.000 	0.000 	0.000 	0.000 	0.000 	0.000 	0.000 	0.000 	0.000 	0.000 	0.000 	0.000 	0.000 	0.000 	0.000 	0.000 
RA420MW_GT1,CAP_NET_ELC,MW,CZ	1314.177 	1306.781 	1312.381 	1326.200 	0.000 	0.000 	0.000 	0.000 	0.000 	0.000 	0.000 	0.000 	0.000 	0.000 	0.000 	0.000 	0.000 	0.000 	0.000 	0.000 	0.000 	0.000 	0.000 	0.000 	0.000 	0.000 	0.000 	0.000 	0.000 	0.000 	0.000 
RA420MW_GT1,CAP_NET_ELC,MW,DE	14106.000 	12794.000 	12174.000 	11571.000 	11198.000 	10481.000 	9883.000 	9440.000 	8399.000 	5146.000 	2781.000 	1264.000 	532.000 	327.000 	158.000 	102.000 	46.000 	3.000 	0.000 	0.000 	0.000 	0.000 	0.000 	0.000 	0.000 	0.000 	0.000 	0.000 	0.000 	0.000 	0.000 
RA420MW_GT1,CAP_NET_ELC,MW,DK	0.000 	0.000 	0.000 	0.000 	0.000 	0.000 	0.000 	0.000 	0.000 	0.000 	0.000 	0.000 	0.000 	0.000 	0.000 	0.000 	0.000 	0.000 	0.000 	0.000 	0.000 	0.000 	0.000 	0.000 	0.000 	0.000 	0.000 	0.000 	0.000 	0.000 	0.000 
RA420MW_GT1,CAP_NET_ELC,MW,EA19	32945.984 	29534.473 	23799.282 	22505.894 	20758.607 	18559.819 	17094.838 	16182.069 	14272.284 	9927.236 	3723.600 	1301.000 	532.000 	327.000 	158.000 	102.000 	46.000 	3.000 	0.000 	0.000 	0.000 	0.000 	0.000 	0.000 	0.000 	0.000 	0.000 	0.000 	0.000 	0.000 	0.000 
RA420MW_GT1,CAP_NET_ELC,MW,EE	0.000 	0.000 	0.000 	0.000 	0.000 	0.000 	0.000 	0.000 	0.000 	0.000 	0.000 	0.000 	0.000 	0.000 	0.000 	0.000 	0.000 	0.000 	0.000 	0.000 	0.000 	0.000 	0.000 	0.000 	0.000 	0.000 	0.000 	0.000 	0.000 	0.000 	0.000 
RA420MW_GT1,CAP_NET_ELC,MW,EL	777.390 	733.260 	717.330 	682.200 	0.000 	0.000 	0.000 	0.000 	0.000 	0.000 	0.000 	0.000 	0.000 	0.000 	0.000 	0.000 	0.000 	0.000 	0.000 	0.000 	0.000 	0.000 	0.000 	0.000 	0.000 	0.000 	0.000 	0.000 	0.000 	0.000 	0.000 
RA420MW_GT1,CAP_NET_ELC,MW,ES	6296.577 	5108.487 	1122.454 	1108.000 	1107.000 	0.000 	0.000 	0.000 	0.000 	0.000 	0.000 	0.000 	0.000 	0.000 	0.000 	0.000 	0.000 	0.000 	0.000 	0.000 	0.000 	0.000 	0.000 	0.000 	0.000 	0.000 	0.000 	0.000 	0.000 	0.000 	0.000 
RA420MW_GT1,CAP_NET_ELC,MW,EU27_2020	36329.954 	32597.358 	26671.720 	23919.896 	20822.869 	18612.136 	17106.770 	16183.069 	14273.284 	9928.236 	3723.600 	1301.000 	532.000 	327.000 	158.000 	102.000 	46.000 	3.000 	0.000 	0.000 	0.000 	0.000 	0.000 	0.000 	0.000 	0.000 	0.000 	0.000 	0.000 	0.000 	0.000 
RA420MW_GT1,CAP_NET_ELC,MW,FI	0.000 	0.000 	0.000 	0.000 	0.000 	0.000 	0.000 	0.000 	0.000 	0.000 	0.000 	0.000 	0.000 	0.000 	0.000 	0.000 	0.000 	0.000 	0.000 	0.000 	0.000 	0.000 	0.000 	0.000 	0.000 	0.000 	0.000 	0.000 	0.000 	0.000 	0.000 
RA420MW_GT1,CAP_NET_ELC,MW,FR	5992.577 	5510.509 	4902.782 	4346.507 	3734.155 	3411.238 	2604.569 	2247.587 	1660.067 	962.042 	0.000 	0.000 	0.000 	0.000 	0.000 	0.000 	0.000 	0.000 	0.000 	0.000 	0.000 	0.000 	0.000 	0.000 	0.000 	0.000 	0.000 	0.000 	0.000 	0.000 	0.000 
RA420MW_GT1,CAP_NET_ELC,MW,GE	0.000 	0.000 	0.000 	0.000 	0.000 	0.000 	0.000 	0.000 	: 	: 	: 	: 	: 	: 	: 	: 	: 	: 	: 	: 	: 	: 	: 	: 	: 	: 	: 	: 	: 	: 	: 
RA420MW_GT1,CAP_NET_ELC,MW,HR	3.500 	0.000 	0.000 	0.000 	0.000 	0.000 	0.000 	0.000 	0.000 	0.000 	0.000 	0.000 	0.000 	0.000 	0.000 	0.000 	0.000 	0.000 	0.000 	0.000 	0.000 	0.000 	0.000 	0.000 	0.000 	0.000 	0.000 	0.000 	0.000 	0.000 	0.000 
RA420MW_GT1,CAP_NET_ELC,MW,HU	409.000 	240.000 	106.000 	44.000 	27.000 	16.000 	0.000 	0.000 	0.000 	0.000 	0.000 	0.000 	0.000 	0.000 	0.000 	0.000 	0.000 	0.000 	0.000 	0.000 	0.000 	0.000 	0.000 	0.000 	0.000 	0.000 	0.000 	0.000 	0.000 	0.000 	0.000 
RA420MW_GT1,CAP_NET_ELC,MW,IE	0.000 	0.000 	0.000 	0.000 	0.000 	0.000 	0.000 	0.000 	0.000 	0.000 	0.000 	0.000 	0.000 	0.000 	0.000 	0.000 	0.000 	0.000 	0.000 	0.000 	0.000 	0.000 	0.000 	0.000 	0.000 	0.000 	0.000 	0.000 	0.000 	0.000 	0.000 
RA420MW_GT1,CAP_NET_ELC,MW,IS	0.000 	0.000 	0.000 	0.000 	0.000 	0.000 	0.000 	0.000 	0.000 	0.000 	0.000 	0.000 	0.000 	0.000 	0.000 	0.000 	0.000 	0.000 	0.000 	0.000 	0.000 	0.000 	0.000 	0.000 	0.000 	0.000 	0.000 	0.000 	0.000 	0.000 	0.000 
RA420MW_GT1,CAP_NET_ELC,MW,IT	4662.675 	4478.526 	4245.375 	4224.238 	4177.000 	4148.000 	4117.000 	4106.000 	3865.000 	3518.000 	846.000 	0.000 	0.000 	0.000 	0.000 	0.000 	0.000 	0.000 	0.000 	0.000 	0.000 	0.000 	0.000 	0.000 	0.000 	0.000 	0.000 	0.000 	0.000 	0.000 	0.000 
RA420MW_GT1,CAP_NET_ELC,MW,LI	0.000 	0.000 	0.000 	0.000 	0.000 	0.000 	0.000 	: 	: 	: 	: 	: 	: 	: 	: 	: 	: 	: 	: 	: 	: 	: 	: 	: 	: 	: 	: 	: 	: 	: 	: 
RA420MW_GT1,CAP_NET_ELC,MW,LT	8.000 	8.000 	8.000 	9.009 	0.000 	0.000 	0.000 	0.000 	0.000 	0.000 	0.000 	0.000 	0.000 	0.000 	0.000 	0.000 	0.000 	0.000 	0.000 	0.000 	0.000 	0.000 	0.000 	0.000 	0.000 	0.000 	0.000 	0.000 	0.000 	0.000 	0.000 
RA420MW_GT1,CAP_NET_ELC,MW,LU	0.000 	0.000 	0.000 	0.000 	0.000 	0.000 	0.000 	0.000 	0.000 	0.000 	0.000 	0.000 	0.000 	0.000 	0.000 	0.000 	0.000 	0.000 	0.000 	0.000 	0.000 	0.000 	0.000 	0.000 	0.000 	0.000 	0.000 	0.000 	0.000 	0.000 	0.000 
RA420MW_GT1,CAP_NET_ELC,MW,LV	0.000 	0.000 	0.000 	0.000 	0.000 	0.000 	0.000 	0.000 	0.000 	0.000 	0.000 	0.000 	0.000 	0.000 	0.000 	0.000 	0.000 	0.000 	0.000 	0.000 	0.000 	0.000 	0.000 	0.000 	0.000 	0.000 	0.000 	0.000 	0.000 	0.000 	0.000 
RA420MW_GT1,CAP_NET_ELC,MW,MD	0.000 	0.000 	0.000 	0.000 	0.000 	0.000 	0.000 	0.000 	0.000 	0.000 	0.000 	: 	: 	: 	: 	: 	: 	: 	: 	: 	: 	: 	: 	: 	: 	: 	: 	: 	: 	: 	: 
RA420MW_GT1,CAP_NET_ELC,MW,ME	0.000 	0.000 	0.000 	0.000 	0.000 	0.000 	0.000 	0.000 	0.000 	0.000 	0.000 	0.000 	0.000 	0.000 	0.000 	0.000 	: 	: 	: 	: 	: 	: 	: 	: 	: 	: 	: 	: 	: 	: 	: 
RA420MW_GT1,CAP_NET_ELC,MW,MK	0.000 	0.000 	0.000 	0.000 	0.000 	0.000 	0.000 	0.000 	0.000 	0.000 	0.000 	0.000 	0.000 	0.000 	0.000 	0.000 	0.000 	0.000 	0.000 	0.000 	0.000 	0.000 	0.000 	0.000 	0.000 	0.000 	0.000 	0.000 	0.000 	0.000 	0.000 
RA420MW_GT1,CAP_NET_ELC,MW,MT	16.960 	3.972 	3.972 	3.972 	4.000 	2.000 	2.000 	0.000 	0.000 	0.000 	0.000 	0.000 	0.000 	0.000 	0.000 	0.000 	0.000 	0.000 	0.000 	0.000 	0.000 	0.000 	0.000 	0.000 	0.000 	0.000 	0.000 	0.000 	0.000 	0.000 	0.000 
RA420MW_GT1,CAP_NET_ELC,MW,NL	0.000 	0.000 	0.000 	0.000 	0.000 	0.000 	0.000 	0.000 	0.000 	0.000 	0.000 	0.000 	0.000 	0.000 	0.000 	0.000 	0.000 	0.000 	0.000 	0.000 	0.000 	0.000 	0.000 	0.000 	0.000 	0.000 	0.000 	0.000 	0.000 	0.000 	0.000 
RA420MW_GT1,CAP_NET_ELC,MW,NO	0.000 	0.000 	0.000 	0.000 	0.000 	0.000 	0.000 	0.000 	0.000 	0.000 	0.000 	0.000 	0.000 	0.000 	0.000 	0.000 	0.000 	0.000 	0.000 	0.000 	0.000 	0.000 	0.000 	0.000 	0.000 	0.000 	0.000 	0.000 	0.000 	0.000 	0.000 
RA420MW_GT1,CAP_NET_ELC,MW,PL	220.754 	99.399 	51.237 	35.802 	37.262 	36.317 	11.932 	1.000 	1.000 	1.000 	0.000 	0.000 	0.000 	0.000 	0.000 	0.000 	0.000 	0.000 	0.000 	0.000 	0.000 	0.000 	0.000 	0.000 	0.000 	0.000 	0.000 	0.000 	0.000 	0.000 	0.000 
RA420MW_GT1,CAP_NET_ELC,MW,PT	599.432 	476.520 	337.549 	294.864 	279.570 	266.570 	245.365 	155.453 	133.150 	106.594 	0.000 	0.000 	0.000 	0.000 	0.000 	0.000 	0.000 	0.000 	0.000 	0.000 	0.000 	0.000 	0.000 	0.000 	0.000 	0.000 	0.000 	0.000 	0.000 	0.000 	0.000 
RA420MW_GT1,CAP_NET_ELC,MW,RO	1382.539 	1397.705 	1385.820 	0.000 	0.000 	0.000 	0.000 	0.000 	0.000 	0.000 	0.000 	0.000 	0.000 	0.000 	0.000 	0.000 	0.000 	0.000 	0.000 	0.000 	0.000 	0.000 	0.000 	0.000 	0.000 	0.000 	0.000 	0.000 	0.000 	0.000 	0.000 
RA420MW_GT1,CAP_NET_ELC,MW,RS	0.000 	0.000 	0.000 	0.000 	0.000 	0.000 	0.000 	0.000 	0.000 	0.000 	0.000 	0.000 	0.000 	0.000 	0.000 	0.000 	0.000 	0.000 	0.000 	0.000 	0.000 	0.000 	0.000 	0.000 	0.000 	0.000 	0.000 	0.000 	0.000 	0.000 	0.000 
RA420MW_GT1,CAP_NET_ELC,MW,SE	54.000 	19.000 	17.000 	8.000 	0.000 	0.000 	0.000 	0.000 	0.000 	0.000 	0.000 	0.000 	0.000 	0.000 	0.000 	0.000 	0.000 	0.000 	0.000 	0.000 	0.000 	0.000 	0.000 	0.000 	0.000 	0.000 	0.000 	0.000 	0.000 	0.000 	0.000 
RA420MW_GT1,CAP_NET_ELC,MW,SI	0.000 	0.000 	0.000 	0.000 	0.000 	0.000 	0.000 	0.000 	0.000 	0.000 	0.000 	0.000 	0.000 	0.000 	0.000 	0.000 	0.000 	0.000 	0.000 	0.000 	0.000 	0.000 	0.000 	0.000 	0.000 	0.000 	0.000 	0.000 	0.000 	0.000 	0.000 
RA420MW_GT1,CAP_NET_ELC,MW,SK	0.000 	0.000 	0.000 	0.000 	0.000 	0.000 	0.000 	0.000 	0.000 	0.000 	0.000 	0.000 	0.000 	0.000 	0.000 	0.000 	0.000 	0.000 	0.000 	0.000 	0.000 	0.000 	0.000 	0.000 	0.000 	0.000 	0.000 	0.000 	0.000 	0.000 	0.000 
RA420MW_GT1,CAP_NET_ELC,MW,TR	2101.535 	1089.390 	586.954 	404.822 	0.000 	0.000 	0.000 	0.000 	0.000 	0.000 	0.000 	0.000 	0.000 	0.000 	0.000 	0.000 	0.000 	0.000 	0.000 	0.000 	0.000 	0.000 	0.000 	0.000 	0.000 	0.000 	0.000 	0.000 	0.000 	0.000 	0.000 
RA420MW_GT1,CAP_NET_ELC,MW,UA	0.000 	0.000 	0.000 	0.000 	0.000 	0.000 	0.000 	0.000 	0.000 	0.000 	0.000 	0.000 	0.000 	0.000 	0.000 	0.000 	0.000 	0.000 	0.000 	0.000 	0.000 	0.000 	0.000 	0.000 	0.000 	0.000 	0.000 	0.000 	0.000 	0.000 	0.000 
RA420MW_GT1,CAP_NET_ELC,MW,UK	: 	9769.000 	9599.000 	9369.000 	8566.000 	6024.098 	3116.975 	1079.203 	505.724 	0.000 	0.000 	0.000 	0.000 	0.000 	0.000 	0.000 	0.000 	0.000 	0.000 	0.000 	0.000 	0.000 	0.000 	0.000 	0.000 	0.000 	0.000 	0.000 	0.000 	0.000 	0.000 
RA420MW_GT1,CAP_NET_ELC,MW,XK	9.000 	9.000 	6.602 	6.602 	0.000 	0.000 	0.000 	0.000 	0.000 	0.000 	0.000 	0.000 	0.000 	0.000 	0.000 	0.000 	0.000 	0.000 	0.000 	0.000 	0.000 	: 	: 	: 	: 	: 	: 	: 	: 	: 	: 
RA420OG,CAP_NET_ELC,MW,AL	0.000 	0.000 	0.000 	0.000 	0.000 	0.000 	0.000 	0.000 	0.000 	0.000 	0.000 	0.000 	0.000 	0.000 	0.000 	0.000 	0.000 	0.000 	0.000 	0.000 	0.000 	0.000 	0.000 	0.000 	0.000 	0.000 	0.000 	0.000 	0.000 	0.000 	0.000 
RA420OG,CAP_NET_ELC,MW,AT	8.197 	7.697 	7.197 	6.963 	6.487 	5.535 	5.489 	5.190 	4.391 	4.187 	3.545 	3.353 	3.122 	2.821 	2.773 	2.533 	0.000 	0.000 	0.000 	0.000 	0.000 	0.000 	0.000 	0.000 	0.000 	0.000 	0.000 	0.000 	0.000 	0.000 	0.000 
RA420OG,CAP_NET_ELC,MW,BA	0.000 	0.000 	0.000 	0.000 	0.000 	0.000 	0.000 	: 	: 	: 	: 	: 	: 	: 	: 	: 	: 	: 	: 	: 	: 	: 	: 	: 	: 	: 	: 	: 	: 	: 	: 
RA420OG,CAP_NET_ELC,MW,BE	0.000 	0.000 	0.000 	0.000 	0.000 	0.000 	0.000 	0.000 	0.000 	0.000 	0.000 	0.000 	0.000 	0.000 	0.000 	0.000 	0.000 	0.000 	0.000 	0.000 	0.000 	0.000 	0.000 	0.000 	0.000 	0.000 	0.000 	0.000 	0.000 	0.000 	0.000 
RA420OG,CAP_NET_ELC,MW,BG	0.000 	0.000 	0.000 	0.000 	0.000 	0.000 	0.000 	0.000 	0.000 	0.000 	0.000 	0.000 	0.000 	0.000 	0.000 	0.000 	0.000 	0.000 	0.000 	0.000 	0.000 	0.000 	0.000 	0.000 	0.000 	0.000 	0.000 	0.000 	0.000 	0.000 	0.000 
RA420OG,CAP_NET_ELC,MW,CY	0.000 	0.000 	0.000 	0.000 	0.000 	0.000 	0.000 	0.000 	0.000 	0.000 	0.000 	0.000 	0.000 	0.000 	0.000 	0.000 	0.000 	0.000 	0.000 	0.000 	0.000 	0.000 	0.000 	0.000 	0.000 	0.000 	0.000 	0.000 	0.000 	0.000 	0.000 
RA420OG,CAP_NET_ELC,MW,CZ	0.000 	0.000 	0.000 	0.000 	0.000 	0.000 	0.000 	0.000 	0.000 	0.000 	0.000 	0.000 	0.000 	0.000 	0.000 	0.000 	0.000 	0.000 	0.000 	0.000 	0.000 	0.000 	0.000 	0.000 	0.000 	0.000 	0.000 	0.000 	0.000 	0.000 	0.000 
RA420OG,CAP_NET_ELC,MW,DE	0.000 	0.000 	0.000 	0.000 	0.000 	0.000 	0.000 	0.000 	0.000 	0.000 	0.000 	0.000 	0.000 	0.000 	0.000 	0.000 	0.000 	0.000 	0.000 	0.000 	0.000 	0.000 	0.000 	0.000 	0.000 	0.000 	0.000 	0.000 	0.000 	0.000 	0.000 
RA420OG,CAP_NET_ELC,MW,DK	0.000 	0.000 	0.000 	0.000 	0.000 	0.000 	0.000 	0.000 	0.000 	0.000 	0.000 	0.000 	0.000 	0.000 	0.000 	0.000 	0.000 	0.000 	0.000 	0.000 	0.000 	0.000 	0.000 	0.000 	0.000 	0.000 	0.000 	0.000 	0.000 	0.000 	0.000 
RA420OG,CAP_NET_ELC,MW,EA19	520.396 	269.376 	164.681 	94.260 	58.188 	40.139 	34.518 	33.607 	31.731 	30.376 	26.238 	23.970 	22.122 	20.821 	19.773 	17.533 	14.000 	12.000 	11.000 	10.000 	9.000 	7.000 	7.000 	6.000 	5.000 	5.000 	4.000 	4.000 	4.000 	3.000 	3.000 
RA420OG,CAP_NET_ELC,MW,EE	0.000 	0.000 	0.000 	0.000 	0.000 	0.000 	0.000 	0.000 	0.000 	0.000 	0.000 	0.000 	0.000 	0.000 	0.000 	0.000 	0.000 	0.000 	0.000 	0.000 	0.000 	0.000 	0.000 	0.000 	0.000 	0.000 	0.000 	0.000 	0.000 	0.000 	0.000 
RA420OG,CAP_NET_ELC,MW,EL	0.000 	0.000 	0.000 	0.000 	0.000 	0.000 	0.000 	0.000 	0.000 	0.000 	0.000 	0.000 	0.000 	0.000 	0.000 	0.000 	0.000 	0.000 	0.000 	0.000 	0.000 	0.000 	0.000 	0.000 	0.000 	0.000 	0.000 	0.000 	0.000 	0.000 	0.000 
RA420OG,CAP_NET_ELC,MW,ES	35.166 	35.182 	32.907 	27.000 	26.000 	27.000 	25.000 	25.000 	24.000 	23.000 	22.000 	20.000 	19.000 	18.000 	17.000 	15.000 	14.000 	12.000 	11.000 	10.000 	9.000 	7.000 	7.000 	6.000 	5.000 	5.000 	4.000 	4.000 	4.000 	3.000 	3.000 
RA420OG,CAP_NET_ELC,MW,EU27_2020	537.396 	285.376 	181.681 	107.260 	58.188 	40.139 	34.518 	33.607 	31.731 	30.376 	26.238 	23.970 	22.122 	20.821 	19.773 	17.533 	14.000 	12.000 	11.000 	10.000 	9.000 	7.000 	7.000 	6.000 	5.000 	5.000 	4.000 	4.000 	4.000 	3.000 	3.000 
RA420OG,CAP_NET_ELC,MW,FI	0.000 	0.000 	0.000 	0.000 	0.000 	0.000 	0.000 	0.000 	0.000 	0.000 	0.000 	0.000 	0.000 	0.000 	0.000 	0.000 	0.000 	0.000 	0.000 	0.000 	0.000 	0.000 	0.000 	0.000 	0.000 	0.000 	0.000 	0.000 	0.000 	0.000 	0.000 
RA420OG,CAP_NET_ELC,MW,FR	210.021 	69.485 	33.421 	0.000 	0.000 	0.000 	0.000 	0.000 	0.000 	0.000 	0.000 	0.000 	0.000 	0.000 	0.000 	0.000 	0.000 	0.000 	0.000 	0.000 	0.000 	0.000 	0.000 	0.000 	0.000 	0.000 	0.000 	0.000 	0.000 	0.000 	0.000 
RA420OG,CAP_NET_ELC,MW,GE	0.000 	0.000 	0.000 	0.000 	0.000 	0.000 	0.000 	0.000 	: 	: 	: 	: 	: 	: 	: 	: 	: 	: 	: 	: 	: 	: 	: 	: 	: 	: 	: 	: 	: 	: 	: 
RA420OG,CAP_NET_ELC,MW,HR	0.000 	0.000 	0.000 	0.000 	0.000 	0.000 	0.000 	0.000 	0.000 	0.000 	0.000 	0.000 	0.000 	0.000 	0.000 	0.000 	0.000 	0.000 	0.000 	0.000 	0.000 	0.000 	0.000 	0.000 	0.000 	0.000 	0.000 	0.000 	0.000 	0.000 	0.000 
RA420OG,CAP_NET_ELC,MW,HU	0.000 	0.000 	0.000 	0.000 	0.000 	0.000 	0.000 	0.000 	0.000 	0.000 	0.000 	0.000 	0.000 	0.000 	0.000 	0.000 	0.000 	0.000 	0.000 	0.000 	0.000 	0.000 	0.000 	0.000 	0.000 	0.000 	0.000 	0.000 	0.000 	0.000 	0.000 
RA420OG,CAP_NET_ELC,MW,IE	92.790 	58.310 	31.571 	16.813 	5.927 	2.352 	1.629 	1.017 	0.940 	0.789 	0.693 	0.617 	0.000 	0.000 	0.000 	0.000 	0.000 	0.000 	0.000 	0.000 	0.000 	0.000 	0.000 	0.000 	0.000 	0.000 	0.000 	0.000 	0.000 	0.000 	0.000 
RA420OG,CAP_NET_ELC,MW,IS	0.000 	0.000 	0.000 	0.000 	0.000 	0.000 	0.000 	0.000 	0.000 	0.000 	0.000 	0.000 	0.000 	0.000 	0.000 	0.000 	0.000 	0.000 	0.000 	0.000 	0.000 	0.000 	0.000 	0.000 	0.000 	0.000 	0.000 	0.000 	0.000 	0.000 	0.000 
RA420OG,CAP_NET_ELC,MW,IT	0.000 	0.000 	0.000 	0.000 	0.000 	0.000 	0.000 	0.000 	0.000 	0.000 	0.000 	0.000 	0.000 	0.000 	0.000 	0.000 	0.000 	0.000 	0.000 	0.000 	0.000 	0.000 	0.000 	0.000 	0.000 	0.000 	0.000 	0.000 	0.000 	0.000 	0.000 
RA420OG,CAP_NET_ELC,MW,LI	0.000 	0.000 	0.000 	0.000 	0.000 	0.000 	0.000 	: 	: 	: 	: 	: 	: 	: 	: 	: 	: 	: 	: 	: 	: 	: 	: 	: 	: 	: 	: 	: 	: 	: 	: 
RA420OG,CAP_NET_ELC,MW,LT	84.000 	30.000 	10.000 	3.669 	0.000 	0.000 	0.000 	0.000 	0.000 	0.000 	0.000 	0.000 	0.000 	0.000 	0.000 	0.000 	0.000 	0.000 	0.000 	0.000 	0.000 	0.000 	0.000 	0.000 	0.000 	0.000 	0.000 	0.000 	0.000 	0.000 	0.000 
RA420OG,CAP_NET_ELC,MW,LU	0.000 	0.000 	0.000 	0.000 	0.000 	0.000 	0.000 	0.000 	0.000 	0.000 	0.000 	0.000 	0.000 	0.000 	0.000 	0.000 	0.000 	0.000 	0.000 	0.000 	0.000 	0.000 	0.000 	0.000 	0.000 	0.000 	0.000 	0.000 	0.000 	0.000 	0.000 
RA420OG,CAP_NET_ELC,MW,LV	0.000 	0.000 	0.000 	0.000 	0.000 	0.000 	0.000 	0.000 	0.000 	0.000 	0.000 	0.000 	0.000 	0.000 	0.000 	0.000 	0.000 	0.000 	0.000 	0.000 	0.000 	0.000 	0.000 	0.000 	0.000 	0.000 	0.000 	0.000 	0.000 	0.000 	0.000 
RA420OG,CAP_NET_ELC,MW,MD	0.000 	0.000 	0.000 	0.000 	0.000 	0.000 	0.000 	0.000 	0.000 	0.000 	0.000 	: 	: 	: 	: 	: 	: 	: 	: 	: 	: 	: 	: 	: 	: 	: 	: 	: 	: 	: 	: 
RA420OG,CAP_NET_ELC,MW,ME	0.000 	0.000 	0.000 	0.000 	0.000 	0.000 	0.000 	0.000 	0.000 	0.000 	0.000 	0.000 	0.000 	0.000 	0.000 	0.000 	: 	: 	: 	: 	: 	: 	: 	: 	: 	: 	: 	: 	: 	: 	: 
RA420OG,CAP_NET_ELC,MW,MK	0.000 	0.000 	0.000 	0.000 	0.000 	0.000 	0.000 	0.000 	0.000 	0.000 	0.000 	0.000 	0.000 	0.000 	0.000 	0.000 	0.000 	0.000 	0.000 	0.000 	0.000 	0.000 	0.000 	0.000 	0.000 	0.000 	0.000 	0.000 	0.000 	0.000 	0.000 
RA420OG,CAP_NET_ELC,MW,MT	0.000 	0.000 	0.000 	0.000 	0.000 	0.000 	0.000 	0.000 	0.000 	0.000 	0.000 	0.000 	0.000 	0.000 	0.000 	0.000 	0.000 	0.000 	0.000 	0.000 	0.000 	0.000 	0.000 	0.000 	0.000 	0.000 	0.000 	0.000 	0.000 	0.000 	0.000 
RA420OG,CAP_NET_ELC,MW,NL	0.000 	0.000 	0.000 	0.000 	0.000 	0.000 	0.000 	0.000 	0.000 	0.000 	0.000 	0.000 	0.000 	0.000 	0.000 	0.000 	0.000 	0.000 	0.000 	0.000 	0.000 	0.000 	0.000 	0.000 	0.000 	0.000 	0.000 	0.000 	0.000 	0.000 	0.000 
RA420OG,CAP_NET_ELC,MW,NO	18.300 	17.292 	15.292 	0.000 	0.000 	0.000 	0.000 	0.000 	0.000 	0.000 	0.000 	0.000 	0.000 	0.000 	0.000 	0.000 	0.000 	0.000 	0.000 	0.000 	0.000 	0.000 	0.000 	0.000 	0.000 	0.000 	0.000 	0.000 	0.000 	0.000 	0.000 
RA420OG,CAP_NET_ELC,MW,PL	0.000 	0.000 	0.000 	0.000 	0.000 	0.000 	0.000 	0.000 	0.000 	0.000 	0.000 	0.000 	0.000 	0.000 	0.000 	0.000 	0.000 	0.000 	0.000 	0.000 	0.000 	0.000 	0.000 	0.000 	0.000 	0.000 	0.000 	0.000 	0.000 	0.000 	0.000 
RA420OG,CAP_NET_ELC,MW,PT	90.222 	68.702 	49.585 	39.815 	19.774 	5.252 	2.400 	2.400 	2.400 	2.400 	0.000 	0.000 	0.000 	0.000 	0.000 	0.000 	0.000 	0.000 	0.000 	0.000 	0.000 	0.000 	0.000 	0.000 	0.000 	0.000 	0.000 	0.000 	0.000 	0.000 	0.000 
RA420OG,CAP_NET_ELC,MW,RO	0.000 	0.000 	0.000 	0.000 	0.000 	0.000 	0.000 	0.000 	0.000 	0.000 	0.000 	0.000 	0.000 	0.000 	0.000 	0.000 	0.000 	0.000 	0.000 	0.000 	0.000 	0.000 	0.000 	0.000 	0.000 	0.000 	0.000 	0.000 	0.000 	0.000 	0.000 
RA420OG,CAP_NET_ELC,MW,RS	0.000 	0.000 	0.000 	0.000 	0.000 	0.000 	0.000 	0.000 	0.000 	0.000 	0.000 	0.000 	0.000 	0.000 	0.000 	0.000 	0.000 	0.000 	0.000 	0.000 	0.000 	0.000 	0.000 	0.000 	0.000 	0.000 	0.000 	0.000 	0.000 	0.000 	0.000 
RA420OG,CAP_NET_ELC,MW,SE	17.000 	16.000 	17.000 	13.000 	0.000 	0.000 	0.000 	0.000 	0.000 	0.000 	0.000 	0.000 	0.000 	0.000 	0.000 	0.000 	0.000 	0.000 	0.000 	0.000 	0.000 	0.000 	0.000 	0.000 	0.000 	0.000 	0.000 	0.000 	0.000 	0.000 	0.000 
RA420OG,CAP_NET_ELC,MW,SI	0.000 	0.000 	0.000 	0.000 	0.000 	0.000 	0.000 	0.000 	0.000 	0.000 	0.000 	0.000 	0.000 	0.000 	0.000 	0.000 	0.000 	0.000 	0.000 	0.000 	0.000 	0.000 	0.000 	0.000 	0.000 	0.000 	0.000 	0.000 	0.000 	0.000 	0.000 
RA420OG,CAP_NET_ELC,MW,SK	0.000 	0.000 	0.000 	0.000 	0.000 	0.000 	0.000 	0.000 	0.000 	0.000 	0.000 	0.000 	0.000 	0.000 	0.000 	0.000 	0.000 	0.000 	0.000 	0.000 	0.000 	0.000 	0.000 	0.000 	0.000 	0.000 	0.000 	0.000 	0.000 	0.000 	0.000 
RA420OG,CAP_NET_ELC,MW,TR	0.000 	0.000 	0.000 	0.000 	0.000 	0.000 	0.000 	0.000 	0.000 	0.000 	0.000 	0.000 	0.000 	0.000 	0.000 	0.000 	0.000 	0.000 	0.000 	0.000 	0.000 	0.000 	0.000 	0.000 	0.000 	0.000 	0.000 	0.000 	0.000 	0.000 	0.000 
RA420OG,CAP_NET_ELC,MW,UA	0.000 	0.000 	0.000 	0.000 	0.000 	0.000 	0.000 	0.000 	0.000 	0.000 	0.000 	0.000 	0.000 	0.000 	0.000 	0.000 	0.000 	0.000 	0.000 	0.000 	0.000 	0.000 	0.000 	0.000 	0.000 	0.000 	0.000 	0.000 	0.000 	0.000 	0.000 
RA420OG,CAP_NET_ELC,MW,UK	: 	0.000 	0.000 	0.000 	0.000 	0.000 	0.000 	0.000 	0.000 	0.000 	0.000 	0.000 	0.000 	0.000 	0.000 	0.000 	0.000 	0.000 	0.000 	0.000 	0.000 	0.000 	0.000 	0.000 	0.000 	0.000 	0.000 	0.000 	0.000 	0.000 	0.000 
RA420OG,CAP_NET_ELC,MW,XK	0.000 	0.000 	0.000 	0.000 	0.000 	0.000 	0.000 	0.000 	0.000 	0.000 	0.000 	0.000 	0.000 	0.000 	0.000 	0.000 	0.000 	0.000 	0.000 	0.000 	0.000 	: 	: 	: 	: 	: 	: 	: 	: 	: 	: 
RA500,CAP_NET_ELC,MW,AL	0.000 	0.000 	0.000 	0.000 	0.000 	0.000 	0.000 	0.000 	0.000 	0.000 	0.000 	0.000 	0.000 	0.000 	0.000 	0.000 	0.000 	0.000 	0.000 	0.000 	0.000 	0.000 	0.000 	0.000 	0.000 	0.000 	0.000 	0.000 	0.000 	0.000 	0.000 
RA500,CAP_NET_ELC,MW,AT	0.000 	0.000 	0.000 	0.000 	0.000 	0.000 	0.000 	0.000 	0.000 	0.000 	0.000 	0.000 	0.000 	0.000 	0.000 	0.000 	0.000 	0.000 	0.000 	0.000 	0.000 	0.000 	0.000 	0.000 	0.000 	0.000 	0.000 	0.000 	0.000 	0.000 	0.000 
RA500,CAP_NET_ELC,MW,BA	0.000 	0.000 	0.000 	0.000 	0.000 	0.000 	0.000 	: 	: 	: 	: 	: 	: 	: 	: 	: 	: 	: 	: 	: 	: 	: 	: 	: 	: 	: 	: 	: 	: 	: 	: 
RA500,CAP_NET_ELC,MW,BE	0.000 	0.000 	0.000 	0.000 	0.000 	0.000 	0.000 	0.000 	0.000 	0.000 	0.000 	0.000 	0.000 	0.000 	0.000 	0.000 	0.000 	0.000 	0.000 	0.000 	0.000 	0.000 	0.000 	0.000 	0.000 	0.000 	0.000 	0.000 	0.000 	0.000 	0.000 
RA500,CAP_NET_ELC,MW,BG	0.000 	0.000 	0.000 	0.000 	0.000 	0.000 	0.000 	0.000 	0.000 	0.000 	0.000 	0.000 	0.000 	0.000 	0.000 	0.000 	0.000 	0.000 	0.000 	0.000 	0.000 	0.000 	0.000 	0.000 	0.000 	0.000 	0.000 	0.000 	0.000 	0.000 	0.000 
RA500,CAP_NET_ELC,MW,CY	0.000 	0.000 	0.000 	0.000 	0.000 	0.000 	0.000 	0.000 	0.000 	0.000 	0.000 	0.000 	0.000 	0.000 	0.000 	0.000 	0.000 	0.000 	0.000 	0.000 	0.000 	0.000 	0.000 	0.000 	0.000 	0.000 	0.000 	0.000 	0.000 	0.000 	0.000 
RA500,CAP_NET_ELC,MW,CZ	0.000 	0.000 	0.000 	0.000 	0.000 	0.000 	0.000 	0.000 	0.000 	0.000 	0.000 	0.000 	0.000 	0.000 	0.000 	0.000 	0.000 	0.000 	0.000 	0.000 	0.000 	0.000 	0.000 	0.000 	0.000 	0.000 	0.000 	0.000 	0.000 	0.000 	0.000 
RA500,CAP_NET_ELC,MW,DE	0.000 	0.000 	0.000 	0.000 	0.000 	0.000 	0.000 	0.000 	0.000 	0.000 	0.000 	0.000 	0.000 	0.000 	0.000 	0.000 	0.000 	0.000 	0.000 	0.000 	0.000 	0.000 	0.000 	0.000 	0.000 	0.000 	0.000 	0.000 	0.000 	0.000 	0.000 
RA500,CAP_NET_ELC,MW,DK	0.000 	0.000 	0.000 	0.000 	0.000 	0.000 	0.000 	0.000 	0.000 	0.000 	0.000 	0.000 	0.000 	0.000 	0.000 	0.000 	0.000 	0.000 	0.000 	0.000 	0.000 	0.000 	0.000 	0.000 	0.000 	0.000 	0.000 	0.000 	0.000 	0.000 	0.000 
RA500,CAP_NET_ELC,MW,EA19	216.561 	218.863 	223.198 	224.066 	225.020 	223.125 	225.804 	223.284 	216.205 	215.022 	216.000 	216.000 	218.000 	215.000 	215.000 	216.000 	218.000 	219.000 	218.000 	215.000 	213.000 	240.000 	240.000 	240.000 	240.000 	240.000 	240.000 	240.000 	240.000 	240.000 	240.000 
RA500,CAP_NET_ELC,MW,EE	0.000 	0.000 	0.000 	0.000 	0.000 	0.000 	0.000 	0.000 	0.000 	0.000 	0.000 	0.000 	0.000 	0.000 	0.000 	0.000 	0.000 	0.000 	0.000 	0.000 	0.000 	0.000 	0.000 	0.000 	0.000 	0.000 	0.000 	0.000 	0.000 	0.000 	0.000 
RA500,CAP_NET_ELC,MW,EL	0.000 	0.000 	0.000 	0.000 	0.000 	0.000 	0.000 	0.000 	0.000 	0.000 	0.000 	0.000 	0.000 	0.000 	0.000 	0.000 	0.000 	0.000 	0.000 	0.000 	0.000 	0.000 	0.000 	0.000 	0.000 	0.000 	0.000 	0.000 	0.000 	0.000 	0.000 
RA500,CAP_NET_ELC,MW,ES	4.796 	4.796 	4.796 	4.796 	4.796 	4.796 	4.796 	4.796 	0.296 	0.296 	0.000 	0.000 	0.000 	0.000 	0.000 	0.000 	0.000 	0.000 	0.000 	0.000 	0.000 	0.000 	0.000 	0.000 	0.000 	0.000 	0.000 	0.000 	0.000 	0.000 	0.000 
RA500,CAP_NET_ELC,MW,EU27_2020	216.561 	218.863 	223.198 	224.066 	225.020 	223.125 	225.804 	223.284 	216.205 	215.022 	216.000 	216.000 	218.000 	215.000 	215.000 	216.000 	218.000 	219.000 	218.000 	215.000 	213.000 	240.000 	240.000 	240.000 	240.000 	240.000 	240.000 	240.000 	240.000 	240.000 	240.000 
RA500,CAP_NET_ELC,MW,FI	0.000 	0.000 	0.000 	0.000 	0.000 	0.000 	0.000 	0.000 	0.000 	0.000 	0.000 	0.000 	0.000 	0.000 	0.000 	0.000 	0.000 	0.000 	0.000 	0.000 	0.000 	0.000 	0.000 	0.000 	0.000 	0.000 	0.000 	0.000 	0.000 	0.000 	0.000 
RA500,CAP_NET_ELC,MW,FR	211.765 	214.067 	218.002 	218.870 	220.224 	218.329 	220.008 	218.488 	215.909 	214.726 	216.000 	216.000 	218.000 	215.000 	215.000 	216.000 	218.000 	219.000 	218.000 	215.000 	213.000 	240.000 	240.000 	240.000 	240.000 	240.000 	240.000 	240.000 	240.000 	240.000 	240.000 
RA500,CAP_NET_ELC,MW,GE	0.000 	0.000 	0.000 	0.000 	0.000 	0.000 	0.000 	0.000 	: 	: 	: 	: 	: 	: 	: 	: 	: 	: 	: 	: 	: 	: 	: 	: 	: 	: 	: 	: 	: 	: 	: 
RA500,CAP_NET_ELC,MW,HR	0.000 	0.000 	0.000 	0.000 	0.000 	0.000 	0.000 	0.000 	0.000 	0.000 	0.000 	0.000 	0.000 	0.000 	0.000 	0.000 	0.000 	0.000 	0.000 	0.000 	0.000 	0.000 	0.000 	0.000 	0.000 	0.000 	0.000 	0.000 	0.000 	0.000 	0.000 
RA500,CAP_NET_ELC,MW,HU	0.000 	0.000 	0.000 	0.000 	0.000 	0.000 	0.000 	0.000 	0.000 	0.000 	0.000 	0.000 	0.000 	0.000 	0.000 	0.000 	0.000 	0.000 	0.000 	0.000 	0.000 	0.000 	0.000 	0.000 	0.000 	0.000 	0.000 	0.000 	0.000 	0.000 	0.000 
RA500,CAP_NET_ELC,MW,IE	0.000 	0.000 	0.000 	0.000 	0.000 	0.000 	0.000 	0.000 	0.000 	0.000 	0.000 	0.000 	0.000 	0.000 	0.000 	0.000 	0.000 	0.000 	0.000 	0.000 	0.000 	0.000 	0.000 	0.000 	0.000 	0.000 	0.000 	0.000 	0.000 	0.000 	0.000 
RA500,CAP_NET_ELC,MW,IS	0.000 	0.000 	0.000 	0.000 	0.000 	0.000 	0.000 	0.000 	0.000 	0.000 	0.000 	0.000 	0.000 	0.000 	0.000 	0.000 	0.000 	0.000 	0.000 	0.000 	0.000 	0.000 	0.000 	0.000 	0.000 	0.000 	0.000 	0.000 	0.000 	0.000 	0.000 
RA500,CAP_NET_ELC,MW,IT	0.000 	0.000 	0.000 	0.000 	0.000 	0.000 	0.000 	0.000 	0.000 	0.000 	0.000 	0.000 	0.000 	0.000 	0.000 	0.000 	0.000 	0.000 	0.000 	0.000 	0.000 	0.000 	0.000 	0.000 	0.000 	0.000 	0.000 	0.000 	0.000 	0.000 	0.000 
RA500,CAP_NET_ELC,MW,LI	0.000 	0.000 	0.000 	0.000 	0.000 	0.000 	0.000 	: 	: 	: 	: 	: 	: 	: 	: 	: 	: 	: 	: 	: 	: 	: 	: 	: 	: 	: 	: 	: 	: 	: 	: 
RA500,CAP_NET_ELC,MW,LT	0.000 	0.000 	0.000 	0.000 	0.000 	0.000 	0.000 	0.000 	0.000 	0.000 	0.000 	0.000 	0.000 	0.000 	0.000 	0.000 	0.000 	0.000 	0.000 	0.000 	0.000 	0.000 	0.000 	0.000 	0.000 	0.000 	0.000 	0.000 	0.000 	0.000 	0.000 
RA500,CAP_NET_ELC,MW,LU	0.000 	0.000 	0.000 	0.000 	0.000 	0.000 	0.000 	0.000 	0.000 	0.000 	0.000 	0.000 	0.000 	0.000 	0.000 	0.000 	0.000 	0.000 	0.000 	0.000 	0.000 	0.000 	0.000 	0.000 	0.000 	0.000 	0.000 	0.000 	0.000 	0.000 	0.000 
RA500,CAP_NET_ELC,MW,LV	0.000 	0.000 	0.000 	0.000 	0.000 	0.000 	0.000 	0.000 	0.000 	0.000 	0.000 	0.000 	0.000 	0.000 	0.000 	0.000 	0.000 	0.000 	0.000 	0.000 	0.000 	0.000 	0.000 	0.000 	0.000 	0.000 	0.000 	0.000 	0.000 	0.000 	0.000 
RA500,CAP_NET_ELC,MW,MD	0.000 	0.000 	0.000 	0.000 	0.000 	0.000 	0.000 	0.000 	0.000 	0.000 	0.000 	: 	: 	: 	: 	: 	: 	: 	: 	: 	: 	: 	: 	: 	: 	: 	: 	: 	: 	: 	: 
RA500,CAP_NET_ELC,MW,ME	0.000 	0.000 	0.000 	0.000 	0.000 	0.000 	0.000 	0.000 	0.000 	0.000 	0.000 	0.000 	0.000 	0.000 	0.000 	0.000 	: 	: 	: 	: 	: 	: 	: 	: 	: 	: 	: 	: 	: 	: 	: 
RA500,CAP_NET_ELC,MW,MK	0.000 	0.000 	0.000 	0.000 	0.000 	0.000 	0.000 	0.000 	0.000 	0.000 	0.000 	0.000 	0.000 	0.000 	0.000 	0.000 	0.000 	0.000 	0.000 	0.000 	0.000 	0.000 	0.000 	0.000 	0.000 	0.000 	0.000 	0.000 	0.000 	0.000 	0.000 
RA500,CAP_NET_ELC,MW,MT	0.000 	0.000 	0.000 	0.000 	0.000 	0.000 	0.000 	0.000 	0.000 	0.000 	0.000 	0.000 	0.000 	0.000 	0.000 	0.000 	0.000 	0.000 	0.000 	0.000 	0.000 	0.000 	0.000 	0.000 	0.000 	0.000 	0.000 	0.000 	0.000 	0.000 	0.000 
RA500,CAP_NET_ELC,MW,NL	0.000 	0.000 	0.000 	0.000 	0.000 	0.000 	0.000 	0.000 	0.000 	0.000 	0.000 	0.000 	0.000 	0.000 	0.000 	0.000 	0.000 	0.000 	0.000 	0.000 	0.000 	0.000 	0.000 	0.000 	0.000 	0.000 	0.000 	0.000 	0.000 	0.000 	0.000 
RA500,CAP_NET_ELC,MW,NO	0.000 	0.000 	0.000 	0.000 	0.000 	0.000 	0.000 	0.000 	0.000 	0.000 	0.000 	0.000 	0.000 	0.000 	0.000 	0.000 	0.000 	0.000 	0.000 	0.000 	0.000 	0.000 	0.000 	0.000 	0.000 	0.000 	0.000 	0.000 	0.000 	0.000 	0.000 
RA500,CAP_NET_ELC,MW,PL	0.000 	0.000 	0.000 	0.000 	0.000 	0.000 	0.000 	0.000 	0.000 	0.000 	0.000 	0.000 	0.000 	0.000 	0.000 	0.000 	0.000 	0.000 	0.000 	0.000 	0.000 	0.000 	0.000 	0.000 	0.000 	0.000 	0.000 	0.000 	0.000 	0.000 	0.000 
RA500,CAP_NET_ELC,MW,PT	0.000 	0.000 	0.400 	0.400 	0.000 	0.000 	1.000 	0.000 	0.000 	0.000 	0.000 	0.000 	0.000 	0.000 	0.000 	0.000 	0.000 	0.000 	0.000 	0.000 	0.000 	0.000 	0.000 	0.000 	0.000 	0.000 	0.000 	0.000 	0.000 	0.000 	0.000 
RA500,CAP_NET_ELC,MW,RO	0.000 	0.000 	0.000 	0.000 	0.000 	0.000 	0.000 	0.000 	0.000 	0.000 	0.000 	0.000 	0.000 	0.000 	0.000 	0.000 	0.000 	0.000 	0.000 	0.000 	0.000 	0.000 	0.000 	0.000 	0.000 	0.000 	0.000 	0.000 	0.000 	0.000 	0.000 
RA500,CAP_NET_ELC,MW,RS	0.000 	0.000 	0.000 	0.000 	0.000 	0.000 	0.000 	0.000 	0.000 	0.000 	0.000 	0.000 	0.000 	0.000 	0.000 	0.000 	0.000 	0.000 	0.000 	0.000 	0.000 	0.000 	0.000 	0.000 	0.000 	0.000 	0.000 	0.000 	0.000 	0.000 	0.000 
RA500,CAP_NET_ELC,MW,SE	0.000 	0.000 	0.000 	0.000 	0.000 	0.000 	0.000 	0.000 	0.000 	0.000 	0.000 	0.000 	0.000 	0.000 	0.000 	0.000 	0.000 	0.000 	0.000 	0.000 	0.000 	0.000 	0.000 	0.000 	0.000 	0.000 	0.000 	0.000 	0.000 	0.000 	0.000 
RA500,CAP_NET_ELC,MW,SI	0.000 	0.000 	0.000 	0.000 	0.000 	0.000 	0.000 	0.000 	0.000 	0.000 	0.000 	0.000 	0.000 	0.000 	0.000 	0.000 	0.000 	0.000 	0.000 	0.000 	0.000 	0.000 	0.000 	0.000 	0.000 	0.000 	0.000 	0.000 	0.000 	0.000 	0.000 
RA500,CAP_NET_ELC,MW,SK	0.000 	0.000 	0.000 	0.000 	0.000 	0.000 	0.000 	0.000 	0.000 	0.000 	0.000 	0.000 	0.000 	0.000 	0.000 	0.000 	0.000 	0.000 	0.000 	0.000 	0.000 	0.000 	0.000 	0.000 	0.000 	0.000 	0.000 	0.000 	0.000 	0.000 	0.000 
RA500,CAP_NET_ELC,MW,TR	0.000 	0.000 	0.000 	0.000 	0.000 	0.000 	0.000 	0.000 	0.000 	0.000 	0.000 	0.000 	0.000 	0.000 	0.000 	0.000 	0.000 	0.000 	0.000 	0.000 	0.000 	0.000 	0.000 	0.000 	0.000 	0.000 	0.000 	0.000 	0.000 	0.000 	0.000 
RA500,CAP_NET_ELC,MW,UA	0.000 	0.000 	0.000 	0.000 	0.000 	0.000 	0.000 	0.000 	0.000 	0.000 	0.000 	0.000 	0.000 	0.000 	0.000 	0.000 	0.000 	0.000 	0.000 	0.000 	0.000 	0.000 	0.000 	0.000 	0.000 	0.000 	0.000 	0.000 	0.000 	0.000 	0.000 
RA500,CAP_NET_ELC,MW,UK	: 	20.398 	18.398 	13.487 	8.938 	8.938 	9.000 	8.000 	9.000 	4.000 	4.000 	2.000 	1.000 	1.000 	1.000 	1.000 	1.000 	1.000 	1.000 	1.000 	1.000 	0.000 	0.000 	0.000 	0.000 	0.000 	0.000 	0.000 	0.000 	0.000 	0.000 
RA500,CAP_NET_ELC,MW,XK	0.000 	0.000 	0.000 	0.000 	0.000 	0.000 	0.000 	0.000 	0.000 	0.000 	0.000 	0.000 	0.000 	0.000 	0.000 	0.000 	0.000 	0.000 	0.000 	0.000 	0.000 	: 	: 	: 	: 	: 	: 	: 	: 	: 	: 
W6000,CAP_NET_ELC,MW,AL	0.000 	0.000 	0.000 	0.000 	0.000 	0.000 	0.000 	0.000 	0.000 	0.000 	0.000 	0.000 	0.000 	0.000 	0.000 	0.000 	0.000 	0.000 	0.000 	0.000 	0.000 	0.000 	0.000 	0.000 	0.000 	0.000 	0.000 	0.000 	0.000 	0.000 	0.000 
W6000,CAP_NET_ELC,MW,AT	976.280 	979.480 	975.480 	977.680 	977.880 	1006.080 	959.880 	1077.902 	1072.030 	913.130 	916.930 	778.891 	718.407 	702.600 	717.253 	638.428 	586.000 	556.000 	199.000 	195.000 	83.000 	135.000 	84.000 	152.000 	234.000 	56.000 	43.000 	49.000 	52.000 	36.000 	45.000 
W6000,CAP_NET_ELC,MW,BA	0.000 	0.000 	0.000 	0.000 	0.000 	0.000 	0.000 	: 	: 	: 	: 	: 	: 	: 	: 	: 	: 	: 	: 	: 	: 	: 	: 	: 	: 	: 	: 	: 	: 	: 	: 
W6000,CAP_NET_ELC,MW,BE	324.800 	314.500 	310.600 	312.000 	308.600 	305.800 	307.200 	323.000 	353.000 	351.000 	364.000 	329.000 	296.000 	288.000 	301.000 	244.000 	237.000 	238.000 	262.000 	240.000 	236.000 	211.000 	266.000 	253.000 	251.000 	274.000 	251.000 	252.000 	231.000 	203.000 	172.000 
W6000,CAP_NET_ELC,MW,BG	0.000 	0.000 	0.000 	0.000 	0.000 	0.000 	0.000 	0.000 	0.000 	0.000 	0.000 	0.000 	0.000 	0.000 	0.000 	0.000 	0.000 	0.000 	0.000 	0.000 	0.000 	0.000 	0.000 	0.000 	0.000 	0.000 	0.000 	0.000 	0.000 	0.000 	0.000 
W6000,CAP_NET_ELC,MW,CY	0.000 	0.000 	0.000 	0.000 	0.000 	0.000 	0.000 	0.000 	0.000 	0.000 	0.000 	0.000 	0.000 	0.000 	0.000 	0.000 	0.000 	0.000 	0.000 	0.000 	0.000 	0.000 	0.000 	0.000 	0.000 	0.000 	0.000 	0.000 	0.000 	0.000 	0.000 
W6000,CAP_NET_ELC,MW,CZ	58.000 	58.000 	58.000 	58.000 	58.000 	48.000 	47.000 	47.000 	46.000 	44.000 	44.000 	4.000 	4.000 	4.000 	4.000 	4.000 	4.000 	4.000 	3.000 	3.000 	3.000 	1.000 	1.000 	0.000 	0.000 	0.000 	0.000 	0.000 	0.000 	0.000 	0.000 
W6000,CAP_NET_ELC,MW,DE	3026.000 	3080.000 	3030.000 	2962.000 	2910.000 	2877.000 	2841.000 	2813.000 	2690.000 	2718.000 	2750.000 	2644.000 	2488.000 	2428.000 	2473.000 	2374.000 	2143.000 	2102.000 	1785.000 	1785.000 	1470.000 	1548.000 	1232.000 	1090.000 	1097.000 	1003.000 	919.000 	889.000 	875.000 	853.000 	803.000 
W6000,CAP_NET_ELC,MW,DK	362.916 	363.753 	362.916 	363.753 	331.953 	331.064 	325.205 	332.111 	280.673 	294.905 	299.036 	313.000 	303.000 	233.000 	299.000 	306.000 	312.000 	285.000 	270.000 	241.000 	230.000 	198.000 	182.000 	165.000 	178.000 	150.000 	102.000 	122.000 	72.000 	0.000 	0.000 
W6000,CAP_NET_ELC,MW,EA19	7816.927 	7820.447 	7801.310 	7594.450 	7419.762 	7350.510 	7333.379 	7343.648 	6898.754 	6702.589 	6609.130 	6246.491 	5797.007 	5613.200 	5469.853 	5170.028 	4853.600 	4534.600 	3759.600 	3593.600 	3103.000 	2667.000 	2293.000 	2121.000 	2201.000 	1812.000 	1660.000 	1623.000 	1500.000 	1415.000 	1342.000 
W6000,CAP_NET_ELC,MW,EE	210.000 	210.000 	210.000 	250.000 	210.000 	210.000 	210.000 	210.000 	0.000 	0.000 	0.000 	0.000 	0.000 	0.000 	0.000 	0.000 	0.000 	0.000 	0.000 	0.000 	0.000 	0.000 	0.000 	0.000 	0.000 	0.000 	0.000 	0.000 	0.000 	0.000 	0.000 
W6000,CAP_NET_ELC,MW,EL	43.000 	43.000 	43.000 	43.000 	43.000 	43.000 	43.000 	43.000 	43.000 	43.000 	43.000 	43.000 	43.000 	37.000 	10.000 	24.000 	24.000 	24.000 	24.000 	24.000 	35.000 	48.000 	48.000 	48.000 	48.000 	48.000 	48.000 	47.000 	47.000 	47.000 	47.000 
W6000,CAP_NET_ELC,MW,ES	291.251 	291.251 	291.251 	292.000 	284.000 	284.000 	284.000 	284.000 	274.000 	274.000 	223.000 	189.000 	189.000 	189.000 	189.000 	189.000 	189.000 	94.000 	94.000 	94.000 	94.000 	94.000 	94.000 	94.000 	94.000 	69.000 	40.000 	29.000 	29.000 	27.000 	27.000 
W6000,CAP_NET_ELC,MW,EU27_2020	9660.356 	9725.813 	9694.832 	9465.220 	9247.715 	8761.574 	8402.584 	8656.759 	8046.427 	7740.494 	7750.166 	7360.491 	6659.007 	6507.200 	6558.853 	5917.028 	5458.600 	5018.600 	4227.600 	4031.600 	3435.000 	2965.000 	2574.000 	2384.000 	2480.000 	2063.000 	1822.000 	1805.000 	1626.000 	1469.000 	1396.000 
W6000,CAP_NET_ELC,MW,FI	138.000 	138.000 	138.000 	138.000 	118.000 	118.000 	107.000 	31.000 	20.000 	7.000 	7.000 	7.000 	0.000 	0.000 	0.000 	0.000 	0.000 	0.000 	0.000 	0.000 	0.000 	0.000 	0.000 	0.000 	0.000 	0.000 	0.000 	0.000 	0.000 	0.000 	0.000 
W6000,CAP_NET_ELC,MW,FR	938.571 	936.171 	922.316 	897.407 	898.453 	841.801 	922.470 	907.546 	891.524 	866.259 	870.000 	884.000 	882.000 	807.000 	729.000 	676.000 	661.000 	585.000 	545.000 	470.000 	432.000 	0.000 	0.000 	0.000 	0.000 	0.000 	0.000 	0.000 	0.000 	0.000 	0.000 
W6000,CAP_NET_ELC,MW,GE	0.000 	0.000 	0.000 	0.000 	0.000 	0.000 	0.000 	0.000 	: 	: 	: 	: 	: 	: 	: 	: 	: 	: 	: 	: 	: 	: 	: 	: 	: 	: 	: 	: 	: 	: 	: 
W6000,CAP_NET_ELC,MW,HR	0.000 	0.000 	0.000 	0.000 	0.000 	0.000 	0.000 	0.000 	0.000 	0.000 	0.000 	0.000 	0.000 	0.000 	0.000 	0.000 	0.000 	0.000 	0.000 	0.000 	0.000 	0.000 	0.000 	0.000 	0.000 	0.000 	0.000 	0.000 	0.000 	0.000 	0.000 
W6000,CAP_NET_ELC,MW,HU	77.000 	67.000 	64.000 	65.000 	76.000 	59.000 	47.000 	45.000 	45.000 	47.000 	44.000 	43.000 	43.000 	43.000 	36.000 	26.000 	25.000 	25.000 	25.000 	24.000 	25.000 	25.000 	25.000 	25.000 	25.000 	25.000 	24.000 	24.000 	24.000 	24.000 	24.000 
W6000,CAP_NET_ELC,MW,IE	82.579 	82.579 	82.579 	82.579 	21.579 	21.579 	21.579 	16.000 	15.000 	0.000 	0.000 	0.000 	0.000 	0.000 	0.000 	0.000 	0.000 	0.000 	0.000 	0.000 	0.000 	0.000 	0.000 	0.000 	0.000 	0.000 	0.000 	0.000 	0.000 	0.000 	0.000 
W6000,CAP_NET_ELC,MW,IS	0.000 	0.000 	0.000 	0.000 	0.000 	0.000 	0.000 	0.000 	0.000 	0.000 	0.000 	1.000 	1.000 	1.000 	1.000 	0.000 	0.000 	0.000 	0.000 	0.000 	0.000 	0.000 	0.000 	0.000 	0.000 	0.000 	0.000 	0.000 	0.000 	0.000 	0.000 
W6000,CAP_NET_ELC,MW,IT	831.882 	819.332 	851.620 	844.320 	846.000 	858.000 	843.000 	857.000 	772.000 	760.000 	732.000 	728.000 	577.000 	558.000 	526.000 	499.000 	524.000 	446.000 	378.000 	320.000 	287.000 	165.000 	167.000 	80.000 	80.000 	79.000 	76.000 	74.000 	63.000 	46.000 	46.000 
W6000,CAP_NET_ELC,MW,LI	0.000 	0.000 	0.000 	0.000 	0.000 	0.000 	0.000 	: 	: 	: 	: 	: 	: 	: 	: 	: 	: 	: 	: 	: 	: 	: 	: 	: 	: 	: 	: 	: 	: 	: 	: 
W6000,CAP_NET_ELC,MW,LT	48.000 	22.000 	20.000 	20.000 	19.000 	13.000 	12.000 	12.000 	0.000 	0.000 	0.000 	0.000 	0.000 	0.000 	0.000 	0.000 	0.000 	0.000 	0.000 	0.000 	0.000 	0.000 	0.000 	0.000 	0.000 	0.000 	0.000 	0.000 	0.000 	0.000 	0.000 
W6000,CAP_NET_ELC,MW,LU	17.250 	17.250 	17.250 	17.250 	17.250 	17.250 	17.250 	19.200 	19.200 	19.200 	19.200 	7.600 	7.600 	7.600 	7.600 	7.600 	7.600 	7.600 	7.600 	7.600 	8.000 	8.000 	8.000 	10.000 	10.000 	6.000 	6.000 	6.000 	6.000 	6.000 	6.000 
W6000,CAP_NET_ELC,MW,LV	0.000 	0.000 	0.000 	0.000 	0.000 	0.000 	0.000 	0.000 	0.000 	0.000 	0.000 	0.000 	0.000 	0.000 	0.000 	0.000 	0.000 	0.000 	0.000 	0.000 	0.000 	0.000 	0.000 	0.000 	0.000 	0.000 	0.000 	0.000 	0.000 	0.000 	0.000 
W6000,CAP_NET_ELC,MW,MD	0.000 	0.000 	0.000 	0.000 	0.000 	0.000 	0.000 	0.000 	0.000 	0.000 	0.000 	: 	: 	: 	: 	: 	: 	: 	: 	: 	: 	: 	: 	: 	: 	: 	: 	: 	: 	: 	: 
W6000,CAP_NET_ELC,MW,ME	0.000 	0.000 	0.000 	0.000 	0.000 	0.000 	0.000 	0.000 	0.000 	0.000 	0.000 	0.000 	0.000 	0.000 	0.000 	0.000 	: 	: 	: 	: 	: 	: 	: 	: 	: 	: 	: 	: 	: 	: 	: 
W6000,CAP_NET_ELC,MW,MK	0.000 	0.000 	0.000 	0.000 	0.000 	0.000 	0.000 	0.000 	0.000 	0.000 	0.000 	0.000 	0.000 	0.000 	0.000 	0.000 	0.000 	0.000 	0.000 	0.000 	0.000 	0.000 	0.000 	0.000 	0.000 	0.000 	0.000 	0.000 	0.000 	0.000 	0.000 
W6000,CAP_NET_ELC,MW,MT	0.000 	0.000 	0.000 	0.000 	0.000 	0.000 	0.000 	0.000 	0.000 	0.000 	0.000 	0.000 	0.000 	0.000 	0.000 	0.000 	0.000 	0.000 	0.000 	0.000 	0.000 	0.000 	0.000 	0.000 	0.000 	0.000 	0.000 	0.000 	0.000 	0.000 	0.000 
W6000,CAP_NET_ELC,MW,NL	780.100 	777.670 	800.000 	649.000 	649.000 	649.000 	649.000 	649.000 	649.000 	649.000 	586.000 	546.000 	506.000 	506.000 	429.000 	429.000 	400.000 	400.000 	394.000 	394.000 	394.000 	394.000 	394.000 	394.000 	387.000 	277.000 	277.000 	277.000 	197.000 	197.000 	196.000 
W6000,CAP_NET_ELC,MW,NO	91.000 	93.000 	100.000 	100.000 	100.000 	87.000 	87.000 	87.000 	87.000 	87.000 	59.000 	40.000 	36.000 	30.000 	31.000 	31.000 	31.000 	31.000 	20.000 	31.000 	26.000 	26.000 	26.000 	26.000 	26.000 	26.000 	26.000 	26.000 	26.000 	26.000 	26.000 
W6000,CAP_NET_ELC,MW,PL	99.500 	90.600 	86.593 	59.200 	44.000 	15.000 	0.000 	0.000 	0.000 	0.000 	0.000 	0.000 	0.000 	0.000 	0.000 	0.000 	0.000 	0.000 	0.000 	0.000 	0.000 	0.000 	0.000 	0.000 	0.000 	0.000 	0.000 	0.000 	0.000 	0.000 	0.000 
W6000,CAP_NET_ELC,MW,PT	85.214 	85.214 	85.214 	85.214 	86.000 	82.000 	92.000 	91.000 	91.000 	91.000 	89.000 	80.000 	80.000 	80.000 	80.000 	81.000 	74.000 	74.000 	71.000 	64.000 	64.000 	64.000 	0.000 	0.000 	0.000 	0.000 	0.000 	0.000 	0.000 	0.000 	0.000 
W6000,CAP_NET_ELC,MW,RO	1.013 	1.013 	1.013 	0.817 	1.000 	1.000 	1.000 	0.000 	0.000 	0.000 	0.000 	0.000 	0.000 	0.000 	0.000 	0.000 	0.000 	0.000 	0.000 	0.000 	0.000 	0.000 	0.000 	0.000 	0.000 	0.000 	0.000 	0.000 	0.000 	0.000 	0.000 
W6000,CAP_NET_ELC,MW,RS	1.000 	1.000 	1.000 	1.000 	0.000 	0.000 	0.000 	0.000 	0.000 	0.000 	0.000 	0.000 	0.000 	0.000 	0.000 	0.000 	0.000 	0.000 	0.000 	0.000 	0.000 	0.000 	0.000 	0.000 	0.000 	0.000 	0.000 	0.000 	0.000 	0.000 	0.000 
W6000,CAP_NET_ELC,MW,SE	1245.000 	1325.000 	1321.000 	1324.000 	1317.000 	957.000 	649.000 	889.000 	776.000 	652.000 	754.000 	754.000 	512.000 	614.000 	750.000 	411.000 	264.000 	170.000 	170.000 	170.000 	74.000 	74.000 	73.000 	73.000 	76.000 	76.000 	36.000 	36.000 	30.000 	30.000 	30.000 
W6000,CAP_NET_ELC,MW,SI	2.000 	2.000 	2.000 	2.000 	2.000 	2.000 	2.000 	2.000 	2.000 	4.000 	2.000 	2.000 	2.000 	2.000 	2.000 	2.000 	2.000 	2.000 	0.000 	0.000 	0.000 	0.000 	0.000 	0.000 	0.000 	0.000 	0.000 	0.000 	0.000 	0.000 	0.000 
W6000,CAP_NET_ELC,MW,SK	22.000 	22.000 	22.000 	22.000 	29.000 	22.000 	22.000 	8.000 	7.000 	7.000 	7.000 	8.000 	8.000 	8.000 	6.000 	6.000 	6.000 	6.000 	0.000 	0.000 	0.000 	0.000 	0.000 	0.000 	0.000 	0.000 	0.000 	0.000 	0.000 	0.000 	0.000 
W6000,CAP_NET_ELC,MW,TR	10.130 	10.029 	35.629 	5.500 	6.000 	6.000 	6.000 	6.000 	6.000 	5.000 	5.000 	5.000 	5.000 	5.000 	5.000 	5.000 	5.000 	5.000 	5.000 	5.000 	5.000 	5.000 	0.000 	0.000 	0.000 	0.000 	0.000 	0.000 	0.000 	0.000 	0.000 
W6000,CAP_NET_ELC,MW,UA	0.000 	0.000 	0.000 	0.000 	0.000 	0.000 	0.000 	0.000 	0.000 	0.000 	0.000 	0.000 	0.000 	0.000 	0.000 	0.000 	0.000 	0.000 	0.000 	0.000 	0.000 	0.000 	0.000 	0.000 	0.000 	0.000 	0.000 	0.000 	0.000 	0.000 	0.000 
W6000,CAP_NET_ELC,MW,UK	: 	1321.434 	1136.727 	1090.933 	1028.285 	929.940 	680.000 	545.000 	513.000 	502.000 	413.000 	381.000 	368.000 	352.000 	352.000 	340.000 	326.000 	324.000 	297.000 	278.000 	184.000 	161.000 	162.000 	115.000 	115.000 	87.000 	87.000 	50.000 	45.000 	31.000 	31.000 
W6000,CAP_NET_ELC,MW,XK	0.000 	0.000 	0.000 	0.000 	0.000 	0.000 	0.000 	0.000 	0.000 	0.000 	0.000 	0.000 	0.000 	0.000 	0.000 	0.000 	0.000 	0.000 	0.000 	0.000 	0.000 	: 	: 	: 	: 	: 	: 	: 	: 	: 	: 
W6100,CAP_NET_ELC,MW,AL	0.000 	0.000 	0.000 	0.000 	0.000 	0.000 	0.000 	0.000 	0.000 	0.000 	0.000 	0.000 	0.000 	0.000 	0.000 	0.000 	0.000 	0.000 	0.000 	0.000 	0.000 	0.000 	0.000 	0.000 	0.000 	0.000 	0.000 	0.000 	0.000 	0.000 	0.000 
W6100,CAP_NET_ELC,MW,AT	436.240 	436.240 	436.240 	436.240 	436.240 	480.240 	436.240 	498.751 	496.740 	429.240 	431.140 	291.509 	272.438 	271.974 	286.347 	218.718 	222.000 	192.000 	187.000 	183.000 	71.000 	123.000 	75.000 	138.000 	221.000 	50.000 	37.000 	43.000 	46.000 	30.000 	39.000 
W6100,CAP_NET_ELC,MW,BA	0.000 	0.000 	0.000 	0.000 	0.000 	0.000 	0.000 	: 	: 	: 	: 	: 	: 	: 	: 	: 	: 	: 	: 	: 	: 	: 	: 	: 	: 	: 	: 	: 	: 	: 	: 
W6100,CAP_NET_ELC,MW,BE	52.500 	63.000 	60.200 	61.400 	59.300 	57.400 	59.900 	76.000 	130.000 	111.000 	111.000 	111.000 	111.000 	111.000 	105.000 	105.000 	105.000 	105.000 	128.000 	139.000 	139.000 	139.000 	139.000 	139.000 	139.000 	139.000 	139.000 	139.000 	139.000 	120.000 	120.000 
W6100,CAP_NET_ELC,MW,BG	0.000 	0.000 	0.000 	0.000 	0.000 	0.000 	0.000 	0.000 	0.000 	0.000 	0.000 	0.000 	0.000 	0.000 	0.000 	0.000 	0.000 	0.000 	0.000 	0.000 	0.000 	0.000 	0.000 	0.000 	0.000 	0.000 	0.000 	0.000 	0.000 	0.000 	0.000 
W6100,CAP_NET_ELC,MW,CY	0.000 	0.000 	0.000 	0.000 	0.000 	0.000 	0.000 	0.000 	0.000 	0.000 	0.000 	0.000 	0.000 	0.000 	0.000 	0.000 	0.000 	0.000 	0.000 	0.000 	0.000 	0.000 	0.000 	0.000 	0.000 	0.000 	0.000 	0.000 	0.000 	0.000 	0.000 
W6100,CAP_NET_ELC,MW,CZ	3.000 	3.000 	3.000 	3.000 	3.000 	3.000 	2.000 	2.000 	1.000 	1.000 	1.000 	1.000 	1.000 	1.000 	1.000 	1.000 	1.000 	1.000 	0.000 	0.000 	0.000 	0.000 	0.000 	0.000 	0.000 	0.000 	0.000 	0.000 	0.000 	0.000 	0.000 
W6100,CAP_NET_ELC,MW,DE	924.000 	912.000 	905.000 	954.000 	953.000 	953.000 	953.000 	953.000 	1261.000 	1232.000 	1226.000 	1203.000 	1120.000 	1200.000 	1200.000 	1200.000 	1200.000 	1200.000 	1200.000 	1200.000 	885.000 	993.000 	692.000 	563.000 	546.000 	494.000 	420.000 	325.000 	325.000 	303.000 	253.000 
W6100,CAP_NET_ELC,MW,DK	0.000 	0.000 	0.000 	0.000 	0.000 	0.000 	0.000 	0.000 	0.000 	0.000 	0.000 	0.000 	0.000 	0.000 	0.000 	0.000 	0.000 	0.000 	0.000 	0.000 	0.000 	0.000 	0.000 	0.000 	0.000 	0.000 	0.000 	0.000 	0.000 	0.000 	0.000 
W6100,CAP_NET_ELC,MW,EA19	1636.787 	1643.073 	1623.970 	1670.896 	1638.864 	1683.621 	1631.941 	1686.547 	2040.074 	1925.983 	1906.140 	1743.509 	1640.438 	1716.974 	1637.347 	1587.718 	1621.000 	1526.000 	1539.000 	1546.000 	1130.000 	1303.000 	954.000 	888.000 	954.000 	731.000 	644.000 	554.000 	557.000 	500.000 	459.000 
W6100,CAP_NET_ELC,MW,EE	40.000 	40.000 	40.000 	40.000 	0.000 	0.000 	0.000 	0.000 	0.000 	0.000 	0.000 	0.000 	0.000 	0.000 	0.000 	0.000 	0.000 	0.000 	0.000 	0.000 	0.000 	0.000 	0.000 	0.000 	0.000 	0.000 	0.000 	0.000 	0.000 	0.000 	0.000 
W6100,CAP_NET_ELC,MW,EL	43.000 	43.000 	43.000 	43.000 	43.000 	43.000 	43.000 	43.000 	43.000 	43.000 	43.000 	43.000 	43.000 	37.000 	10.000 	24.000 	24.000 	24.000 	24.000 	24.000 	35.000 	48.000 	48.000 	48.000 	48.000 	48.000 	48.000 	47.000 	47.000 	47.000 	47.000 
W6100,CAP_NET_ELC,MW,ES	49.900 	49.900 	49.900 	50.000 	50.000 	50.000 	50.000 	50.000 	50.000 	50.000 	0.000 	0.000 	0.000 	0.000 	0.000 	0.000 	0.000 	0.000 	0.000 	0.000 	0.000 	0.000 	0.000 	0.000 	0.000 	0.000 	0.000 	0.000 	0.000 	0.000 	0.000 
W6100,CAP_NET_ELC,MW,EU27_2020	1663.800 	1859.086 	1836.983 	1883.713 	1850.864 	1778.621 	1833.941 	1906.547 	2241.074 	2016.983 	2009.140 	1845.509 	1731.438 	1918.974 	1738.347 	1710.718 	1622.000 	1527.000 	1539.000 	1546.000 	1131.000 	1304.000 	955.000 	889.000 	955.000 	732.000 	644.000 	554.000 	557.000 	500.000 	459.000 
W6100,CAP_NET_ELC,MW,FI	0.000 	0.000 	0.000 	0.000 	0.000 	0.000 	0.000 	0.000 	0.000 	0.000 	0.000 	0.000 	0.000 	0.000 	0.000 	0.000 	0.000 	0.000 	0.000 	0.000 	0.000 	0.000 	0.000 	0.000 	0.000 	0.000 	0.000 	0.000 	0.000 	0.000 	0.000 
W6100,CAP_NET_ELC,MW,FR	33.722 	47.508 	40.205 	39.831 	50.324 	52.981 	42.801 	22.796 	22.334 	21.743 	63.000 	63.000 	63.000 	63.000 	0.000 	0.000 	0.000 	0.000 	0.000 	0.000 	0.000 	0.000 	0.000 	0.000 	0.000 	0.000 	0.000 	0.000 	0.000 	0.000 	0.000 
W6100,CAP_NET_ELC,MW,GE	0.000 	0.000 	0.000 	0.000 	0.000 	0.000 	0.000 	0.000 	: 	: 	: 	: 	: 	: 	: 	: 	: 	: 	: 	: 	: 	: 	: 	: 	: 	: 	: 	: 	: 	: 	: 
W6100,CAP_NET_ELC,MW,HR	0.000 	0.000 	0.000 	0.000 	0.000 	0.000 	0.000 	0.000 	0.000 	0.000 	0.000 	0.000 	0.000 	0.000 	0.000 	0.000 	0.000 	0.000 	0.000 	0.000 	0.000 	0.000 	0.000 	0.000 	0.000 	0.000 	0.000 	0.000 	0.000 	0.000 	0.000 
W6100,CAP_NET_ELC,MW,HU	23.000 	22.000 	19.000 	19.000 	18.000 	10.000 	9.000 	9.000 	9.000 	9.000 	2.000 	1.000 	1.000 	1.000 	7.000 	2.000 	0.000 	0.000 	0.000 	0.000 	1.000 	1.000 	1.000 	1.000 	1.000 	1.000 	0.000 	0.000 	0.000 	0.000 	0.000 
W6100,CAP_NET_ELC,MW,IE	0.000 	0.000 	0.000 	0.000 	0.000 	0.000 	0.000 	0.000 	0.000 	0.000 	0.000 	0.000 	0.000 	0.000 	0.000 	0.000 	0.000 	0.000 	0.000 	0.000 	0.000 	0.000 	0.000 	0.000 	0.000 	0.000 	0.000 	0.000 	0.000 	0.000 	0.000 
W6100,CAP_NET_ELC,MW,IS	0.000 	0.000 	0.000 	0.000 	0.000 	0.000 	0.000 	0.000 	0.000 	0.000 	0.000 	0.000 	0.000 	0.000 	0.000 	0.000 	0.000 	0.000 	0.000 	0.000 	0.000 	0.000 	0.000 	0.000 	0.000 	0.000 	0.000 	0.000 	0.000 	0.000 	0.000 
W6100,CAP_NET_ELC,MW,IT	28.025 	28.025 	28.025 	28.025 	28.000 	28.000 	17.000 	21.000 	18.000 	18.000 	16.000 	25.000 	24.000 	27.000 	31.000 	34.000 	65.000 	0.000 	0.000 	0.000 	0.000 	0.000 	0.000 	0.000 	0.000 	0.000 	0.000 	0.000 	0.000 	0.000 	0.000 
W6100,CAP_NET_ELC,MW,LI	0.000 	0.000 	0.000 	0.000 	0.000 	0.000 	0.000 	: 	: 	: 	: 	: 	: 	: 	: 	: 	: 	: 	: 	: 	: 	: 	: 	: 	: 	: 	: 	: 	: 	: 	: 
W6100,CAP_NET_ELC,MW,LT	14.000 	8.000 	6.000 	3.000 	4.000 	3.000 	2.000 	2.000 	0.000 	0.000 	0.000 	0.000 	0.000 	0.000 	0.000 	0.000 	0.000 	0.000 	0.000 	0.000 	0.000 	0.000 	0.000 	0.000 	0.000 	0.000 	0.000 	0.000 	0.000 	0.000 	0.000 
W6100,CAP_NET_ELC,MW,LU	0.000 	0.000 	0.000 	0.000 	0.000 	0.000 	0.000 	0.000 	0.000 	0.000 	0.000 	0.000 	0.000 	0.000 	0.000 	0.000 	0.000 	0.000 	0.000 	0.000 	0.000 	0.000 	0.000 	0.000 	0.000 	0.000 	0.000 	0.000 	0.000 	0.000 	0.000 
W6100,CAP_NET_ELC,MW,LV	0.000 	0.000 	0.000 	0.000 	0.000 	0.000 	0.000 	0.000 	0.000 	0.000 	0.000 	0.000 	0.000 	0.000 	0.000 	0.000 	0.000 	0.000 	0.000 	0.000 	0.000 	0.000 	0.000 	0.000 	0.000 	0.000 	0.000 	0.000 	0.000 	0.000 	0.000 
W6100,CAP_NET_ELC,MW,MD	0.000 	0.000 	0.000 	0.000 	0.000 	0.000 	0.000 	0.000 	0.000 	0.000 	0.000 	: 	: 	: 	: 	: 	: 	: 	: 	: 	: 	: 	: 	: 	: 	: 	: 	: 	: 	: 	: 
W6100,CAP_NET_ELC,MW,ME	0.000 	0.000 	0.000 	0.000 	0.000 	0.000 	0.000 	0.000 	0.000 	0.000 	0.000 	0.000 	0.000 	0.000 	0.000 	0.000 	: 	: 	: 	: 	: 	: 	: 	: 	: 	: 	: 	: 	: 	: 	: 
W6100,CAP_NET_ELC,MW,MK	0.000 	0.000 	0.000 	0.000 	0.000 	0.000 	0.000 	0.000 	0.000 	0.000 	0.000 	0.000 	0.000 	0.000 	0.000 	0.000 	0.000 	0.000 	0.000 	0.000 	0.000 	0.000 	0.000 	0.000 	0.000 	0.000 	0.000 	0.000 	0.000 	0.000 	0.000 
W6100,CAP_NET_ELC,MW,MT	0.000 	0.000 	0.000 	0.000 	0.000 	0.000 	0.000 	0.000 	0.000 	0.000 	0.000 	0.000 	0.000 	0.000 	0.000 	0.000 	0.000 	0.000 	0.000 	0.000 	0.000 	0.000 	0.000 	0.000 	0.000 	0.000 	0.000 	0.000 	0.000 	0.000 	0.000 
W6100,CAP_NET_ELC,MW,NL	0.000 	0.000 	0.000 	0.000 	0.000 	0.000 	0.000 	0.000 	0.000 	0.000 	0.000 	0.000 	0.000 	0.000 	0.000 	0.000 	0.000 	0.000 	0.000 	0.000 	0.000 	0.000 	0.000 	0.000 	0.000 	0.000 	0.000 	0.000 	0.000 	0.000 	0.000 
W6100,CAP_NET_ELC,MW,NO	0.000 	0.000 	0.000 	0.000 	0.000 	0.000 	0.000 	0.000 	0.000 	0.000 	0.000 	5.000 	5.000 	5.000 	5.000 	5.000 	5.000 	5.000 	5.000 	5.000 	0.000 	0.000 	0.000 	0.000 	0.000 	0.000 	0.000 	0.000 	0.000 	0.000 	0.000 
W6100,CAP_NET_ELC,MW,PL	0.000 	0.000 	0.000 	0.000 	0.000 	0.000 	0.000 	0.000 	0.000 	0.000 	0.000 	0.000 	0.000 	0.000 	0.000 	0.000 	0.000 	0.000 	0.000 	0.000 	0.000 	0.000 	0.000 	0.000 	0.000 	0.000 	0.000 	0.000 	0.000 	0.000 	0.000 
W6100,CAP_NET_ELC,MW,PT	3.400 	3.400 	3.400 	3.400 	3.000 	3.000 	15.000 	15.000 	15.000 	15.000 	12.000 	3.000 	3.000 	3.000 	3.000 	4.000 	3.000 	3.000 	0.000 	0.000 	0.000 	0.000 	0.000 	0.000 	0.000 	0.000 	0.000 	0.000 	0.000 	0.000 	0.000 
W6100,CAP_NET_ELC,MW,RO	1.013 	1.013 	1.013 	0.817 	1.000 	1.000 	1.000 	0.000 	0.000 	0.000 	0.000 	0.000 	0.000 	0.000 	0.000 	0.000 	0.000 	0.000 	0.000 	0.000 	0.000 	0.000 	0.000 	0.000 	0.000 	0.000 	0.000 	0.000 	0.000 	0.000 	0.000 
W6100,CAP_NET_ELC,MW,RS	1.000 	1.000 	1.000 	1.000 	0.000 	0.000 	0.000 	0.000 	0.000 	0.000 	0.000 	0.000 	0.000 	0.000 	0.000 	0.000 	0.000 	0.000 	0.000 	0.000 	0.000 	0.000 	0.000 	0.000 	0.000 	0.000 	0.000 	0.000 	0.000 	0.000 	0.000 
W6100,CAP_NET_ELC,MW,SE	0.000 	190.000 	190.000 	190.000 	190.000 	81.000 	190.000 	209.000 	191.000 	81.000 	100.000 	100.000 	89.000 	200.000 	93.000 	120.000 	0.000 	0.000 	0.000 	0.000 	0.000 	0.000 	0.000 	0.000 	0.000 	0.000 	0.000 	0.000 	0.000 	0.000 	0.000 
W6100,CAP_NET_ELC,MW,SI	2.000 	2.000 	2.000 	2.000 	2.000 	2.000 	2.000 	2.000 	2.000 	4.000 	2.000 	2.000 	2.000 	2.000 	2.000 	2.000 	2.000 	2.000 	0.000 	0.000 	0.000 	0.000 	0.000 	0.000 	0.000 	0.000 	0.000 	0.000 	0.000 	0.000 	0.000 
W6100,CAP_NET_ELC,MW,SK	10.000 	10.000 	10.000 	10.000 	10.000 	11.000 	11.000 	3.000 	2.000 	2.000 	2.000 	2.000 	2.000 	2.000 	0.000 	0.000 	0.000 	0.000 	0.000 	0.000 	0.000 	0.000 	0.000 	0.000 	0.000 	0.000 	0.000 	0.000 	0.000 	0.000 	0.000 
W6100,CAP_NET_ELC,MW,TR	5.530 	5.530 	33.130 	5.500 	6.000 	6.000 	6.000 	6.000 	6.000 	5.000 	5.000 	5.000 	5.000 	5.000 	5.000 	5.000 	5.000 	5.000 	5.000 	5.000 	5.000 	5.000 	0.000 	0.000 	0.000 	0.000 	0.000 	0.000 	0.000 	0.000 	0.000 
W6100,CAP_NET_ELC,MW,UA	0.000 	0.000 	0.000 	0.000 	0.000 	0.000 	0.000 	0.000 	0.000 	0.000 	0.000 	0.000 	0.000 	0.000 	0.000 	0.000 	0.000 	0.000 	0.000 	0.000 	0.000 	0.000 	0.000 	0.000 	0.000 	0.000 	0.000 	0.000 	0.000 	0.000 	0.000 
W6100,CAP_NET_ELC,MW,UK	: 	0.000 	0.000 	0.000 	0.000 	0.000 	0.000 	0.000 	0.000 	0.000 	0.000 	0.000 	0.000 	0.000 	0.000 	0.000 	0.000 	0.000 	0.000 	0.000 	0.000 	0.000 	0.000 	0.000 	0.000 	0.000 	0.000 	0.000 	0.000 	0.000 	0.000 
W6100,CAP_NET_ELC,MW,XK	0.000 	0.000 	0.000 	0.000 	0.000 	0.000 	0.000 	0.000 	0.000 	0.000 	0.000 	0.000 	0.000 	0.000 	0.000 	0.000 	0.000 	0.000 	0.000 	0.000 	0.000 	: 	: 	: 	: 	: 	: 	: 	: 	: 	: 
W6200,CAP_NET_ELC,MW,AL	0.000 	0.000 	0.000 	0.000 	0.000 	0.000 	0.000 	0.000 	0.000 	0.000 	0.000 	0.000 	0.000 	0.000 	0.000 	0.000 	0.000 	0.000 	0.000 	0.000 	0.000 	0.000 	0.000 	0.000 	0.000 	0.000 	0.000 	0.000 	0.000 	0.000 	0.000 
W6200,CAP_NET_ELC,MW,AT	540.040 	543.240 	539.240 	541.440 	541.640 	525.840 	523.640 	579.151 	575.290 	483.890 	485.790 	487.382 	445.969 	430.626 	430.906 	419.710 	364.000 	364.000 	12.000 	12.000 	12.000 	12.000 	9.000 	14.000 	13.000 	6.000 	6.000 	6.000 	6.000 	6.000 	6.000 
W6200,CAP_NET_ELC,MW,BA	0.000 	0.000 	0.000 	0.000 	0.000 	0.000 	0.000 	: 	: 	: 	: 	: 	: 	: 	: 	: 	: 	: 	: 	: 	: 	: 	: 	: 	: 	: 	: 	: 	: 	: 	: 
W6200,CAP_NET_ELC,MW,BE	272.300 	251.500 	250.400 	250.600 	249.300 	248.400 	247.300 	247.000 	223.000 	240.000 	253.000 	218.000 	185.000 	177.000 	196.000 	139.000 	132.000 	133.000 	134.000 	101.000 	97.000 	72.000 	127.000 	114.000 	112.000 	135.000 	112.000 	113.000 	92.000 	83.000 	52.000 
W6200,CAP_NET_ELC,MW,BG	0.000 	0.000 	0.000 	0.000 	0.000 	0.000 	0.000 	0.000 	0.000 	0.000 	0.000 	0.000 	0.000 	0.000 	0.000 	0.000 	0.000 	0.000 	0.000 	0.000 	0.000 	0.000 	0.000 	0.000 	0.000 	0.000 	0.000 	0.000 	0.000 	0.000 	0.000 
W6200,CAP_NET_ELC,MW,CY	0.000 	0.000 	0.000 	0.000 	0.000 	0.000 	0.000 	0.000 	0.000 	0.000 	0.000 	0.000 	0.000 	0.000 	0.000 	0.000 	0.000 	0.000 	0.000 	0.000 	0.000 	0.000 	0.000 	0.000 	0.000 	0.000 	0.000 	0.000 	0.000 	0.000 	0.000 
W6200,CAP_NET_ELC,MW,CZ	55.000 	55.000 	55.000 	55.000 	55.000 	45.000 	45.000 	45.000 	45.000 	43.000 	43.000 	3.000 	3.000 	3.000 	3.000 	3.000 	3.000 	3.000 	3.000 	3.000 	3.000 	1.000 	1.000 	0.000 	0.000 	0.000 	0.000 	0.000 	0.000 	0.000 	0.000 
W6200,CAP_NET_ELC,MW,DE	2102.000 	2168.000 	2125.000 	2008.000 	1957.000 	1924.000 	1888.000 	1860.000 	1429.000 	1486.000 	1524.000 	1441.000 	1368.000 	1228.000 	1273.000 	1174.000 	943.000 	902.000 	585.000 	585.000 	585.000 	555.000 	540.000 	527.000 	551.000 	509.000 	499.000 	564.000 	550.000 	550.000 	550.000 
W6200,CAP_NET_ELC,MW,DK	362.916 	363.753 	362.916 	363.753 	331.953 	331.064 	325.205 	332.111 	280.673 	294.905 	299.036 	313.000 	303.000 	233.000 	299.000 	306.000 	312.000 	285.000 	270.000 	241.000 	230.000 	198.000 	182.000 	165.000 	178.000 	150.000 	102.000 	122.000 	72.000 	0.000 	0.000 
W6200,CAP_NET_ELC,MW,EA19	6180.140 	6177.374 	6177.340 	5923.554 	5780.898 	5666.889 	5701.438 	5657.101 	4858.680 	4776.606 	4702.990 	4502.982 	4156.569 	3896.226 	3832.506 	3582.310 	3232.600 	3008.600 	2220.600 	2047.600 	1973.000 	1364.000 	1339.000 	1233.000 	1247.000 	1081.000 	1016.000 	1069.000 	943.000 	915.000 	883.000 
W6200,CAP_NET_ELC,MW,EE	170.000 	170.000 	170.000 	210.000 	210.000 	210.000 	210.000 	210.000 	0.000 	0.000 	0.000 	0.000 	0.000 	0.000 	0.000 	0.000 	0.000 	0.000 	0.000 	0.000 	0.000 	0.000 	0.000 	0.000 	0.000 	0.000 	0.000 	0.000 	0.000 	0.000 	0.000 
W6200,CAP_NET_ELC,MW,EL	0.000 	0.000 	0.000 	0.000 	0.000 	0.000 	0.000 	0.000 	0.000 	0.000 	0.000 	0.000 	0.000 	0.000 	0.000 	0.000 	0.000 	0.000 	0.000 	0.000 	0.000 	0.000 	0.000 	0.000 	0.000 	0.000 	0.000 	0.000 	0.000 	0.000 	0.000 
W6200,CAP_NET_ELC,MW,ES	241.351 	241.351 	241.351 	242.000 	234.000 	234.000 	234.000 	234.000 	224.000 	224.000 	223.000 	189.000 	189.000 	189.000 	189.000 	189.000 	189.000 	94.000 	94.000 	94.000 	94.000 	94.000 	94.000 	94.000 	94.000 	69.000 	40.000 	29.000 	29.000 	27.000 	27.000 
W6200,CAP_NET_ELC,MW,EU27_2020	7996.556 	7866.727 	7857.849 	7581.507 	7396.851 	6982.953 	6568.643 	6750.212 	5805.353 	5723.511 	5741.026 	5514.982 	4927.569 	4588.226 	4820.506 	4206.310 	3836.600 	3491.600 	2688.600 	2485.600 	2304.000 	1661.000 	1619.000 	1495.000 	1525.000 	1331.000 	1178.000 	1251.000 	1069.000 	969.000 	937.000 
W6200,CAP_NET_ELC,MW,FI	138.000 	138.000 	138.000 	138.000 	118.000 	118.000 	107.000 	31.000 	20.000 	7.000 	7.000 	7.000 	0.000 	0.000 	0.000 	0.000 	0.000 	0.000 	0.000 	0.000 	0.000 	0.000 	0.000 	0.000 	0.000 	0.000 	0.000 	0.000 	0.000 	0.000 	0.000 
W6200,CAP_NET_ELC,MW,FR	904.849 	888.663 	882.111 	857.576 	848.129 	788.820 	879.669 	884.750 	869.190 	844.516 	807.000 	821.000 	819.000 	744.000 	729.000 	676.000 	661.000 	585.000 	545.000 	470.000 	432.000 	0.000 	0.000 	0.000 	0.000 	0.000 	0.000 	0.000 	0.000 	0.000 	0.000 
W6200,CAP_NET_ELC,MW,GE	0.000 	0.000 	0.000 	0.000 	0.000 	0.000 	0.000 	0.000 	: 	: 	: 	: 	: 	: 	: 	: 	: 	: 	: 	: 	: 	: 	: 	: 	: 	: 	: 	: 	: 	: 	: 
W6200,CAP_NET_ELC,MW,HR	0.000 	0.000 	0.000 	0.000 	0.000 	0.000 	0.000 	0.000 	0.000 	0.000 	0.000 	0.000 	0.000 	0.000 	0.000 	0.000 	0.000 	0.000 	0.000 	0.000 	0.000 	0.000 	0.000 	0.000 	0.000 	0.000 	0.000 	0.000 	0.000 	0.000 	0.000 
W6200,CAP_NET_ELC,MW,HU	54.000 	45.000 	45.000 	46.000 	58.000 	49.000 	38.000 	36.000 	36.000 	38.000 	42.000 	42.000 	42.000 	42.000 	29.000 	24.000 	25.000 	25.000 	25.000 	24.000 	24.000 	24.000 	24.000 	24.000 	24.000 	24.000 	24.000 	24.000 	24.000 	24.000 	24.000 
W6200,CAP_NET_ELC,MW,IE	82.579 	82.579 	82.579 	82.579 	21.579 	21.579 	21.579 	16.000 	15.000 	0.000 	0.000 	0.000 	0.000 	0.000 	0.000 	0.000 	0.000 	0.000 	0.000 	0.000 	0.000 	0.000 	0.000 	0.000 	0.000 	0.000 	0.000 	0.000 	0.000 	0.000 	0.000 
W6200,CAP_NET_ELC,MW,IS	0.000 	0.000 	0.000 	0.000 	0.000 	0.000 	0.000 	0.000 	0.000 	0.000 	0.000 	1.000 	1.000 	1.000 	1.000 	0.000 	0.000 	0.000 	0.000 	0.000 	0.000 	0.000 	0.000 	0.000 	0.000 	0.000 	0.000 	0.000 	0.000 	0.000 	0.000 
W6200,CAP_NET_ELC,MW,IT	803.857 	791.307 	823.595 	816.295 	818.000 	830.000 	826.000 	836.000 	754.000 	742.000 	716.000 	703.000 	553.000 	531.000 	495.000 	465.000 	459.000 	446.000 	378.000 	320.000 	287.000 	165.000 	167.000 	80.000 	80.000 	79.000 	76.000 	74.000 	63.000 	46.000 	46.000 
W6200,CAP_NET_ELC,MW,LI	0.000 	0.000 	0.000 	0.000 	0.000 	0.000 	0.000 	: 	: 	: 	: 	: 	: 	: 	: 	: 	: 	: 	: 	: 	: 	: 	: 	: 	: 	: 	: 	: 	: 	: 	: 
W6200,CAP_NET_ELC,MW,LT	34.000 	14.000 	14.000 	17.000 	15.000 	10.000 	10.000 	10.000 	0.000 	0.000 	0.000 	0.000 	0.000 	0.000 	0.000 	0.000 	0.000 	0.000 	0.000 	0.000 	0.000 	0.000 	0.000 	0.000 	0.000 	0.000 	0.000 	0.000 	0.000 	0.000 	0.000 
W6200,CAP_NET_ELC,MW,LU	17.250 	17.250 	17.250 	17.250 	17.250 	17.250 	17.250 	19.200 	19.200 	19.200 	19.200 	7.600 	7.600 	7.600 	7.600 	7.600 	7.600 	7.600 	7.600 	7.600 	8.000 	8.000 	8.000 	10.000 	10.000 	6.000 	6.000 	6.000 	6.000 	6.000 	6.000 
W6200,CAP_NET_ELC,MW,LV	0.000 	0.000 	0.000 	0.000 	0.000 	0.000 	0.000 	0.000 	0.000 	0.000 	0.000 	0.000 	0.000 	0.000 	0.000 	0.000 	0.000 	0.000 	0.000 	0.000 	0.000 	0.000 	0.000 	0.000 	0.000 	0.000 	0.000 	0.000 	0.000 	0.000 	0.000 
W6200,CAP_NET_ELC,MW,MD	0.000 	0.000 	0.000 	0.000 	0.000 	0.000 	0.000 	0.000 	0.000 	0.000 	0.000 	: 	: 	: 	: 	: 	: 	: 	: 	: 	: 	: 	: 	: 	: 	: 	: 	: 	: 	: 	: 
W6200,CAP_NET_ELC,MW,ME	0.000 	0.000 	0.000 	0.000 	0.000 	0.000 	0.000 	0.000 	0.000 	0.000 	0.000 	0.000 	0.000 	0.000 	0.000 	0.000 	: 	: 	: 	: 	: 	: 	: 	: 	: 	: 	: 	: 	: 	: 	: 
W6200,CAP_NET_ELC,MW,MK	0.000 	0.000 	0.000 	0.000 	0.000 	0.000 	0.000 	0.000 	0.000 	0.000 	0.000 	0.000 	0.000 	0.000 	0.000 	0.000 	0.000 	0.000 	0.000 	0.000 	0.000 	0.000 	0.000 	0.000 	0.000 	0.000 	0.000 	0.000 	0.000 	0.000 	0.000 
W6200,CAP_NET_ELC,MW,MT	0.000 	0.000 	0.000 	0.000 	0.000 	0.000 	0.000 	0.000 	0.000 	0.000 	0.000 	0.000 	0.000 	0.000 	0.000 	0.000 	0.000 	0.000 	0.000 	0.000 	0.000 	0.000 	0.000 	0.000 	0.000 	0.000 	0.000 	0.000 	0.000 	0.000 	0.000 
W6200,CAP_NET_ELC,MW,NL	780.100 	777.670 	800.000 	649.000 	649.000 	649.000 	649.000 	649.000 	649.000 	649.000 	586.000 	546.000 	506.000 	506.000 	429.000 	429.000 	400.000 	400.000 	394.000 	394.000 	394.000 	394.000 	394.000 	394.000 	387.000 	277.000 	277.000 	277.000 	197.000 	197.000 	196.000 
W6200,CAP_NET_ELC,MW,NO	91.000 	93.000 	100.000 	100.000 	100.000 	87.000 	87.000 	87.000 	87.000 	87.000 	59.000 	35.000 	31.000 	25.000 	26.000 	26.000 	26.000 	26.000 	15.000 	26.000 	26.000 	26.000 	26.000 	26.000 	26.000 	26.000 	26.000 	26.000 	26.000 	26.000 	26.000 
W6200,CAP_NET_ELC,MW,PL	99.500 	90.600 	86.593 	59.200 	44.000 	15.000 	0.000 	0.000 	0.000 	0.000 	0.000 	0.000 	0.000 	0.000 	0.000 	0.000 	0.000 	0.000 	0.000 	0.000 	0.000 	0.000 	0.000 	0.000 	0.000 	0.000 	0.000 	0.000 	0.000 	0.000 	0.000 
W6200,CAP_NET_ELC,MW,PT	81.814 	81.814 	81.814 	81.814 	83.000 	79.000 	77.000 	76.000 	76.000 	76.000 	77.000 	77.000 	77.000 	77.000 	77.000 	77.000 	71.000 	71.000 	71.000 	64.000 	64.000 	64.000 	0.000 	0.000 	0.000 	0.000 	0.000 	0.000 	0.000 	0.000 	0.000 
W6200,CAP_NET_ELC,MW,RO	0.000 	0.000 	0.000 	0.000 	0.000 	0.000 	0.000 	0.000 	0.000 	0.000 	0.000 	0.000 	0.000 	0.000 	0.000 	0.000 	0.000 	0.000 	0.000 	0.000 	0.000 	0.000 	0.000 	0.000 	0.000 	0.000 	0.000 	0.000 	0.000 	0.000 	0.000 
W6200,CAP_NET_ELC,MW,RS	0.000 	0.000 	0.000 	0.000 	0.000 	0.000 	0.000 	0.000 	0.000 	0.000 	0.000 	0.000 	0.000 	0.000 	0.000 	0.000 	0.000 	0.000 	0.000 	0.000 	0.000 	0.000 	0.000 	0.000 	0.000 	0.000 	0.000 	0.000 	0.000 	0.000 	0.000 
W6200,CAP_NET_ELC,MW,SE	1245.000 	1135.000 	1131.000 	1134.000 	1127.000 	876.000 	459.000 	680.000 	585.000 	571.000 	654.000 	654.000 	423.000 	414.000 	657.000 	291.000 	264.000 	170.000 	170.000 	170.000 	74.000 	74.000 	73.000 	73.000 	76.000 	76.000 	36.000 	36.000 	30.000 	30.000 	30.000 
W6200,CAP_NET_ELC,MW,SI	0.000 	0.000 	0.000 	0.000 	0.000 	0.000 	0.000 	0.000 	0.000 	0.000 	0.000 	0.000 	0.000 	0.000 	0.000 	0.000 	0.000 	0.000 	0.000 	0.000 	0.000 	0.000 	0.000 	0.000 	0.000 	0.000 	0.000 	0.000 	0.000 	0.000 	0.000 
W6200,CAP_NET_ELC,MW,SK	12.000 	12.000 	12.000 	12.000 	19.000 	11.000 	11.000 	5.000 	5.000 	5.000 	5.000 	6.000 	6.000 	6.000 	6.000 	6.000 	6.000 	6.000 	0.000 	0.000 	0.000 	0.000 	0.000 	0.000 	0.000 	0.000 	0.000 	0.000 	0.000 	0.000 	0.000 
W6200,CAP_NET_ELC,MW,TR	4.600 	4.499 	2.499 	0.000 	0.000 	0.000 	0.000 	0.000 	0.000 	0.000 	0.000 	0.000 	0.000 	0.000 	0.000 	0.000 	0.000 	0.000 	0.000 	0.000 	0.000 	0.000 	0.000 	0.000 	0.000 	0.000 	0.000 	0.000 	0.000 	0.000 	0.000 
W6200,CAP_NET_ELC,MW,UA	0.000 	0.000 	0.000 	0.000 	0.000 	0.000 	0.000 	0.000 	0.000 	0.000 	0.000 	0.000 	0.000 	0.000 	0.000 	0.000 	0.000 	0.000 	0.000 	0.000 	0.000 	0.000 	0.000 	0.000 	0.000 	0.000 	0.000 	0.000 	0.000 	0.000 	0.000 
W6200,CAP_NET_ELC,MW,UK	: 	1321.434 	1136.727 	1090.933 	1028.285 	929.940 	680.000 	545.000 	513.000 	502.000 	413.000 	381.000 	368.000 	352.000 	352.000 	340.000 	326.000 	324.000 	297.000 	278.000 	184.000 	161.000 	162.000 	115.000 	115.000 	87.000 	87.000 	50.000 	45.000 	31.000 	31.000 
W6200,CAP_NET_ELC,MW,XK	0.000 	0.000 	0.000 	0.000 	0.000 	0.000 	0.000 	0.000 	0.000 	0.000 	0.000 	0.000 	0.000 	0.000 	0.000 	0.000 	0.000 	0.000 	0.000 	0.000 	0.000 	: 	: 	: 	: 	: 	: 	: 	: 	: 	: 
