time,AL,AT,BA,BE,BG,CH,CZ,DE,DK,EE,ES,FI,FR,GB,GR,HR,HU,IE,IT,LT,LU,LV,ME,MK,NL,NO,PL,PT,RO,RS,SE,SI,SK,XK
2000-01-01,0,0,0,0,0,0,0,0,0,0,0,0,0,0,0,0,0,0,0,0,0,0,0,0,0,0,0,0,0,0,0,0,0,0
2000-01-02,0,0,0,0,0,0,0,0,0,0,0,0,0,0,0,0,0,0,0,0,0,0,0,0,0,0,0,0,0,0,0,0,0,0
2000-01-03,0,0,0,0,0,0,0,0,0,0,0,0,0,0,0,0,0,0,0,0,0,0,0,0,0,0,0,0,0,0,0,0,0,0
2000-01-04,0,0,0,0,0,0,0,0,0,0,0,0,0,0,0,0,0,0,0,0,0,0,0,0,0,0,0,0,0,0,0,0,0,0
2000-01-05,0,0,0,0,0,0,0,0,0,0,0,0,0,0,0,0,0,0,0,0,0,0,0,0,0,0,0,0,0,0,0,0,0,0
2000-01-06,0,0,0,0,0,0,0,0,0,0,0,0,0,0,0,0,0,0,0,0,0,0,0,0,0,0,0,0,0,0,0,0,0,0
2000-01-07,0,0,0,0,0,0,0,0,0,0,0,0,0,0,0,0,0,0,0,0,0,0,0,0,0,0,0,0,0,0,0,0,0,0
2000-01-08,0,0,0,0,0,0,0,0,0,0,0,0,0,0,0,0,0,0,0,0,0,0,0,0,0,0,0,0,0,0,0,0,0,0
2000-01-09,0,0,0,0,0,0,0,0,0,0,0,0,0,0,0,0,0,0,0,0,0,0,0,0,0,0,0,0,0,0,0,0,0,0
2000-01-10,0,0,0,0,0,0,0,0,0,0,0,0,0,0,0,0,0,0,0,0,0,0,0,0,0,0,0,0,0,0,0,0,0,0
2000-01-11,0,0,0,0,0,0,0,0,0,0,0,0,0,0,0,0,0,0,0,0,0,0,0,0,0,0,0,0,0,0,0,0,0,0
2000-01-12,0,0,0,0,0,0,0,0,0,0,0,0,0,0,0,0,0,0,0,0,0,0,0,0,0,0,0,0,0,0,0,0,0,0
2000-01-13,0,0,0,0,0,0,0,0,0,0,0,0,0,0,0,0,0,0,0,0,0,0,0,0,0,0,0,0,0,0,0,0,0,0
2000-01-14,0,0,0,0,0,0,0,0,0,0,0,0,0,0,0,0,0,0,0,0,0,0,0,0,0,0,0,0,0,0,0,0,0,0
2000-01-15,0,0,0,0,0,0,0,0,0,0,0,0,0,0,0,0,0,0,0,0,0,0,0,0,0,0,0,0,0,0,0,0,0,0
2000-01-16,0,0,0,0,0,0,0,0,0,0,0,0,0,0,0,0,0,0,0,0,0,0,0,0,0,0,0,0,0,0,0,0,0,0
2000-01-17,0,0,0,0,0,0,0,0,0,0,0,0,0,0,0,0,0,0,0,0,0,0,0,0,0,0,0,0,0,0,0,0,0,0
2000-01-18,0,0,0,0,0,0,0,0,0,0,0,0,0,0,0,0,0,0,0,0,0,0,0,0,0,0,0,0,0,0,0,0,0,0
2000-01-19,0,0,0,0,0,0,0,0,0,0,0,0,0,0,0,0,0,0,0,0,0,0,0,0,0,0,0,0,0,0,0,0,0,0
2000-01-20,0,0,0,0,0,0,0,0,0,0,0,0,0,0,0,0,0,0,0,0,0,0,0,0,0,0,0,0,0,0,0,0,0,0
2000-01-21,0,0,0,0,0,0,0,0,0,0,0,0,0,0,0,0,0,0,0,0,0,0,0,0,0,0,0,0,0,0,0,0,0,0
2000-01-22,0,0,0,0,0,0,0,0,0,0,0,0,0,0,0,0,0,0,0,0,0,0,0,0,0,0,0,0,0,0,0,0,0,0
2000-01-23,0,0,0,0,0,0,0,0,0,0,0,0,0,0,0,0,0,0,0,0,0,0,0,0,0,0,0,0,0,0,0,0,0,0
2000-01-24,0,0,0,0,0,0,0,0,0,0,0,0,0,0,0,0,0,0,0,0,0,0,0,0,0,0,0,0,0,0,0,0,0,0
2000-01-25,0,0,0,0,0,0,0,0,0,0,0,0,0,0,0,0,0,0,0,0,0,0,0,0,0,0,0,0,0,0,0,0,0,0
2000-01-26,0,0,0,0,0,0,0,0,0,0,0,0,0,0,0,0,0,0,0,0,0,0,0,0,0,0,0,0,0,0,0,0,0,0
2000-01-27,0,0,0,0,0,0,0,0,0,0,0,0,0,0,0,0,0,0,0,0,0,0,0,0,0,0,0,0,0,0,0,0,0,0
2000-01-28,0,0,0,0,0,0,0,0,0,0,0,0,0,0,0,0,0,0,0,0,0,0,0,0,0,0,0,0,0,0,0,0,0,0
2000-01-29,0,0,0,0,0,0,0,0,0,0,0,0,0,0,0,0,0,0,0,0,0,0,0,0,0,0,0,0,0,0,0,0,0,0
2000-01-30,0,0,0,0,0,0,0,0,0,0,0,0,0,0,0,0,0,0,0,0,0,0,0,0,0,0,0,0,0,0,0,0,0,0
2000-01-31,0,0,0,0,0,0,0,0,0,0,0,0,0,0,0,0,0,0,0,0,0,0,0,0,0,0,0,0,0,0,0,0,0,0
2000-02-01,0,0,0,0,0,0,0,0,0,0,0,0,0,0,0,0,0,0,0,0,0,0,0,0,0,0,0,0,0,0,0,0,0,0
2000-02-02,0,0,0,0,0,0,0,0,0,0,0,0,0,0,0,0,0,0,0,0,0,0,0,0,0,0,0,0,0,0,0,0,0,0
2000-02-03,0,0,0,0,0,0,0,0,0,0,0,0,0,0,0,0,0,0,0,0,0,0,0,0,0,0,0,0,0,0,0,0,0,0
2000-02-04,0,0,0,0,0,0,0,0,0,0,0,0,0,0,0,0,0,0,0,0,0,0,0,0,0,0,0,0,0,0,0,0,0,0
2000-02-05,0,0,0,0,0,0,0,0,0,0,0,0,0,0,0,0,0,0,0,0,0,0,0,0,0,0,0,0,0,0,0,0,0,0
2000-02-06,0,0,0,0,0,0,0,0,0,0,0,0,0,0,0,0,0,0,0,0,0,0,0,0,0,0,0,0,0,0,0,0,0,0
2000-02-07,0,0,0,0,0,0,0,0,0,0,0,0,0,0,0,0,0,0,0,0,0,0,0,0,0,0,0,0,0,0,0,0,0,0
2000-02-08,0,0,0,0,0,0,0,0,0,0,0,0,0,0,0,0,0,0,0,0,0,0,0,0,0,0,0,0,0,0,0,0,0,0
2000-02-09,0,0,0,0,0,0,0,0,0,0,0,0,0,0,0,0,0,0,0,0,0,0,0,0,0,0,0,0,0,0,0,0,0,0
2000-02-10,0,0,0,0,0,0,0,0,0,0,0,0,0,0,0,0,0,0,0,0,0,0,0,0,0,0,0,0,0,0,0,0,0,0
2000-02-11,0,0,0,0,0,0,0,0,0,0,0,0,0,0,0,0,0,0,0,0,0,0,0,0,0,0,0,0,0,0,0,0,0,0
2000-02-12,0,0,0,0,0,0,0,0,0,0,0,0,0,0,0,0,0,0,0,0,0,0,0,0,0,0,0,0,0,0,0,0,0,0
2000-02-13,0,0,0,0,0,0,0,0,0,0,0,0,0,0,0,0,0,0,0,0,0,0,0,0,0,0,0,0,0,0,0,0,0,0
2000-02-14,0,0,0,0,0,0,0,0,0,0,0,0,0,0,0,0,0,0,0,0,0,0,0,0,0,0,0,0,0,0,0,0,0,0
2000-02-15,0,0,0,0,0,0,0,0,0,0,0,0,0,0,0,0,0,0,0,0,0,0,0,0,0,0,0,0,0,0,0,0,0,0
2000-02-16,0,0,0,0,0,0,0,0,0,0,0,0,0,0,0,0,0,0,0,0,0,0,0,0,0,0,0,0,0,0,0,0,0,0
2000-02-17,0,0,0,0,0,0,0,0,0,0,0,0,0,0,0,0,0,0,0,0,0,0,0,0,0,0,0,0,0,0,0,0,0,0
2000-02-18,0,0,0,0,0,0,0,0,0,0,0,0,0,0,0,0,0,0,0,0,0,0,0,0,0,0,0,0,0,0,0,0,0,0
2000-02-19,0,0,0,0,0,0,0,0,0,0,0,0,0,0,0,0,0,0,0,0,0,0,0,0,0,0,0,0,0,0,0,0,0,0
2000-02-20,0,0,0,0,0,0,0,0,0,0,0,0,0,0,0,0,0,0,0,0,0,0,0,0,0,0,0,0,0,0,0,0,0,0
2000-02-21,0,0,0,0,0,0,0,0,0,0,0,0,0,0,0,0,0,0,0,0,0,0,0,0,0,0,0,0,0,0,0,0,0,0
2000-02-22,0,0,0,0,0,0,0,0,0,0,0,0,0,0,0,0,0,0,0,0,0,0,0,0,0,0,0,0,0,0,0,0,0,0
2000-02-23,0,0,0,0,0,0,0,0,0,0,0,0,0,0,0,0,0,0,0,0,0,0,0,0,0,0,0,0,0,0,0,0,0,0
2000-02-24,0,0,0,0,0,0,0,0,0,0,0,0,0,0,0,0,0,0,0,0,0,0,0,0,0,0,0,0,0,0,0,0,0,0
2000-02-25,0,0,0,0,0,0,0,0,0,0,0,0,0,0,0,0,0,0,0,0,0,0,0,0,0,0,0,0,0,0,0,0,0,0
2000-02-26,0,0,0,0,0,0,0,0,0,0,0,0,0,0,0,0,0,0,0,0,0,0,0,0,0,0,0,0,0,0,0,0,0,0
2000-02-27,0,0,0,0,0,0,0,0,0,0,0,0,0,0,0,0,0,0,0,0,0,0,0,0,0,0,0,0,0,0,0,0,0,0
2000-02-28,0,0,0,0,0,0,0,0,0,0,0,0,0,0,0,0,0,0,0,0,0,0,0,0,0,0,0,0,0,0,0,0,0,0
2000-02-29,0,0,0,0,0,0,0,0,0,0,0,0,0,0,0,0,0,0,0,0,0,0,0,0,0,0,0,0,0,0,0,0,0,0
2000-03-01,0,0,0,0,0,0,0,0,0,0,0,0,0,0,0,0,0,0,0,0,0,0,0,0,0,0,0,0,0,0,0,0,0,0
2000-03-02,0,0,0,0,0,0,0,0,0,0,0,0,0,0,0,0,0,0,0,0,0,0,0,0,0,0,0,0,0,0,0,0,0,0
2000-03-03,0,0,0,0,0,0,0,0,0,0,0,0,0,0,0,0,0,0,0,0,0,0,0,0,0,0,0,0,0,0,0,0,0,0
2000-03-04,0,0,0,0,0,0,0,0,0,0,0,0,0,0,0,0,0,0,0,0,0,0,0,0,0,0,0,0,0,0,0,0,0,0
2000-03-05,0,0,0,0,0,0,0,0,0,0,0,0,0,0,0,0,0,0,0,0,0,0,0,0,0,0,0,0,0,0,0,0,0,0
2000-03-06,0,0,0,0,0,0,0,0,0,0,0,0,0,0,0,0,0,0,0,0,0,0,0,0,0,0,0,0,0,0,0,0,0,0
2000-03-07,0,0,0,0,0,0,0,0,0,0,0,0,0,0,0,0,0,0,0,0,0,0,0,0,0,0,0,0,0,0,0,0,0,0
2000-03-08,0,0,0,0,0,0,0,0,0,0,0,0,0,0,0,0,0,0,0,0,0,0,0,0,0,0,0,0,0,0,0,0,0,0
2000-03-09,0,0,0,0,0,0,0,0,0,0,0,0,0,0,0,0,0,0,0,0,0,0,0,0,0,0,0,0,0,0,0,0,0,0
2000-03-10,0,0,0,0,0,0,0,0,0,0,0,0,0,0,0,0,0,0,0,0,0,0,0,0,0,0,0,0,0,0,0,0,0,0
2000-03-11,0,0,0,0,0,0,0,0,0,0,0,0,0,0,0,0,0,0,0,0,0,0,0,0,0,0,0,0,0,0,0,0,0,0
2000-03-12,0,0,0,0,0,0,0,0,0,0,0,0,0,0,0,0,0,0,0,0,0,0,0,0,0,0,0,0,0,0,0,0,0,0
2000-03-13,0,0,0,0,0,0,0,0,0,0,0,0,0,0,0,0,0,0,0,0,0,0,0,0,0,0,0,0,0,0,0,0,0,0
2000-03-14,0,0,0,0,0,0,0,0,0,0,0,0,0,0,0,0,0,0,0,0,0,0,0,0,0,0,0,0,0,0,0,0,0,0
2000-03-15,0,0,0,0,0,0,0,0,0,0,0,0,0,0,0,0,0,0,0,0,0,0,0,0,0,0,0,0,0,0,0,0,0,0
2000-03-16,0,0,0,0,0,0,0,0,0,0,0,0,0,0,0,0,0,0,0,0,0,0,0,0,0,0,0,0,0,0,0,0,0,0
2000-03-17,0,0,0,0,0,0,0,0,0,0,0,0,0,0,0,0,0,0,0,0,0,0,0,0,0,0,0,0,0,0,0,0,0,0
2000-03-18,0,0,0,0,0,0,0,0,0,0,0,0,0,0,0,0,0,0,0,0,0,0,0,0,0,0,0,0,0,0,0,0,0,0
2000-03-19,0,0,0,0,0,0,0,0,0,0,0,0,0,0,0,0,0,0,0,0,0,0,0,0,0,0,0,0,0,0,0,0,0,0
2000-03-20,0,0,0,0,0,0,0,0,0,0,0,0,0,0,0,0,0,0,0,0,0,0,0,0,0,0,0,0,0,0,0,0,0,0
2000-03-21,0,0,0,0,0,0,0,0,0,0,0,0,0,0,0,0,0,0,0,0,0,0,0,0,0,0,0,0,0,0,0,0,0,0
2000-03-22,0,0,0,0,0,0,0,0,0,0,0,0,0,0,0,0,0,0,0,0,0,0,0,0,0,0,0,0,0,0,0,0,0,0
2000-03-23,0,0,0,0,0,0,0,0,0,0,0,0,0,0,0,0,0,0,0,0,0,0,0,0,0,0,0,0,0,0,0,0,0,0
2000-03-24,0,0,0,0,0,0,0,0,0,0,0,0,0,0,0,0,0,0,0,0,0,0,0,0,0,0,0,0,0,0,0,0,0,0
2000-03-25,0,0,0,0,0,0,0,0,0,0,0,0,0,0,0,0,0,0,0,0,0,0,0,0,0,0,0,0,0,0,0,0,0,0
2000-03-26,0,0,0,0,0,0,0,0,0,0,0,0,0,0,0,0,0,0,0,0,0,0,0,0,0,0,0,0,0,0,0,0,0,0
2000-03-27,0,0,0,0,0,0,0,0,0,0,0,0,0,0,0,0,0,0,0,0,0,0,0,0,0,0,0,0,0,0,0,0,0,0
2000-03-28,0,0,0,0,0,0,0,0,0,0,0,0,0,0,0,0,0,0,0,0,0,0,0,0,0,0,0,0,0,0,0,0,0,0
2000-03-29,0,0,0,0,0,0,0,0,0,0,0,0,0,0,0,0,0,0,0,0,0,0,0,0,0,0,0,0,0,0,0,0,0,0
2000-03-30,0,0,0,0,0,0,0,0,0,0,0,0,0,0,0,0,0,0,0,0,0,0,0,0,0,0,0,0,0,0,0,0,0,0
2000-03-31,0,0,0,0,0,0,0,0,0,0,0,0,0,0,0,0,0,0,0,0,0,0,0,0,0,0,0,0,0,0,0,0,0,0
2000-04-01,0,0,0,0,0,0,0,0,0,0,0,0,0,0,0,0,0,0,0,0,0,0,0,0,0,0,0,0,0,0,0,0,0,0
2000-04-02,0,0,0,0,0,0,0,0,0,0,0,0,0,0,0,0,0,0,0,0,0,0,0,0,0,0,0,0,0,0,0,0,0,0
2000-04-03,0,0,0,0,0,0,0,0,0,0,0,0,0,0,0,0,0,0,0,0,0,0,0,0,0,0,0,0,0,0,0,0,0,0
2000-04-04,0,0,0,0,0,0,0,0,0,0,0,0,0,0,0,0,0,0,0,0,0,0,0,0,0,0,0,0,0,0,0,0,0,0
2000-04-05,0,0,0,0,0,0,0,0,0,0,0,0,0,0,0,0,0,0,0,0,0,0,0,0,0,0,0,0,0,0,0,0,0,0
2000-04-06,0,0,0,0,0,0,0,0,0,0,0,0,0,0,0,0,0,0,0,0,0,0,0,0,0,0,0,0,0,0,0,0,0,0
2000-04-07,0,0,0,0,0,0,0,0,0,0,0,0,0,0,0,0,0,0,0,0,0,0,0,0,0,0,0,0,0,0,0,0,0,0
2000-04-08,0,0,0,0,0,0,0,0,0,0,0,0,0,0,0,0,0,0,0,0,0,0,0,0,0,0,0,0,0,0,0,0,0,0
2000-04-09,0,0,0,0,0,0,0,0,0,0,0,0,0,0,0,0,0,0,0,0,0,0,0,0,0,0,0,0,0,0,0,0,0,0
2000-04-10,0,0,0,0,0,0,0,0,0,0,0,0,0,0,0,0,0,0,0,0,0,0,0,0,0,0,0,0,0,0,0,0,0,0
2000-04-11,0,0,0,0,0,0,0,0,0,0,0,0,0,0,0,0,0,0,0,0,0,0,0,0,0,0,0,0,0,0,0,0,0,0
2000-04-12,0,0,0,0,0,0,0,0,0,0,0,0,0,0,0,0,0,0,0,0,0,0,0,0,0,0,0,0,0,0,0,0,0,0
2000-04-13,0,0,0,0,0,0,0,0,0,0,0,0,0,0,0,0,0,0,0,0,0,0,0,0,0,0,0,0,0,0,0,0,0,0
2000-04-14,0,0,0,0,0,0,0,0,0,0,0,0,0,0,0,0,0,0,0,0,0,0,0,0,0,0,0,0,0,0,0,0,0,0
2000-04-15,0,0,0,0,0,0,0,0,0,0,0,0,0,0,0,0,0,0,0,0,0,0,0,0,0,0,0,0,0,0,0,0,0,0
2000-04-16,0,0,0,0,0,0,0,0,0,0,0,0,0,0,0,0,0,0,0,0,0,0,0,0,0,0,0,0,0,0,0,0,0,0
2000-04-17,0,0,0,0,0,0,0,0,0,0,0,0,0,0,0,0,0,0,0,0,0,0,0,0,0,0,0,0,0,0,0,0,0,0
2000-04-18,0,0,0,0,0,0,0,0,0,0,0,0,0,0,0,0,0,0,0,0,0,0,0,0,0,0,0,0,0,0,0,0,0,0
2000-04-19,0,0,0,0,0,0,0,0,0,0,0,0,0,0,0,0,0,0,0,0,0,0,0,0,0,0,0,0,0,0,0,0,0,0
2000-04-20,0,0,0,0,0,0,0,0,0,0,0,0,0,0,0,0,0,0,0,0,0,0,0,0,0,0,0,0,0,0,0,0,0,0
2000-04-21,0,0,0,0,0,0,0,0,0,0,0,0,0,0,0,0,0,0,0,0,0,0,0,0,0,0,0,0,0,0,0,0,0,0
2000-04-22,0,0,0,0,0,0,0,0,0,0,0,0,0,0,0,0,0,0,0,0,0,0,0,0,0,0,0,0,0,0,0,0,0,0
2000-04-23,0,0,0,0,0,0,0,0,0,0,0,0,0,0,0,0,0,0,0,0,0,0,0,0,0,0,0,0,0,0,0,0,0,0
2000-04-24,0,0,0,0,0,0,0,0,0,0,0,0,0,0,0,0,0,0,0,0,0,0,0,0,0,0,0,0,0,0,0,0,0,0
2000-04-25,0,0,0,0,0,0,0,0,0,0,0,0,0,0,0,0,0,0,0,0,0,0,0,0,0,0,0,0,0,0,0,0,0,0
2000-04-26,0,0,0,0,0,0,0,0,0,0,0,0,0,0,0,0,0,0,0,0,0,0,0,0,0,0,0,0,0,0,0,0,0,0
2000-04-27,0,0,0,0,0,0,0,0,0,0,0,0,0,0,0,0,0,0,0,0,0,0,0,0,0,0,0,0,0,0,0,0,0,0
2000-04-28,0,0,0,0,0,0,0,0,0,0,0,0,0,0,0,0,0,0,0,0,0,0,0,0,0,0,0,0,0,0,0,0,0,0
2000-04-29,0,0,0,0,0,0,0,0,0,0,0,0,0,0,0,0,0,0,0,0,0,0,0,0,0,0,0,0,0,0,0,0,0,0
2000-04-30,0,0,0,0,0,0,0,0,0,0,0,0,0,0,0,0,0,0,0,0,0,0,0,0,0,0,0,0,0,0,0,0,0,0
2000-05-01,0,0,0,0,0,0,0,0,0,0,0,0,0,0,0,0,0,0,0,0,0,0,0,0,0,0,0,0,0,0,0,0,0,0
2000-05-02,0,0,0,0,0,0,0,0,0,0,0,0,0,0,0,0,0,0,0,0,0,0,0,0,0,0,0,0,0,0,0,0,0,0
2000-05-03,0,0,0,0,0,0,0,0,0,0,0,0,0,0,0,0,0,0,0,0,0,0,0,0,0,0,0,0,0,0,0,0,0,0
2000-05-04,0,0,0,0,0,0,0,0,0,0,0,0,0,0,0,0,0,0,0,0,0,0,0,0,0,0,0,0,0,0,0,0,0,0
2000-05-05,0,0,0,0,0,0,0,0,0,0,0,0,0,0,0,0,0,0,0,0,0,0,0,0,0,0,0,0,0,0,0,0,0,0
2000-05-06,0,0,0,0,0,0,0,0,0,0,0,0,0,0,0,0,0,0,0,0,0,0,0,0,0,0,0,0,0,0,0,0,0,0
2000-05-07,0,0,0,0,0,0,0,0,0,0,0,0,0,0,0,0,0,0,0,0,0,0,0,0,0,0,0,0,0,0,0,0,0,0
2000-05-08,0,0,0,0,0,0,0,0,0,0,0,0,0,0,0,0,0,0,0,0,0,0,0,0,0,0,0,0,0,0,0,0,0,0
2000-05-09,0,0,0,0,0,0,0,0,0,0,0,0,0,0,0,0,0,0,0,0,0,0,0,0,0,0,0,0,0,0,0,0,0,0
2000-05-10,0,0,0,0,0,0,0,0,0,0,0,0,0,0,0,0,0,0,0,0,0,0,0,0,0,0,0,0,0,7,0,0,0,0
2000-05-11,0,0,0,0,2,0,0,0,0,0,0,0,0,0,1,3,7,0,0,0,0,0,0,0,0,0,0,0,5,40,0,0,0,0
2000-05-12,0,0,0,0,6,0,0,0,0,0,0,0,0,0,3,0,0,0,0,0,0,0,0,0,0,0,0,0,9,7,0,0,0,0
2000-05-13,0,0,0,0,0,0,0,0,0,0,0,0,0,0,1,0,0,0,0,0,0,0,0,0,0,0,0,0,0,0,0,0,0,0
2000-05-14,0,0,0,0,0,0,0,0,0,0,2,0,0,0,0,0,0,0,0,0,0,0,0,0,0,0,0,0,0,0,0,0,0,0
2000-05-15,0,0,0,0,0,0,0,0,0,0,36,0,0,0,0,0,0,0,0,0,0,0,0,0,0,0,0,2,0,0,0,0,0,0
2000-05-16,0,0,0,0,0,0,0,0,0,0,5,0,0,0,0,0,0,0,0,0,0,0,0,0,0,0,1,0,0,0,0,0,0,0
2000-05-17,0,0,0,0,0,0,0,0,0,0,0,0,0,0,0,0,0,0,11,0,0,0,0,0,0,0,2,0,0,0,0,0,0,0
2000-05-18,0,0,0,0,0,0,0,0,0,0,0,0,0,0,0,0,0,0,3,0,0,0,0,0,0,0,0,0,0,10,0,0,0,0
2000-05-19,0,0,0,0,0,0,0,0,0,0,1,0,0,0,0,0,0,0,0,0,0,0,0,0,0,0,0,0,0,0,0,0,0,0
2000-05-20,0,0,0,0,0,0,0,0,0,0,0,0,0,0,0,0,0,0,0,0,0,0,0,0,0,0,0,0,1,0,0,0,0,0
2000-05-21,0,0,0,0,0,0,0,0,0,0,0,0,0,0,0,0,0,0,0,0,0,0,0,0,0,0,0,0,0,0,0,0,0,0
2000-05-22,0,0,0,0,0,0,0,0,0,0,0,0,0,0,0,0,0,0,0,0,0,0,0,0,0,0,0,0,0,0,0,0,0,0
2000-05-23,0,0,0,0,0,0,0,0,0,0,0,0,0,0,0,0,0,0,1,0,0,0,0,0,0,0,0,0,0,0,0,0,0,0
2000-05-24,0,0,0,0,0,0,0,0,0,0,1,0,0,0,0,0,0,0,0,0,0,0,0,0,0,0,0,0,0,0,0,0,0,0
2000-05-25,0,0,0,0,0,0,0,0,0,0,0,0,0,0,0,0,0,0,1,0,0,0,0,0,0,0,0,0,0,0,0,0,0,0
2000-05-26,0,0,0,0,0,0,0,0,0,0,2,0,0,0,0,0,0,0,3,0,0,0,0,0,0,0,0,0,0,0,0,0,0,0
2000-05-27,0,0,2,0,5,0,0,0,0,0,0,0,0,0,0,7,44,0,3,0,0,0,0,0,0,0,0,0,24,55,0,0,4,0
2000-05-28,0,0,1,0,12,0,0,0,0,0,11,0,0,0,0,4,93,0,1,0,0,0,0,0,0,0,0,0,83,82,0,0,0,0
2000-05-29,0,0,0,0,5,0,0,0,0,0,171,0,0,0,0,0,0,0,3,0,0,0,0,0,0,0,0,0,35,0,0,0,0,0
2000-05-30,0,0,0,0,0,0,0,0,0,0,483,0,0,0,10,0,0,0,4,0,0,0,0,0,0,0,0,28,0,0,0,0,0,0
2000-05-31,0,0,0,0,0,0,0,0,0,0,693,0,0,0,8,0,0,0,7,0,0,0,0,0,0,0,0,48,0,0,0,0,0,0
2000-06-01,0,0,0,0,0,0,0,0,0,0,692,0,0,0,1,0,0,0,1,0,0,0,0,0,0,0,0,78,0,0,0,0,0,0
2000-06-02,0,0,0,0,0,0,0,0,0,0,519,0,0,0,0,0,0,0,2,0,0,0,0,0,0,0,0,31,0,0,0,0,0,0
2000-06-03,0,0,0,0,0,0,0,2,0,0,343,0,6,0,0,0,0,0,47,0,0,0,0,0,0,0,0,7,0,0,0,0,0,0
2000-06-04,0,0,0,0,0,0,0,0,0,0,54,0,1,0,0,0,13,0,92,0,0,0,0,0,0,0,9,0,3,4,0,0,1,0
2000-06-05,0,11,4,0,7,0,11,0,0,0,38,0,0,0,4,35,174,0,137,0,0,0,0,0,0,0,5,0,162,68,0,2,31,0
2000-06-06,2,0,18,0,35,0,0,0,0,0,65,0,0,0,48,61,219,0,122,0,0,0,1,9,0,0,5,0,313,138,0,0,11,0
2000-06-07,6,0,0,0,70,0,0,0,0,0,163,0,0,0,101,2,0,0,53,0,0,0,1,10,0,0,0,80,263,8,0,0,0,0
2000-06-08,17,0,0,0,22,0,0,0,0,0,199,0,0,0,110,3,0,0,58,0,0,0,5,4,0,0,0,4,33,0,0,0,0,0
2000-06-09,6,0,1,0,20,0,0,0,0,0,0,0,7,0,65,6,0,0,83,0,0,0,3,0,0,0,0,0,38,11,0,0,0,0
2000-06-10,3,19,13,0,16,0,14,119,0,0,0,0,0,0,30,54,130,0,104,0,0,0,2,0,0,0,31,0,59,94,0,5,19,0
2000-06-11,10,52,29,0,11,0,95,28,0,0,3,0,0,0,20,93,345,0,56,0,0,0,4,0,0,0,325,0,96,151,0,8,64,0
2000-06-12,22,36,54,0,10,0,22,0,0,0,133,0,0,0,22,153,464,0,93,0,0,0,5,6,0,0,55,46,168,195,0,14,85,1
2000-06-13,33,43,58,0,64,0,34,3,0,0,248,0,0,0,93,149,546,0,81,0,0,0,8,29,0,0,3,168,451,280,0,5,95,4
2000-06-14,37,28,56,0,215,0,11,0,0,0,442,0,0,0,221,136,484,0,104,0,0,0,8,42,0,0,0,275,604,316,0,10,61,5
2000-06-15,43,0,30,0,283,0,0,0,0,0,694,0,18,0,308,59,129,0,114,0,0,0,11,32,0,0,0,341,527,241,0,0,1,1
2000-06-16,7,0,0,0,51,0,0,0,0,0,1087,0,165,0,216,3,0,0,81,0,0,0,2,0,0,0,0,405,75,0,0,0,0,0
2000-06-17,1,0,0,0,0,0,0,0,0,0,1324,0,147,0,20,0,0,0,31,0,0,0,0,0,0,0,0,298,0,0,0,0,0,0
2000-06-18,0,0,0,0,0,0,0,0,0,0,737,0,373,0,0,0,0,0,4,0,0,0,0,0,0,0,0,15,0,0,0,0,0,0
2000-06-19,0,0,0,62,0,0,0,282,0,0,328,0,621,10,0,0,0,0,25,0,0,0,0,0,86,0,0,0,0,0,0,0,0,0
2000-06-20,0,6,0,61,0,4,45,1208,17,0,66,0,260,0,0,6,11,0,98,0,1,0,0,0,126,0,248,0,0,0,17,1,8,0
2000-06-21,0,79,18,0,18,2,221,931,0,0,120,0,56,0,0,95,268,0,170,0,0,0,0,0,0,0,918,0,55,75,5,16,65,0
2000-06-22,1,116,68,0,172,0,221,56,0,0,377,0,0,0,75,177,548,0,230,0,0,0,0,13,0,0,794,0,348,234,0,29,147,0
2000-06-23,8,0,62,0,306,0,0,0,0,0,644,0,5,0,217,135,455,0,242,0,0,0,2,35,0,0,33,26,572,307,0,8,64,2
2000-06-24,14,0,2,0,206,0,0,0,0,0,921,0,0,0,234,9,51,0,170,0,0,0,2,27,0,0,0,294,339,103,0,0,0,0
2000-06-25,14,0,0,0,280,0,0,0,0,0,789,0,0,0,282,1,0,0,101,0,0,0,2,32,0,0,0,201,362,49,0,0,0,0
2000-06-26,0,0,0,0,46,0,0,0,0,0,982,0,0,0,229,0,0,0,29,0,0,0,0,1,0,0,0,25,16,0,0,0,0,0
2000-06-27,0,0,0,0,0,0,0,0,0,0,795,0,76,0,57,0,0,0,33,0,0,0,0,0,0,0,0,0,0,0,0,0,0,0
2000-06-28,1,0,0,0,0,0,0,0,0,0,807,0,25,0,19,0,0,0,72,0,0,0,0,0,0,0,0,0,0,0,0,0,0,0
2000-06-29,0,0,0,0,0,0,0,0,0,0,926,332,24,0,8,0,0,0,71,0,0,0,0,0,0,0,0,32,0,0,0,0,0,0
2000-06-30,0,0,0,0,0,0,0,0,0,0,1073,201,17,0,6,0,0,0,81,0,0,0,0,0,0,0,0,18,0,0,0,0,0,0
2000-07-01,5,0,2,0,2,0,0,0,0,0,958,0,16,0,36,7,1,0,216,0,0,0,2,1,0,0,0,1,6,40,0,0,0,0
2000-07-02,17,2,45,0,133,0,0,0,0,0,695,0,175,0,133,108,243,0,550,0,0,0,3,15,0,0,0,0,321,223,0,8,9,0
2000-07-03,52,19,150,0,381,0,2,0,0,0,418,0,92,0,348,219,446,0,929,0,0,0,9,67,0,0,0,0,675,425,0,24,40,19
2000-07-04,130,6,232,0,780,0,0,0,0,0,198,0,45,0,659,284,580,0,1181,0,0,0,22,138,0,0,0,0,1356,622,0,23,48,45
2000-07-05,155,0,173,0,1036,0,0,0,0,0,505,0,19,0,905,164,197,0,833,0,0,0,22,160,0,0,0,5,1547,520,0,2,5,50
2000-07-06,74,0,43,0,682,0,0,0,0,0,1199,0,181,0,886,86,64,0,724,0,0,0,10,97,0,0,0,9,594,180,0,2,1,19
2000-07-07,61,0,140,0,317,0,0,0,0,0,897,0,72,0,640,178,92,0,1070,0,0,0,12,75,0,0,0,2,283,237,0,10,0,15
2000-07-08,113,0,101,0,539,0,0,0,0,0,688,0,3,0,557,71,43,0,794,0,0,0,14,100,0,0,0,62,646,397,0,0,0,38
2000-07-09,16,0,0,0,407,0,0,0,0,0,592,0,0,0,588,0,0,0,140,0,0,0,0,26,0,0,0,105,282,0,0,0,0,0
2000-07-10,2,0,0,0,3,0,0,0,0,0,142,0,0,0,187,0,0,0,72,0,0,0,0,0,0,0,0,0,1,0,0,0,0,0
2000-07-11,17,0,4,0,171,0,0,0,0,0,46,0,0,0,211,2,6,0,188,0,0,0,1,32,0,0,0,0,214,140,0,0,0,3
2000-07-12,21,0,0,0,445,0,0,0,0,0,208,0,0,0,540,1,0,0,72,0,0,0,0,80,0,0,0,47,333,63,0,0,0,9
2000-07-13,0,0,0,0,57,0,0,0,0,0,541,0,0,0,240,0,0,0,2,0,0,0,0,0,0,0,0,220,2,0,0,0,0,0
2000-07-14,0,0,0,0,0,0,0,0,0,0,958,0,0,0,26,0,0,0,0,0,0,0,0,0,0,0,0,363,0,0,0,0,0,0
2000-07-15,0,0,0,0,2,0,0,0,0,0,1095,0,0,0,38,0,0,0,1,0,0,0,0,0,0,0,0,442,0,0,0,0,0,0
2000-07-16,0,0,0,0,19,0,0,0,0,0,1068,0,0,0,75,0,0,0,2,0,0,0,0,0,0,0,0,387,0,0,0,0,0,0
2000-07-17,0,0,0,0,10,0,0,0,0,0,730,0,0,0,114,0,0,0,5,0,0,0,0,0,0,0,0,95,0,0,0,0,0,0
2000-07-18,0,0,0,0,17,0,0,0,0,0,603,0,0,0,133,0,0,0,33,0,0,0,0,0,0,0,0,14,0,0,0,0,0,0
2000-07-19,0,0,0,0,0,0,0,0,0,0,857,36,3,0,88,0,0,0,28,0,0,0,0,0,0,1,0,7,0,0,0,0,0,0
2000-07-20,0,0,0,0,0,0,0,0,0,0,1395,0,27,0,51,0,0,0,27,0,0,0,0,0,0,1,0,69,0,0,0,0,0,0
2000-07-21,0,0,0,0,0,0,0,0,0,0,1771,0,104,0,24,0,0,0,15,0,0,0,0,0,0,0,0,106,0,0,0,0,0,0
2000-07-22,0,0,0,0,0,0,0,0,0,0,993,0,96,0,22,0,0,0,60,0,0,0,0,0,0,0,0,0,0,0,0,0,0,0
2000-07-23,0,0,1,0,34,0,0,0,0,0,246,0,10,0,104,4,1,0,206,0,0,0,0,2,0,0,0,0,41,20,0,0,0,0
2000-07-24,10,0,22,0,258,0,0,0,0,0,214,0,3,0,228,43,18,0,315,0,0,0,1,38,0,0,0,0,247,190,0,0,1,4
2000-07-25,46,1,78,0,625,0,0,0,0,0,311,0,1,0,469,113,205,0,406,0,0,0,6,96,0,0,0,0,850,404,0,2,8,30
2000-07-26,89,0,81,0,872,0,0,0,0,0,327,0,10,0,683,126,145,0,495,0,0,0,8,139,0,0,0,0,981,466,0,1,0,41
2000-07-27,62,0,23,0,722,0,0,0,0,0,720,0,19,0,815,55,0,0,531,0,0,0,9,110,0,0,0,9,497,134,0,0,0,19
2000-07-28,51,0,23,0,428,0,0,0,0,0,960,0,25,0,664,20,1,0,380,0,0,0,7,93,0,0,0,53,276,171,0,0,0,20
2000-07-29,22,0,2,0,332,0,0,0,0,0,1161,0,10,0,534,7,0,0,193,0,0,0,4,56,0,0,0,193,287,1,0,0,0,0
2000-07-30,10,0,0,0,109,0,0,0,0,0,1565,0,12,0,363,1,0,0,157,0,0,0,2,13,0,0,0,372,80,0,0,0,0,0
2000-07-31,8,0,0,0,0,0,0,0,0,0,2132,0,46,0,142,1,0,0,127,0,0,0,1,1,0,0,0,371,0,0,0,0,0,0
2000-08-01,5,0,0,0,5,0,0,0,0,0,2164,0,82,0,103,2,0,0,180,0,0,0,0,0,0,0,0,284,3,0,0,0,0,0
2000-08-02,8,1,1,0,3,0,0,0,0,0,1760,0,15,0,96,9,6,0,255,0,0,0,2,0,0,0,0,95,3,5,0,0,2,0
2000-08-03,5,0,26,0,47,0,0,0,0,0,828,0,9,0,98,66,117,0,306,0,0,0,3,9,0,0,0,12,94,130,0,0,1,0
2000-08-04,12,0,44,0,103,0,0,0,0,0,277,0,0,0,140,75,152,0,199,0,0,0,4,24,0,0,0,48,332,264,0,0,0,11
2000-08-05,17,0,27,0,123,0,0,0,0,0,256,0,0,0,159,43,81,0,117,0,0,0,4,41,0,0,0,123,339,274,0,0,0,14
2000-08-06,15,0,18,0,217,0,0,0,0,0,344,0,2,0,217,23,203,0,88,0,0,0,4,55,0,0,0,175,522,329,0,0,2,19
2000-08-07,3,0,0,0,284,0,0,0,0,0,540,0,10,0,228,1,13,0,34,0,0,0,2,53,0,0,0,271,557,133,0,0,0,8
2000-08-08,4,0,0,0,170,0,0,0,0,0,810,0,17,0,259,6,0,0,66,0,0,0,2,12,0,0,0,351,189,1,0,0,0,0
2000-08-09,18,0,2,0,123,0,0,0,0,0,1265,0,68,0,246,9,0,0,88,0,0,0,5,16,0,0,0,334,73,5,0,0,0,0
2000-08-10,11,0,9,0,110,0,0,0,0,0,1641,0,204,0,203,25,0,0,165,0,0,0,6,14,0,0,0,183,110,35,0,0,0,0
2000-08-11,15,0,22,0,75,0,0,0,0,0,686,0,305,0,175,59,73,0,291,0,0,0,7,21,0,0,0,8,168,91,0,0,0,0
2000-08-12,19,0,39,0,47,0,0,0,0,0,389,0,84,0,167,111,231,0,371,0,0,0,7,20,0,0,0,1,198,152,0,1,15,0
2000-08-13,24,0,61,0,136,0,0,0,0,0,693,0,107,0,235,126,265,0,314,0,0,0,8,30,0,0,0,28,354,196,0,0,22,3
2000-08-14,23,2,53,0,281,0,2,20,0,0,1374,0,191,0,286,114,205,0,367,0,0,0,7,38,0,0,1,124,408,245,0,1,17,6
2000-08-15,28,4,10,0,263,0,10,1,0,0,1963,0,191,0,323,57,127,0,595,0,0,0,9,43,0,0,45,345,307,131,0,1,16,3
2000-08-16,31,10,25,0,197,0,8,0,0,0,2171,0,198,0,283,97,209,0,661,0,0,0,7,22,0,0,1,326,280,133,0,4,25,0
2000-08-17,30,25,60,0,144,0,12,0,0,0,1693,0,110,0,199,160,364,0,717,0,0,0,8,9,0,0,0,108,306,183,0,14,70,0
2000-08-18,34,33,85,0,234,0,10,0,0,0,1235,0,162,0,264,211,472,0,827,0,0,0,9,27,0,0,0,47,542,259,0,20,86,3
2000-08-19,46,92,136,0,306,0,68,18,0,0,1341,0,348,0,281,274,622,0,914,0,0,0,13,51,0,0,284,32,771,363,0,47,157,17
2000-08-20,46,102,183,0,412,10,178,136,0,0,1005,0,301,0,323,284,668,0,913,0,0,0,14,64,0,0,251,2,1049,437,0,42,179,26
2000-08-21,64,113,225,0,438,0,75,2,0,0,453,0,47,0,388,308,664,0,1062,0,0,0,18,76,0,0,206,0,1191,461,0,50,158,29
2000-08-22,85,7,210,0,430,0,0,0,0,0,173,0,49,0,421,272,479,0,1188,0,0,0,24,84,0,0,0,0,1270,496,0,27,43,34
2000-08-23,109,0,142,0,549,0,0,0,0,0,211,0,112,0,475,177,151,0,1180,0,0,0,32,99,0,0,0,0,801,406,0,6,0,35
2000-08-24,98,0,31,0,207,0,0,0,0,0,646,0,438,0,584,78,0,0,1239,0,0,0,17,64,0,0,0,0,122,133,0,1,0,10
2000-08-25,52,0,15,0,50,0,0,0,0,0,667,0,1030,0,318,57,0,0,1110,0,0,0,11,19,0,0,0,0,36,22,0,2,0,0
2000-08-26,18,0,1,0,0,0,0,0,0,0,295,0,110,0,164,14,0,0,918,0,0,0,4,0,0,0,0,0,0,0,0,0,0,0
2000-08-27,5,0,0,0,0,0,0,0,0,0,319,0,39,0,53,3,0,0,606,0,0,0,0,0,0,0,0,25,0,0,0,0,0,0
2000-08-28,8,0,0,0,0,0,0,0,0,0,603,0,9,0,49,3,0,0,323,0,0,0,0,0,0,0,0,83,0,0,0,0,0,0
2000-08-29,4,0,0,0,0,0,0,0,0,0,646,0,5,0,70,2,0,0,169,0,0,0,0,0,0,0,0,42,0,0,0,0,0,0
2000-08-30,2,0,0,0,0,0,0,0,0,0,576,0,2,0,32,3,0,0,164,0,0,0,0,0,0,0,0,1,0,0,0,0,0,0
2000-08-31,6,0,8,0,24,0,0,0,0,0,392,0,1,0,73,12,0,0,312,0,0,0,0,3,0,0,0,7,25,46,0,0,0,0
2000-09-01,0,0,0,0,23,0,0,0,0,0,589,0,0,0,118,0,0,0,226,0,0,0,0,0,0,0,0,38,15,0,0,0,0,0
2000-09-02,0,0,0,0,5,0,0,0,0,0,631,0,1,0,136,0,0,0,138,0,0,0,0,0,0,0,0,66,2,0,0,0,0,0
2000-09-03,3,0,0,0,34,0,0,0,0,0,426,0,0,0,160,0,0,0,140,0,0,0,0,2,0,0,0,36,7,0,0,0,0,0
2000-09-04,0,0,0,0,14,0,0,0,0,0,276,0,0,0,180,0,0,0,47,0,0,0,0,0,0,0,0,40,0,0,0,0,0,0
2000-09-05,0,0,0,0,0,0,0,0,0,0,323,0,0,0,83,0,0,0,24,0,0,0,0,0,0,0,0,107,0,0,0,0,0,0
2000-09-06,0,0,0,0,0,0,0,0,0,0,463,0,0,0,8,0,0,0,3,0,0,0,0,0,0,0,0,163,0,0,0,0,0,0
2000-09-07,0,0,0,0,0,0,0,0,0,0,724,0,1,0,0,0,0,0,0,0,0,0,0,0,0,0,0,156,0,0,0,0,0,0
2000-09-08,0,0,0,0,0,0,0,0,0,0,866,0,0,0,0,0,0,0,0,0,0,0,0,0,0,0,0,207,0,0,0,0,0,0
2000-09-09,0,0,0,0,0,0,0,0,0,0,811,0,15,0,1,0,0,0,0,0,0,0,0,0,0,0,0,182,0,0,0,0,0,0
2000-09-10,0,0,0,0,0,0,0,0,0,0,788,0,24,0,10,0,0,0,0,0,0,0,0,0,0,0,0,176,0,0,0,0,0,0
2000-09-11,0,0,0,0,0,0,0,0,0,0,393,0,24,0,6,0,0,0,0,0,0,0,0,0,0,0,0,78,0,0,0,0,0,0
2000-09-12,0,0,0,0,0,0,0,0,0,0,314,0,0,0,0,0,0,0,0,0,0,0,0,0,0,0,0,14,0,0,0,0,0,0
2000-09-13,0,0,0,0,0,0,0,0,0,0,452,0,0,0,3,0,0,0,1,0,0,0,0,0,0,0,0,6,0,0,0,0,0,0
2000-09-14,0,0,0,0,2,0,0,0,0,0,554,0,0,0,5,0,0,0,1,0,0,0,0,0,0,0,0,28,1,0,0,0,0,0
2000-09-15,0,0,0,0,11,0,0,0,0,0,485,0,1,0,12,0,0,0,11,0,0,0,0,0,0,0,0,15,10,0,0,0,0,0
2000-09-16,0,0,0,0,0,0,0,0,0,0,245,0,5,0,39,0,0,0,39,0,0,0,0,0,0,0,0,0,0,0,0,0,0,0
2000-09-17,0,0,0,0,0,0,0,0,0,0,91,0,0,0,30,0,0,0,59,0,0,0,0,0,0,0,0,0,0,0,0,0,0,0
2000-09-18,5,0,0,0,0,0,0,0,0,0,38,0,0,0,60,0,0,0,120,0,0,0,0,0,0,0,0,0,0,0,0,0,0,0
2000-09-19,5,0,0,0,1,0,0,0,0,0,27,0,0,0,119,0,0,0,167,0,0,0,0,0,0,0,0,0,0,0,0,0,0,0
2000-09-20,4,0,0,0,19,0,0,0,0,0,0,0,0,0,161,1,0,0,308,0,0,0,0,6,0,0,0,0,0,2,0,0,0,0
2000-09-21,4,0,0,0,69,0,0,0,0,0,0,0,0,0,254,0,0,0,50,0,0,0,0,20,0,0,0,0,3,2,0,0,0,0
2000-09-22,0,0,0,0,0,0,0,0,0,0,16,0,0,0,160,0,0,0,1,0,0,0,0,0,0,0,0,0,0,0,0,0,0,0
2000-09-23,0,0,0,0,0,0,0,0,0,0,12,0,0,0,6,0,0,0,0,0,0,0,0,0,0,0,0,0,0,0,0,0,0,0
2000-09-24,0,0,0,0,0,0,0,0,0,0,20,0,0,0,0,0,0,0,0,0,0,0,0,0,0,0,0,0,0,0,0,0,0,0
2000-09-25,0,0,0,0,0,0,0,0,0,0,99,0,0,0,0,0,0,0,0,0,0,0,0,0,0,0,0,0,0,0,0,0,0,0
2000-09-26,0,0,0,0,0,0,0,0,0,0,47,0,0,0,0,0,0,0,0,0,0,0,0,0,0,0,0,0,0,0,0,0,0,0
2000-09-27,0,0,0,0,0,0,0,0,0,0,18,0,0,0,0,0,0,0,0,0,0,0,0,0,0,0,0,0,0,0,0,0,0,0
2000-09-28,0,0,0,0,0,0,0,0,0,0,0,0,0,0,0,0,0,0,0,0,0,0,0,0,0,0,0,0,0,0,0,0,0,0
2000-09-29,0,0,0,0,0,0,0,0,0,0,0,0,0,0,0,0,0,0,0,0,0,0,0,0,0,0,0,0,0,0,0,0,0,0
2000-09-30,0,0,0,0,0,0,0,0,0,0,0,0,0,0,0,0,0,0,2,0,0,0,0,0,0,0,0,0,0,0,0,0,0,0
2000-10-01,3,0,0,0,0,0,0,0,0,0,0,0,0,0,0,0,0,0,21,0,0,0,0,0,0,0,0,0,0,0,0,0,0,0
2000-10-02,0,0,0,0,0,0,0,0,0,0,1,0,0,0,2,0,0,0,0,0,0,0,0,0,0,0,0,0,0,0,0,0,0,0
2000-10-03,0,0,0,0,0,0,0,0,0,0,0,0,0,0,0,0,0,0,0,0,0,0,0,0,0,0,0,0,0,0,0,0,0,0
2000-10-04,0,0,0,0,0,0,0,0,0,0,1,0,0,0,0,0,0,0,0,0,0,0,0,0,0,0,0,0,0,0,0,0,0,0
2000-10-05,0,0,0,0,0,0,0,0,0,0,0,0,0,0,0,0,0,0,0,0,0,0,0,0,0,0,0,0,0,0,0,0,0,0
2000-10-06,0,0,0,0,0,0,0,0,0,0,0,0,0,0,0,0,0,0,0,0,0,0,0,0,0,0,0,0,0,0,0,0,0,0
2000-10-07,0,0,0,0,0,0,0,0,0,0,0,0,0,0,0,0,0,0,0,0,0,0,0,0,0,0,0,0,0,0,0,0,0,0
2000-10-08,0,0,0,0,0,0,0,0,0,0,2,0,0,0,0,0,0,0,0,0,0,0,0,0,0,0,0,0,0,0,0,0,0,0
2000-10-09,0,0,0,0,0,0,0,0,0,0,0,0,0,0,0,0,0,0,0,0,0,0,0,0,0,0,0,0,0,0,0,0,0,0
2000-10-10,0,0,0,0,0,0,0,0,0,0,0,0,0,0,0,0,0,0,0,0,0,0,0,0,0,0,0,0,0,0,0,0,0,0
2000-10-11,0,0,0,0,0,0,0,0,0,0,0,0,0,0,0,0,0,0,0,0,0,0,0,0,0,0,0,0,0,0,0,0,0,0
2000-10-12,0,0,0,0,0,0,0,0,0,0,0,0,0,0,0,0,0,0,0,0,0,0,0,0,0,0,0,0,0,0,0,0,0,0
2000-10-13,0,0,0,0,0,0,0,0,0,0,0,0,0,0,0,0,0,0,25,0,0,0,0,0,0,0,0,0,0,0,0,0,0,0
2000-10-14,0,0,0,0,0,0,0,0,0,0,0,0,0,0,0,0,0,0,21,0,0,0,0,0,0,0,0,0,0,0,0,0,0,0
2000-10-15,0,0,0,0,0,0,0,0,0,0,0,0,0,0,0,0,0,0,0,0,0,0,0,0,0,0,0,0,0,0,0,0,0,0
2000-10-16,0,0,0,0,0,0,0,0,0,0,0,0,0,0,0,0,0,0,0,0,0,0,0,0,0,0,0,0,0,0,0,0,0,0
2000-10-17,0,0,0,0,0,0,0,0,0,0,0,0,0,0,0,0,0,0,0,0,0,0,0,0,0,0,0,0,0,0,0,0,0,0
2000-10-18,0,0,0,0,0,0,0,0,0,0,0,0,0,0,0,0,0,0,0,0,0,0,0,0,0,0,0,0,0,0,0,0,0,0
2000-10-19,0,0,0,0,0,0,0,0,0,0,0,0,0,0,0,0,0,0,0,0,0,0,0,0,0,0,0,0,0,0,0,0,0,0
2000-10-20,0,0,0,0,0,0,0,0,0,0,0,0,0,0,0,0,0,0,0,0,0,0,0,0,0,0,0,0,0,0,0,0,0,0
2000-10-21,0,0,0,0,0,0,0,0,0,0,0,0,0,0,0,0,0,0,0,0,0,0,0,0,0,0,0,0,0,0,0,0,0,0
2000-10-22,0,0,0,0,0,0,0,0,0,0,0,0,0,0,0,0,0,0,0,0,0,0,0,0,0,0,0,0,0,0,0,0,0,0
2000-10-23,0,0,0,0,0,0,0,0,0,0,0,0,0,0,0,0,0,0,0,0,0,0,0,0,0,0,0,0,0,0,0,0,0,0
2000-10-24,0,0,0,0,0,0,0,0,0,0,0,0,0,0,0,0,0,0,0,0,0,0,0,0,0,0,0,0,0,0,0,0,0,0
2000-10-25,0,0,0,0,0,0,0,0,0,0,0,0,0,0,0,0,0,0,0,0,0,0,0,0,0,0,0,0,0,0,0,0,0,0
2000-10-26,0,0,0,0,0,0,0,0,0,0,0,0,0,0,0,0,0,0,0,0,0,0,0,0,0,0,0,0,0,0,0,0,0,0
2000-10-27,0,0,0,0,0,0,0,0,0,0,0,0,0,0,0,0,0,0,0,0,0,0,0,0,0,0,0,0,0,0,0,0,0,0
2000-10-28,0,0,0,0,0,0,0,0,0,0,0,0,0,0,0,0,0,0,0,0,0,0,0,0,0,0,0,0,0,0,0,0,0,0
2000-10-29,0,0,0,0,0,0,0,0,0,0,0,0,0,0,0,0,0,0,0,0,0,0,0,0,0,0,0,0,0,0,0,0,0,0
2000-10-30,0,0,0,0,0,0,0,0,0,0,0,0,0,0,0,0,0,0,0,0,0,0,0,0,0,0,0,0,0,0,0,0,0,0
2000-10-31,0,0,0,0,0,0,0,0,0,0,0,0,0,0,0,0,0,0,0,0,0,0,0,0,0,0,0,0,0,0,0,0,0,0
2000-11-01,0,0,0,0,0,0,0,0,0,0,0,0,0,0,0,0,0,0,0,0,0,0,0,0,0,0,0,0,0,0,0,0,0,0
2000-11-02,0,0,0,0,0,0,0,0,0,0,0,0,0,0,0,0,0,0,0,0,0,0,0,0,0,0,0,0,0,0,0,0,0,0
2000-11-03,0,0,0,0,0,0,0,0,0,0,0,0,0,0,0,0,0,0,0,0,0,0,0,0,0,0,0,0,0,0,0,0,0,0
2000-11-04,0,0,0,0,0,0,0,0,0,0,0,0,0,0,0,0,0,0,0,0,0,0,0,0,0,0,0,0,0,0,0,0,0,0
2000-11-05,0,0,0,0,0,0,0,0,0,0,0,0,0,0,0,0,0,0,0,0,0,0,0,0,0,0,0,0,0,0,0,0,0,0
2000-11-06,0,0,0,0,0,0,0,0,0,0,0,0,0,0,0,0,0,0,0,0,0,0,0,0,0,0,0,0,0,0,0,0,0,0
2000-11-07,0,0,0,0,0,0,0,0,0,0,0,0,0,0,0,0,0,0,0,0,0,0,0,0,0,0,0,0,0,0,0,0,0,0
2000-11-08,0,0,0,0,0,0,0,0,0,0,0,0,0,0,0,0,0,0,0,0,0,0,0,0,0,0,0,0,0,0,0,0,0,0
2000-11-09,0,0,0,0,0,0,0,0,0,0,0,0,0,0,0,0,0,0,0,0,0,0,0,0,0,0,0,0,0,0,0,0,0,0
2000-11-10,0,0,0,0,0,0,0,0,0,0,0,0,0,0,0,0,0,0,0,0,0,0,0,0,0,0,0,0,0,0,0,0,0,0
2000-11-11,0,0,0,0,0,0,0,0,0,0,0,0,0,0,0,0,0,0,0,0,0,0,0,0,0,0,0,0,0,0,0,0,0,0
2000-11-12,0,0,0,0,0,0,0,0,0,0,0,0,0,0,0,0,0,0,0,0,0,0,0,0,0,0,0,0,0,0,0,0,0,0
2000-11-13,0,0,0,0,0,0,0,0,0,0,0,0,0,0,0,0,0,0,0,0,0,0,0,0,0,0,0,0,0,0,0,0,0,0
2000-11-14,0,0,0,0,0,0,0,0,0,0,0,0,0,0,0,0,0,0,0,0,0,0,0,0,0,0,0,0,0,0,0,0,0,0
2000-11-15,0,0,0,0,0,0,0,0,0,0,0,0,0,0,0,0,0,0,0,0,0,0,0,0,0,0,0,0,0,0,0,0,0,0
2000-11-16,0,0,0,0,0,0,0,0,0,0,0,0,0,0,0,0,0,0,0,0,0,0,0,0,0,0,0,0,0,0,0,0,0,0
2000-11-17,0,0,0,0,0,0,0,0,0,0,0,0,0,0,0,0,0,0,0,0,0,0,0,0,0,0,0,0,0,0,0,0,0,0
2000-11-18,0,0,0,0,0,0,0,0,0,0,0,0,0,0,0,0,0,0,0,0,0,0,0,0,0,0,0,0,0,0,0,0,0,0
2000-11-19,0,0,0,0,0,0,0,0,0,0,0,0,0,0,0,0,0,0,0,0,0,0,0,0,0,0,0,0,0,0,0,0,0,0
2000-11-20,0,0,0,0,0,0,0,0,0,0,0,0,0,0,0,0,0,0,0,0,0,0,0,0,0,0,0,0,0,0,0,0,0,0
2000-11-21,0,0,0,0,0,0,0,0,0,0,0,0,0,0,0,0,0,0,0,0,0,0,0,0,0,0,0,0,0,0,0,0,0,0
2000-11-22,0,0,0,0,0,0,0,0,0,0,0,0,0,0,0,0,0,0,0,0,0,0,0,0,0,0,0,0,0,0,0,0,0,0
2000-11-23,0,0,0,0,0,0,0,0,0,0,0,0,0,0,0,0,0,0,0,0,0,0,0,0,0,0,0,0,0,0,0,0,0,0
2000-11-24,0,0,0,0,0,0,0,0,0,0,0,0,0,0,0,0,0,0,0,0,0,0,0,0,0,0,0,0,0,0,0,0,0,0
2000-11-25,0,0,0,0,0,0,0,0,0,0,0,0,0,0,0,0,0,0,0,0,0,0,0,0,0,0,0,0,0,0,0,0,0,0
2000-11-26,0,0,0,0,0,0,0,0,0,0,0,0,0,0,0,0,0,0,0,0,0,0,0,0,0,0,0,0,0,0,0,0,0,0
2000-11-27,0,0,0,0,0,0,0,0,0,0,0,0,0,0,0,0,0,0,0,0,0,0,0,0,0,0,0,0,0,0,0,0,0,0
2000-11-28,0,0,0,0,0,0,0,0,0,0,0,0,0,0,0,0,0,0,0,0,0,0,0,0,0,0,0,0,0,0,0,0,0,0
2000-11-29,0,0,0,0,0,0,0,0,0,0,0,0,0,0,0,0,0,0,0,0,0,0,0,0,0,0,0,0,0,0,0,0,0,0
2000-11-30,0,0,0,0,0,0,0,0,0,0,0,0,0,0,0,0,0,0,0,0,0,0,0,0,0,0,0,0,0,0,0,0,0,0
2000-12-01,0,0,0,0,0,0,0,0,0,0,0,0,0,0,0,0,0,0,0,0,0,0,0,0,0,0,0,0,0,0,0,0,0,0
2000-12-02,0,0,0,0,0,0,0,0,0,0,0,0,0,0,0,0,0,0,0,0,0,0,0,0,0,0,0,0,0,0,0,0,0,0
2000-12-03,0,0,0,0,0,0,0,0,0,0,0,0,0,0,0,0,0,0,0,0,0,0,0,0,0,0,0,0,0,0,0,0,0,0
2000-12-04,0,0,0,0,0,0,0,0,0,0,0,0,0,0,0,0,0,0,0,0,0,0,0,0,0,0,0,0,0,0,0,0,0,0
2000-12-05,0,0,0,0,0,0,0,0,0,0,0,0,0,0,0,0,0,0,0,0,0,0,0,0,0,0,0,0,0,0,0,0,0,0
2000-12-06,0,0,0,0,0,0,0,0,0,0,0,0,0,0,0,0,0,0,0,0,0,0,0,0,0,0,0,0,0,0,0,0,0,0
2000-12-07,0,0,0,0,0,0,0,0,0,0,0,0,0,0,0,0,0,0,0,0,0,0,0,0,0,0,0,0,0,0,0,0,0,0
2000-12-08,0,0,0,0,0,0,0,0,0,0,0,0,0,0,0,0,0,0,0,0,0,0,0,0,0,0,0,0,0,0,0,0,0,0
2000-12-09,0,0,0,0,0,0,0,0,0,0,0,0,0,0,0,0,0,0,0,0,0,0,0,0,0,0,0,0,0,0,0,0,0,0
2000-12-10,0,0,0,0,0,0,0,0,0,0,0,0,0,0,0,0,0,0,0,0,0,0,0,0,0,0,0,0,0,0,0,0,0,0
2000-12-11,0,0,0,0,0,0,0,0,0,0,0,0,0,0,0,0,0,0,0,0,0,0,0,0,0,0,0,0,0,0,0,0,0,0
2000-12-12,0,0,0,0,0,0,0,0,0,0,0,0,0,0,0,0,0,0,0,0,0,0,0,0,0,0,0,0,0,0,0,0,0,0
2000-12-13,0,0,0,0,0,0,0,0,0,0,0,0,0,0,0,0,0,0,0,0,0,0,0,0,0,0,0,0,0,0,0,0,0,0
2000-12-14,0,0,0,0,0,0,0,0,0,0,0,0,0,0,0,0,0,0,0,0,0,0,0,0,0,0,0,0,0,0,0,0,0,0
2000-12-15,0,0,0,0,0,0,0,0,0,0,0,0,0,0,0,0,0,0,0,0,0,0,0,0,0,0,0,0,0,0,0,0,0,0
2000-12-16,0,0,0,0,0,0,0,0,0,0,0,0,0,0,0,0,0,0,0,0,0,0,0,0,0,0,0,0,0,0,0,0,0,0
2000-12-17,0,0,0,0,0,0,0,0,0,0,0,0,0,0,0,0,0,0,0,0,0,0,0,0,0,0,0,0,0,0,0,0,0,0
2000-12-18,0,0,0,0,0,0,0,0,0,0,0,0,0,0,0,0,0,0,0,0,0,0,0,0,0,0,0,0,0,0,0,0,0,0
2000-12-19,0,0,0,0,0,0,0,0,0,0,0,0,0,0,0,0,0,0,0,0,0,0,0,0,0,0,0,0,0,0,0,0,0,0
2000-12-20,0,0,0,0,0,0,0,0,0,0,0,0,0,0,0,0,0,0,0,0,0,0,0,0,0,0,0,0,0,0,0,0,0,0
2000-12-21,0,0,0,0,0,0,0,0,0,0,0,0,0,0,0,0,0,0,0,0,0,0,0,0,0,0,0,0,0,0,0,0,0,0
2000-12-22,0,0,0,0,0,0,0,0,0,0,0,0,0,0,0,0,0,0,0,0,0,0,0,0,0,0,0,0,0,0,0,0,0,0
2000-12-23,0,0,0,0,0,0,0,0,0,0,0,0,0,0,0,0,0,0,0,0,0,0,0,0,0,0,0,0,0,0,0,0,0,0
2000-12-24,0,0,0,0,0,0,0,0,0,0,0,0,0,0,0,0,0,0,0,0,0,0,0,0,0,0,0,0,0,0,0,0,0,0
2000-12-25,0,0,0,0,0,0,0,0,0,0,0,0,0,0,0,0,0,0,0,0,0,0,0,0,0,0,0,0,0,0,0,0,0,0
2000-12-26,0,0,0,0,0,0,0,0,0,0,0,0,0,0,0,0,0,0,0,0,0,0,0,0,0,0,0,0,0,0,0,0,0,0
2000-12-27,0,0,0,0,0,0,0,0,0,0,0,0,0,0,0,0,0,0,0,0,0,0,0,0,0,0,0,0,0,0,0,0,0,0
2000-12-28,0,0,0,0,0,0,0,0,0,0,0,0,0,0,0,0,0,0,0,0,0,0,0,0,0,0,0,0,0,0,0,0,0,0
2000-12-29,0,0,0,0,0,0,0,0,0,0,0,0,0,0,0,0,0,0,0,0,0,0,0,0,0,0,0,0,0,0,0,0,0,0
2000-12-30,0,0,0,0,0,0,0,0,0,0,0,0,0,0,0,0,0,0,0,0,0,0,0,0,0,0,0,0,0,0,0,0,0,0
2000-12-31,0,0,0,0,0,0,0,0,0,0,0,0,0,0,0,0,0,0,0,0,0,0,0,0,0,0,0,0,0,0,0,0,0,0
2001-01-01,0,0,0,0,0,0,0,0,0,0,0,0,0,0,0,0,0,0,0,0,0,0,0,0,0,0,0,0,0,0,0,0,0,0
2001-01-02,0,0,0,0,0,0,0,0,0,0,0,0,0,0,0,0,0,0,0,0,0,0,0,0,0,0,0,0,0,0,0,0,0,0
2001-01-03,0,0,0,0,0,0,0,0,0,0,0,0,0,0,0,0,0,0,0,0,0,0,0,0,0,0,0,0,0,0,0,0,0,0
2001-01-04,0,0,0,0,0,0,0,0,0,0,0,0,0,0,0,0,0,0,0,0,0,0,0,0,0,0,0,0,0,0,0,0,0,0
2001-01-05,0,0,0,0,0,0,0,0,0,0,0,0,0,0,0,0,0,0,0,0,0,0,0,0,0,0,0,0,0,0,0,0,0,0
2001-01-06,0,0,0,0,0,0,0,0,0,0,0,0,0,0,0,0,0,0,0,0,0,0,0,0,0,0,0,0,0,0,0,0,0,0
2001-01-07,0,0,0,0,0,0,0,0,0,0,0,0,0,0,0,0,0,0,0,0,0,0,0,0,0,0,0,0,0,0,0,0,0,0
2001-01-08,0,0,0,0,0,0,0,0,0,0,0,0,0,0,0,0,0,0,0,0,0,0,0,0,0,0,0,0,0,0,0,0,0,0
2001-01-09,0,0,0,0,0,0,0,0,0,0,0,0,0,0,0,0,0,0,0,0,0,0,0,0,0,0,0,0,0,0,0,0,0,0
2001-01-10,0,0,0,0,0,0,0,0,0,0,0,0,0,0,0,0,0,0,0,0,0,0,0,0,0,0,0,0,0,0,0,0,0,0
2001-01-11,0,0,0,0,0,0,0,0,0,0,0,0,0,0,0,0,0,0,0,0,0,0,0,0,0,0,0,0,0,0,0,0,0,0
2001-01-12,0,0,0,0,0,0,0,0,0,0,0,0,0,0,0,0,0,0,0,0,0,0,0,0,0,0,0,0,0,0,0,0,0,0
2001-01-13,0,0,0,0,0,0,0,0,0,0,0,0,0,0,0,0,0,0,0,0,0,0,0,0,0,0,0,0,0,0,0,0,0,0
2001-01-14,0,0,0,0,0,0,0,0,0,0,0,0,0,0,0,0,0,0,0,0,0,0,0,0,0,0,0,0,0,0,0,0,0,0
2001-01-15,0,0,0,0,0,0,0,0,0,0,0,0,0,0,0,0,0,0,0,0,0,0,0,0,0,0,0,0,0,0,0,0,0,0
2001-01-16,0,0,0,0,0,0,0,0,0,0,0,0,0,0,0,0,0,0,0,0,0,0,0,0,0,0,0,0,0,0,0,0,0,0
2001-01-17,0,0,0,0,0,0,0,0,0,0,0,0,0,0,0,0,0,0,0,0,0,0,0,0,0,0,0,0,0,0,0,0,0,0
2001-01-18,0,0,0,0,0,0,0,0,0,0,0,0,0,0,0,0,0,0,0,0,0,0,0,0,0,0,0,0,0,0,0,0,0,0
2001-01-19,0,0,0,0,0,0,0,0,0,0,0,0,0,0,0,0,0,0,0,0,0,0,0,0,0,0,0,0,0,0,0,0,0,0
2001-01-20,0,0,0,0,0,0,0,0,0,0,0,0,0,0,0,0,0,0,0,0,0,0,0,0,0,0,0,0,0,0,0,0,0,0
2001-01-21,0,0,0,0,0,0,0,0,0,0,0,0,0,0,0,0,0,0,0,0,0,0,0,0,0,0,0,0,0,0,0,0,0,0
2001-01-22,0,0,0,0,0,0,0,0,0,0,0,0,0,0,0,0,0,0,0,0,0,0,0,0,0,0,0,0,0,0,0,0,0,0
2001-01-23,0,0,0,0,0,0,0,0,0,0,0,0,0,0,0,0,0,0,0,0,0,0,0,0,0,0,0,0,0,0,0,0,0,0
2001-01-24,0,0,0,0,0,0,0,0,0,0,0,0,0,0,0,0,0,0,0,0,0,0,0,0,0,0,0,0,0,0,0,0,0,0
2001-01-25,0,0,0,0,0,0,0,0,0,0,0,0,0,0,0,0,0,0,0,0,0,0,0,0,0,0,0,0,0,0,0,0,0,0
2001-01-26,0,0,0,0,0,0,0,0,0,0,0,0,0,0,0,0,0,0,0,0,0,0,0,0,0,0,0,0,0,0,0,0,0,0
2001-01-27,0,0,0,0,0,0,0,0,0,0,0,0,0,0,0,0,0,0,0,0,0,0,0,0,0,0,0,0,0,0,0,0,0,0
2001-01-28,0,0,0,0,0,0,0,0,0,0,0,0,0,0,0,0,0,0,0,0,0,0,0,0,0,0,0,0,0,0,0,0,0,0
2001-01-29,0,0,0,0,0,0,0,0,0,0,0,0,0,0,0,0,0,0,0,0,0,0,0,0,0,0,0,0,0,0,0,0,0,0
2001-01-30,0,0,0,0,0,0,0,0,0,0,0,0,0,0,0,0,0,0,0,0,0,0,0,0,0,0,0,0,0,0,0,0,0,0
2001-01-31,0,0,0,0,0,0,0,0,0,0,0,0,0,0,0,0,0,0,0,0,0,0,0,0,0,0,0,0,0,0,0,0,0,0
2001-02-01,0,0,0,0,0,0,0,0,0,0,0,0,0,0,0,0,0,0,0,0,0,0,0,0,0,0,0,0,0,0,0,0,0,0
2001-02-02,0,0,0,0,0,0,0,0,0,0,0,0,0,0,0,0,0,0,0,0,0,0,0,0,0,0,0,0,0,0,0,0,0,0
2001-02-03,0,0,0,0,0,0,0,0,0,0,0,0,0,0,0,0,0,0,0,0,0,0,0,0,0,0,0,0,0,0,0,0,0,0
2001-02-04,0,0,0,0,0,0,0,0,0,0,0,0,0,0,0,0,0,0,0,0,0,0,0,0,0,0,0,0,0,0,0,0,0,0
2001-02-05,0,0,0,0,0,0,0,0,0,0,0,0,0,0,0,0,0,0,0,0,0,0,0,0,0,0,0,0,0,0,0,0,0,0
2001-02-06,0,0,0,0,0,0,0,0,0,0,0,0,0,0,0,0,0,0,0,0,0,0,0,0,0,0,0,0,0,0,0,0,0,0
2001-02-07,0,0,0,0,0,0,0,0,0,0,0,0,0,0,0,0,0,0,0,0,0,0,0,0,0,0,0,0,0,0,0,0,0,0
2001-02-08,0,0,0,0,0,0,0,0,0,0,0,0,0,0,0,0,0,0,0,0,0,0,0,0,0,0,0,0,0,0,0,0,0,0
2001-02-09,0,0,0,0,0,0,0,0,0,0,0,0,0,0,0,0,0,0,0,0,0,0,0,0,0,0,0,0,0,0,0,0,0,0
2001-02-10,0,0,0,0,0,0,0,0,0,0,0,0,0,0,0,0,0,0,0,0,0,0,0,0,0,0,0,0,0,0,0,0,0,0
2001-02-11,0,0,0,0,0,0,0,0,0,0,0,0,0,0,0,0,0,0,0,0,0,0,0,0,0,0,0,0,0,0,0,0,0,0
2001-02-12,0,0,0,0,0,0,0,0,0,0,0,0,0,0,0,0,0,0,0,0,0,0,0,0,0,0,0,0,0,0,0,0,0,0
2001-02-13,0,0,0,0,0,0,0,0,0,0,0,0,0,0,0,0,0,0,0,0,0,0,0,0,0,0,0,0,0,0,0,0,0,0
2001-02-14,0,0,0,0,0,0,0,0,0,0,0,0,0,0,0,0,0,0,0,0,0,0,0,0,0,0,0,0,0,0,0,0,0,0
2001-02-15,0,0,0,0,0,0,0,0,0,0,0,0,0,0,0,0,0,0,0,0,0,0,0,0,0,0,0,0,0,0,0,0,0,0
2001-02-16,0,0,0,0,0,0,0,0,0,0,0,0,0,0,0,0,0,0,0,0,0,0,0,0,0,0,0,0,0,0,0,0,0,0
2001-02-17,0,0,0,0,0,0,0,0,0,0,0,0,0,0,0,0,0,0,0,0,0,0,0,0,0,0,0,0,0,0,0,0,0,0
2001-02-18,0,0,0,0,0,0,0,0,0,0,0,0,0,0,0,0,0,0,0,0,0,0,0,0,0,0,0,0,0,0,0,0,0,0
2001-02-19,0,0,0,0,0,0,0,0,0,0,0,0,0,0,0,0,0,0,0,0,0,0,0,0,0,0,0,0,0,0,0,0,0,0
2001-02-20,0,0,0,0,0,0,0,0,0,0,0,0,0,0,0,0,0,0,0,0,0,0,0,0,0,0,0,0,0,0,0,0,0,0
2001-02-21,0,0,0,0,0,0,0,0,0,0,0,0,0,0,0,0,0,0,0,0,0,0,0,0,0,0,0,0,0,0,0,0,0,0
2001-02-22,0,0,0,0,0,0,0,0,0,0,0,0,0,0,0,0,0,0,0,0,0,0,0,0,0,0,0,0,0,0,0,0,0,0
2001-02-23,0,0,0,0,0,0,0,0,0,0,0,0,0,0,0,0,0,0,0,0,0,0,0,0,0,0,0,0,0,0,0,0,0,0
2001-02-24,0,0,0,0,0,0,0,0,0,0,0,0,0,0,0,0,0,0,0,0,0,0,0,0,0,0,0,0,0,0,0,0,0,0
2001-02-25,0,0,0,0,0,0,0,0,0,0,0,0,0,0,0,0,0,0,0,0,0,0,0,0,0,0,0,0,0,0,0,0,0,0
2001-02-26,0,0,0,0,0,0,0,0,0,0,0,0,0,0,0,0,0,0,0,0,0,0,0,0,0,0,0,0,0,0,0,0,0,0
2001-02-27,0,0,0,0,0,0,0,0,0,0,0,0,0,0,0,0,0,0,0,0,0,0,0,0,0,0,0,0,0,0,0,0,0,0
2001-02-28,0,0,0,0,0,0,0,0,0,0,0,0,0,0,0,0,0,0,0,0,0,0,0,0,0,0,0,0,0,0,0,0,0,0
2001-03-01,0,0,0,0,0,0,0,0,0,0,0,0,0,0,0,0,0,0,0,0,0,0,0,0,0,0,0,0,0,0,0,0,0,0
2001-03-02,0,0,0,0,0,0,0,0,0,0,0,0,0,0,0,0,0,0,0,0,0,0,0,0,0,0,0,0,0,0,0,0,0,0
2001-03-03,0,0,0,0,0,0,0,0,0,0,0,0,0,0,0,0,0,0,0,0,0,0,0,0,0,0,0,0,0,0,0,0,0,0
2001-03-04,0,0,0,0,0,0,0,0,0,0,0,0,0,0,0,0,0,0,0,0,0,0,0,0,0,0,0,0,0,0,0,0,0,0
2001-03-05,0,0,0,0,0,0,0,0,0,0,0,0,0,0,0,0,0,0,0,0,0,0,0,0,0,0,0,0,0,0,0,0,0,0
2001-03-06,0,0,0,0,0,0,0,0,0,0,0,0,0,0,0,0,0,0,0,0,0,0,0,0,0,0,0,0,0,0,0,0,0,0
2001-03-07,0,0,0,0,0,0,0,0,0,0,0,0,0,0,0,0,0,0,0,0,0,0,0,0,0,0,0,0,0,0,0,0,0,0
2001-03-08,0,0,0,0,0,0,0,0,0,0,0,0,0,0,0,0,0,0,0,0,0,0,0,0,0,0,0,0,0,0,0,0,0,0
2001-03-09,0,0,0,0,0,0,0,0,0,0,0,0,0,0,0,0,0,0,0,0,0,0,0,0,0,0,0,0,0,0,0,0,0,0
2001-03-10,0,0,0,0,0,0,0,0,0,0,0,0,0,0,0,0,0,0,0,0,0,0,0,0,0,0,0,0,0,0,0,0,0,0
2001-03-11,0,0,0,0,0,0,0,0,0,0,0,0,0,0,0,0,0,0,0,0,0,0,0,0,0,0,0,0,0,0,0,0,0,0
2001-03-12,0,0,0,0,0,0,0,0,0,0,0,0,0,0,0,0,0,0,0,0,0,0,0,0,0,0,0,0,0,0,0,0,0,0
2001-03-13,0,0,0,0,0,0,0,0,0,0,0,0,0,0,0,0,0,0,0,0,0,0,0,0,0,0,0,0,0,0,0,0,0,0
2001-03-14,0,0,0,0,0,0,0,0,0,0,0,0,0,0,0,0,0,0,0,0,0,0,0,0,0,0,0,0,0,0,0,0,0,0
2001-03-15,0,0,0,0,0,0,0,0,0,0,0,0,0,0,0,0,0,0,0,0,0,0,0,0,0,0,0,0,0,0,0,0,0,0
2001-03-16,0,0,0,0,0,0,0,0,0,0,0,0,0,0,0,0,0,0,0,0,0,0,0,0,0,0,0,0,0,0,0,0,0,0
2001-03-17,0,0,0,0,0,0,0,0,0,0,0,0,0,0,0,0,0,0,0,0,0,0,0,0,0,0,0,0,0,0,0,0,0,0
2001-03-18,0,0,0,0,0,0,0,0,0,0,0,0,0,0,0,0,0,0,0,0,0,0,0,0,0,0,0,0,0,0,0,0,0,0
2001-03-19,0,0,0,0,0,0,0,0,0,0,0,0,0,0,0,0,0,0,0,0,0,0,0,0,0,0,0,0,0,0,0,0,0,0
2001-03-20,0,0,0,0,0,0,0,0,0,0,0,0,0,0,0,0,0,0,0,0,0,0,0,0,0,0,0,0,0,0,0,0,0,0
2001-03-21,0,0,0,0,0,0,0,0,0,0,0,0,0,0,0,0,0,0,0,0,0,0,0,0,0,0,0,0,0,0,0,0,0,0
2001-03-22,0,0,0,0,0,0,0,0,0,0,0,0,0,0,0,0,0,0,0,0,0,0,0,0,0,0,0,0,0,0,0,0,0,0
2001-03-23,0,0,0,0,0,0,0,0,0,0,0,0,0,0,0,0,0,0,0,0,0,0,0,0,0,0,0,0,0,0,0,0,0,0
2001-03-24,0,0,0,0,0,0,0,0,0,0,0,0,0,0,0,0,0,0,0,0,0,0,0,0,0,0,0,0,0,0,0,0,0,0
2001-03-25,0,0,0,0,0,0,0,0,0,0,0,0,0,0,0,0,0,0,0,0,0,0,0,0,0,0,0,0,0,0,0,0,0,0
2001-03-26,0,0,0,0,0,0,0,0,0,0,0,0,0,0,0,0,0,0,0,0,0,0,0,0,0,0,0,0,0,0,0,0,0,0
2001-03-27,0,0,0,0,0,0,0,0,0,0,0,0,0,0,0,0,0,0,0,0,0,0,0,0,0,0,0,0,0,0,0,0,0,0
2001-03-28,0,0,0,0,0,0,0,0,0,0,0,0,0,0,0,0,0,0,0,0,0,0,0,0,0,0,0,0,0,0,0,0,0,0
2001-03-29,0,0,0,0,0,0,0,0,0,0,0,0,0,0,0,0,0,0,0,0,0,0,0,0,0,0,0,0,0,0,0,0,0,0
2001-03-30,0,0,0,0,0,0,0,0,0,0,0,0,0,0,0,0,0,0,0,0,0,0,0,0,0,0,0,0,0,0,0,0,0,0
2001-03-31,0,0,0,0,0,0,0,0,0,0,0,0,0,0,0,0,0,0,0,0,0,0,0,0,0,0,0,0,0,0,0,0,0,0
2001-04-01,0,0,0,0,0,0,0,0,0,0,0,0,0,0,0,0,0,0,0,0,0,0,0,0,0,0,0,0,0,0,0,0,0,0
2001-04-02,0,0,0,0,0,0,0,0,0,0,0,0,0,0,0,0,0,0,0,0,0,0,0,0,0,0,0,0,0,0,0,0,0,0
2001-04-03,0,0,0,0,0,0,0,0,0,0,0,0,0,0,0,0,0,0,0,0,0,0,0,0,0,0,0,0,0,0,0,0,0,0
2001-04-04,0,0,0,0,0,0,0,0,0,0,0,0,0,0,0,0,0,0,0,0,0,0,0,0,0,0,0,0,0,0,0,0,0,0
2001-04-05,0,0,0,0,0,0,0,0,0,0,0,0,0,0,0,0,0,0,0,0,0,0,0,0,0,0,0,0,0,0,0,0,0,0
2001-04-06,0,0,0,0,0,0,0,0,0,0,0,0,0,0,0,0,0,0,0,0,0,0,0,0,0,0,0,0,0,0,0,0,0,0
2001-04-07,0,0,0,0,0,0,0,0,0,0,0,0,0,0,0,0,0,0,0,0,0,0,0,0,0,0,0,0,0,0,0,0,0,0
2001-04-08,0,0,0,0,0,0,0,0,0,0,0,0,0,0,0,0,0,0,0,0,0,0,0,0,0,0,0,0,0,0,0,0,0,0
2001-04-09,0,0,0,0,0,0,0,0,0,0,0,0,0,0,0,0,0,0,0,0,0,0,0,0,0,0,0,0,0,0,0,0,0,0
2001-04-10,0,0,0,0,0,0,0,0,0,0,0,0,0,0,0,0,0,0,0,0,0,0,0,0,0,0,0,0,0,0,0,0,0,0
2001-04-11,0,0,0,0,0,0,0,0,0,0,0,0,0,0,0,0,0,0,0,0,0,0,0,0,0,0,0,0,0,0,0,0,0,0
2001-04-12,0,0,0,0,0,0,0,0,0,0,0,0,0,0,0,0,0,0,0,0,0,0,0,0,0,0,0,0,0,0,0,0,0,0
2001-04-13,0,0,0,0,0,0,0,0,0,0,0,0,0,0,0,0,0,0,0,0,0,0,0,0,0,0,0,0,0,0,0,0,0,0
2001-04-14,0,0,0,0,0,0,0,0,0,0,0,0,0,0,0,0,0,0,0,0,0,0,0,0,0,0,0,0,0,0,0,0,0,0
2001-04-15,0,0,0,0,0,0,0,0,0,0,0,0,0,0,0,0,0,0,0,0,0,0,0,0,0,0,0,0,0,0,0,0,0,0
2001-04-16,0,0,0,0,0,0,0,0,0,0,0,0,0,0,0,0,0,0,0,0,0,0,0,0,0,0,0,0,0,0,0,0,0,0
2001-04-17,0,0,0,0,0,0,0,0,0,0,0,0,0,0,0,0,0,0,0,0,0,0,0,0,0,0,0,0,0,0,0,0,0,0
2001-04-18,0,0,0,0,0,0,0,0,0,0,0,0,0,0,0,0,0,0,0,0,0,0,0,0,0,0,0,0,0,0,0,0,0,0
2001-04-19,0,0,0,0,0,0,0,0,0,0,0,0,0,0,0,0,0,0,0,0,0,0,0,0,0,0,0,0,0,0,0,0,0,0
2001-04-20,0,0,0,0,0,0,0,0,0,0,0,0,0,0,0,0,0,0,0,0,0,0,0,0,0,0,0,0,0,0,0,0,0,0
2001-04-21,0,0,0,0,0,0,0,0,0,0,0,0,0,0,0,0,0,0,0,0,0,0,0,0,0,0,0,0,0,0,0,0,0,0
2001-04-22,0,0,0,0,0,0,0,0,0,0,0,0,0,0,0,0,0,0,0,0,0,0,0,0,0,0,0,0,0,0,0,0,0,0
2001-04-23,0,0,0,0,0,0,0,0,0,0,0,0,0,0,0,0,0,0,0,0,0,0,0,0,0,0,0,0,0,0,0,0,0,0
2001-04-24,0,0,0,0,0,0,0,0,0,0,0,0,0,0,0,0,0,0,0,0,0,0,0,0,0,0,0,0,0,0,0,0,0,0
2001-04-25,0,0,0,0,0,0,0,0,0,0,0,0,0,0,0,0,0,0,0,0,0,0,0,0,0,0,0,0,0,0,0,0,0,0
2001-04-26,0,0,0,0,0,0,0,0,0,0,0,0,0,0,0,0,0,0,0,0,0,0,0,0,0,0,0,0,0,0,0,0,0,0
2001-04-27,0,0,0,0,0,0,0,0,0,0,0,0,0,0,0,0,0,0,0,0,0,0,0,0,0,0,0,0,0,0,0,0,0,0
2001-04-28,0,0,0,0,0,0,0,0,0,0,0,0,0,0,0,0,0,0,0,0,0,0,0,0,0,0,0,0,0,0,0,0,0,0
2001-04-29,0,0,0,0,0,0,0,0,0,0,0,0,0,0,0,0,0,0,0,0,0,0,0,0,0,0,0,0,0,0,0,0,0,0
2001-04-30,0,0,0,0,0,0,0,0,0,0,0,0,0,0,0,0,0,0,0,0,0,0,0,0,0,0,0,0,0,0,0,0,0,0
2001-05-01,0,0,0,0,0,0,0,0,0,0,0,0,0,0,0,0,0,0,0,0,0,0,0,0,0,0,0,0,0,0,0,0,0,0
2001-05-02,0,0,0,0,0,0,0,0,0,0,0,0,0,0,0,0,0,0,0,0,0,0,0,0,0,0,0,0,0,0,0,0,0,0
2001-05-03,0,0,0,0,0,0,0,0,0,0,0,0,0,0,0,0,0,0,0,0,0,0,0,0,0,0,0,0,0,0,0,0,0,0
2001-05-04,0,0,0,0,0,0,0,0,0,0,0,0,0,0,0,0,0,0,0,0,0,0,0,0,0,0,0,0,0,0,0,0,0,0
2001-05-05,0,0,0,0,0,0,0,0,0,0,0,0,0,0,0,0,0,0,0,0,0,0,0,0,0,0,0,0,0,0,0,0,0,0
2001-05-06,0,0,0,0,0,0,0,0,0,0,0,0,0,0,0,0,0,0,0,0,0,0,0,0,0,0,0,0,0,0,0,0,0,0
2001-05-07,0,0,0,0,0,0,0,0,0,0,0,0,0,0,0,0,0,0,0,0,0,0,0,0,0,0,0,0,0,0,0,0,0,0
2001-05-08,0,0,0,0,0,0,0,0,0,0,0,0,0,0,0,0,0,0,0,0,0,0,0,0,0,0,0,0,0,0,0,0,0,0
2001-05-09,0,0,0,0,0,0,0,0,0,0,0,0,0,0,0,0,0,0,0,0,0,0,0,0,0,0,0,0,0,0,0,0,0,0
2001-05-10,0,0,0,0,0,0,0,0,0,0,0,0,0,0,0,0,0,0,0,0,0,0,0,0,0,0,0,0,0,0,0,0,0,0
2001-05-11,0,0,0,0,0,0,0,0,0,0,0,0,0,0,0,0,0,0,0,0,0,0,0,0,0,0,0,0,0,0,0,0,0,0
2001-05-12,0,0,0,0,0,0,0,0,0,0,0,0,0,0,0,0,0,0,0,0,0,0,0,0,0,0,0,0,0,0,0,0,0,0
2001-05-13,0,0,0,0,0,0,0,0,0,0,0,0,0,0,0,0,0,0,0,0,0,0,0,0,0,0,0,0,0,0,0,0,0,0
2001-05-14,0,0,0,0,0,0,0,0,0,0,0,0,0,0,0,0,0,0,0,0,0,0,0,0,0,0,0,0,0,0,0,0,0,0
2001-05-15,0,0,0,0,0,0,0,0,0,0,0,0,0,0,0,0,0,0,0,0,0,0,0,0,0,0,0,0,0,0,0,0,0,0
2001-05-16,0,0,0,0,0,0,0,0,0,0,0,0,0,0,0,0,0,0,0,0,0,0,0,0,0,0,0,0,0,0,0,0,0,0
2001-05-17,0,0,0,0,0,0,0,0,0,0,1,0,0,0,0,0,0,0,18,0,0,0,0,0,0,0,0,0,0,0,0,0,0,0
2001-05-18,0,0,1,0,6,0,0,0,0,0,0,0,0,0,2,1,5,0,31,0,0,0,0,0,0,0,0,0,25,50,0,0,0,0
2001-05-19,0,0,0,0,0,0,0,0,0,0,0,0,0,0,30,0,0,0,20,0,0,0,0,0,0,0,0,0,0,0,0,0,0,0
2001-05-20,0,0,0,0,0,0,0,0,0,0,0,0,0,0,8,0,0,0,8,0,0,0,0,0,0,0,0,0,0,0,0,0,0,0
2001-05-21,0,0,0,0,0,0,0,0,0,0,0,0,0,0,0,0,0,0,0,0,0,0,0,0,0,0,0,0,0,0,0,0,0,0
2001-05-22,0,0,0,0,0,0,0,0,0,0,0,0,0,0,13,0,0,0,1,0,0,0,0,0,0,0,0,0,0,0,0,0,0,0
2001-05-23,0,0,0,0,0,0,0,0,0,0,0,0,0,0,24,0,0,0,0,0,0,0,0,0,0,0,0,0,0,0,0,0,0,0
2001-05-24,0,0,0,0,0,0,0,0,0,0,5,0,0,0,0,0,0,0,0,0,0,0,0,0,0,0,0,0,0,0,0,0,0,0
2001-05-25,0,0,0,0,0,0,0,0,0,0,87,0,0,0,0,0,0,0,0,0,0,0,0,0,0,0,0,9,0,0,0,0,0,0
2001-05-26,0,0,0,0,0,0,0,0,0,0,300,0,2,0,0,0,0,0,0,0,0,0,0,0,0,0,0,88,0,0,0,0,0,0
2001-05-27,0,0,0,0,0,0,0,0,0,0,450,0,6,0,0,0,0,0,17,0,0,0,0,0,0,0,0,254,0,0,0,0,0,0
2001-05-28,0,0,0,0,0,0,0,0,0,0,630,0,85,0,0,2,2,0,62,0,0,0,0,0,0,0,0,344,0,1,0,0,0,0
2001-05-29,0,7,1,0,16,0,0,0,0,0,821,0,192,0,42,40,80,0,139,0,0,0,0,0,0,0,0,364,45,41,0,7,4,0
2001-05-30,0,0,1,0,24,0,0,0,0,0,795,0,187,0,96,15,0,0,151,0,0,0,0,0,0,0,0,216,54,9,0,0,0,0
2001-05-31,6,0,0,0,3,0,0,0,0,0,819,0,23,0,128,0,0,0,125,0,0,0,0,6,0,0,0,231,21,0,0,0,0,0
2001-06-01,0,0,0,0,0,0,0,0,0,0,742,0,0,0,89,0,0,0,16,0,0,0,0,0,0,0,0,198,0,0,0,0,0,0
2001-06-02,0,0,0,0,0,0,0,0,0,0,637,0,0,0,11,0,0,0,0,0,0,0,0,0,0,0,0,83,0,0,0,0,0,0
2001-06-03,0,0,0,0,0,0,0,0,0,0,590,0,0,0,14,0,0,0,2,0,0,0,0,0,0,0,0,4,0,0,0,0,0,0
2001-06-04,0,0,0,0,0,0,0,0,0,0,234,0,0,0,13,0,0,0,0,0,0,0,0,0,0,0,0,0,0,0,0,0,0,0
2001-06-05,0,0,0,0,0,0,0,0,0,0,209,0,0,0,0,0,0,0,0,0,0,0,0,0,0,0,0,0,0,0,0,0,0,0
2001-06-06,0,0,0,0,0,0,0,0,0,0,217,0,0,0,0,0,0,0,0,0,0,0,0,0,0,0,0,5,0,0,0,0,0,0
2001-06-07,0,0,0,0,0,0,0,0,0,0,403,0,0,0,0,0,0,0,0,0,0,0,0,0,0,0,0,24,0,0,0,0,0,0
2001-06-08,0,0,0,0,0,0,0,0,0,0,321,0,0,0,0,0,0,0,0,0,0,0,0,0,0,0,0,0,0,0,0,0,0,0
2001-06-09,0,0,0,0,3,0,0,0,0,0,92,0,0,0,12,0,0,0,28,0,0,0,0,0,0,0,0,0,16,1,0,0,0,0
2001-06-10,1,0,5,0,61,0,0,0,0,0,12,0,0,0,67,11,45,0,147,0,0,0,0,10,0,0,0,0,228,116,0,0,0,0
2001-06-11,4,0,2,0,228,0,0,0,0,0,27,0,0,0,188,1,0,0,106,0,0,0,1,42,0,0,0,0,555,111,0,0,0,1
2001-06-12,5,0,0,0,17,0,0,0,0,0,53,0,0,0,343,0,0,0,20,0,0,0,1,2,0,0,0,2,10,0,0,0,0,0
2001-06-13,5,0,0,0,0,0,0,0,0,0,158,0,0,0,205,0,0,0,10,0,0,0,0,0,0,0,0,0,0,0,0,0,0,0
2001-06-14,0,0,0,0,0,0,0,0,0,0,450,0,0,0,117,0,0,0,3,0,0,0,0,0,0,0,0,3,0,0,0,0,0,0
2001-06-15,0,0,0,0,0,0,0,0,0,0,373,0,0,0,44,0,0,0,17,0,0,0,0,0,0,0,0,0,0,0,0,0,0,0
2001-06-16,0,0,0,0,0,0,0,0,0,0,68,0,0,0,40,0,0,0,85,0,0,0,0,0,0,0,0,0,0,0,0,0,0,0
2001-06-17,1,0,0,0,6,0,0,0,0,0,41,0,0,0,50,0,0,0,78,0,0,0,0,1,0,0,0,0,12,4,0,0,0,0
2001-06-18,0,0,0,0,11,0,0,0,0,0,232,0,0,0,105,0,0,0,1,0,0,0,0,0,0,0,0,97,9,0,0,0,0,0
2001-06-19,0,0,0,0,0,0,0,0,0,0,513,0,0,0,18,0,0,0,0,0,0,0,0,0,0,0,0,329,0,0,0,0,0,0
2001-06-20,0,0,0,0,0,0,0,0,0,0,918,0,1,0,0,0,0,0,0,0,0,0,0,0,0,0,0,300,0,0,0,0,0,0
2001-06-21,0,0,0,0,0,0,0,0,0,0,1449,0,80,0,0,0,0,0,17,0,0,0,0,0,0,0,0,284,0,0,0,0,0,0
2001-06-22,0,0,0,0,0,0,0,0,0,0,1930,0,137,0,28,0,0,0,38,0,0,0,0,0,0,0,0,229,0,0,0,0,0,0
2001-06-23,0,0,0,0,2,0,0,0,0,0,1946,0,51,0,85,0,0,0,77,0,0,0,0,2,0,0,0,119,0,0,0,0,0,0
2001-06-24,0,0,0,0,0,0,0,0,0,0,1874,0,133,0,99,0,0,0,164,0,0,0,0,0,0,0,0,142,0,0,0,0,0,0
2001-06-25,2,0,0,0,2,0,0,0,0,0,1857,0,904,0,93,4,0,0,357,0,0,0,0,0,0,0,0,40,2,0,0,0,0,0
2001-06-26,3,0,0,15,3,0,0,4,0,0,976,0,529,0,97,5,0,0,421,0,0,0,0,0,0,0,0,0,3,0,0,0,0,0
2001-06-27,2,0,0,0,5,0,0,0,0,0,206,0,25,0,105,16,6,0,429,0,0,0,0,0,0,0,0,0,4,0,0,0,2,0
2001-06-28,6,0,10,0,20,0,0,0,0,0,323,0,12,0,148,42,45,0,225,0,0,0,3,10,0,0,0,9,18,59,0,0,7,0
2001-06-29,3,0,0,0,29,0,0,0,0,0,852,0,43,0,172,6,0,0,137,0,0,0,2,12,0,0,0,101,23,0,0,0,0,0
2001-06-30,6,0,2,0,10,0,0,0,0,0,1448,0,114,0,115,14,1,0,340,0,0,0,3,2,0,0,0,242,2,0,0,0,0,0
2001-07-01,5,0,0,0,9,0,0,0,0,0,1794,0,113,0,143,5,0,0,319,0,0,0,1,5,0,0,0,421,1,0,0,0,0,0
2001-07-02,0,0,0,0,3,0,0,0,0,0,1549,0,265,0,28,1,0,0,213,0,0,0,0,0,0,0,0,118,0,0,0,0,0,0
2001-07-03,0,0,0,0,0,0,0,0,0,0,1096,0,384,0,8,0,0,0,146,0,0,0,0,0,0,0,0,30,3,0,0,0,0,0
2001-07-04,0,0,0,2,12,0,0,0,0,0,396,0,25,0,47,0,0,0,45,0,0,0,0,0,0,0,0,0,65,0,6,0,0,0
2001-07-05,3,0,0,33,59,0,0,54,0,0,113,7,141,0,148,0,0,0,245,0,0,0,0,6,54,0,0,0,92,0,9,0,0,0
2001-07-06,12,0,3,6,1,0,0,283,0,0,81,0,79,0,269,16,1,0,519,0,0,10,1,3,51,0,38,0,8,0,1,0,2,0
2001-07-07,51,44,43,0,70,0,18,144,4,0,69,0,4,0,271,121,128,0,578,0,0,0,7,24,0,0,297,0,185,50,20,13,41,4
2001-07-08,35,0,25,0,297,0,0,0,0,5,215,4,6,0,401,57,20,0,323,3,0,10,5,66,0,12,0,0,383,130,52,0,0,21
2001-07-09,18,0,3,0,232,0,0,0,0,6,103,45,16,0,454,7,0,0,285,0,0,0,3,38,0,0,0,0,353,42,3,0,0,4
2001-07-10,18,0,2,0,201,0,0,0,0,0,666,0,41,0,472,6,2,0,267,0,0,0,3,33,0,0,0,49,196,25,0,0,0,0
2001-07-11,19,0,11,0,48,0,0,0,0,0,1382,0,23,0,362,49,87,0,331,0,0,0,4,8,0,0,0,234,98,79,0,0,7,0
2001-07-12,32,0,9,0,126,0,0,0,0,0,1400,0,26,0,303,17,0,0,307,0,0,0,8,34,0,0,0,232,224,62,0,0,0,3
2001-07-13,46,0,12,0,232,0,0,0,0,0,1213,0,49,0,393,22,20,0,323,0,0,0,11,58,0,0,0,54,394,148,0,0,0,14
2001-07-14,40,21,35,0,286,0,9,0,0,0,562,0,17,0,401,116,334,0,523,0,0,0,12,60,0,0,74,0,677,272,0,4,63,12
2001-07-15,54,92,84,0,327,0,81,0,0,7,175,0,4,0,426,213,555,0,669,192,0,91,15,61,0,0,875,0,839,329,0,28,149,10
2001-07-16,69,3,90,0,440,0,0,0,0,20,151,0,0,0,534,202,542,0,504,241,0,168,13,87,0,0,556,0,1042,399,0,10,98,23
2001-07-17,14,0,0,0,291,0,0,0,0,31,384,0,0,0,491,2,2,0,210,85,0,99,2,35,0,0,62,1,536,10,0,0,0,0
2001-07-18,11,0,0,0,179,0,0,0,0,59,230,85,0,0,474,4,0,0,164,2,0,71,3,22,0,0,0,0,266,0,0,0,0,0
2001-07-19,17,0,15,0,198,0,0,0,0,0,39,0,0,0,455,73,34,0,329,0,0,0,4,37,0,0,0,0,256,74,0,0,0,2
2001-07-20,32,0,8,0,396,0,0,0,0,0,196,0,0,0,510,15,59,0,106,0,0,0,5,70,0,0,21,25,636,255,0,0,0,18
2001-07-21,0,0,0,0,91,0,0,0,0,29,571,0,0,0,279,0,0,0,23,2,0,40,0,0,0,0,0,140,275,0,0,0,0,0
2001-07-22,1,0,0,0,14,0,0,0,0,0,1320,0,4,0,147,0,0,0,71,0,0,1,0,0,0,0,0,148,27,0,0,0,0,0
2001-07-23,1,0,0,0,17,0,0,0,0,0,1324,0,20,0,149,4,0,0,182,0,0,0,0,0,0,0,0,65,44,0,0,0,0,0
2001-07-24,3,0,0,0,68,0,0,0,0,0,687,0,77,0,189,7,0,0,221,0,0,0,0,2,0,0,0,1,105,0,0,0,0,0
2001-07-25,17,0,1,0,125,0,0,9,0,0,686,0,182,0,299,8,0,0,245,0,0,0,2,16,0,0,0,2,205,0,0,0,0,0
2001-07-26,15,0,2,0,209,0,0,12,0,0,907,0,373,0,385,33,0,0,387,0,0,0,4,24,0,0,0,2,291,1,0,2,0,0
2001-07-27,23,0,7,2,219,0,0,58,0,0,592,0,194,0,405,57,2,0,551,0,0,0,6,17,5,0,0,0,276,8,0,2,0,0
2001-07-28,39,0,13,0,260,0,0,111,0,0,557,0,108,0,518,83,32,0,637,0,0,0,8,27,0,0,12,9,257,22,0,4,6,1
2001-07-29,41,1,15,0,234,0,0,9,0,0,803,0,410,18,544,104,113,0,697,0,0,0,8,26,0,0,0,104,276,66,0,7,11,0
2001-07-30,48,2,7,10,238,0,0,20,0,0,1395,0,766,0,491,52,63,0,770,0,0,0,9,35,2,0,8,156,261,52,0,2,17,0
2001-07-31,44,14,16,0,240,1,10,156,0,0,2219,0,838,0,296,103,197,0,830,0,0,0,10,21,0,0,0,170,411,97,0,10,28,0
2001-08-01,47,14,28,0,301,1,0,15,0,0,1898,0,1043,0,308,168,218,0,989,0,0,0,10,35,0,0,0,6,518,149,0,29,19,3
2001-08-02,79,4,41,0,257,4,0,106,0,0,916,0,443,0,505,180,73,0,1173,0,0,0,16,59,0,0,0,4,323,145,0,27,9,13
2001-08-03,83,66,67,0,229,0,21,0,0,0,891,0,88,0,427,235,251,0,1105,0,0,0,18,88,0,0,3,78,314,231,0,47,68,23
2001-08-04,90,18,144,0,221,0,0,0,0,0,881,0,71,0,396,289,476,0,973,0,0,0,20,101,0,0,60,95,515,374,0,44,80,39
2001-08-05,101,0,78,0,297,0,0,0,0,0,1001,0,24,0,426,127,128,0,793,0,0,0,18,113,0,0,0,130,635,384,0,0,0,46
2001-08-06,89,0,15,0,348,0,0,0,0,0,1469,0,27,0,571,41,5,0,416,0,0,0,13,97,0,0,0,282,378,62,0,0,0,16
2001-08-07,44,0,11,0,344,0,0,0,0,0,1723,0,36,0,515,45,18,0,410,0,0,0,10,51,0,0,0,200,356,69,0,0,0,2
2001-08-08,49,2,30,0,403,0,0,0,0,0,1142,0,29,0,562,114,175,0,504,0,0,0,12,77,0,0,0,50,474,189,0,8,19,18
2001-08-09,81,0,81,0,543,0,0,0,0,0,1017,0,24,0,648,174,271,0,709,0,0,0,21,115,0,0,0,61,863,364,0,6,15,36
2001-08-10,107,0,148,0,560,0,0,0,0,0,1030,0,11,0,705,211,294,0,784,0,0,0,26,124,0,0,0,121,1091,448,0,4,5,35
2001-08-11,71,0,5,0,396,0,0,0,0,0,1116,0,2,0,606,7,0,0,257,0,0,0,10,56,0,0,0,196,501,1,0,0,0,0
2001-08-12,9,0,0,0,61,0,0,0,0,0,1269,0,0,0,280,0,0,0,62,0,0,0,1,0,0,0,0,157,53,0,0,0,0,0
2001-08-13,4,0,0,0,10,0,0,0,0,0,1326,0,17,0,89,1,0,0,50,0,0,0,0,0,0,0,0,93,3,0,0,0,0,0
2001-08-14,15,0,0,0,92,0,0,49,0,0,971,0,335,0,189,12,2,0,207,0,0,0,3,1,0,0,0,30,62,0,0,0,3,0
2001-08-15,24,16,4,50,143,3,23,939,0,0,668,0,396,3,241,43,56,0,427,0,0,0,5,13,69,0,158,2,161,31,0,2,20,0
2001-08-16,23,37,10,0,157,0,51,481,0,0,439,0,32,0,215,78,154,0,540,1,0,0,7,28,0,0,442,0,281,103,0,11,39,2
2001-08-17,27,19,16,0,165,0,6,0,0,3,159,0,34,0,204,103,187,0,590,22,0,27,7,26,0,0,113,0,341,115,0,12,42,2
2001-08-18,21,20,13,0,174,0,6,0,0,0,238,0,15,0,223,96,236,0,400,0,0,0,4,21,0,0,38,0,370,106,0,10,47,1
2001-08-19,13,20,11,0,183,0,8,0,0,0,387,0,12,0,219,97,234,0,445,0,0,0,4,18,0,0,107,0,405,132,0,13,45,0
2001-08-20,17,4,22,0,255,0,0,0,0,0,672,0,41,0,264,106,156,0,437,6,0,0,4,25,0,0,49,39,425,141,0,6,15,1
2001-08-21,17,0,2,0,237,0,0,0,0,0,1073,0,34,0,240,21,3,0,401,1,0,0,4,11,0,0,0,41,346,20,0,0,0,0
2001-08-22,21,0,1,0,119,0,0,0,0,0,1483,0,86,0,260,14,4,0,272,0,0,0,5,8,0,0,0,56,174,8,0,0,0,0
2001-08-23,20,0,4,3,73,0,0,4,0,0,1734,0,180,0,223,24,3,0,340,0,0,0,6,1,3,0,0,96,164,0,0,1,0,0
2001-08-24,18,0,4,22,71,0,0,112,0,0,2070,0,561,0,160,22,14,0,440,0,0,0,6,0,21,0,0,213,110,0,0,1,0,0
2001-08-25,18,0,5,66,113,0,0,318,0,0,1405,0,1217,0,187,35,46,0,480,0,0,0,6,5,58,0,9,115,133,27,0,1,6,0
2001-08-26,20,4,12,58,109,0,0,543,0,0,902,0,859,0,235,78,88,0,604,0,2,0,6,9,24,0,14,12,175,61,0,7,9,0
2001-08-27,26,12,16,0,88,0,0,0,0,0,984,0,486,0,224,111,134,0,673,0,0,0,6,13,0,0,0,13,128,70,0,19,17,0
2001-08-28,19,0,6,0,96,0,0,0,0,0,815,0,462,0,235,34,0,0,722,0,0,0,5,10,0,0,0,4,65,0,0,1,0,0
2001-08-29,28,0,5,0,22,0,0,0,0,0,538,0,107,0,290,26,0,0,689,0,0,0,5,13,0,0,0,4,0,0,0,1,0,0
2001-08-30,29,0,3,0,0,0,0,0,0,0,412,0,38,0,203,16,0,0,380,0,0,0,5,0,0,0,0,2,0,0,0,0,0,0
2001-08-31,21,0,0,0,0,0,0,0,0,0,388,0,3,0,122,2,0,0,261,0,0,0,2,0,0,0,0,22,0,0,0,0,0,0
2001-09-01,10,0,0,0,26,0,0,0,0,0,356,0,0,0,132,0,0,0,136,0,0,0,0,1,0,0,0,45,28,0,0,0,0,0
2001-09-02,0,0,0,0,47,0,0,0,0,0,489,0,0,0,207,0,0,0,44,0,0,0,0,0,0,0,0,133,43,0,0,0,0,0
2001-09-03,0,0,0,0,0,0,0,0,0,0,645,0,0,0,143,0,0,0,20,0,0,0,0,0,0,0,0,160,0,0,0,0,0,0
2001-09-04,0,0,0,0,0,0,0,0,0,0,705,0,0,0,81,0,0,0,29,0,0,0,0,0,0,0,0,140,0,0,0,0,0,0
2001-09-05,0,0,0,0,2,0,0,0,0,0,494,0,0,0,75,0,0,0,30,0,0,0,0,0,0,0,0,26,4,0,0,0,0,0
2001-09-06,0,0,0,0,0,0,0,0,0,0,94,0,0,0,45,0,0,0,1,0,0,0,0,0,0,0,0,0,0,0,0,0,0,0
2001-09-07,0,0,0,0,0,0,0,0,0,0,156,0,0,0,24,0,0,0,1,0,0,0,0,0,0,0,0,32,0,0,0,0,0,0
2001-09-08,0,0,0,0,0,0,0,0,0,0,357,0,0,0,8,0,0,0,1,0,0,0,0,0,0,0,0,182,0,0,0,0,0,0
2001-09-09,0,0,0,0,0,0,0,0,0,0,446,0,0,0,32,0,0,0,22,0,0,0,0,0,0,0,0,183,0,0,0,0,0,0
2001-09-10,0,0,0,0,6,0,0,0,0,0,309,0,0,0,78,0,0,0,14,0,0,0,0,0,0,0,0,53,0,0,0,0,0,0
2001-09-11,0,0,0,0,0,0,0,0,0,0,155,0,0,0,46,0,0,0,0,0,0,0,0,0,0,0,0,0,0,0,0,0,0,0
2001-09-12,0,0,0,0,0,0,0,0,0,0,108,0,0,0,3,0,0,0,0,0,0,0,0,0,0,0,0,0,0,0,0,0,0,0
2001-09-13,0,0,0,0,0,0,0,0,0,0,149,0,0,0,0,0,0,0,0,0,0,0,0,0,0,0,0,0,0,0,0,0,0,0
2001-09-14,0,0,0,0,0,0,0,0,0,0,163,0,0,0,1,0,0,0,0,0,0,0,0,0,0,0,0,2,0,0,0,0,0,0
2001-09-15,0,0,0,0,0,0,0,0,0,0,271,0,0,0,2,0,0,0,9,0,0,0,0,0,0,0,0,31,0,0,0,0,0,0
2001-09-16,0,0,0,0,0,0,0,0,0,0,442,0,0,0,24,0,0,0,0,0,0,0,0,0,0,0,0,147,0,0,0,0,0,0
2001-09-17,0,0,0,0,1,0,0,0,0,0,211,0,0,0,26,0,0,0,0,0,0,0,0,0,0,0,0,78,0,0,0,0,0,0
2001-09-18,0,0,0,0,14,0,0,0,0,0,12,0,0,0,35,0,0,0,0,0,0,0,0,0,0,0,0,0,18,0,0,0,0,0
2001-09-19,0,0,0,0,5,0,0,0,0,0,0,0,0,0,78,0,0,0,0,0,0,0,0,0,0,0,0,0,3,0,0,0,0,0
2001-09-20,0,0,0,0,0,0,0,0,0,0,13,0,0,0,120,0,0,0,2,0,0,0,0,0,0,0,0,0,0,0,0,0,0,0
2001-09-21,0,0,0,0,0,0,0,0,0,0,3,0,0,0,56,0,0,0,6,0,0,0,0,0,0,0,0,0,0,0,0,0,0,0
2001-09-22,0,0,0,0,0,0,0,0,0,0,0,0,0,0,30,0,0,0,6,0,0,0,0,0,0,0,0,0,0,0,0,0,0,0
2001-09-23,0,0,0,0,0,0,0,0,0,0,2,0,0,0,44,0,0,0,44,0,0,0,0,0,0,0,0,0,0,0,0,0,0,0
2001-09-24,2,0,0,0,55,0,0,0,0,0,1,0,0,0,99,0,0,0,85,0,0,0,0,1,0,0,0,0,48,0,0,0,0,0
2001-09-25,0,0,0,0,16,0,0,0,0,0,0,0,0,0,216,0,0,0,37,0,0,0,0,1,0,0,0,0,2,0,0,0,0,0
2001-09-26,0,0,0,0,0,0,0,0,0,0,0,0,0,0,99,0,0,0,3,0,0,0,0,0,0,0,0,0,0,0,0,0,0,0
2001-09-27,0,0,0,0,0,0,0,0,0,0,0,0,0,0,8,0,0,0,0,0,0,0,0,0,0,0,0,0,0,0,0,0,0,0
2001-09-28,0,0,0,0,0,0,0,0,0,0,0,0,0,0,0,0,0,0,0,0,0,0,0,0,0,0,0,0,0,0,0,0,0,0
2001-09-29,0,0,0,0,0,0,0,0,0,0,0,0,0,0,0,0,0,0,1,0,0,0,0,0,0,0,0,0,0,0,0,0,0,0
2001-09-30,0,0,0,0,0,0,0,0,0,0,0,0,0,0,0,0,0,0,0,0,0,0,0,0,0,0,0,0,0,0,0,0,0,0
2001-10-01,0,0,0,0,0,0,0,0,0,0,0,0,0,0,0,0,0,0,1,0,0,0,0,0,0,0,0,0,0,0,0,0,0,0
2001-10-02,0,0,0,0,0,0,0,0,0,0,1,0,8,0,0,0,0,0,1,0,0,0,0,0,0,0,0,0,0,0,0,0,0,0
2001-10-03,0,0,0,0,0,0,0,0,0,0,0,0,0,0,0,0,0,0,1,0,0,0,0,0,0,0,0,0,0,0,0,0,0,0
2001-10-04,0,0,0,0,0,0,0,0,0,0,14,0,0,0,0,0,0,0,0,0,0,0,0,0,0,0,0,0,0,0,0,0,0,0
2001-10-05,0,0,0,0,0,0,0,0,0,0,2,0,0,0,1,0,0,0,9,0,0,0,0,0,0,0,0,0,0,0,0,0,0,0
2001-10-06,0,0,0,0,0,0,0,0,0,0,10,0,0,0,3,0,0,0,24,0,0,0,0,0,0,0,0,0,0,0,0,0,0,0
2001-10-07,0,0,0,0,0,0,0,0,0,0,2,0,0,0,2,0,0,0,17,0,0,0,0,0,0,0,0,0,0,0,0,0,0,0
2001-10-08,0,0,0,0,0,0,0,0,0,0,0,0,0,0,1,0,0,0,16,0,0,0,0,0,0,0,0,0,0,0,0,0,0,0
2001-10-09,0,0,0,0,0,0,0,0,0,0,0,0,0,0,0,0,0,0,4,0,0,0,0,0,0,0,0,0,0,0,0,0,0,0
2001-10-10,0,0,0,0,0,0,0,0,0,0,0,0,0,0,0,0,0,0,15,0,0,0,0,0,0,0,0,0,0,0,0,0,0,0
2001-10-11,0,0,0,0,0,0,0,0,0,0,1,0,0,0,3,0,0,0,15,0,0,0,0,0,0,0,0,0,0,0,0,0,0,0
2001-10-12,0,0,0,0,0,0,0,0,0,0,2,0,0,0,8,0,0,0,1,0,0,0,0,0,0,0,0,0,0,0,0,0,0,0
2001-10-13,0,0,0,0,0,0,0,0,0,0,0,0,0,0,0,0,0,0,0,0,0,0,0,0,0,0,0,0,0,0,0,0,0,0
2001-10-14,0,0,0,0,0,0,0,0,0,0,0,0,0,0,0,0,0,0,0,0,0,0,0,0,0,0,0,0,0,0,0,0,0,0
2001-10-15,0,0,0,0,0,0,0,0,0,0,0,0,0,0,0,0,0,0,0,0,0,0,0,0,0,0,0,0,0,0,0,0,0,0
2001-10-16,0,0,0,0,0,0,0,0,0,0,0,0,0,0,0,0,0,0,0,0,0,0,0,0,0,0,0,0,0,0,0,0,0,0
2001-10-17,0,0,0,0,0,0,0,0,0,0,0,0,0,0,0,0,0,0,0,0,0,0,0,0,0,0,0,0,0,0,0,0,0,0
2001-10-18,0,0,0,0,0,0,0,0,0,0,0,0,0,0,0,0,0,0,0,0,0,0,0,0,0,0,0,0,0,0,0,0,0,0
2001-10-19,0,0,0,0,0,0,0,0,0,0,0,0,0,0,0,0,0,0,0,0,0,0,0,0,0,0,0,0,0,0,0,0,0,0
2001-10-20,0,0,0,0,0,0,0,0,0,0,0,0,0,0,0,0,0,0,8,0,0,0,0,0,0,0,0,0,0,0,0,0,0,0
2001-10-21,0,0,0,0,0,0,0,0,0,0,0,0,0,0,0,0,0,0,3,0,0,0,0,0,0,0,0,0,0,0,0,0,0,0
2001-10-22,0,0,0,0,0,0,0,0,0,0,0,0,0,0,0,0,0,0,0,0,0,0,0,0,0,0,0,0,0,0,0,0,0,0
2001-10-23,0,0,0,0,0,0,0,0,0,0,0,0,0,0,0,0,0,0,0,0,0,0,0,0,0,0,0,0,0,0,0,0,0,0
2001-10-24,0,0,0,0,0,0,0,0,0,0,0,0,0,0,0,0,0,0,0,0,0,0,0,0,0,0,0,0,0,0,0,0,0,0
2001-10-25,0,0,0,0,0,0,0,0,0,0,0,0,0,0,0,0,0,0,0,0,0,0,0,0,0,0,0,0,0,0,0,0,0,0
2001-10-26,0,0,0,0,0,0,0,0,0,0,0,0,0,0,0,0,0,0,0,0,0,0,0,0,0,0,0,0,0,0,0,0,0,0
2001-10-27,0,0,0,0,0,0,0,0,0,0,0,0,0,0,0,0,0,0,0,0,0,0,0,0,0,0,0,0,0,0,0,0,0,0
2001-10-28,0,0,0,0,0,0,0,0,0,0,4,0,0,0,0,0,0,0,0,0,0,0,0,0,0,0,0,0,0,0,0,0,0,0
2001-10-29,0,0,0,0,0,0,0,0,0,0,14,0,0,0,0,0,0,0,0,0,0,0,0,0,0,0,0,0,0,0,0,0,0,0
2001-10-30,0,0,0,0,0,0,0,0,0,0,0,0,0,0,0,0,0,0,0,0,0,0,0,0,0,0,0,0,0,0,0,0,0,0
2001-10-31,0,0,0,0,0,0,0,0,0,0,0,0,0,0,0,0,0,0,0,0,0,0,0,0,0,0,0,0,0,0,0,0,0,0
2001-11-01,0,0,0,0,0,0,0,0,0,0,0,0,0,0,0,0,0,0,0,0,0,0,0,0,0,0,0,0,0,0,0,0,0,0
2001-11-02,0,0,0,0,0,0,0,0,0,0,0,0,0,0,0,0,0,0,0,0,0,0,0,0,0,0,0,0,0,0,0,0,0,0
2001-11-03,0,0,0,0,0,0,0,0,0,0,0,0,0,0,0,0,0,0,0,0,0,0,0,0,0,0,0,0,0,0,0,0,0,0
2001-11-04,0,0,0,0,0,0,0,0,0,0,0,0,0,0,0,0,0,0,0,0,0,0,0,0,0,0,0,0,0,0,0,0,0,0
2001-11-05,0,0,0,0,0,0,0,0,0,0,0,0,0,0,0,0,0,0,0,0,0,0,0,0,0,0,0,0,0,0,0,0,0,0
2001-11-06,0,0,0,0,0,0,0,0,0,0,0,0,0,0,0,0,0,0,0,0,0,0,0,0,0,0,0,0,0,0,0,0,0,0
2001-11-07,0,0,0,0,0,0,0,0,0,0,0,0,0,0,0,0,0,0,0,0,0,0,0,0,0,0,0,0,0,0,0,0,0,0
2001-11-08,0,0,0,0,0,0,0,0,0,0,0,0,0,0,0,0,0,0,0,0,0,0,0,0,0,0,0,0,0,0,0,0,0,0
2001-11-09,0,0,0,0,0,0,0,0,0,0,0,0,0,0,0,0,0,0,0,0,0,0,0,0,0,0,0,0,0,0,0,0,0,0
2001-11-10,0,0,0,0,0,0,0,0,0,0,0,0,0,0,0,0,0,0,0,0,0,0,0,0,0,0,0,0,0,0,0,0,0,0
2001-11-11,0,0,0,0,0,0,0,0,0,0,0,0,0,0,0,0,0,0,0,0,0,0,0,0,0,0,0,0,0,0,0,0,0,0
2001-11-12,0,0,0,0,0,0,0,0,0,0,0,0,0,0,0,0,0,0,0,0,0,0,0,0,0,0,0,0,0,0,0,0,0,0
2001-11-13,0,0,0,0,0,0,0,0,0,0,0,0,0,0,0,0,0,0,0,0,0,0,0,0,0,0,0,0,0,0,0,0,0,0
2001-11-14,0,0,0,0,0,0,0,0,0,0,0,0,0,0,0,0,0,0,0,0,0,0,0,0,0,0,0,0,0,0,0,0,0,0
2001-11-15,0,0,0,0,0,0,0,0,0,0,0,0,0,0,0,0,0,0,0,0,0,0,0,0,0,0,0,0,0,0,0,0,0,0
2001-11-16,0,0,0,0,0,0,0,0,0,0,0,0,0,0,0,0,0,0,0,0,0,0,0,0,0,0,0,0,0,0,0,0,0,0
2001-11-17,0,0,0,0,0,0,0,0,0,0,0,0,0,0,0,0,0,0,0,0,0,0,0,0,0,0,0,0,0,0,0,0,0,0
2001-11-18,0,0,0,0,0,0,0,0,0,0,0,0,0,0,0,0,0,0,0,0,0,0,0,0,0,0,0,0,0,0,0,0,0,0
2001-11-19,0,0,0,0,0,0,0,0,0,0,0,0,0,0,0,0,0,0,0,0,0,0,0,0,0,0,0,0,0,0,0,0,0,0
2001-11-20,0,0,0,0,0,0,0,0,0,0,0,0,0,0,0,0,0,0,0,0,0,0,0,0,0,0,0,0,0,0,0,0,0,0
2001-11-21,0,0,0,0,0,0,0,0,0,0,0,0,0,0,0,0,0,0,0,0,0,0,0,0,0,0,0,0,0,0,0,0,0,0
2001-11-22,0,0,0,0,0,0,0,0,0,0,0,0,0,0,0,0,0,0,0,0,0,0,0,0,0,0,0,0,0,0,0,0,0,0
2001-11-23,0,0,0,0,0,0,0,0,0,0,0,0,0,0,0,0,0,0,0,0,0,0,0,0,0,0,0,0,0,0,0,0,0,0
2001-11-24,0,0,0,0,0,0,0,0,0,0,0,0,0,0,0,0,0,0,0,0,0,0,0,0,0,0,0,0,0,0,0,0,0,0
2001-11-25,0,0,0,0,0,0,0,0,0,0,0,0,0,0,0,0,0,0,0,0,0,0,0,0,0,0,0,0,0,0,0,0,0,0
2001-11-26,0,0,0,0,0,0,0,0,0,0,0,0,0,0,0,0,0,0,0,0,0,0,0,0,0,0,0,0,0,0,0,0,0,0
2001-11-27,0,0,0,0,0,0,0,0,0,0,0,0,0,0,0,0,0,0,0,0,0,0,0,0,0,0,0,0,0,0,0,0,0,0
2001-11-28,0,0,0,0,0,0,0,0,0,0,0,0,0,0,0,0,0,0,0,0,0,0,0,0,0,0,0,0,0,0,0,0,0,0
2001-11-29,0,0,0,0,0,0,0,0,0,0,0,0,0,0,0,0,0,0,0,0,0,0,0,0,0,0,0,0,0,0,0,0,0,0
2001-11-30,0,0,0,0,0,0,0,0,0,0,0,0,0,0,0,0,0,0,0,0,0,0,0,0,0,0,0,0,0,0,0,0,0,0
2001-12-01,0,0,0,0,0,0,0,0,0,0,0,0,0,0,0,0,0,0,0,0,0,0,0,0,0,0,0,0,0,0,0,0,0,0
2001-12-02,0,0,0,0,0,0,0,0,0,0,0,0,0,0,0,0,0,0,0,0,0,0,0,0,0,0,0,0,0,0,0,0,0,0
2001-12-03,0,0,0,0,0,0,0,0,0,0,0,0,0,0,0,0,0,0,0,0,0,0,0,0,0,0,0,0,0,0,0,0,0,0
2001-12-04,0,0,0,0,0,0,0,0,0,0,0,0,0,0,0,0,0,0,0,0,0,0,0,0,0,0,0,0,0,0,0,0,0,0
2001-12-05,0,0,0,0,0,0,0,0,0,0,0,0,0,0,0,0,0,0,0,0,0,0,0,0,0,0,0,0,0,0,0,0,0,0
2001-12-06,0,0,0,0,0,0,0,0,0,0,0,0,0,0,0,0,0,0,0,0,0,0,0,0,0,0,0,0,0,0,0,0,0,0
2001-12-07,0,0,0,0,0,0,0,0,0,0,0,0,0,0,0,0,0,0,0,0,0,0,0,0,0,0,0,0,0,0,0,0,0,0
2001-12-08,0,0,0,0,0,0,0,0,0,0,0,0,0,0,0,0,0,0,0,0,0,0,0,0,0,0,0,0,0,0,0,0,0,0
2001-12-09,0,0,0,0,0,0,0,0,0,0,0,0,0,0,0,0,0,0,0,0,0,0,0,0,0,0,0,0,0,0,0,0,0,0
2001-12-10,0,0,0,0,0,0,0,0,0,0,0,0,0,0,0,0,0,0,0,0,0,0,0,0,0,0,0,0,0,0,0,0,0,0
2001-12-11,0,0,0,0,0,0,0,0,0,0,0,0,0,0,0,0,0,0,0,0,0,0,0,0,0,0,0,0,0,0,0,0,0,0
2001-12-12,0,0,0,0,0,0,0,0,0,0,0,0,0,0,0,0,0,0,0,0,0,0,0,0,0,0,0,0,0,0,0,0,0,0
2001-12-13,0,0,0,0,0,0,0,0,0,0,0,0,0,0,0,0,0,0,0,0,0,0,0,0,0,0,0,0,0,0,0,0,0,0
2001-12-14,0,0,0,0,0,0,0,0,0,0,0,0,0,0,0,0,0,0,0,0,0,0,0,0,0,0,0,0,0,0,0,0,0,0
2001-12-15,0,0,0,0,0,0,0,0,0,0,0,0,0,0,0,0,0,0,0,0,0,0,0,0,0,0,0,0,0,0,0,0,0,0
2001-12-16,0,0,0,0,0,0,0,0,0,0,0,0,0,0,0,0,0,0,0,0,0,0,0,0,0,0,0,0,0,0,0,0,0,0
2001-12-17,0,0,0,0,0,0,0,0,0,0,0,0,0,0,0,0,0,0,0,0,0,0,0,0,0,0,0,0,0,0,0,0,0,0
2001-12-18,0,0,0,0,0,0,0,0,0,0,0,0,0,0,0,0,0,0,0,0,0,0,0,0,0,0,0,0,0,0,0,0,0,0
2001-12-19,0,0,0,0,0,0,0,0,0,0,0,0,0,0,0,0,0,0,0,0,0,0,0,0,0,0,0,0,0,0,0,0,0,0
2001-12-20,0,0,0,0,0,0,0,0,0,0,0,0,0,0,0,0,0,0,0,0,0,0,0,0,0,0,0,0,0,0,0,0,0,0
2001-12-21,0,0,0,0,0,0,0,0,0,0,0,0,0,0,0,0,0,0,0,0,0,0,0,0,0,0,0,0,0,0,0,0,0,0
2001-12-22,0,0,0,0,0,0,0,0,0,0,0,0,0,0,0,0,0,0,0,0,0,0,0,0,0,0,0,0,0,0,0,0,0,0
2001-12-23,0,0,0,0,0,0,0,0,0,0,0,0,0,0,0,0,0,0,0,0,0,0,0,0,0,0,0,0,0,0,0,0,0,0
2001-12-24,0,0,0,0,0,0,0,0,0,0,0,0,0,0,0,0,0,0,0,0,0,0,0,0,0,0,0,0,0,0,0,0,0,0
2001-12-25,0,0,0,0,0,0,0,0,0,0,0,0,0,0,0,0,0,0,0,0,0,0,0,0,0,0,0,0,0,0,0,0,0,0
2001-12-26,0,0,0,0,0,0,0,0,0,0,0,0,0,0,0,0,0,0,0,0,0,0,0,0,0,0,0,0,0,0,0,0,0,0
2001-12-27,0,0,0,0,0,0,0,0,0,0,0,0,0,0,0,0,0,0,0,0,0,0,0,0,0,0,0,0,0,0,0,0,0,0
2001-12-28,0,0,0,0,0,0,0,0,0,0,0,0,0,0,0,0,0,0,0,0,0,0,0,0,0,0,0,0,0,0,0,0,0,0
2001-12-29,0,0,0,0,0,0,0,0,0,0,0,0,0,0,0,0,0,0,0,0,0,0,0,0,0,0,0,0,0,0,0,0,0,0
2001-12-30,0,0,0,0,0,0,0,0,0,0,0,0,0,0,0,0,0,0,0,0,0,0,0,0,0,0,0,0,0,0,0,0,0,0
2001-12-31,0,0,0,0,0,0,0,0,0,0,0,0,0,0,0,0,0,0,0,0,0,0,0,0,0,0,0,0,0,0,0,0,0,0
2002-01-01,0,0,0,0,0,0,0,0,0,0,0,0,0,0,0,0,0,0,0,0,0,0,0,0,0,0,0,0,0,0,0,0,0,0
2002-01-02,0,0,0,0,0,0,0,0,0,0,0,0,0,0,0,0,0,0,0,0,0,0,0,0,0,0,0,0,0,0,0,0,0,0
2002-01-03,0,0,0,0,0,0,0,0,0,0,0,0,0,0,0,0,0,0,0,0,0,0,0,0,0,0,0,0,0,0,0,0,0,0
2002-01-04,0,0,0,0,0,0,0,0,0,0,0,0,0,0,0,0,0,0,0,0,0,0,0,0,0,0,0,0,0,0,0,0,0,0
2002-01-05,0,0,0,0,0,0,0,0,0,0,0,0,0,0,0,0,0,0,0,0,0,0,0,0,0,0,0,0,0,0,0,0,0,0
2002-01-06,0,0,0,0,0,0,0,0,0,0,0,0,0,0,0,0,0,0,0,0,0,0,0,0,0,0,0,0,0,0,0,0,0,0
2002-01-07,0,0,0,0,0,0,0,0,0,0,0,0,0,0,0,0,0,0,0,0,0,0,0,0,0,0,0,0,0,0,0,0,0,0
2002-01-08,0,0,0,0,0,0,0,0,0,0,0,0,0,0,0,0,0,0,0,0,0,0,0,0,0,0,0,0,0,0,0,0,0,0
2002-01-09,0,0,0,0,0,0,0,0,0,0,0,0,0,0,0,0,0,0,0,0,0,0,0,0,0,0,0,0,0,0,0,0,0,0
2002-01-10,0,0,0,0,0,0,0,0,0,0,0,0,0,0,0,0,0,0,0,0,0,0,0,0,0,0,0,0,0,0,0,0,0,0
2002-01-11,0,0,0,0,0,0,0,0,0,0,0,0,0,0,0,0,0,0,0,0,0,0,0,0,0,0,0,0,0,0,0,0,0,0
2002-01-12,0,0,0,0,0,0,0,0,0,0,0,0,0,0,0,0,0,0,0,0,0,0,0,0,0,0,0,0,0,0,0,0,0,0
2002-01-13,0,0,0,0,0,0,0,0,0,0,0,0,0,0,0,0,0,0,0,0,0,0,0,0,0,0,0,0,0,0,0,0,0,0
2002-01-14,0,0,0,0,0,0,0,0,0,0,0,0,0,0,0,0,0,0,0,0,0,0,0,0,0,0,0,0,0,0,0,0,0,0
2002-01-15,0,0,0,0,0,0,0,0,0,0,0,0,0,0,0,0,0,0,0,0,0,0,0,0,0,0,0,0,0,0,0,0,0,0
2002-01-16,0,0,0,0,0,0,0,0,0,0,0,0,0,0,0,0,0,0,0,0,0,0,0,0,0,0,0,0,0,0,0,0,0,0
2002-01-17,0,0,0,0,0,0,0,0,0,0,0,0,0,0,0,0,0,0,0,0,0,0,0,0,0,0,0,0,0,0,0,0,0,0
2002-01-18,0,0,0,0,0,0,0,0,0,0,0,0,0,0,0,0,0,0,0,0,0,0,0,0,0,0,0,0,0,0,0,0,0,0
2002-01-19,0,0,0,0,0,0,0,0,0,0,0,0,0,0,0,0,0,0,0,0,0,0,0,0,0,0,0,0,0,0,0,0,0,0
2002-01-20,0,0,0,0,0,0,0,0,0,0,0,0,0,0,0,0,0,0,0,0,0,0,0,0,0,0,0,0,0,0,0,0,0,0
2002-01-21,0,0,0,0,0,0,0,0,0,0,0,0,0,0,0,0,0,0,0,0,0,0,0,0,0,0,0,0,0,0,0,0,0,0
2002-01-22,0,0,0,0,0,0,0,0,0,0,0,0,0,0,0,0,0,0,0,0,0,0,0,0,0,0,0,0,0,0,0,0,0,0
2002-01-23,0,0,0,0,0,0,0,0,0,0,0,0,0,0,0,0,0,0,0,0,0,0,0,0,0,0,0,0,0,0,0,0,0,0
2002-01-24,0,0,0,0,0,0,0,0,0,0,0,0,0,0,0,0,0,0,0,0,0,0,0,0,0,0,0,0,0,0,0,0,0,0
2002-01-25,0,0,0,0,0,0,0,0,0,0,0,0,0,0,0,0,0,0,0,0,0,0,0,0,0,0,0,0,0,0,0,0,0,0
2002-01-26,0,0,0,0,0,0,0,0,0,0,0,0,0,0,0,0,0,0,0,0,0,0,0,0,0,0,0,0,0,0,0,0,0,0
2002-01-27,0,0,0,0,0,0,0,0,0,0,0,0,0,0,0,0,0,0,0,0,0,0,0,0,0,0,0,0,0,0,0,0,0,0
2002-01-28,0,0,0,0,0,0,0,0,0,0,0,0,0,0,0,0,0,0,0,0,0,0,0,0,0,0,0,0,0,0,0,0,0,0
2002-01-29,0,0,0,0,0,0,0,0,0,0,0,0,0,0,0,0,0,0,0,0,0,0,0,0,0,0,0,0,0,0,0,0,0,0
2002-01-30,0,0,0,0,0,0,0,0,0,0,0,0,0,0,0,0,0,0,0,0,0,0,0,0,0,0,0,0,0,0,0,0,0,0
2002-01-31,0,0,0,0,0,0,0,0,0,0,0,0,0,0,0,0,0,0,0,0,0,0,0,0,0,0,0,0,0,0,0,0,0,0
2002-02-01,0,0,0,0,0,0,0,0,0,0,0,0,0,0,0,0,0,0,0,0,0,0,0,0,0,0,0,0,0,0,0,0,0,0
2002-02-02,0,0,0,0,0,0,0,0,0,0,0,0,0,0,0,0,0,0,0,0,0,0,0,0,0,0,0,0,0,0,0,0,0,0
2002-02-03,0,0,0,0,0,0,0,0,0,0,0,0,0,0,0,0,0,0,0,0,0,0,0,0,0,0,0,0,0,0,0,0,0,0
2002-02-04,0,0,0,0,0,0,0,0,0,0,0,0,0,0,0,0,0,0,0,0,0,0,0,0,0,0,0,0,0,0,0,0,0,0
2002-02-05,0,0,0,0,0,0,0,0,0,0,0,0,0,0,0,0,0,0,0,0,0,0,0,0,0,0,0,0,0,0,0,0,0,0
2002-02-06,0,0,0,0,0,0,0,0,0,0,0,0,0,0,0,0,0,0,0,0,0,0,0,0,0,0,0,0,0,0,0,0,0,0
2002-02-07,0,0,0,0,0,0,0,0,0,0,0,0,0,0,0,0,0,0,0,0,0,0,0,0,0,0,0,0,0,0,0,0,0,0
2002-02-08,0,0,0,0,0,0,0,0,0,0,0,0,0,0,0,0,0,0,0,0,0,0,0,0,0,0,0,0,0,0,0,0,0,0
2002-02-09,0,0,0,0,0,0,0,0,0,0,0,0,0,0,0,0,0,0,0,0,0,0,0,0,0,0,0,0,0,0,0,0,0,0
2002-02-10,0,0,0,0,0,0,0,0,0,0,0,0,0,0,0,0,0,0,0,0,0,0,0,0,0,0,0,0,0,0,0,0,0,0
2002-02-11,0,0,0,0,0,0,0,0,0,0,0,0,0,0,0,0,0,0,0,0,0,0,0,0,0,0,0,0,0,0,0,0,0,0
2002-02-12,0,0,0,0,0,0,0,0,0,0,0,0,0,0,0,0,0,0,0,0,0,0,0,0,0,0,0,0,0,0,0,0,0,0
2002-02-13,0,0,0,0,0,0,0,0,0,0,0,0,0,0,0,0,0,0,0,0,0,0,0,0,0,0,0,0,0,0,0,0,0,0
2002-02-14,0,0,0,0,0,0,0,0,0,0,0,0,0,0,0,0,0,0,0,0,0,0,0,0,0,0,0,0,0,0,0,0,0,0
2002-02-15,0,0,0,0,0,0,0,0,0,0,0,0,0,0,0,0,0,0,0,0,0,0,0,0,0,0,0,0,0,0,0,0,0,0
2002-02-16,0,0,0,0,0,0,0,0,0,0,0,0,0,0,0,0,0,0,0,0,0,0,0,0,0,0,0,0,0,0,0,0,0,0
2002-02-17,0,0,0,0,0,0,0,0,0,0,0,0,0,0,0,0,0,0,0,0,0,0,0,0,0,0,0,0,0,0,0,0,0,0
2002-02-18,0,0,0,0,0,0,0,0,0,0,0,0,0,0,0,0,0,0,0,0,0,0,0,0,0,0,0,0,0,0,0,0,0,0
2002-02-19,0,0,0,0,0,0,0,0,0,0,0,0,0,0,0,0,0,0,0,0,0,0,0,0,0,0,0,0,0,0,0,0,0,0
2002-02-20,0,0,0,0,0,0,0,0,0,0,0,0,0,0,0,0,0,0,0,0,0,0,0,0,0,0,0,0,0,0,0,0,0,0
2002-02-21,0,0,0,0,0,0,0,0,0,0,0,0,0,0,0,0,0,0,0,0,0,0,0,0,0,0,0,0,0,0,0,0,0,0
2002-02-22,0,0,0,0,0,0,0,0,0,0,0,0,0,0,0,0,0,0,0,0,0,0,0,0,0,0,0,0,0,0,0,0,0,0
2002-02-23,0,0,0,0,0,0,0,0,0,0,0,0,0,0,0,0,0,0,0,0,0,0,0,0,0,0,0,0,0,0,0,0,0,0
2002-02-24,0,0,0,0,0,0,0,0,0,0,0,0,0,0,0,0,0,0,0,0,0,0,0,0,0,0,0,0,0,0,0,0,0,0
2002-02-25,0,0,0,0,0,0,0,0,0,0,0,0,0,0,0,0,0,0,0,0,0,0,0,0,0,0,0,0,0,0,0,0,0,0
2002-02-26,0,0,0,0,0,0,0,0,0,0,0,0,0,0,0,0,0,0,0,0,0,0,0,0,0,0,0,0,0,0,0,0,0,0
2002-02-27,0,0,0,0,0,0,0,0,0,0,0,0,0,0,0,0,0,0,0,0,0,0,0,0,0,0,0,0,0,0,0,0,0,0
2002-02-28,0,0,0,0,0,0,0,0,0,0,0,0,0,0,0,0,0,0,0,0,0,0,0,0,0,0,0,0,0,0,0,0,0,0
2002-03-01,0,0,0,0,0,0,0,0,0,0,0,0,0,0,0,0,0,0,0,0,0,0,0,0,0,0,0,0,0,0,0,0,0,0
2002-03-02,0,0,0,0,0,0,0,0,0,0,0,0,0,0,0,0,0,0,0,0,0,0,0,0,0,0,0,0,0,0,0,0,0,0
2002-03-03,0,0,0,0,0,0,0,0,0,0,0,0,0,0,0,0,0,0,0,0,0,0,0,0,0,0,0,0,0,0,0,0,0,0
2002-03-04,0,0,0,0,0,0,0,0,0,0,0,0,0,0,0,0,0,0,0,0,0,0,0,0,0,0,0,0,0,0,0,0,0,0
2002-03-05,0,0,0,0,0,0,0,0,0,0,0,0,0,0,0,0,0,0,0,0,0,0,0,0,0,0,0,0,0,0,0,0,0,0
2002-03-06,0,0,0,0,0,0,0,0,0,0,0,0,0,0,0,0,0,0,0,0,0,0,0,0,0,0,0,0,0,0,0,0,0,0
2002-03-07,0,0,0,0,0,0,0,0,0,0,0,0,0,0,0,0,0,0,0,0,0,0,0,0,0,0,0,0,0,0,0,0,0,0
2002-03-08,0,0,0,0,0,0,0,0,0,0,0,0,0,0,0,0,0,0,0,0,0,0,0,0,0,0,0,0,0,0,0,0,0,0
2002-03-09,0,0,0,0,0,0,0,0,0,0,0,0,0,0,0,0,0,0,0,0,0,0,0,0,0,0,0,0,0,0,0,0,0,0
2002-03-10,0,0,0,0,0,0,0,0,0,0,0,0,0,0,0,0,0,0,0,0,0,0,0,0,0,0,0,0,0,0,0,0,0,0
2002-03-11,0,0,0,0,0,0,0,0,0,0,0,0,0,0,0,0,0,0,0,0,0,0,0,0,0,0,0,0,0,0,0,0,0,0
2002-03-12,0,0,0,0,0,0,0,0,0,0,0,0,0,0,0,0,0,0,0,0,0,0,0,0,0,0,0,0,0,0,0,0,0,0
2002-03-13,0,0,0,0,0,0,0,0,0,0,0,0,0,0,0,0,0,0,0,0,0,0,0,0,0,0,0,0,0,0,0,0,0,0
2002-03-14,0,0,0,0,0,0,0,0,0,0,0,0,0,0,0,0,0,0,0,0,0,0,0,0,0,0,0,0,0,0,0,0,0,0
2002-03-15,0,0,0,0,0,0,0,0,0,0,0,0,0,0,0,0,0,0,0,0,0,0,0,0,0,0,0,0,0,0,0,0,0,0
2002-03-16,0,0,0,0,0,0,0,0,0,0,0,0,0,0,0,0,0,0,0,0,0,0,0,0,0,0,0,0,0,0,0,0,0,0
2002-03-17,0,0,0,0,0,0,0,0,0,0,0,0,0,0,0,0,0,0,0,0,0,0,0,0,0,0,0,0,0,0,0,0,0,0
2002-03-18,0,0,0,0,0,0,0,0,0,0,0,0,0,0,0,0,0,0,0,0,0,0,0,0,0,0,0,0,0,0,0,0,0,0
2002-03-19,0,0,0,0,0,0,0,0,0,0,0,0,0,0,0,0,0,0,0,0,0,0,0,0,0,0,0,0,0,0,0,0,0,0
2002-03-20,0,0,0,0,0,0,0,0,0,0,0,0,0,0,0,0,0,0,0,0,0,0,0,0,0,0,0,0,0,0,0,0,0,0
2002-03-21,0,0,0,0,0,0,0,0,0,0,0,0,0,0,0,0,0,0,0,0,0,0,0,0,0,0,0,0,0,0,0,0,0,0
2002-03-22,0,0,0,0,0,0,0,0,0,0,0,0,0,0,0,0,0,0,0,0,0,0,0,0,0,0,0,0,0,0,0,0,0,0
2002-03-23,0,0,0,0,0,0,0,0,0,0,0,0,0,0,0,0,0,0,0,0,0,0,0,0,0,0,0,0,0,0,0,0,0,0
2002-03-24,0,0,0,0,0,0,0,0,0,0,0,0,0,0,0,0,0,0,0,0,0,0,0,0,0,0,0,0,0,0,0,0,0,0
2002-03-25,0,0,0,0,0,0,0,0,0,0,0,0,0,0,0,0,0,0,0,0,0,0,0,0,0,0,0,0,0,0,0,0,0,0
2002-03-26,0,0,0,0,0,0,0,0,0,0,0,0,0,0,0,0,0,0,0,0,0,0,0,0,0,0,0,0,0,0,0,0,0,0
2002-03-27,0,0,0,0,0,0,0,0,0,0,0,0,0,0,0,0,0,0,0,0,0,0,0,0,0,0,0,0,0,0,0,0,0,0
2002-03-28,0,0,0,0,0,0,0,0,0,0,0,0,0,0,0,0,0,0,0,0,0,0,0,0,0,0,0,0,0,0,0,0,0,0
2002-03-29,0,0,0,0,0,0,0,0,0,0,0,0,0,0,0,0,0,0,0,0,0,0,0,0,0,0,0,0,0,0,0,0,0,0
2002-03-30,0,0,0,0,0,0,0,0,0,0,0,0,0,0,0,0,0,0,0,0,0,0,0,0,0,0,0,0,0,0,0,0,0,0
2002-03-31,0,0,0,0,0,0,0,0,0,0,0,0,0,0,0,0,0,0,0,0,0,0,0,0,0,0,0,0,0,0,0,0,0,0
2002-04-01,0,0,0,0,0,0,0,0,0,0,0,0,0,0,0,0,0,0,0,0,0,0,0,0,0,0,0,0,0,0,0,0,0,0
2002-04-02,0,0,0,0,0,0,0,0,0,0,0,0,0,0,0,0,0,0,0,0,0,0,0,0,0,0,0,0,0,0,0,0,0,0
2002-04-03,0,0,0,0,0,0,0,0,0,0,0,0,0,0,0,0,0,0,0,0,0,0,0,0,0,0,0,0,0,0,0,0,0,0
2002-04-04,0,0,0,0,0,0,0,0,0,0,0,0,0,0,0,0,0,0,0,0,0,0,0,0,0,0,0,0,0,0,0,0,0,0
2002-04-05,0,0,0,0,0,0,0,0,0,0,0,0,0,0,0,0,0,0,0,0,0,0,0,0,0,0,0,0,0,0,0,0,0,0
2002-04-06,0,0,0,0,0,0,0,0,0,0,0,0,0,0,0,0,0,0,0,0,0,0,0,0,0,0,0,0,0,0,0,0,0,0
2002-04-07,0,0,0,0,0,0,0,0,0,0,0,0,0,0,0,0,0,0,0,0,0,0,0,0,0,0,0,0,0,0,0,0,0,0
2002-04-08,0,0,0,0,0,0,0,0,0,0,0,0,0,0,0,0,0,0,0,0,0,0,0,0,0,0,0,0,0,0,0,0,0,0
2002-04-09,0,0,0,0,0,0,0,0,0,0,0,0,0,0,0,0,0,0,0,0,0,0,0,0,0,0,0,0,0,0,0,0,0,0
2002-04-10,0,0,0,0,0,0,0,0,0,0,0,0,0,0,0,0,0,0,0,0,0,0,0,0,0,0,0,0,0,0,0,0,0,0
2002-04-11,0,0,0,0,0,0,0,0,0,0,0,0,0,0,0,0,0,0,0,0,0,0,0,0,0,0,0,0,0,0,0,0,0,0
2002-04-12,0,0,0,0,0,0,0,0,0,0,0,0,0,0,0,0,0,0,0,0,0,0,0,0,0,0,0,0,0,0,0,0,0,0
2002-04-13,0,0,0,0,0,0,0,0,0,0,0,0,0,0,0,0,0,0,0,0,0,0,0,0,0,0,0,0,0,0,0,0,0,0
2002-04-14,0,0,0,0,0,0,0,0,0,0,0,0,0,0,0,0,0,0,0,0,0,0,0,0,0,0,0,0,0,0,0,0,0,0
2002-04-15,0,0,0,0,0,0,0,0,0,0,0,0,0,0,0,0,0,0,0,0,0,0,0,0,0,0,0,0,0,0,0,0,0,0
2002-04-16,0,0,0,0,0,0,0,0,0,0,0,0,0,0,0,0,0,0,0,0,0,0,0,0,0,0,0,0,0,0,0,0,0,0
2002-04-17,0,0,0,0,0,0,0,0,0,0,0,0,0,0,0,0,0,0,0,0,0,0,0,0,0,0,0,0,0,0,0,0,0,0
2002-04-18,0,0,0,0,0,0,0,0,0,0,0,0,0,0,0,0,0,0,0,0,0,0,0,0,0,0,0,0,0,0,0,0,0,0
2002-04-19,0,0,0,0,0,0,0,0,0,0,0,0,0,0,0,0,0,0,0,0,0,0,0,0,0,0,0,0,0,0,0,0,0,0
2002-04-20,0,0,0,0,0,0,0,0,0,0,0,0,0,0,0,0,0,0,0,0,0,0,0,0,0,0,0,0,0,0,0,0,0,0
2002-04-21,0,0,0,0,0,0,0,0,0,0,0,0,0,0,0,0,0,0,0,0,0,0,0,0,0,0,0,0,0,0,0,0,0,0
2002-04-22,0,0,0,0,0,0,0,0,0,0,0,0,0,0,0,0,0,0,0,0,0,0,0,0,0,0,0,0,0,0,0,0,0,0
2002-04-23,0,0,0,0,0,0,0,0,0,0,0,0,0,0,0,0,0,0,0,0,0,0,0,0,0,0,0,0,0,0,0,0,0,0
2002-04-24,0,0,0,0,0,0,0,0,0,0,0,0,0,0,0,0,0,0,0,0,0,0,0,0,0,0,0,0,0,0,0,0,0,0
2002-04-25,0,0,0,0,0,0,0,0,0,0,0,0,0,0,0,0,0,0,0,0,0,0,0,0,0,0,0,0,0,0,0,0,0,0
2002-04-26,0,0,0,0,0,0,0,0,0,0,2,0,0,0,0,0,0,0,0,0,0,0,0,0,0,0,0,0,0,0,0,0,0,0
2002-04-27,0,0,0,0,0,0,0,0,0,0,0,0,0,0,0,0,0,0,0,0,0,0,0,0,0,0,0,0,0,0,0,0,0,0
2002-04-28,0,0,0,0,0,0,0,0,0,0,0,0,0,0,0,0,0,0,0,0,0,0,0,0,0,0,0,0,0,0,0,0,0,0
2002-04-29,0,0,0,0,0,0,0,0,0,0,0,0,0,0,0,0,0,0,0,0,0,0,0,0,0,0,0,0,0,0,0,0,0,0
2002-04-30,0,0,0,0,0,0,0,0,0,0,0,0,0,0,0,0,0,0,0,0,0,0,0,0,0,0,0,0,0,0,0,0,0,0
2002-05-01,0,0,0,0,0,0,0,0,0,0,0,0,0,0,0,0,0,0,0,0,0,0,0,0,0,0,0,0,0,0,0,0,0,0
2002-05-02,0,0,0,0,0,0,0,0,0,0,0,0,0,0,0,0,0,0,0,0,0,0,0,0,0,0,0,0,0,0,0,0,0,0
2002-05-03,0,0,0,0,0,0,0,0,0,0,0,0,0,0,0,0,0,0,0,0,0,0,0,0,0,0,0,0,1,11,0,0,0,0
2002-05-04,0,0,0,0,0,0,0,0,0,0,0,0,0,0,0,0,16,0,0,0,0,0,0,0,0,0,4,0,2,21,0,0,1,0
2002-05-05,0,0,0,0,0,0,0,0,0,0,0,0,0,0,0,0,0,0,0,0,0,0,0,0,0,0,0,0,0,0,0,0,0,0
2002-05-06,0,0,0,0,0,0,0,0,0,0,0,0,0,0,0,0,0,0,0,0,0,0,0,0,0,0,0,0,0,0,0,0,0,0
2002-05-07,0,0,0,0,0,0,0,0,0,0,0,0,0,0,0,0,0,0,0,0,0,0,0,0,0,0,0,0,0,0,0,0,0,0
2002-05-08,0,0,0,0,0,0,0,0,0,0,0,0,0,0,0,0,0,0,0,0,0,0,0,0,0,0,0,0,0,0,0,0,0,0
2002-05-09,0,0,0,0,0,0,0,0,0,0,0,0,0,0,0,0,0,0,0,0,0,0,0,0,0,0,0,0,0,0,0,0,0,0
2002-05-10,0,0,0,0,0,0,0,0,0,0,0,0,0,0,0,0,0,0,0,0,0,0,0,0,0,0,0,0,0,0,0,0,0,0
2002-05-11,0,0,0,0,0,0,0,0,0,0,0,0,0,0,0,0,0,0,0,0,0,0,0,0,0,0,0,0,0,0,0,0,0,0
2002-05-12,0,0,0,0,0,0,0,0,0,0,0,0,0,0,0,0,0,0,0,0,0,0,0,0,0,0,0,0,0,0,0,0,0,0
2002-05-13,0,0,0,0,0,0,0,0,0,0,0,0,0,0,0,0,0,0,0,0,0,0,0,0,0,0,0,0,0,0,0,0,0,0
2002-05-14,0,0,0,0,0,0,0,0,0,0,0,0,0,0,0,0,0,0,0,0,0,0,0,0,0,0,0,0,0,0,0,0,0,0
2002-05-15,0,0,0,0,0,0,0,0,0,0,41,0,0,0,0,0,0,0,0,0,0,0,0,0,0,0,0,0,0,0,0,0,0,0
2002-05-16,0,0,0,0,0,0,0,0,0,0,151,0,46,0,0,0,0,0,0,0,0,0,0,0,0,0,0,0,0,0,0,0,0,0
2002-05-17,0,0,0,0,0,0,0,0,0,0,0,0,0,0,0,0,0,0,0,0,0,0,0,0,0,0,0,0,0,0,0,0,0,0
2002-05-18,0,0,0,0,10,0,0,0,0,0,0,0,0,0,0,0,0,0,0,0,0,0,0,0,0,0,0,0,42,9,0,0,0,0
2002-05-19,0,0,0,0,8,0,0,0,0,0,5,0,0,0,0,0,0,0,0,0,0,0,0,0,0,0,0,0,25,2,0,0,0,0
2002-05-20,0,0,0,0,0,0,0,0,0,0,5,0,0,0,0,0,0,0,0,0,0,0,0,0,0,0,0,0,0,0,0,0,0,0
2002-05-21,0,0,0,0,0,0,0,0,0,0,0,0,0,0,0,0,0,0,0,0,0,0,0,0,0,0,0,0,0,0,0,0,0,0
2002-05-22,0,0,0,0,0,0,0,0,0,0,0,0,0,0,0,0,0,0,0,0,0,0,0,0,0,0,0,0,0,0,0,0,0,0
2002-05-23,0,0,0,0,0,0,0,0,0,0,0,0,0,0,0,0,0,0,1,0,0,0,0,0,0,0,0,0,0,0,0,0,0,0
2002-05-24,0,0,0,0,0,0,0,0,0,0,0,0,0,0,0,1,11,0,0,0,0,0,0,0,0,0,0,0,5,36,0,0,0,0
2002-05-25,0,0,0,0,9,0,0,0,0,0,2,0,0,0,0,0,14,0,0,0,0,0,0,0,0,0,0,0,79,19,0,0,0,0
2002-05-26,0,0,0,0,0,0,0,0,0,0,0,0,0,0,0,0,7,0,0,0,0,0,0,0,0,0,0,0,38,9,0,0,0,0
2002-05-27,0,0,0,0,0,0,0,0,0,0,0,0,0,0,0,0,0,0,0,0,0,0,0,0,0,0,0,0,0,0,0,0,0,0
2002-05-28,0,0,0,0,0,0,0,0,0,0,0,0,0,0,0,0,0,0,0,0,0,0,0,0,0,0,0,0,0,0,0,0,0,0
2002-05-29,0,0,0,0,0,0,0,0,0,0,53,0,0,0,0,0,0,0,0,0,0,0,0,0,0,0,0,0,0,0,0,0,0,0
2002-05-30,0,0,0,0,0,0,0,0,0,0,177,0,0,0,0,0,0,0,0,0,0,0,0,0,0,0,0,5,0,0,0,0,0,0
2002-05-31,0,0,0,0,0,0,0,0,0,0,215,0,0,0,0,0,0,0,0,0,0,0,0,0,0,0,0,8,0,0,0,0,0,0
2002-06-01,0,0,0,0,0,0,0,0,0,0,309,0,0,0,0,0,0,0,2,0,0,0,0,0,0,0,0,8,0,0,0,0,0,0
2002-06-02,0,0,0,0,0,0,0,0,0,0,333,0,0,0,0,0,0,0,3,0,0,0,0,0,0,0,0,0,0,0,0,0,0,0
2002-06-03,0,0,0,0,0,0,0,0,0,0,71,0,0,0,0,0,0,0,0,0,0,0,0,0,0,0,0,0,0,0,0,0,0,0
2002-06-04,0,0,0,0,0,0,0,0,0,0,0,0,0,0,0,0,0,0,11,0,0,0,0,0,0,0,0,0,0,0,0,0,0,0
2002-06-05,0,0,0,0,0,0,0,0,0,0,0,0,0,0,1,0,0,0,4,0,0,0,0,0,0,0,0,0,0,0,0,0,0,0
2002-06-06,1,0,0,0,0,0,0,0,0,0,0,0,0,0,21,0,0,0,5,0,0,0,0,1,0,0,0,0,0,0,0,0,0,0
2002-06-07,0,0,0,0,32,0,0,0,0,0,0,0,0,0,26,0,0,0,0,0,0,0,0,3,0,0,0,0,39,4,0,0,0,0
2002-06-08,0,0,0,0,15,0,0,0,0,0,0,0,0,0,98,0,0,0,0,0,0,0,0,6,0,0,0,0,3,0,0,0,0,0
2002-06-09,0,0,0,0,39,0,0,0,0,0,0,0,0,0,81,0,0,0,0,0,0,0,0,8,0,0,0,0,62,1,0,0,0,0
2002-06-10,0,0,0,0,0,0,0,0,0,0,68,0,0,0,4,0,0,0,0,0,0,0,0,0,0,0,0,0,0,0,0,0,0,0
2002-06-11,0,0,0,0,0,0,0,0,0,0,357,0,0,0,1,0,0,0,0,0,0,0,0,0,0,0,0,70,0,0,0,0,0,0
2002-06-12,0,0,0,0,0,0,0,0,0,0,561,0,0,0,10,0,0,0,1,0,0,0,0,0,0,0,0,108,0,0,0,0,0,0
2002-06-13,0,0,0,0,1,0,0,0,0,0,651,0,0,0,37,0,0,0,42,0,0,0,0,0,0,0,0,90,14,0,0,0,0,0
2002-06-14,0,0,1,0,40,0,0,0,0,0,701,0,262,0,73,11,39,0,115,0,0,0,0,5,0,0,0,36,182,37,0,0,1,0
2002-06-15,7,2,23,0,100,0,0,2,0,0,1069,0,52,0,161,89,168,0,266,0,0,0,3,15,0,0,0,81,215,119,0,10,6,0
2002-06-16,10,0,42,0,174,0,0,0,0,0,1469,0,234,0,226,106,192,0,425,0,0,0,4,28,0,0,0,166,337,186,0,6,2,2
2002-06-17,18,1,23,65,71,23,0,176,0,0,1642,0,1369,0,295,98,92,0,580,0,3,0,7,25,43,0,0,95,98,93,0,6,3,0
2002-06-18,40,32,27,35,33,39,22,1312,0,0,1199,0,532,0,245,112,139,0,806,0,7,0,7,24,25,0,112,19,72,70,0,22,14,1
2002-06-19,24,86,23,0,29,14,87,206,0,0,605,0,207,0,89,119,196,0,827,13,0,3,6,13,0,0,268,1,101,85,0,30,40,0
2002-06-20,10,117,32,0,44,1,146,87,0,0,731,0,134,0,95,129,310,0,729,3,0,0,3,15,0,0,258,2,235,141,0,27,69,1
2002-06-21,10,69,50,0,110,0,24,1,0,0,1331,0,124,0,136,168,458,0,800,0,0,0,5,24,0,0,112,42,504,191,0,26,94,3
2002-06-22,28,39,59,0,256,4,3,10,0,0,1833,0,420,0,266,210,456,0,1066,0,0,0,10,50,0,0,0,63,835,278,0,49,50,14
2002-06-23,68,103,123,0,400,28,30,95,0,0,1333,0,272,0,410,267,578,0,1189,0,0,0,16,88,0,0,9,2,925,351,0,65,97,32
2002-06-24,65,8,168,0,424,0,0,0,0,0,396,0,97,0,451,286,574,0,1035,0,0,0,17,91,0,0,0,1,1169,461,0,43,39,36
2002-06-25,23,0,5,0,144,0,0,0,0,0,523,0,95,0,259,14,0,0,522,0,0,0,6,6,0,0,0,37,150,20,0,0,0,0
2002-06-26,17,0,0,0,0,0,0,0,0,0,942,0,62,0,154,4,0,0,336,0,0,0,2,1,0,0,0,3,0,0,0,0,0,0
2002-06-27,12,0,0,0,0,0,0,0,0,0,624,0,56,0,48,1,6,0,329,0,0,0,3,2,0,0,0,0,0,6,0,0,3,0
2002-06-28,12,0,6,0,21,0,0,0,0,0,711,0,21,0,78,9,21,0,426,0,0,0,2,13,0,0,0,18,60,107,0,0,0,1
2002-06-29,15,0,0,0,59,0,0,0,0,0,324,0,1,0,216,1,0,0,293,0,0,0,1,21,0,0,0,1,47,0,0,0,0,0
2002-06-30,19,0,0,0,4,0,0,0,0,0,73,0,1,0,224,0,0,0,135,0,0,0,1,5,0,0,0,1,0,0,0,0,0,0
2002-07-01,4,0,0,0,0,0,0,0,0,0,10,0,0,0,116,0,0,0,217,0,0,0,0,1,0,0,0,0,2,1,0,0,0,0
2002-07-02,18,2,7,0,30,0,0,0,0,0,279,0,7,0,143,24,196,0,472,0,0,0,2,18,0,0,0,2,157,134,0,1,21,5
2002-07-03,78,16,94,0,143,0,4,0,0,0,703,0,1,0,294,160,557,0,526,0,0,0,11,52,0,0,74,6,565,419,0,6,95,36
2002-07-04,40,0,5,0,228,0,0,0,0,0,780,0,1,0,357,10,67,0,365,8,0,11,4,61,0,0,0,18,537,208,0,0,0,31
2002-07-05,35,0,3,0,181,0,0,0,0,0,690,13,0,0,391,5,0,0,223,0,0,0,6,35,0,0,0,19,278,1,0,0,0,0
2002-07-06,33,0,6,0,271,0,0,0,0,0,680,0,0,0,402,14,35,0,231,0,0,0,6,62,0,0,0,12,405,76,0,0,1,5
2002-07-07,22,0,0,0,236,0,0,0,0,0,815,0,2,0,368,1,0,0,201,0,0,0,3,35,0,0,0,22,525,6,0,0,0,0
2002-07-08,19,0,5,0,118,0,0,1,0,0,547,0,6,0,200,26,97,0,288,0,0,0,6,4,0,0,0,0,335,23,0,0,11,0
2002-07-09,37,38,28,0,96,0,44,423,0,0,413,0,13,0,320,93,354,0,452,0,0,0,8,27,0,0,349,0,363,132,0,4,72,3
2002-07-10,30,62,62,0,177,0,113,119,0,0,365,0,4,0,305,164,545,0,544,32,0,1,7,27,0,0,1220,0,696,231,3,17,153,7
2002-07-11,57,1,70,0,405,0,0,0,0,47,468,7,27,0,432,160,453,0,663,61,0,54,15,67,0,0,54,0,1025,333,0,11,51,26
2002-07-12,86,0,31,0,357,0,0,0,0,0,697,0,31,0,542,79,286,0,701,0,0,0,19,61,0,0,0,10,643,206,0,1,26,18
2002-07-13,47,0,33,0,260,0,0,0,0,0,552,0,6,0,400,121,400,0,462,0,0,0,10,26,0,0,10,31,660,220,0,5,36,2
2002-07-14,34,2,11,0,337,0,0,0,0,0,296,0,0,0,419,39,258,0,147,0,0,0,7,43,0,0,158,150,681,228,0,1,27,9
2002-07-15,80,2,20,0,515,0,0,0,0,0,187,0,0,0,636,53,353,0,147,0,0,0,10,108,0,0,99,134,872,331,0,0,41,35
2002-07-16,29,0,34,0,663,0,0,0,0,0,409,0,0,0,664,65,370,0,97,0,0,0,2,106,0,0,99,199,1061,398,0,0,26,24
2002-07-17,13,0,2,0,341,0,0,0,0,0,819,0,1,0,492,11,161,0,70,0,0,0,0,55,0,0,42,362,455,129,0,0,8,1
2002-07-18,2,0,0,0,110,0,0,0,0,0,1173,0,15,0,342,0,0,0,70,29,0,0,0,19,0,0,42,264,147,0,0,0,0,0
2002-07-19,10,0,0,0,141,0,0,0,0,4,1424,0,68,0,318,0,0,0,60,215,0,90,0,25,0,0,38,102,122,0,0,0,0,0
2002-07-20,9,0,0,0,56,0,0,0,0,6,1168,0,141,0,273,2,0,0,126,34,0,73,2,8,0,0,0,19,56,0,0,0,0,0
2002-07-21,14,0,13,0,98,0,0,0,0,0,1139,0,127,0,322,51,35,0,331,0,0,0,5,12,0,0,0,15,69,34,0,1,0,0
2002-07-22,32,0,5,0,190,0,0,0,0,0,433,0,127,0,490,17,0,0,530,0,0,0,5,37,0,0,0,0,139,15,0,0,0,4
2002-07-23,33,0,3,0,55,0,0,0,0,0,267,0,65,0,493,12,0,0,617,0,0,0,5,14,0,0,0,4,23,0,0,0,0,0
2002-07-24,43,0,7,0,45,0,0,0,0,0,771,0,39,0,388,25,0,0,571,0,0,0,6,30,0,0,0,165,29,36,0,0,0,1
2002-07-25,3,0,0,0,28,0,0,0,0,0,1231,0,15,0,186,5,0,0,173,0,0,0,0,0,0,0,0,296,28,0,0,0,0,0
2002-07-26,0,0,0,0,5,0,0,0,0,0,1481,0,36,0,128,0,0,0,29,0,0,0,0,0,0,0,0,244,7,0,0,0,0,0
2002-07-27,1,0,0,0,7,0,0,0,0,0,1846,0,223,0,45,1,0,0,43,0,0,0,0,0,0,0,0,178,18,0,0,0,0,0
2002-07-28,3,0,2,39,7,0,0,10,0,0,2004,0,716,0,24,29,155,0,167,0,0,0,1,0,27,0,3,211,77,32,0,0,18,0
2002-07-29,1,28,1,50,2,0,58,374,0,0,1685,0,794,0,42,15,258,0,256,38,3,2,0,0,61,0,548,100,50,14,0,1,70,0
2002-07-30,1,13,0,8,19,0,21,492,0,6,937,0,104,0,72,10,74,0,208,244,0,139,0,0,43,0,384,31,44,0,0,2,22,0
2002-07-31,0,0,0,0,36,0,4,188,0,52,564,0,22,0,105,0,18,0,108,293,0,256,0,0,0,0,776,31,103,10,0,0,3,0
2002-08-01,1,0,0,0,23,0,0,32,4,30,425,0,1,0,156,3,17,0,202,162,0,185,0,2,0,0,583,19,101,27,16,0,1,0
2002-08-02,9,0,17,0,105,0,0,0,0,0,544,0,4,0,268,58,62,0,386,8,0,5,2,17,0,0,166,19,230,121,0,1,0,1
2002-08-03,23,2,34,0,224,0,0,0,0,0,489,0,22,0,425,79,153,0,649,0,0,0,4,33,0,0,0,4,310,142,0,3,9,5
2002-08-04,45,0,25,0,247,0,0,0,0,0,788,0,37,0,482,60,83,0,761,0,0,0,7,39,0,0,0,16,345,165,0,0,2,5
2002-08-05,46,0,10,0,195,0,0,0,0,0,701,0,31,0,493,27,7,0,626,0,0,0,9,45,0,0,0,2,228,35,0,0,3,7
2002-08-06,44,0,2,0,157,0,0,0,0,0,631,0,8,0,490,7,15,0,439,0,0,0,5,42,0,0,0,5,101,46,0,0,1,3
2002-08-07,2,0,0,0,10,0,0,0,0,0,658,0,8,0,298,0,0,0,224,0,0,0,0,0,0,0,0,46,11,0,0,0,0,0
2002-08-08,2,0,0,0,0,0,0,0,0,0,506,0,5,0,180,3,0,0,137,0,0,0,0,0,0,0,0,78,0,0,0,0,0,0
2002-08-09,6,0,0,0,0,0,0,0,0,0,455,0,0,0,170,0,0,0,113,0,0,0,0,4,0,0,0,23,0,0,0,0,0,0
2002-08-10,12,0,0,0,8,0,0,0,0,0,145,0,0,0,228,0,0,0,134,0,0,0,0,7,0,0,0,0,1,6,0,0,0,0
2002-08-11,24,0,0,0,79,0,0,0,0,0,198,0,0,0,443,0,6,0,49,0,0,0,0,16,0,0,3,27,71,1,0,0,0,0
2002-08-12,1,0,0,0,88,0,0,0,0,1,754,0,0,0,322,0,0,0,20,2,0,9,0,3,0,0,0,199,60,0,0,0,0,0
2002-08-13,1,0,0,0,18,0,0,0,0,0,1219,0,2,0,179,0,0,0,30,0,0,0,0,0,0,0,0,315,6,0,0,0,0,0
2002-08-14,1,0,0,0,0,0,0,0,0,0,1092,0,5,0,175,1,0,0,37,0,0,0,0,0,0,0,0,118,0,0,0,0,0,0
2002-08-15,1,0,0,0,0,0,0,0,0,0,872,0,24,0,130,3,0,0,87,3,0,0,0,0,0,0,0,25,0,0,0,0,0,0
2002-08-16,1,0,0,0,0,0,0,0,0,0,867,0,83,0,109,4,0,0,131,2,0,0,1,0,0,0,0,47,0,0,0,0,0,0
2002-08-17,3,0,0,4,0,0,0,0,0,0,1170,0,244,0,79,8,0,0,184,0,0,0,2,0,1,0,0,55,0,0,0,0,0,0
2002-08-18,5,0,0,15,0,0,0,9,0,0,890,0,213,0,30,8,14,0,166,0,0,0,2,0,16,0,0,22,0,0,0,0,0,0
2002-08-19,6,0,0,0,0,0,0,48,0,0,791,0,186,0,37,9,0,0,188,0,0,0,3,0,0,0,0,4,0,0,0,0,0,0
2002-08-20,4,0,0,0,0,0,0,42,3,0,805,0,17,0,31,7,0,0,171,0,0,0,2,0,0,0,0,15,0,0,0,0,0,0
2002-08-21,1,0,0,0,0,0,0,0,0,0,654,0,41,0,25,0,0,0,93,0,0,0,0,0,0,0,0,32,0,0,0,0,0,0
2002-08-22,2,0,0,0,0,0,0,0,0,0,361,0,7,0,49,0,0,0,105,0,0,0,0,0,0,0,0,1,0,0,0,0,0,0
2002-08-23,4,0,0,0,1,0,0,0,0,0,187,0,4,0,99,0,0,0,93,0,0,0,0,2,0,0,0,0,2,0,0,0,0,0
2002-08-24,5,0,0,0,8,0,0,0,0,0,24,0,1,0,118,1,0,0,107,0,0,0,1,2,0,0,0,0,11,7,0,0,0,0
2002-08-25,8,0,0,0,5,0,0,0,0,0,11,0,0,0,134,5,1,0,138,0,0,0,3,3,0,0,0,0,4,19,0,0,0,0
2002-08-26,8,0,1,0,0,0,0,0,0,0,9,0,0,0,108,10,3,0,131,0,0,0,4,2,0,0,0,0,1,28,0,0,0,0
2002-08-27,6,0,0,0,0,0,0,1,0,0,2,0,0,0,49,0,1,0,104,0,0,0,0,0,0,0,0,0,1,7,0,0,0,0
2002-08-28,7,0,0,0,0,0,0,0,0,0,49,0,0,0,40,0,0,0,54,0,0,0,0,0,0,0,0,27,0,4,0,0,0,0
2002-08-29,0,0,0,0,0,0,0,0,0,0,159,0,7,0,22,0,0,0,9,0,0,0,0,0,0,0,0,83,0,0,0,0,0,0
2002-08-30,0,0,0,0,0,0,0,0,0,0,283,0,11,0,11,1,0,0,29,0,0,0,0,0,0,0,0,64,0,0,0,0,0,0
2002-08-31,1,0,0,0,0,0,0,0,0,0,359,0,6,0,3,1,0,0,26,0,0,0,0,0,0,0,1,31,0,0,0,0,0,0
2002-09-01,0,0,0,0,0,0,0,0,0,0,316,0,1,0,1,0,0,0,9,0,0,0,0,0,0,0,0,25,0,0,0,0,0,0
2002-09-02,0,0,0,0,0,0,0,0,0,0,232,0,0,0,3,0,0,0,8,0,0,0,0,0,0,0,0,2,0,0,0,0,0,0
2002-09-03,0,0,0,0,0,0,0,0,0,0,37,0,0,0,5,0,0,0,2,0,0,0,0,0,0,0,0,0,2,0,0,0,0,0
2002-09-04,0,0,0,0,0,0,0,0,0,0,30,0,0,0,5,0,0,0,2,0,0,0,0,0,0,0,0,0,2,0,0,0,0,0
2002-09-05,0,0,0,0,0,0,0,0,0,0,23,0,0,0,5,0,0,0,10,0,0,0,0,0,0,0,0,0,0,0,0,0,0,0
2002-09-06,0,0,0,0,0,0,0,0,0,0,8,0,0,0,5,0,0,0,6,0,0,0,0,0,0,0,0,0,0,0,0,0,0,0
2002-09-07,0,0,0,0,0,0,0,0,0,0,15,0,0,0,12,0,0,0,1,0,0,0,0,0,0,0,0,0,0,0,0,0,0,0
2002-09-08,0,0,0,0,0,0,0,0,0,0,27,0,0,0,12,0,0,0,0,0,0,0,0,0,0,0,0,0,0,0,0,0,0,0
2002-09-09,0,0,0,0,0,0,0,0,0,0,40,0,0,0,4,0,0,0,6,0,0,0,0,0,0,0,0,0,0,0,0,0,0,0
2002-09-10,0,0,0,0,0,0,0,0,0,0,20,0,0,0,6,0,0,0,14,0,0,0,0,0,0,0,0,0,0,0,0,0,0,0
2002-09-11,0,0,0,0,0,0,0,0,0,0,88,0,0,0,3,0,0,0,3,0,0,0,0,0,0,0,0,3,0,0,0,0,0,0
2002-09-12,0,0,0,0,0,0,0,0,0,0,126,0,0,0,2,0,0,0,1,0,0,0,0,0,0,0,0,1,0,0,0,0,0,0
2002-09-13,0,0,0,0,0,0,0,0,0,0,107,0,0,0,4,0,0,0,1,0,0,0,0,0,0,0,0,0,0,0,0,0,0,0
2002-09-14,0,0,0,0,0,0,0,0,0,0,37,0,0,0,7,0,0,0,0,0,0,0,0,0,0,0,0,0,0,0,0,0,0,0
2002-09-15,0,0,0,0,0,0,0,0,0,0,36,0,0,0,14,0,0,0,0,0,0,0,0,0,0,0,0,0,0,0,0,0,0,0
2002-09-16,0,0,0,0,0,0,0,0,0,0,6,0,0,0,10,0,0,0,0,0,0,0,0,0,0,0,0,0,0,0,0,0,0,0
2002-09-17,0,0,0,0,0,0,0,0,0,0,12,0,0,0,1,0,0,0,0,0,0,0,0,0,0,0,0,0,0,0,0,0,0,0
2002-09-18,0,0,0,0,0,0,0,0,0,0,13,0,0,0,0,0,0,0,7,0,0,0,0,0,0,0,0,0,0,0,0,0,0,0
2002-09-19,0,0,0,0,0,0,0,0,0,0,18,0,0,0,0,0,0,0,17,0,0,0,0,0,0,0,0,0,0,0,0,0,0,0
2002-09-20,0,0,0,0,0,0,0,0,0,0,28,0,0,0,1,0,0,0,21,0,0,0,0,0,0,0,0,0,0,0,0,0,0,0
2002-09-21,0,0,0,0,0,0,0,0,0,0,16,0,0,0,4,0,0,0,29,0,0,0,0,0,0,0,0,0,0,0,0,0,0,0
2002-09-22,0,0,0,0,0,0,0,0,0,0,15,0,0,0,11,0,0,0,17,0,0,0,0,0,0,0,0,0,0,0,0,0,0,0
2002-09-23,0,0,0,0,2,0,0,0,0,0,4,0,0,0,39,0,0,0,4,0,0,0,0,0,0,0,0,0,14,0,0,0,0,0
2002-09-24,0,0,0,0,0,0,0,0,0,0,0,0,0,0,57,0,0,0,0,0,0,0,0,0,0,0,0,0,0,0,0,0,0,0
2002-09-25,0,0,0,0,0,0,0,0,0,0,0,0,0,0,34,0,0,0,0,0,0,0,0,0,0,0,0,0,0,0,0,0,0,0
2002-09-26,0,0,0,0,0,0,0,0,0,0,0,0,0,0,14,0,0,0,0,0,0,0,0,0,0,0,0,0,0,0,0,0,0,0
2002-09-27,0,0,0,0,0,0,0,0,0,0,0,0,0,0,1,0,0,0,0,0,0,0,0,0,0,0,0,0,0,0,0,0,0,0
2002-09-28,0,0,0,0,0,0,0,0,0,0,0,0,0,0,0,0,0,0,0,0,0,0,0,0,0,0,0,0,0,0,0,0,0,0
2002-09-29,0,0,0,0,0,0,0,0,0,0,1,0,0,0,0,0,0,0,0,0,0,0,0,0,0,0,0,0,0,0,0,0,0,0
2002-09-30,0,0,0,0,0,0,0,0,0,0,2,0,0,0,0,0,0,0,0,0,0,0,0,0,0,0,0,0,0,0,0,0,0,0
2002-10-01,0,0,0,0,0,0,0,0,0,0,0,0,0,0,0,0,0,0,0,0,0,0,0,0,0,0,0,0,0,0,0,0,0,0
2002-10-02,0,0,0,0,0,0,0,0,0,0,0,0,0,0,0,0,0,0,0,0,0,0,0,0,0,0,0,0,0,0,0,0,0,0
2002-10-03,0,0,0,0,0,0,0,0,0,0,0,0,0,0,0,0,0,0,0,0,0,0,0,0,0,0,0,0,0,0,0,0,0,0
2002-10-04,0,0,0,0,0,0,0,0,0,0,0,0,0,0,0,0,0,0,0,0,0,0,0,0,0,0,0,0,0,0,0,0,0,0
2002-10-05,0,0,0,0,0,0,0,0,0,0,0,0,0,0,0,0,0,0,0,0,0,0,0,0,0,0,0,0,0,0,0,0,0,0
2002-10-06,0,0,0,0,0,0,0,0,0,0,0,0,0,0,0,0,0,0,0,0,0,0,0,0,0,0,0,0,0,0,0,0,0,0
2002-10-07,0,0,0,0,0,0,0,0,0,0,0,0,0,0,0,0,0,0,0,0,0,0,0,0,0,0,0,0,0,0,0,0,0,0
2002-10-08,0,0,0,0,0,0,0,0,0,0,0,0,0,0,0,0,0,0,0,0,0,0,0,0,0,0,0,0,0,0,0,0,0,0
2002-10-09,0,0,0,0,0,0,0,0,0,0,0,0,0,0,0,0,0,0,0,0,0,0,0,0,0,0,0,0,0,0,0,0,0,0
2002-10-10,0,0,0,0,0,0,0,0,0,0,0,0,0,0,0,0,0,0,0,0,0,0,0,0,0,0,0,0,0,0,0,0,0,0
2002-10-11,0,0,0,0,0,0,0,0,0,0,0,0,0,0,3,0,0,0,0,0,0,0,0,0,0,0,0,0,0,0,0,0,0,0
2002-10-12,0,0,0,0,0,0,0,0,0,0,0,0,0,0,1,0,0,0,0,0,0,0,0,0,0,0,0,0,0,0,0,0,0,0
2002-10-13,0,0,0,0,0,0,0,0,0,0,0,0,0,0,0,0,0,0,0,0,0,0,0,0,0,0,0,0,0,0,0,0,0,0
2002-10-14,0,0,0,0,0,0,0,0,0,0,0,0,0,0,0,0,0,0,0,0,0,0,0,0,0,0,0,0,0,0,0,0,0,0
2002-10-15,0,0,0,0,0,0,0,0,0,0,0,0,0,0,0,0,0,0,0,0,0,0,0,0,0,0,0,0,0,0,0,0,0,0
2002-10-16,0,0,0,0,0,0,0,0,0,0,0,0,0,0,0,0,0,0,0,0,0,0,0,0,0,0,0,0,0,0,0,0,0,0
2002-10-17,0,0,0,0,0,0,0,0,0,0,0,0,0,0,0,0,0,0,0,0,0,0,0,0,0,0,0,0,0,0,0,0,0,0
2002-10-18,0,0,0,0,0,0,0,0,0,0,0,0,0,0,0,0,0,0,0,0,0,0,0,0,0,0,0,0,0,0,0,0,0,0
2002-10-19,0,0,0,0,0,0,0,0,0,0,0,0,0,0,0,0,0,0,0,0,0,0,0,0,0,0,0,0,0,0,0,0,0,0
2002-10-20,0,0,0,0,0,0,0,0,0,0,0,0,0,0,0,0,0,0,0,0,0,0,0,0,0,0,0,0,0,0,0,0,0,0
2002-10-21,0,0,0,0,0,0,0,0,0,0,0,0,0,0,0,0,0,0,0,0,0,0,0,0,0,0,0,0,0,0,0,0,0,0
2002-10-22,0,0,0,0,0,0,0,0,0,0,0,0,0,0,0,0,0,0,0,0,0,0,0,0,0,0,0,0,0,0,0,0,0,0
2002-10-23,0,0,0,0,0,0,0,0,0,0,0,0,0,0,0,0,0,0,0,0,0,0,0,0,0,0,0,0,0,0,0,0,0,0
2002-10-24,0,0,0,0,0,0,0,0,0,0,0,0,0,0,0,0,0,0,0,0,0,0,0,0,0,0,0,0,0,0,0,0,0,0
2002-10-25,0,0,0,0,0,0,0,0,0,0,0,0,0,0,0,0,0,0,0,0,0,0,0,0,0,0,0,0,0,0,0,0,0,0
2002-10-26,0,0,0,0,0,0,0,0,0,0,0,0,0,0,0,0,0,0,0,0,0,0,0,0,0,0,0,0,0,0,0,0,0,0
2002-10-27,0,0,0,0,0,0,0,0,0,0,0,0,0,0,0,0,0,0,0,0,0,0,0,0,0,0,0,0,0,0,0,0,0,0
2002-10-28,0,0,0,0,0,0,0,0,0,0,0,0,0,0,0,0,0,0,0,0,0,0,0,0,0,0,0,0,0,0,0,0,0,0
2002-10-29,0,0,0,0,0,0,0,0,0,0,0,0,0,0,0,0,0,0,0,0,0,0,0,0,0,0,0,0,0,0,0,0,0,0
2002-10-30,0,0,0,0,0,0,0,0,0,0,0,0,0,0,0,0,0,0,0,0,0,0,0,0,0,0,0,0,0,0,0,0,0,0
2002-10-31,0,0,0,0,0,0,0,0,0,0,0,0,0,0,0,0,0,0,0,0,0,0,0,0,0,0,0,0,0,0,0,0,0,0
2002-11-01,0,0,0,0,0,0,0,0,0,0,0,0,0,0,0,0,0,0,0,0,0,0,0,0,0,0,0,0,0,0,0,0,0,0
2002-11-02,0,0,0,0,0,0,0,0,0,0,0,0,0,0,0,0,0,0,0,0,0,0,0,0,0,0,0,0,0,0,0,0,0,0
2002-11-03,0,0,0,0,0,0,0,0,0,0,0,0,0,0,0,0,0,0,0,0,0,0,0,0,0,0,0,0,0,0,0,0,0,0
2002-11-04,0,0,0,0,0,0,0,0,0,0,0,0,0,0,0,0,0,0,0,0,0,0,0,0,0,0,0,0,0,0,0,0,0,0
2002-11-05,0,0,0,0,0,0,0,0,0,0,0,0,0,0,0,0,0,0,0,0,0,0,0,0,0,0,0,0,0,0,0,0,0,0
2002-11-06,0,0,0,0,0,0,0,0,0,0,0,0,0,0,0,0,0,0,0,0,0,0,0,0,0,0,0,0,0,0,0,0,0,0
2002-11-07,0,0,0,0,0,0,0,0,0,0,0,0,0,0,0,0,0,0,0,0,0,0,0,0,0,0,0,0,0,0,0,0,0,0
2002-11-08,0,0,0,0,0,0,0,0,0,0,0,0,0,0,0,0,0,0,0,0,0,0,0,0,0,0,0,0,0,0,0,0,0,0
2002-11-09,0,0,0,0,0,0,0,0,0,0,0,0,0,0,0,0,0,0,0,0,0,0,0,0,0,0,0,0,0,0,0,0,0,0
2002-11-10,0,0,0,0,0,0,0,0,0,0,0,0,0,0,0,0,0,0,0,0,0,0,0,0,0,0,0,0,0,0,0,0,0,0
2002-11-11,0,0,0,0,0,0,0,0,0,0,0,0,0,0,0,0,0,0,0,0,0,0,0,0,0,0,0,0,0,0,0,0,0,0
2002-11-12,0,0,0,0,0,0,0,0,0,0,0,0,0,0,0,0,0,0,0,0,0,0,0,0,0,0,0,0,0,0,0,0,0,0
2002-11-13,0,0,0,0,0,0,0,0,0,0,0,0,0,0,0,0,0,0,0,0,0,0,0,0,0,0,0,0,0,0,0,0,0,0
2002-11-14,0,0,0,0,0,0,0,0,0,0,0,0,0,0,0,0,0,0,0,0,0,0,0,0,0,0,0,0,0,0,0,0,0,0
2002-11-15,0,0,0,0,0,0,0,0,0,0,0,0,0,0,0,0,0,0,0,0,0,0,0,0,0,0,0,0,0,0,0,0,0,0
2002-11-16,0,0,0,0,0,0,0,0,0,0,0,0,0,0,0,0,0,0,0,0,0,0,0,0,0,0,0,0,0,0,0,0,0,0
2002-11-17,0,0,0,0,0,0,0,0,0,0,0,0,0,0,0,0,0,0,0,0,0,0,0,0,0,0,0,0,0,0,0,0,0,0
2002-11-18,0,0,0,0,0,0,0,0,0,0,0,0,0,0,0,0,0,0,0,0,0,0,0,0,0,0,0,0,0,0,0,0,0,0
2002-11-19,0,0,0,0,0,0,0,0,0,0,0,0,0,0,0,0,0,0,0,0,0,0,0,0,0,0,0,0,0,0,0,0,0,0
2002-11-20,0,0,0,0,0,0,0,0,0,0,0,0,0,0,0,0,0,0,0,0,0,0,0,0,0,0,0,0,0,0,0,0,0,0
2002-11-21,0,0,0,0,0,0,0,0,0,0,0,0,0,0,0,0,0,0,0,0,0,0,0,0,0,0,0,0,0,0,0,0,0,0
2002-11-22,0,0,0,0,0,0,0,0,0,0,0,0,0,0,0,0,0,0,0,0,0,0,0,0,0,0,0,0,0,0,0,0,0,0
2002-11-23,0,0,0,0,0,0,0,0,0,0,0,0,0,0,0,0,0,0,0,0,0,0,0,0,0,0,0,0,0,0,0,0,0,0
2002-11-24,0,0,0,0,0,0,0,0,0,0,0,0,0,0,0,0,0,0,0,0,0,0,0,0,0,0,0,0,0,0,0,0,0,0
2002-11-25,0,0,0,0,0,0,0,0,0,0,0,0,0,0,0,0,0,0,0,0,0,0,0,0,0,0,0,0,0,0,0,0,0,0
2002-11-26,0,0,0,0,0,0,0,0,0,0,0,0,0,0,0,0,0,0,0,0,0,0,0,0,0,0,0,0,0,0,0,0,0,0
2002-11-27,0,0,0,0,0,0,0,0,0,0,0,0,0,0,0,0,0,0,0,0,0,0,0,0,0,0,0,0,0,0,0,0,0,0
2002-11-28,0,0,0,0,0,0,0,0,0,0,0,0,0,0,0,0,0,0,0,0,0,0,0,0,0,0,0,0,0,0,0,0,0,0
2002-11-29,0,0,0,0,0,0,0,0,0,0,0,0,0,0,0,0,0,0,0,0,0,0,0,0,0,0,0,0,0,0,0,0,0,0
2002-11-30,0,0,0,0,0,0,0,0,0,0,0,0,0,0,0,0,0,0,0,0,0,0,0,0,0,0,0,0,0,0,0,0,0,0
2002-12-01,0,0,0,0,0,0,0,0,0,0,0,0,0,0,0,0,0,0,0,0,0,0,0,0,0,0,0,0,0,0,0,0,0,0
2002-12-02,0,0,0,0,0,0,0,0,0,0,0,0,0,0,0,0,0,0,0,0,0,0,0,0,0,0,0,0,0,0,0,0,0,0
2002-12-03,0,0,0,0,0,0,0,0,0,0,0,0,0,0,0,0,0,0,0,0,0,0,0,0,0,0,0,0,0,0,0,0,0,0
2002-12-04,0,0,0,0,0,0,0,0,0,0,0,0,0,0,0,0,0,0,0,0,0,0,0,0,0,0,0,0,0,0,0,0,0,0
2002-12-05,0,0,0,0,0,0,0,0,0,0,0,0,0,0,0,0,0,0,0,0,0,0,0,0,0,0,0,0,0,0,0,0,0,0
2002-12-06,0,0,0,0,0,0,0,0,0,0,0,0,0,0,0,0,0,0,0,0,0,0,0,0,0,0,0,0,0,0,0,0,0,0
2002-12-07,0,0,0,0,0,0,0,0,0,0,0,0,0,0,0,0,0,0,0,0,0,0,0,0,0,0,0,0,0,0,0,0,0,0
2002-12-08,0,0,0,0,0,0,0,0,0,0,0,0,0,0,0,0,0,0,0,0,0,0,0,0,0,0,0,0,0,0,0,0,0,0
2002-12-09,0,0,0,0,0,0,0,0,0,0,0,0,0,0,0,0,0,0,0,0,0,0,0,0,0,0,0,0,0,0,0,0,0,0
2002-12-10,0,0,0,0,0,0,0,0,0,0,0,0,0,0,0,0,0,0,0,0,0,0,0,0,0,0,0,0,0,0,0,0,0,0
2002-12-11,0,0,0,0,0,0,0,0,0,0,0,0,0,0,0,0,0,0,0,0,0,0,0,0,0,0,0,0,0,0,0,0,0,0
2002-12-12,0,0,0,0,0,0,0,0,0,0,0,0,0,0,0,0,0,0,0,0,0,0,0,0,0,0,0,0,0,0,0,0,0,0
2002-12-13,0,0,0,0,0,0,0,0,0,0,0,0,0,0,0,0,0,0,0,0,0,0,0,0,0,0,0,0,0,0,0,0,0,0
2002-12-14,0,0,0,0,0,0,0,0,0,0,0,0,0,0,0,0,0,0,0,0,0,0,0,0,0,0,0,0,0,0,0,0,0,0
2002-12-15,0,0,0,0,0,0,0,0,0,0,0,0,0,0,0,0,0,0,0,0,0,0,0,0,0,0,0,0,0,0,0,0,0,0
2002-12-16,0,0,0,0,0,0,0,0,0,0,0,0,0,0,0,0,0,0,0,0,0,0,0,0,0,0,0,0,0,0,0,0,0,0
2002-12-17,0,0,0,0,0,0,0,0,0,0,0,0,0,0,0,0,0,0,0,0,0,0,0,0,0,0,0,0,0,0,0,0,0,0
2002-12-18,0,0,0,0,0,0,0,0,0,0,0,0,0,0,0,0,0,0,0,0,0,0,0,0,0,0,0,0,0,0,0,0,0,0
2002-12-19,0,0,0,0,0,0,0,0,0,0,0,0,0,0,0,0,0,0,0,0,0,0,0,0,0,0,0,0,0,0,0,0,0,0
2002-12-20,0,0,0,0,0,0,0,0,0,0,0,0,0,0,0,0,0,0,0,0,0,0,0,0,0,0,0,0,0,0,0,0,0,0
2002-12-21,0,0,0,0,0,0,0,0,0,0,0,0,0,0,0,0,0,0,0,0,0,0,0,0,0,0,0,0,0,0,0,0,0,0
2002-12-22,0,0,0,0,0,0,0,0,0,0,0,0,0,0,0,0,0,0,0,0,0,0,0,0,0,0,0,0,0,0,0,0,0,0
2002-12-23,0,0,0,0,0,0,0,0,0,0,0,0,0,0,0,0,0,0,0,0,0,0,0,0,0,0,0,0,0,0,0,0,0,0
2002-12-24,0,0,0,0,0,0,0,0,0,0,0,0,0,0,0,0,0,0,0,0,0,0,0,0,0,0,0,0,0,0,0,0,0,0
2002-12-25,0,0,0,0,0,0,0,0,0,0,0,0,0,0,0,0,0,0,0,0,0,0,0,0,0,0,0,0,0,0,0,0,0,0
2002-12-26,0,0,0,0,0,0,0,0,0,0,0,0,0,0,0,0,0,0,0,0,0,0,0,0,0,0,0,0,0,0,0,0,0,0
2002-12-27,0,0,0,0,0,0,0,0,0,0,0,0,0,0,0,0,0,0,0,0,0,0,0,0,0,0,0,0,0,0,0,0,0,0
2002-12-28,0,0,0,0,0,0,0,0,0,0,0,0,0,0,0,0,0,0,0,0,0,0,0,0,0,0,0,0,0,0,0,0,0,0
2002-12-29,0,0,0,0,0,0,0,0,0,0,0,0,0,0,0,0,0,0,0,0,0,0,0,0,0,0,0,0,0,0,0,0,0,0
2002-12-30,0,0,0,0,0,0,0,0,0,0,0,0,0,0,0,0,0,0,0,0,0,0,0,0,0,0,0,0,0,0,0,0,0,0
2002-12-31,0,0,0,0,0,0,0,0,0,0,0,0,0,0,0,0,0,0,0,0,0,0,0,0,0,0,0,0,0,0,0,0,0,0
2003-01-01,0,0,0,0,0,0,0,0,0,0,0,0,0,0,0,0,0,0,0,0,0,0,0,0,0,0,0,0,0,0,0,0,0,0
2003-01-02,0,0,0,0,0,0,0,0,0,0,0,0,0,0,0,0,0,0,0,0,0,0,0,0,0,0,0,0,0,0,0,0,0,0
2003-01-03,0,0,0,0,0,0,0,0,0,0,0,0,0,0,0,0,0,0,0,0,0,0,0,0,0,0,0,0,0,0,0,0,0,0
2003-01-04,0,0,0,0,0,0,0,0,0,0,0,0,0,0,0,0,0,0,0,0,0,0,0,0,0,0,0,0,0,0,0,0,0,0
2003-01-05,0,0,0,0,0,0,0,0,0,0,0,0,0,0,0,0,0,0,0,0,0,0,0,0,0,0,0,0,0,0,0,0,0,0
2003-01-06,0,0,0,0,0,0,0,0,0,0,0,0,0,0,0,0,0,0,0,0,0,0,0,0,0,0,0,0,0,0,0,0,0,0
2003-01-07,0,0,0,0,0,0,0,0,0,0,0,0,0,0,0,0,0,0,0,0,0,0,0,0,0,0,0,0,0,0,0,0,0,0
2003-01-08,0,0,0,0,0,0,0,0,0,0,0,0,0,0,0,0,0,0,0,0,0,0,0,0,0,0,0,0,0,0,0,0,0,0
2003-01-09,0,0,0,0,0,0,0,0,0,0,0,0,0,0,0,0,0,0,0,0,0,0,0,0,0,0,0,0,0,0,0,0,0,0
2003-01-10,0,0,0,0,0,0,0,0,0,0,0,0,0,0,0,0,0,0,0,0,0,0,0,0,0,0,0,0,0,0,0,0,0,0
2003-01-11,0,0,0,0,0,0,0,0,0,0,0,0,0,0,0,0,0,0,0,0,0,0,0,0,0,0,0,0,0,0,0,0,0,0
2003-01-12,0,0,0,0,0,0,0,0,0,0,0,0,0,0,0,0,0,0,0,0,0,0,0,0,0,0,0,0,0,0,0,0,0,0
2003-01-13,0,0,0,0,0,0,0,0,0,0,0,0,0,0,0,0,0,0,0,0,0,0,0,0,0,0,0,0,0,0,0,0,0,0
2003-01-14,0,0,0,0,0,0,0,0,0,0,0,0,0,0,0,0,0,0,0,0,0,0,0,0,0,0,0,0,0,0,0,0,0,0
2003-01-15,0,0,0,0,0,0,0,0,0,0,0,0,0,0,0,0,0,0,0,0,0,0,0,0,0,0,0,0,0,0,0,0,0,0
2003-01-16,0,0,0,0,0,0,0,0,0,0,0,0,0,0,0,0,0,0,0,0,0,0,0,0,0,0,0,0,0,0,0,0,0,0
2003-01-17,0,0,0,0,0,0,0,0,0,0,0,0,0,0,0,0,0,0,0,0,0,0,0,0,0,0,0,0,0,0,0,0,0,0
2003-01-18,0,0,0,0,0,0,0,0,0,0,0,0,0,0,0,0,0,0,0,0,0,0,0,0,0,0,0,0,0,0,0,0,0,0
2003-01-19,0,0,0,0,0,0,0,0,0,0,0,0,0,0,0,0,0,0,0,0,0,0,0,0,0,0,0,0,0,0,0,0,0,0
2003-01-20,0,0,0,0,0,0,0,0,0,0,0,0,0,0,0,0,0,0,0,0,0,0,0,0,0,0,0,0,0,0,0,0,0,0
2003-01-21,0,0,0,0,0,0,0,0,0,0,0,0,0,0,0,0,0,0,0,0,0,0,0,0,0,0,0,0,0,0,0,0,0,0
2003-01-22,0,0,0,0,0,0,0,0,0,0,0,0,0,0,0,0,0,0,0,0,0,0,0,0,0,0,0,0,0,0,0,0,0,0
2003-01-23,0,0,0,0,0,0,0,0,0,0,0,0,0,0,0,0,0,0,0,0,0,0,0,0,0,0,0,0,0,0,0,0,0,0
2003-01-24,0,0,0,0,0,0,0,0,0,0,0,0,0,0,0,0,0,0,0,0,0,0,0,0,0,0,0,0,0,0,0,0,0,0
2003-01-25,0,0,0,0,0,0,0,0,0,0,0,0,0,0,0,0,0,0,0,0,0,0,0,0,0,0,0,0,0,0,0,0,0,0
2003-01-26,0,0,0,0,0,0,0,0,0,0,0,0,0,0,0,0,0,0,0,0,0,0,0,0,0,0,0,0,0,0,0,0,0,0
2003-01-27,0,0,0,0,0,0,0,0,0,0,0,0,0,0,0,0,0,0,0,0,0,0,0,0,0,0,0,0,0,0,0,0,0,0
2003-01-28,0,0,0,0,0,0,0,0,0,0,0,0,0,0,0,0,0,0,0,0,0,0,0,0,0,0,0,0,0,0,0,0,0,0
2003-01-29,0,0,0,0,0,0,0,0,0,0,0,0,0,0,0,0,0,0,0,0,0,0,0,0,0,0,0,0,0,0,0,0,0,0
2003-01-30,0,0,0,0,0,0,0,0,0,0,0,0,0,0,0,0,0,0,0,0,0,0,0,0,0,0,0,0,0,0,0,0,0,0
2003-01-31,0,0,0,0,0,0,0,0,0,0,0,0,0,0,0,0,0,0,0,0,0,0,0,0,0,0,0,0,0,0,0,0,0,0
2003-02-01,0,0,0,0,0,0,0,0,0,0,0,0,0,0,0,0,0,0,0,0,0,0,0,0,0,0,0,0,0,0,0,0,0,0
2003-02-02,0,0,0,0,0,0,0,0,0,0,0,0,0,0,0,0,0,0,0,0,0,0,0,0,0,0,0,0,0,0,0,0,0,0
2003-02-03,0,0,0,0,0,0,0,0,0,0,0,0,0,0,0,0,0,0,0,0,0,0,0,0,0,0,0,0,0,0,0,0,0,0
2003-02-04,0,0,0,0,0,0,0,0,0,0,0,0,0,0,0,0,0,0,0,0,0,0,0,0,0,0,0,0,0,0,0,0,0,0
2003-02-05,0,0,0,0,0,0,0,0,0,0,0,0,0,0,0,0,0,0,0,0,0,0,0,0,0,0,0,0,0,0,0,0,0,0
2003-02-06,0,0,0,0,0,0,0,0,0,0,0,0,0,0,0,0,0,0,0,0,0,0,0,0,0,0,0,0,0,0,0,0,0,0
2003-02-07,0,0,0,0,0,0,0,0,0,0,0,0,0,0,0,0,0,0,0,0,0,0,0,0,0,0,0,0,0,0,0,0,0,0
2003-02-08,0,0,0,0,0,0,0,0,0,0,0,0,0,0,0,0,0,0,0,0,0,0,0,0,0,0,0,0,0,0,0,0,0,0
2003-02-09,0,0,0,0,0,0,0,0,0,0,0,0,0,0,0,0,0,0,0,0,0,0,0,0,0,0,0,0,0,0,0,0,0,0
2003-02-10,0,0,0,0,0,0,0,0,0,0,0,0,0,0,0,0,0,0,0,0,0,0,0,0,0,0,0,0,0,0,0,0,0,0
2003-02-11,0,0,0,0,0,0,0,0,0,0,0,0,0,0,0,0,0,0,0,0,0,0,0,0,0,0,0,0,0,0,0,0,0,0
2003-02-12,0,0,0,0,0,0,0,0,0,0,0,0,0,0,0,0,0,0,0,0,0,0,0,0,0,0,0,0,0,0,0,0,0,0
2003-02-13,0,0,0,0,0,0,0,0,0,0,0,0,0,0,0,0,0,0,0,0,0,0,0,0,0,0,0,0,0,0,0,0,0,0
2003-02-14,0,0,0,0,0,0,0,0,0,0,0,0,0,0,0,0,0,0,0,0,0,0,0,0,0,0,0,0,0,0,0,0,0,0
2003-02-15,0,0,0,0,0,0,0,0,0,0,0,0,0,0,0,0,0,0,0,0,0,0,0,0,0,0,0,0,0,0,0,0,0,0
2003-02-16,0,0,0,0,0,0,0,0,0,0,0,0,0,0,0,0,0,0,0,0,0,0,0,0,0,0,0,0,0,0,0,0,0,0
2003-02-17,0,0,0,0,0,0,0,0,0,0,0,0,0,0,0,0,0,0,0,0,0,0,0,0,0,0,0,0,0,0,0,0,0,0
2003-02-18,0,0,0,0,0,0,0,0,0,0,0,0,0,0,0,0,0,0,0,0,0,0,0,0,0,0,0,0,0,0,0,0,0,0
2003-02-19,0,0,0,0,0,0,0,0,0,0,0,0,0,0,0,0,0,0,0,0,0,0,0,0,0,0,0,0,0,0,0,0,0,0
2003-02-20,0,0,0,0,0,0,0,0,0,0,0,0,0,0,0,0,0,0,0,0,0,0,0,0,0,0,0,0,0,0,0,0,0,0
2003-02-21,0,0,0,0,0,0,0,0,0,0,0,0,0,0,0,0,0,0,0,0,0,0,0,0,0,0,0,0,0,0,0,0,0,0
2003-02-22,0,0,0,0,0,0,0,0,0,0,0,0,0,0,0,0,0,0,0,0,0,0,0,0,0,0,0,0,0,0,0,0,0,0
2003-02-23,0,0,0,0,0,0,0,0,0,0,0,0,0,0,0,0,0,0,0,0,0,0,0,0,0,0,0,0,0,0,0,0,0,0
2003-02-24,0,0,0,0,0,0,0,0,0,0,0,0,0,0,0,0,0,0,0,0,0,0,0,0,0,0,0,0,0,0,0,0,0,0
2003-02-25,0,0,0,0,0,0,0,0,0,0,0,0,0,0,0,0,0,0,0,0,0,0,0,0,0,0,0,0,0,0,0,0,0,0
2003-02-26,0,0,0,0,0,0,0,0,0,0,0,0,0,0,0,0,0,0,0,0,0,0,0,0,0,0,0,0,0,0,0,0,0,0
2003-02-27,0,0,0,0,0,0,0,0,0,0,0,0,0,0,0,0,0,0,0,0,0,0,0,0,0,0,0,0,0,0,0,0,0,0
2003-02-28,0,0,0,0,0,0,0,0,0,0,0,0,0,0,0,0,0,0,0,0,0,0,0,0,0,0,0,0,0,0,0,0,0,0
2003-03-01,0,0,0,0,0,0,0,0,0,0,0,0,0,0,0,0,0,0,0,0,0,0,0,0,0,0,0,0,0,0,0,0,0,0
2003-03-02,0,0,0,0,0,0,0,0,0,0,0,0,0,0,0,0,0,0,0,0,0,0,0,0,0,0,0,0,0,0,0,0,0,0
2003-03-03,0,0,0,0,0,0,0,0,0,0,0,0,0,0,0,0,0,0,0,0,0,0,0,0,0,0,0,0,0,0,0,0,0,0
2003-03-04,0,0,0,0,0,0,0,0,0,0,0,0,0,0,0,0,0,0,0,0,0,0,0,0,0,0,0,0,0,0,0,0,0,0
2003-03-05,0,0,0,0,0,0,0,0,0,0,0,0,0,0,0,0,0,0,0,0,0,0,0,0,0,0,0,0,0,0,0,0,0,0
2003-03-06,0,0,0,0,0,0,0,0,0,0,0,0,0,0,0,0,0,0,0,0,0,0,0,0,0,0,0,0,0,0,0,0,0,0
2003-03-07,0,0,0,0,0,0,0,0,0,0,0,0,0,0,0,0,0,0,0,0,0,0,0,0,0,0,0,0,0,0,0,0,0,0
2003-03-08,0,0,0,0,0,0,0,0,0,0,0,0,0,0,0,0,0,0,0,0,0,0,0,0,0,0,0,0,0,0,0,0,0,0
2003-03-09,0,0,0,0,0,0,0,0,0,0,0,0,0,0,0,0,0,0,0,0,0,0,0,0,0,0,0,0,0,0,0,0,0,0
2003-03-10,0,0,0,0,0,0,0,0,0,0,0,0,0,0,0,0,0,0,0,0,0,0,0,0,0,0,0,0,0,0,0,0,0,0
2003-03-11,0,0,0,0,0,0,0,0,0,0,0,0,0,0,0,0,0,0,0,0,0,0,0,0,0,0,0,0,0,0,0,0,0,0
2003-03-12,0,0,0,0,0,0,0,0,0,0,0,0,0,0,0,0,0,0,0,0,0,0,0,0,0,0,0,0,0,0,0,0,0,0
2003-03-13,0,0,0,0,0,0,0,0,0,0,0,0,0,0,0,0,0,0,0,0,0,0,0,0,0,0,0,0,0,0,0,0,0,0
2003-03-14,0,0,0,0,0,0,0,0,0,0,0,0,0,0,0,0,0,0,0,0,0,0,0,0,0,0,0,0,0,0,0,0,0,0
2003-03-15,0,0,0,0,0,0,0,0,0,0,0,0,0,0,0,0,0,0,0,0,0,0,0,0,0,0,0,0,0,0,0,0,0,0
2003-03-16,0,0,0,0,0,0,0,0,0,0,0,0,0,0,0,0,0,0,0,0,0,0,0,0,0,0,0,0,0,0,0,0,0,0
2003-03-17,0,0,0,0,0,0,0,0,0,0,0,0,0,0,0,0,0,0,0,0,0,0,0,0,0,0,0,0,0,0,0,0,0,0
2003-03-18,0,0,0,0,0,0,0,0,0,0,0,0,0,0,0,0,0,0,0,0,0,0,0,0,0,0,0,0,0,0,0,0,0,0
2003-03-19,0,0,0,0,0,0,0,0,0,0,0,0,0,0,0,0,0,0,0,0,0,0,0,0,0,0,0,0,0,0,0,0,0,0
2003-03-20,0,0,0,0,0,0,0,0,0,0,0,0,0,0,0,0,0,0,0,0,0,0,0,0,0,0,0,0,0,0,0,0,0,0
2003-03-21,0,0,0,0,0,0,0,0,0,0,0,0,0,0,0,0,0,0,0,0,0,0,0,0,0,0,0,0,0,0,0,0,0,0
2003-03-22,0,0,0,0,0,0,0,0,0,0,0,0,0,0,0,0,0,0,0,0,0,0,0,0,0,0,0,0,0,0,0,0,0,0
2003-03-23,0,0,0,0,0,0,0,0,0,0,0,0,0,0,0,0,0,0,0,0,0,0,0,0,0,0,0,0,0,0,0,0,0,0
2003-03-24,0,0,0,0,0,0,0,0,0,0,0,0,0,0,0,0,0,0,0,0,0,0,0,0,0,0,0,0,0,0,0,0,0,0
2003-03-25,0,0,0,0,0,0,0,0,0,0,0,0,0,0,0,0,0,0,0,0,0,0,0,0,0,0,0,0,0,0,0,0,0,0
2003-03-26,0,0,0,0,0,0,0,0,0,0,0,0,0,0,0,0,0,0,0,0,0,0,0,0,0,0,0,0,0,0,0,0,0,0
2003-03-27,0,0,0,0,0,0,0,0,0,0,0,0,0,0,0,0,0,0,0,0,0,0,0,0,0,0,0,0,0,0,0,0,0,0
2003-03-28,0,0,0,0,0,0,0,0,0,0,0,0,0,0,0,0,0,0,0,0,0,0,0,0,0,0,0,0,0,0,0,0,0,0
2003-03-29,0,0,0,0,0,0,0,0,0,0,0,0,0,0,0,0,0,0,0,0,0,0,0,0,0,0,0,0,0,0,0,0,0,0
2003-03-30,0,0,0,0,0,0,0,0,0,0,0,0,0,0,0,0,0,0,0,0,0,0,0,0,0,0,0,0,0,0,0,0,0,0
2003-03-31,0,0,0,0,0,0,0,0,0,0,0,0,0,0,0,0,0,0,0,0,0,0,0,0,0,0,0,0,0,0,0,0,0,0
2003-04-01,0,0,0,0,0,0,0,0,0,0,0,0,0,0,0,0,0,0,0,0,0,0,0,0,0,0,0,0,0,0,0,0,0,0
2003-04-02,0,0,0,0,0,0,0,0,0,0,0,0,0,0,0,0,0,0,0,0,0,0,0,0,0,0,0,0,0,0,0,0,0,0
2003-04-03,0,0,0,0,0,0,0,0,0,0,0,0,0,0,0,0,0,0,0,0,0,0,0,0,0,0,0,0,0,0,0,0,0,0
2003-04-04,0,0,0,0,0,0,0,0,0,0,0,0,0,0,0,0,0,0,0,0,0,0,0,0,0,0,0,0,0,0,0,0,0,0
2003-04-05,0,0,0,0,0,0,0,0,0,0,0,0,0,0,0,0,0,0,0,0,0,0,0,0,0,0,0,0,0,0,0,0,0,0
2003-04-06,0,0,0,0,0,0,0,0,0,0,0,0,0,0,0,0,0,0,0,0,0,0,0,0,0,0,0,0,0,0,0,0,0,0
2003-04-07,0,0,0,0,0,0,0,0,0,0,0,0,0,0,0,0,0,0,0,0,0,0,0,0,0,0,0,0,0,0,0,0,0,0
2003-04-08,0,0,0,0,0,0,0,0,0,0,0,0,0,0,0,0,0,0,0,0,0,0,0,0,0,0,0,0,0,0,0,0,0,0
2003-04-09,0,0,0,0,0,0,0,0,0,0,0,0,0,0,0,0,0,0,0,0,0,0,0,0,0,0,0,0,0,0,0,0,0,0
2003-04-10,0,0,0,0,0,0,0,0,0,0,0,0,0,0,0,0,0,0,0,0,0,0,0,0,0,0,0,0,0,0,0,0,0,0
2003-04-11,0,0,0,0,0,0,0,0,0,0,0,0,0,0,0,0,0,0,0,0,0,0,0,0,0,0,0,0,0,0,0,0,0,0
2003-04-12,0,0,0,0,0,0,0,0,0,0,0,0,0,0,0,0,0,0,0,0,0,0,0,0,0,0,0,0,0,0,0,0,0,0
2003-04-13,0,0,0,0,0,0,0,0,0,0,0,0,0,0,0,0,0,0,0,0,0,0,0,0,0,0,0,0,0,0,0,0,0,0
2003-04-14,0,0,0,0,0,0,0,0,0,0,0,0,0,0,0,0,0,0,0,0,0,0,0,0,0,0,0,0,0,0,0,0,0,0
2003-04-15,0,0,0,0,0,0,0,0,0,0,0,0,0,0,0,0,0,0,0,0,0,0,0,0,0,0,0,0,0,0,0,0,0,0
2003-04-16,0,0,0,0,0,0,0,0,0,0,0,0,0,0,0,0,0,0,0,0,0,0,0,0,0,0,0,0,0,0,0,0,0,0
2003-04-17,0,0,0,0,0,0,0,0,0,0,0,0,0,0,0,0,0,0,0,0,0,0,0,0,0,0,0,0,0,0,0,0,0,0
2003-04-18,0,0,0,0,0,0,0,0,0,0,0,0,0,0,0,0,0,0,0,0,0,0,0,0,0,0,0,0,0,0,0,0,0,0
2003-04-19,0,0,0,0,0,0,0,0,0,0,0,0,0,0,0,0,0,0,0,0,0,0,0,0,0,0,0,0,0,0,0,0,0,0
2003-04-20,0,0,0,0,0,0,0,0,0,0,0,0,0,0,0,0,0,0,0,0,0,0,0,0,0,0,0,0,0,0,0,0,0,0
2003-04-21,0,0,0,0,0,0,0,0,0,0,0,0,0,0,0,0,0,0,0,0,0,0,0,0,0,0,0,0,0,0,0,0,0,0
2003-04-22,0,0,0,0,0,0,0,0,0,0,0,0,0,0,0,0,0,0,0,0,0,0,0,0,0,0,0,0,0,0,0,0,0,0
2003-04-23,0,0,0,0,0,0,0,0,0,0,0,0,0,0,0,0,0,0,0,0,0,0,0,0,0,0,0,0,0,0,0,0,0,0
2003-04-24,0,0,0,0,0,0,0,0,0,0,0,0,0,0,0,0,0,0,0,0,0,0,0,0,0,0,0,0,0,0,0,0,0,0
2003-04-25,0,0,0,0,0,0,0,0,0,0,0,0,0,0,0,0,0,0,0,0,0,0,0,0,0,0,0,0,0,0,0,0,0,0
2003-04-26,0,0,0,0,0,0,0,0,0,0,0,0,0,0,0,0,0,0,0,0,0,0,0,0,0,0,0,0,0,0,0,0,0,0
2003-04-27,0,0,0,0,0,0,0,0,0,0,0,0,0,0,0,0,0,0,0,0,0,0,0,0,0,0,0,0,0,0,0,0,0,0
2003-04-28,0,0,0,0,0,0,0,0,0,0,0,0,0,0,0,0,0,0,0,0,0,0,0,0,0,0,0,0,0,0,0,0,0,0
2003-04-29,0,0,0,0,0,0,0,0,0,0,0,0,0,0,0,0,0,0,0,0,0,0,0,0,0,0,0,0,0,0,0,0,0,0
2003-04-30,0,0,0,0,0,0,0,0,0,0,0,0,0,0,0,0,0,0,0,0,0,0,0,0,0,0,0,0,0,1,0,0,0,0
2003-05-01,0,0,0,0,0,0,0,0,0,0,0,0,0,0,0,0,0,0,0,0,0,0,0,2,0,0,0,0,2,11,0,0,0,0
2003-05-02,0,0,0,0,18,0,0,0,0,0,0,0,0,0,0,1,0,0,0,0,0,0,0,6,0,0,0,0,41,22,0,0,0,0
2003-05-03,0,0,0,0,71,0,0,0,0,0,0,0,0,0,2,0,0,0,0,0,0,0,0,8,0,0,0,0,134,7,0,0,0,0
2003-05-04,0,0,0,0,0,0,0,0,0,0,0,0,0,0,2,0,0,0,0,0,0,0,0,0,0,0,0,0,2,0,0,0,0,0
2003-05-05,0,0,0,0,0,0,0,0,0,0,0,0,0,0,0,0,0,0,0,0,0,0,0,0,0,0,0,0,0,0,0,0,0,0
2003-05-06,0,0,1,0,0,0,0,0,0,0,0,0,0,0,0,4,0,0,0,0,0,0,0,0,0,0,0,0,1,34,0,0,0,0
2003-05-07,0,0,8,0,0,0,0,0,0,0,0,0,0,0,0,12,57,0,3,0,0,0,0,1,0,0,0,0,13,72,0,0,4,0
2003-05-08,0,0,13,0,0,0,0,0,0,0,0,0,0,0,0,29,69,0,31,0,0,0,0,1,0,0,0,0,32,75,0,0,6,0
2003-05-09,0,0,15,0,3,0,0,0,0,0,0,0,0,0,0,52,138,0,8,0,0,0,0,2,0,0,0,0,169,94,0,3,6,0
2003-05-10,0,0,1,0,13,0,0,0,0,0,0,0,0,0,1,7,36,0,2,0,0,0,0,4,0,0,0,0,207,68,0,0,0,0
2003-05-11,0,0,0,0,9,0,0,0,0,0,0,0,0,0,3,1,21,0,0,0,0,0,0,4,0,0,0,0,105,31,0,0,0,0
2003-05-12,0,0,1,0,0,0,0,0,0,0,0,0,0,0,0,8,23,0,0,0,0,0,0,2,0,0,0,0,59,48,0,0,0,0
2003-05-13,0,0,2,0,1,0,0,0,0,0,15,0,0,0,0,6,41,0,0,0,0,0,0,1,0,0,0,0,104,65,0,0,0,0
2003-05-14,0,0,0,0,2,0,0,0,0,0,54,0,0,0,0,0,0,0,0,0,0,0,0,0,0,0,0,5,52,0,0,0,0,0
2003-05-15,0,0,0,0,0,0,0,0,0,0,18,0,0,0,0,0,0,0,0,0,0,0,0,0,0,0,0,0,4,0,0,0,0,0
2003-05-16,0,0,0,0,0,0,0,0,0,0,0,0,0,0,0,0,0,0,0,0,0,0,0,0,0,0,0,0,0,0,0,0,0,0
2003-05-17,0,0,0,0,0,0,0,0,0,0,0,0,0,0,0,0,0,0,0,0,0,0,0,0,0,0,0,0,0,0,0,0,0,0
2003-05-18,0,0,0,0,0,0,0,0,0,0,17,0,0,0,0,0,0,0,0,0,0,0,0,0,0,0,0,0,0,0,0,0,0,0
2003-05-19,0,0,0,0,0,0,0,0,0,0,72,0,0,0,0,0,0,0,0,0,0,0,0,0,0,0,0,0,0,0,0,0,0,0
2003-05-20,0,0,0,0,0,0,0,0,0,0,80,0,0,0,0,0,0,0,0,0,0,0,0,0,0,0,0,0,1,4,0,0,0,0
2003-05-21,0,0,0,0,0,0,0,0,0,0,125,0,0,0,0,0,0,0,0,0,0,0,0,0,0,0,0,51,0,0,0,0,0,0
2003-05-22,0,0,0,0,0,0,0,0,0,0,249,0,0,0,0,0,0,0,0,0,0,0,0,0,0,0,0,179,0,0,0,0,0,0
2003-05-23,0,0,0,0,0,0,0,0,0,0,297,0,0,0,0,0,0,0,0,0,0,0,0,0,0,0,0,96,0,0,0,0,0,0
2003-05-24,0,0,0,0,0,0,0,0,0,0,8,0,0,0,0,0,0,0,0,0,0,0,0,0,0,0,0,0,1,0,0,0,0,0
2003-05-25,0,0,0,0,0,0,0,0,0,0,0,0,0,0,0,0,10,0,1,0,0,0,0,0,0,0,3,0,4,0,0,0,0,0
2003-05-26,0,0,0,0,0,0,0,0,0,0,0,0,0,0,0,0,41,0,2,1,0,0,0,0,0,0,37,0,1,0,0,0,1,0
2003-05-27,0,0,0,0,0,0,0,0,0,0,3,0,0,0,0,0,88,0,13,0,0,0,0,0,0,0,0,3,21,2,0,0,4,0
2003-05-28,0,0,0,0,0,0,0,0,0,0,29,0,1,0,0,2,40,0,63,0,0,0,0,0,0,0,0,35,2,0,0,0,0,0
2003-05-29,0,0,0,0,0,0,0,0,0,0,187,0,33,0,0,1,0,0,55,0,0,0,0,0,0,0,0,78,0,0,0,0,0,0
2003-05-30,0,0,0,0,0,0,0,0,0,0,82,0,72,0,0,1,0,0,30,0,0,0,0,0,0,0,0,0,0,0,0,0,0,0
2003-05-31,0,0,0,0,0,0,0,0,0,0,69,0,22,0,0,0,0,0,68,0,0,0,0,0,0,0,0,0,0,0,0,0,0,0
2003-06-01,0,0,0,0,0,0,0,0,0,0,11,0,6,0,0,0,0,0,26,0,0,0,0,0,0,0,0,0,0,0,0,0,0,0
2003-06-02,0,0,0,0,0,0,0,0,0,0,16,0,0,0,0,0,0,0,6,0,0,0,0,0,0,0,0,0,0,0,0,0,0,0
2003-06-03,0,0,0,0,0,0,0,61,0,0,40,0,4,0,0,0,0,0,10,0,0,0,0,0,0,0,5,0,0,0,0,0,0,0
2003-06-04,1,3,1,0,0,0,13,375,0,0,19,0,25,0,2,6,35,0,55,0,0,0,0,0,0,0,57,0,4,23,0,0,5,0
2003-06-05,4,25,17,0,5,0,18,81,0,0,69,0,4,0,8,73,203,0,124,0,0,0,2,1,0,0,157,0,59,92,0,5,30,0
2003-06-06,4,9,32,0,18,0,0,0,0,0,353,0,1,0,9,101,287,0,154,0,0,0,2,7,0,0,0,21,236,154,0,8,28,0
2003-06-07,7,6,27,0,37,0,1,6,0,0,696,0,35,0,39,109,240,0,200,0,0,0,3,11,0,0,0,59,245,143,0,8,22,0
2003-06-08,16,39,39,0,28,0,22,96,0,0,559,0,48,0,90,144,354,0,265,0,0,0,6,13,0,0,56,21,220,164,0,18,48,0
2003-06-09,11,14,35,0,38,0,4,0,0,0,680,0,92,0,87,143,227,0,380,0,0,0,4,13,0,0,0,10,323,165,0,19,25,0
2003-06-10,22,25,44,0,63,4,5,49,0,0,861,0,282,0,90,174,294,0,566,0,0,0,5,28,0,0,0,16,348,198,0,35,32,1
2003-06-11,41,74,83,0,124,11,25,75,0,0,1189,0,409,0,195,245,453,0,767,0,0,0,8,33,0,0,0,121,458,254,0,54,78,4
2003-06-12,65,96,99,0,241,13,65,193,0,0,1523,0,597,0,320,281,486,0,974,0,0,0,14,49,0,0,0,373,619,302,0,68,70,14
2003-06-13,72,27,137,0,240,1,5,4,0,0,1601,0,603,0,379,274,389,0,1036,0,0,0,16,59,0,0,0,362,584,319,0,55,42,20
2003-06-14,83,3,92,0,250,0,0,0,0,0,1195,0,849,0,372,214,246,0,1071,0,0,0,20,75,0,0,0,86,409,267,0,28,10,19
2003-06-15,64,0,24,0,143,0,0,0,0,0,857,0,312,0,377,81,0,0,970,0,0,0,11,49,0,0,0,9,142,97,0,4,0,5
2003-06-16,48,0,14,0,33,0,0,0,0,0,403,0,295,0,252,51,0,0,761,0,0,0,8,14,0,0,0,0,19,23,0,2,0,0
2003-06-17,40,0,10,0,7,0,0,0,0,0,420,0,110,0,175,46,0,0,448,0,0,0,8,11,0,0,0,1,1,0,0,1,0,0
2003-06-18,27,0,2,0,1,0,0,0,0,0,883,0,65,0,83,14,0,0,353,0,0,0,4,2,0,0,0,262,11,7,0,0,0,0
2003-06-19,0,0,0,0,1,0,0,0,0,0,1431,0,104,0,36,10,0,0,326,0,0,0,0,0,0,0,0,646,11,0,0,0,0,0
2003-06-20,4,0,4,0,1,0,0,0,0,0,1773,0,574,0,18,31,0,0,563,0,0,0,2,0,0,0,0,482,35,7,0,0,0,0
2003-06-21,10,0,1,0,9,1,0,0,0,0,1873,0,946,0,61,24,0,0,672,0,0,0,2,0,0,0,0,270,35,0,0,1,0,0
2003-06-22,12,0,2,0,0,0,0,0,0,0,1451,0,1399,0,107,24,0,0,669,0,0,0,2,0,0,0,0,32,0,0,0,1,0,0
2003-06-23,29,7,64,0,33,46,3,186,0,0,1274,0,644,0,186,189,118,0,815,0,0,0,5,24,0,0,0,7,55,160,0,31,6,2
2003-06-24,38,13,100,0,240,18,1,5,0,0,1016,0,647,0,383,226,285,0,910,0,0,0,6,50,0,0,0,0,289,316,0,35,14,14
2003-06-25,32,6,76,0,160,4,0,0,0,0,1005,0,621,0,376,149,154,0,1017,0,0,0,7,21,0,0,0,5,203,126,0,17,4,6
2003-06-26,38,0,19,0,48,1,0,0,0,0,878,0,232,0,329,52,0,0,1046,0,0,0,8,12,0,0,0,0,44,5,0,1,0,1
2003-06-27,31,0,3,0,5,0,0,0,0,0,740,0,164,0,277,20,0,0,819,0,0,0,3,0,0,0,0,1,5,0,0,0,0,0
2003-06-28,37,0,5,0,25,0,0,0,0,0,659,0,97,0,256,28,0,0,656,0,0,0,5,7,0,0,0,1,18,0,0,1,0,0
2003-06-29,40,0,2,0,44,0,0,1,0,0,585,0,605,0,292,5,4,0,580,0,0,0,5,5,0,0,0,0,45,7,0,0,2,0
2003-06-30,22,46,14,0,11,17,60,146,0,0,434,0,189,0,251,50,212,0,804,0,0,0,3,12,0,0,33,0,153,68,0,2,42,0
2003-07-01,42,10,88,0,141,0,4,0,0,0,306,0,46,0,304,199,507,0,989,0,0,0,6,40,0,0,0,0,625,337,0,28,92,11
2003-07-02,47,0,13,0,449,0,0,0,0,0,220,0,8,0,407,39,46,0,632,0,0,0,7,59,0,0,0,0,820,178,0,0,1,16
2003-07-03,43,0,20,0,498,0,0,0,0,0,146,0,8,0,458,44,26,0,472,0,0,0,5,72,0,0,0,0,526,208,0,0,0,15
2003-07-04,56,0,1,0,318,0,0,0,0,0,257,0,3,0,621,4,0,0,335,0,0,0,5,76,0,0,0,0,288,21,0,0,0,9
2003-07-05,12,0,0,0,27,0,0,0,0,0,473,0,5,0,469,4,0,0,172,0,0,0,2,14,0,0,0,2,89,0,0,0,0,0
2003-07-06,7,0,0,0,1,0,0,0,0,0,681,0,14,0,228,4,0,0,222,0,0,0,1,0,0,0,0,4,8,0,0,0,0,0
2003-07-07,8,0,0,0,3,0,0,0,0,0,1208,0,75,0,198,7,0,0,330,0,0,0,2,0,0,0,0,90,7,0,0,0,0,0
2003-07-08,8,0,0,0,0,0,0,0,0,0,1704,0,196,0,156,8,0,0,403,0,0,0,2,0,0,0,0,135,0,0,0,0,0,0
2003-07-09,4,0,0,0,1,0,0,0,0,0,1794,0,212,0,105,8,0,0,404,0,0,0,1,0,0,0,0,147,9,0,0,0,0,0
2003-07-10,5,0,2,0,4,0,0,0,0,0,2040,0,543,0,126,15,0,0,435,0,0,0,1,0,0,0,0,211,2,0,0,0,0,0
2003-07-11,5,0,0,0,1,0,0,0,0,0,2309,0,867,0,161,13,0,0,544,0,0,0,1,0,0,0,0,151,0,0,0,0,0,0
2003-07-12,11,0,4,0,0,0,0,0,0,0,1606,0,921,0,119,36,0,0,695,0,0,0,2,0,0,0,0,38,0,2,0,1,0,0
2003-07-13,13,0,4,0,6,1,0,0,0,0,1234,0,1246,0,127,21,0,0,817,0,0,0,2,5,0,0,0,1,0,0,0,0,0,0
2003-07-14,12,0,0,0,0,0,0,0,0,0,716,88,1213,0,164,9,0,0,481,0,0,0,2,0,0,0,0,0,0,0,0,0,0,0
2003-07-15,11,0,0,47,1,15,0,107,0,40,490,193,1519,24,172,9,0,0,687,0,3,1,2,0,33,0,0,0,1,0,0,0,0,0
2003-07-16,21,37,24,35,42,5,33,558,0,40,247,210,255,0,252,98,159,0,1083,1,2,20,4,22,83,11,25,0,50,60,106,15,29,0
2003-07-17,82,25,126,0,183,0,24,1,0,7,485,190,104,0,520,239,393,0,1280,40,0,29,14,90,0,0,138,1,223,251,166,26,78,29
2003-07-18,61,0,11,0,88,0,0,0,0,0,1143,19,207,0,560,65,31,0,972,16,0,6,11,58,0,0,32,20,134,2,2,7,2,4
2003-07-19,48,0,5,26,15,0,0,119,0,0,1456,0,912,0,297,45,64,0,907,0,0,0,7,15,30,0,0,31,85,0,0,3,2,0
2003-07-20,47,14,34,5,53,35,10,952,4,0,1368,0,606,0,199,123,220,0,946,0,1,0,10,24,13,0,18,4,167,79,0,14,21,1
2003-07-21,42,81,90,0,113,0,117,213,0,0,1171,0,202,0,247,241,439,0,1046,0,0,0,11,45,0,0,362,0,249,192,0,51,78,10
2003-07-22,57,83,141,0,156,1,41,43,0,0,1198,0,239,0,347,304,377,0,1246,63,0,17,14,69,0,0,61,9,327,273,0,64,41,25
2003-07-23,102,0,100,0,238,0,0,2,0,0,1112,0,284,0,412,146,47,0,1376,0,0,0,20,92,0,0,0,5,375,251,0,3,0,39
2003-07-24,99,3,51,0,43,0,1,0,0,0,977,0,126,0,480,105,175,0,1013,0,0,0,17,61,0,0,2,22,39,35,0,2,17,14
2003-07-25,71,0,23,0,33,0,0,0,0,0,1361,0,158,0,413,50,0,0,878,0,0,0,15,59,0,0,0,35,43,28,0,1,0,14
2003-07-26,47,0,23,0,13,2,0,1,0,1,1574,0,564,0,267,80,8,0,977,0,0,0,9,20,0,0,2,46,63,5,0,9,0,0
2003-07-27,63,122,74,0,82,0,158,129,0,0,1275,0,106,0,283,221,276,0,1248,5,0,0,14,28,0,0,698,27,224,96,0,54,59,4
2003-07-28,52,12,108,0,166,0,2,0,0,110,1244,17,87,0,302,220,324,0,1174,188,0,156,13,44,0,0,342,59,348,224,0,16,34,15
2003-07-29,54,0,10,0,128,0,0,0,0,143,1771,211,94,0,347,32,1,0,856,113,0,139,9,29,0,0,55,418,162,3,0,0,0,0
2003-07-30,32,0,5,0,17,0,0,0,0,110,2089,286,151,0,318,18,0,0,620,30,0,70,5,3,0,0,10,572,18,0,0,0,0,0
2003-07-31,16,0,1,0,1,0,0,5,0,122,2357,381,52,0,191,7,2,0,282,43,0,74,2,5,0,0,3,577,3,0,0,0,0,0
2003-08-01,6,1,2,0,36,0,1,98,0,42,2752,397,133,0,133,17,57,0,246,10,0,31,3,1,0,0,34,804,27,1,2,0,9,0
2003-08-02,14,24,13,0,74,1,55,522,0,0,2666,14,999,0,175,95,207,0,647,0,2,0,5,2,0,0,26,710,124,56,0,12,34,0
2003-08-03,37,81,51,8,151,27,188,892,0,0,2860,0,2216,0,220,174,328,0,942,0,6,0,9,16,0,0,111,404,241,146,0,35,69,0
2003-08-04,62,120,75,46,156,51,240,1018,0,0,2915,0,3492,0,350,228,351,0,1225,0,11,0,12,35,3,0,152,373,187,155,0,59,66,5
2003-08-05,74,114,93,59,130,62,124,917,0,0,2567,0,3778,49,356,269,413,0,1468,0,12,0,14,39,6,0,0,486,241,174,0,72,83,6
2003-08-06,63,31,90,150,174,61,18,743,0,0,2464,0,3427,72,308,213,212,0,1482,0,14,0,14,40,63,0,0,665,266,177,0,30,20,6
2003-08-07,59,7,36,141,86,47,2,921,0,0,2570,0,3097,0,278,120,29,0,1310,0,14,0,12,27,113,0,0,696,109,50,0,15,2,1
2003-08-08,45,38,18,78,44,43,59,1337,0,0,2616,0,2970,0,197,91,69,0,1143,0,16,0,9,11,70,0,0,596,73,28,0,18,16,0
2003-08-09,37,32,24,30,26,49,49,1395,0,0,2342,0,3371,76,161,115,127,0,1229,0,13,0,9,7,15,0,12,473,58,42,0,25,24,0
2003-08-10,27,61,34,72,1,66,86,1021,1,0,2434,0,3451,107,99,143,141,0,1398,0,7,0,7,1,5,0,0,434,19,52,0,28,23,0
2003-08-11,27,9,23,102,32,57,0,773,3,0,2679,0,3221,33,165,117,25,0,1503,0,7,0,7,13,56,0,0,596,17,7,0,24,0,0
2003-08-12,48,10,28,170,1,51,32,1579,2,0,2903,0,3395,0,208,109,7,0,1452,0,18,0,9,8,111,0,8,646,0,0,0,23,0,0
2003-08-13,40,176,81,23,14,72,305,1391,0,0,2613,0,2822,0,173,247,275,0,1511,0,11,0,10,9,2,0,439,494,55,98,0,75,56,1
2003-08-14,53,74,162,0,266,5,37,98,0,0,2396,0,1064,0,295,285,550,0,1325,0,0,0,14,45,0,0,34,306,571,345,0,29,97,14
2003-08-15,68,0,66,0,458,0,0,0,0,0,1574,0,311,0,445,139,31,0,1040,0,0,0,13,76,0,0,0,27,549,239,0,4,0,28
2003-08-16,65,0,16,0,322,0,0,0,0,0,625,0,338,0,519,60,4,0,1143,0,0,0,10,70,0,0,0,0,251,28,0,1,0,11
2003-08-17,63,7,57,0,217,3,0,33,0,0,370,0,137,0,533,155,133,0,1304,0,0,0,14,62,0,0,0,0,185,67,0,24,11,11
2003-08-18,98,39,188,0,241,0,36,22,0,0,691,0,191,0,540,311,498,0,1438,0,0,0,26,86,0,0,56,40,403,313,0,50,82,32
2003-08-19,104,2,89,0,317,0,0,0,0,0,1297,0,407,0,505,186,264,0,1184,0,0,0,23,89,0,0,0,65,586,321,0,10,7,35
2003-08-20,75,1,22,0,170,0,0,0,0,0,1365,0,140,0,411,103,46,0,1074,0,0,0,14,27,0,0,0,41,318,49,0,5,0,0
2003-08-21,59,2,22,0,107,0,0,0,0,0,901,0,130,0,379,115,95,0,985,0,0,0,11,30,0,0,0,49,187,71,0,11,5,1
2003-08-22,51,24,41,0,129,0,15,2,0,0,539,0,252,0,334,161,283,0,1007,0,0,0,12,30,0,0,0,65,266,144,0,27,38,6
2003-08-23,62,36,91,0,207,0,3,0,0,0,753,0,434,0,361,220,424,0,1081,0,0,0,13,44,0,0,0,70,464,254,0,41,42,17
2003-08-24,31,5,38,0,323,0,0,0,0,0,908,0,368,0,318,155,142,0,996,0,0,0,7,34,0,0,0,25,466,162,0,24,1,7
2003-08-25,37,0,7,0,252,0,0,0,0,0,752,0,297,0,349,24,0,0,598,0,0,0,8,38,0,0,0,5,196,53,0,0,0,6
2003-08-26,15,0,0,0,113,0,0,0,0,0,608,0,214,0,324,6,0,0,412,0,0,0,2,11,0,0,0,0,87,3,0,0,0,0
2003-08-27,5,5,4,0,115,0,0,0,0,0,530,0,649,0,206,31,51,0,549,0,0,0,5,0,0,0,0,0,186,21,0,2,3,0
2003-08-28,13,0,25,0,147,0,0,0,0,0,269,0,172,0,276,90,66,0,739,0,0,0,5,12,0,0,0,0,268,98,0,4,0,1
2003-08-29,43,18,166,0,251,0,7,0,0,0,260,0,103,0,368,292,531,0,1030,0,0,0,10,31,0,0,1,1,669,384,0,22,54,16
2003-08-30,75,0,122,0,390,0,0,0,0,0,368,0,54,0,456,127,61,0,1080,0,0,0,14,75,0,0,0,10,809,383,0,1,0,38
2003-08-31,77,0,7,0,479,0,0,0,0,0,374,0,11,0,664,13,0,0,685,0,0,0,8,83,0,0,0,7,381,87,0,0,0,22
2003-09-01,39,0,0,0,47,0,0,0,0,0,317,0,1,0,490,1,0,0,296,0,0,0,4,1,0,0,0,7,0,0,0,0,0,0
2003-09-02,8,0,0,0,0,0,0,0,0,0,121,0,0,0,273,0,0,0,178,0,0,0,0,0,0,0,0,0,0,0,0,0,0,0
2003-09-03,2,0,0,0,0,0,0,0,0,0,49,0,0,0,134,0,0,0,100,0,0,0,0,0,0,0,0,0,0,0,0,0,0,0
2003-09-04,0,0,0,0,0,0,0,0,0,0,140,0,0,0,13,0,0,0,47,0,0,0,0,0,0,0,0,0,0,0,0,0,0,0
2003-09-05,0,0,0,0,0,0,0,0,0,0,137,0,0,0,0,0,0,0,18,0,0,0,0,0,0,0,0,0,0,0,0,0,0,0
2003-09-06,0,0,0,0,0,0,0,0,0,0,223,0,0,0,1,0,0,0,39,0,0,0,0,0,0,0,0,1,0,0,0,0,0,0
2003-09-07,1,0,0,0,0,0,0,0,0,0,136,0,0,0,3,0,0,0,61,0,0,0,0,0,0,0,0,0,0,0,0,0,0,0
2003-09-08,0,0,0,0,0,0,0,0,0,0,156,0,0,0,5,0,0,0,31,0,0,0,0,0,0,0,0,0,0,0,0,0,0,0
2003-09-09,0,0,0,0,0,0,0,0,0,0,92,0,0,0,50,0,0,0,24,0,0,0,0,0,0,0,0,0,0,0,0,0,0,0
2003-09-10,0,0,0,0,0,0,0,0,0,0,100,0,0,0,55,0,0,0,0,0,0,0,0,0,0,0,0,43,0,0,0,0,0,0
2003-09-11,0,0,0,0,0,0,0,0,0,0,305,0,0,0,43,0,0,0,6,0,0,0,0,0,0,0,0,191,0,0,0,0,0,0
2003-09-12,0,0,0,0,0,0,0,0,0,0,502,0,0,0,23,0,0,0,7,0,0,0,0,0,0,0,0,354,0,0,0,0,0,0
2003-09-13,0,0,0,0,0,0,0,0,0,0,421,0,0,0,4,0,0,0,2,0,0,0,0,0,0,0,0,281,0,0,0,0,0,0
2003-09-14,0,0,0,0,0,0,0,0,0,0,354,0,0,0,0,0,0,0,0,0,0,0,0,0,0,0,0,205,0,0,0,0,0,0
2003-09-15,0,0,0,0,0,0,0,0,0,0,140,0,0,0,0,0,0,0,0,0,0,0,0,0,0,0,0,74,0,0,0,0,0,0
2003-09-16,0,0,0,0,0,0,0,0,0,0,114,0,0,0,0,0,0,0,0,0,0,0,0,0,0,0,0,65,0,0,0,0,0,0
2003-09-17,0,0,0,0,0,0,0,0,0,0,73,0,0,0,0,0,0,0,0,0,0,0,0,0,0,0,0,76,0,0,0,0,0,0
2003-09-18,0,0,0,0,0,0,0,0,0,0,91,0,0,0,0,0,0,0,0,0,0,0,0,0,0,0,0,62,0,0,0,0,0,0
2003-09-19,0,0,0,0,0,0,0,0,0,0,53,0,1,0,0,0,0,0,0,0,0,0,0,0,0,0,0,20,0,0,0,0,0,0
2003-09-20,0,0,0,0,0,0,0,0,0,0,193,0,13,0,0,0,0,0,0,0,0,0,0,0,0,0,0,15,0,0,0,0,0,0
2003-09-21,0,0,0,0,0,0,0,0,0,0,80,0,16,0,0,0,0,0,0,0,0,0,0,0,0,0,0,1,0,0,0,0,0,0
2003-09-22,0,0,0,0,0,0,0,0,0,0,43,0,0,0,1,0,0,0,0,0,0,0,0,0,0,0,0,0,0,1,0,0,0,0
2003-09-23,0,0,0,0,0,0,0,0,0,0,17,0,0,0,0,0,0,0,0,0,0,0,0,0,0,0,0,0,0,0,0,0,0,0
2003-09-24,0,0,0,0,0,0,0,0,0,0,37,0,0,0,0,0,0,0,0,0,0,0,0,0,0,0,0,0,0,0,0,0,0,0
2003-09-25,0,0,0,0,0,0,0,0,0,0,104,0,0,0,0,0,0,0,0,0,0,0,0,0,0,0,0,6,0,0,0,0,0,0
2003-09-26,0,0,0,0,0,0,0,0,0,0,187,0,0,0,0,0,0,0,0,0,0,0,0,0,0,0,0,48,0,0,0,0,0,0
2003-09-27,0,0,0,0,0,0,0,0,0,0,180,0,0,0,0,0,0,0,0,0,0,0,0,0,0,0,0,13,0,0,0,0,0,0
2003-09-28,0,0,0,0,0,0,0,0,0,0,44,0,0,0,0,0,0,0,0,0,0,0,0,0,0,0,0,0,0,0,0,0,0,0
2003-09-29,0,0,0,0,0,0,0,0,0,0,5,0,0,0,0,0,0,0,1,0,0,0,0,0,0,0,0,0,0,0,0,0,0,0
2003-09-30,0,0,0,0,0,0,0,0,0,0,3,0,0,0,0,0,0,0,2,0,0,0,0,0,0,0,0,0,0,0,0,0,0,0
2003-10-01,0,0,0,0,0,0,0,0,0,0,21,0,0,0,0,0,0,0,18,0,0,0,0,0,0,0,0,0,0,0,0,0,0,0
2003-10-02,0,0,0,0,0,0,0,0,0,0,25,0,0,0,0,0,0,0,53,0,0,0,0,0,0,0,0,0,0,0,0,0,0,0
2003-10-03,0,0,0,0,0,0,0,0,0,0,7,0,0,0,0,0,0,0,75,0,0,0,0,0,0,0,0,0,0,0,0,0,0,0
2003-10-04,0,0,0,0,0,0,0,0,0,0,0,0,0,0,7,0,0,0,35,0,0,0,0,0,0,0,0,0,0,0,0,0,0,0
2003-10-05,1,0,0,0,2,0,0,0,0,0,0,0,0,0,49,0,0,0,10,0,0,0,0,0,0,0,0,0,0,0,0,0,0,0
2003-10-06,0,0,0,0,0,0,0,0,0,0,0,0,0,0,32,0,0,0,0,0,0,0,0,0,0,0,0,0,0,0,0,0,0,0
2003-10-07,0,0,0,0,0,0,0,0,0,0,0,0,0,0,5,0,0,0,0,0,0,0,0,0,0,0,0,0,0,0,0,0,0,0
2003-10-08,0,0,0,0,0,0,0,0,0,0,0,0,0,0,4,0,0,0,0,0,0,0,0,0,0,0,0,0,0,0,0,0,0,0
2003-10-09,0,0,0,0,0,0,0,0,0,0,0,0,0,0,0,0,0,0,0,0,0,0,0,0,0,0,0,0,0,0,0,0,0,0
2003-10-10,0,0,0,0,0,0,0,0,0,0,0,0,0,0,0,0,0,0,0,0,0,0,0,0,0,0,0,0,0,0,0,0,0,0
2003-10-11,0,0,0,0,0,0,0,0,0,0,0,0,0,0,0,0,0,0,0,0,0,0,0,0,0,0,0,0,0,0,0,0,0,0
2003-10-12,0,0,0,0,0,0,0,0,0,0,0,0,0,0,0,0,0,0,0,0,0,0,0,0,0,0,0,0,0,0,0,0,0,0
2003-10-13,0,0,0,0,0,0,0,0,0,0,0,0,0,0,0,0,0,0,0,0,0,0,0,0,0,0,0,0,0,0,0,0,0,0
2003-10-14,0,0,0,0,0,0,0,0,0,0,0,0,0,0,0,0,0,0,0,0,0,0,0,0,0,0,0,0,0,0,0,0,0,0
2003-10-15,0,0,0,0,0,0,0,0,0,0,0,0,0,0,0,0,0,0,0,0,0,0,0,0,0,0,0,0,0,0,0,0,0,0
2003-10-16,0,0,0,0,0,0,0,0,0,0,0,0,0,0,0,0,0,0,0,0,0,0,0,0,0,0,0,0,0,0,0,0,0,0
2003-10-17,0,0,0,0,0,0,0,0,0,0,0,0,0,0,0,0,0,0,0,0,0,0,0,0,0,0,0,0,0,0,0,0,0,0
2003-10-18,0,0,0,0,0,0,0,0,0,0,0,0,0,0,0,0,0,0,0,0,0,0,0,0,0,0,0,0,0,0,0,0,0,0
2003-10-19,0,0,0,0,0,0,0,0,0,0,0,0,0,0,0,0,0,0,0,0,0,0,0,0,0,0,0,0,0,0,0,0,0,0
2003-10-20,0,0,0,0,0,0,0,0,0,0,0,0,0,0,15,0,0,0,0,0,0,0,0,0,0,0,0,0,0,0,0,0,0,0
2003-10-21,0,0,0,0,0,0,0,0,0,0,0,0,0,0,4,0,0,0,0,0,0,0,0,0,0,0,0,0,0,0,0,0,0,0
2003-10-22,0,0,0,0,0,0,0,0,0,0,0,0,0,0,16,0,0,0,0,0,0,0,0,0,0,0,0,0,0,0,0,0,0,0
2003-10-23,0,0,0,0,0,0,0,0,0,0,0,0,0,0,34,0,0,0,0,0,0,0,0,0,0,0,0,0,0,0,0,0,0,0
2003-10-24,0,0,0,0,0,0,0,0,0,0,0,0,0,0,30,0,0,0,0,0,0,0,0,0,0,0,0,0,0,0,0,0,0,0
2003-10-25,0,0,0,0,0,0,0,0,0,0,0,0,0,0,8,0,0,0,0,0,0,0,0,0,0,0,0,0,0,0,0,0,0,0
2003-10-26,0,0,0,0,0,0,0,0,0,0,0,0,0,0,0,0,0,0,0,0,0,0,0,0,0,0,0,0,0,0,0,0,0,0
2003-10-27,0,0,0,0,0,0,0,0,0,0,0,0,0,0,0,0,0,0,0,0,0,0,0,0,0,0,0,0,0,0,0,0,0,0
2003-10-28,0,0,0,0,0,0,0,0,0,0,0,0,0,0,0,0,0,0,0,0,0,0,0,0,0,0,0,0,0,0,0,0,0,0
2003-10-29,0,0,0,0,0,0,0,0,0,0,0,0,0,0,0,0,0,0,0,0,0,0,0,0,0,0,0,0,0,0,0,0,0,0
2003-10-30,0,0,0,0,0,0,0,0,0,0,0,0,0,0,0,0,0,0,0,0,0,0,0,0,0,0,0,0,0,0,0,0,0,0
2003-10-31,0,0,0,0,0,0,0,0,0,0,0,0,0,0,0,0,0,0,0,0,0,0,0,0,0,0,0,0,0,0,0,0,0,0
2003-11-01,0,0,0,0,0,0,0,0,0,0,0,0,0,0,0,0,0,0,0,0,0,0,0,0,0,0,0,0,0,0,0,0,0,0
2003-11-02,0,0,0,0,0,0,0,0,0,0,0,0,0,0,0,0,0,0,0,0,0,0,0,0,0,0,0,0,0,0,0,0,0,0
2003-11-03,0,0,0,0,0,0,0,0,0,0,0,0,0,0,0,0,0,0,0,0,0,0,0,0,0,0,0,0,0,0,0,0,0,0
2003-11-04,0,0,0,0,0,0,0,0,0,0,0,0,0,0,0,0,0,0,0,0,0,0,0,0,0,0,0,0,0,0,0,0,0,0
2003-11-05,0,0,0,0,0,0,0,0,0,0,0,0,0,0,0,0,0,0,0,0,0,0,0,0,0,0,0,0,0,0,0,0,0,0
2003-11-06,0,0,0,0,0,0,0,0,0,0,0,0,0,0,0,0,0,0,0,0,0,0,0,0,0,0,0,0,0,0,0,0,0,0
2003-11-07,0,0,0,0,0,0,0,0,0,0,0,0,0,0,0,0,0,0,0,0,0,0,0,0,0,0,0,0,0,0,0,0,0,0
2003-11-08,0,0,0,0,0,0,0,0,0,0,0,0,0,0,0,0,0,0,0,0,0,0,0,0,0,0,0,0,0,0,0,0,0,0
2003-11-09,0,0,0,0,0,0,0,0,0,0,0,0,0,0,0,0,0,0,0,0,0,0,0,0,0,0,0,0,0,0,0,0,0,0
2003-11-10,0,0,0,0,0,0,0,0,0,0,0,0,0,0,0,0,0,0,0,0,0,0,0,0,0,0,0,0,0,0,0,0,0,0
2003-11-11,0,0,0,0,0,0,0,0,0,0,0,0,0,0,0,0,0,0,0,0,0,0,0,0,0,0,0,0,0,0,0,0,0,0
2003-11-12,0,0,0,0,0,0,0,0,0,0,0,0,0,0,0,0,0,0,0,0,0,0,0,0,0,0,0,0,0,0,0,0,0,0
2003-11-13,0,0,0,0,0,0,0,0,0,0,0,0,0,0,0,0,0,0,0,0,0,0,0,0,0,0,0,0,0,0,0,0,0,0
2003-11-14,0,0,0,0,0,0,0,0,0,0,0,0,0,0,0,0,0,0,0,0,0,0,0,0,0,0,0,0,0,0,0,0,0,0
2003-11-15,0,0,0,0,0,0,0,0,0,0,0,0,0,0,0,0,0,0,0,0,0,0,0,0,0,0,0,0,0,0,0,0,0,0
2003-11-16,0,0,0,0,0,0,0,0,0,0,0,0,0,0,0,0,0,0,0,0,0,0,0,0,0,0,0,0,0,0,0,0,0,0
2003-11-17,0,0,0,0,0,0,0,0,0,0,0,0,0,0,0,0,0,0,0,0,0,0,0,0,0,0,0,0,0,0,0,0,0,0
2003-11-18,0,0,0,0,0,0,0,0,0,0,0,0,0,0,0,0,0,0,0,0,0,0,0,0,0,0,0,0,0,0,0,0,0,0
2003-11-19,0,0,0,0,0,0,0,0,0,0,0,0,0,0,0,0,0,0,0,0,0,0,0,0,0,0,0,0,0,0,0,0,0,0
2003-11-20,0,0,0,0,0,0,0,0,0,0,0,0,0,0,0,0,0,0,0,0,0,0,0,0,0,0,0,0,0,0,0,0,0,0
2003-11-21,0,0,0,0,0,0,0,0,0,0,0,0,0,0,0,0,0,0,0,0,0,0,0,0,0,0,0,0,0,0,0,0,0,0
2003-11-22,0,0,0,0,0,0,0,0,0,0,0,0,0,0,0,0,0,0,0,0,0,0,0,0,0,0,0,0,0,0,0,0,0,0
2003-11-23,0,0,0,0,0,0,0,0,0,0,0,0,0,0,0,0,0,0,0,0,0,0,0,0,0,0,0,0,0,0,0,0,0,0
2003-11-24,0,0,0,0,0,0,0,0,0,0,0,0,0,0,0,0,0,0,0,0,0,0,0,0,0,0,0,0,0,0,0,0,0,0
2003-11-25,0,0,0,0,0,0,0,0,0,0,0,0,0,0,0,0,0,0,0,0,0,0,0,0,0,0,0,0,0,0,0,0,0,0
2003-11-26,0,0,0,0,0,0,0,0,0,0,0,0,0,0,0,0,0,0,0,0,0,0,0,0,0,0,0,0,0,0,0,0,0,0
2003-11-27,0,0,0,0,0,0,0,0,0,0,0,0,0,0,0,0,0,0,0,0,0,0,0,0,0,0,0,0,0,0,0,0,0,0
2003-11-28,0,0,0,0,0,0,0,0,0,0,0,0,0,0,0,0,0,0,0,0,0,0,0,0,0,0,0,0,0,0,0,0,0,0
2003-11-29,0,0,0,0,0,0,0,0,0,0,0,0,0,0,0,0,0,0,0,0,0,0,0,0,0,0,0,0,0,0,0,0,0,0
2003-11-30,0,0,0,0,0,0,0,0,0,0,0,0,0,0,0,0,0,0,0,0,0,0,0,0,0,0,0,0,0,0,0,0,0,0
2003-12-01,0,0,0,0,0,0,0,0,0,0,0,0,0,0,0,0,0,0,0,0,0,0,0,0,0,0,0,0,0,0,0,0,0,0
2003-12-02,0,0,0,0,0,0,0,0,0,0,0,0,0,0,0,0,0,0,0,0,0,0,0,0,0,0,0,0,0,0,0,0,0,0
2003-12-03,0,0,0,0,0,0,0,0,0,0,0,0,0,0,0,0,0,0,0,0,0,0,0,0,0,0,0,0,0,0,0,0,0,0
2003-12-04,0,0,0,0,0,0,0,0,0,0,0,0,0,0,0,0,0,0,0,0,0,0,0,0,0,0,0,0,0,0,0,0,0,0
2003-12-05,0,0,0,0,0,0,0,0,0,0,0,0,0,0,0,0,0,0,0,0,0,0,0,0,0,0,0,0,0,0,0,0,0,0
2003-12-06,0,0,0,0,0,0,0,0,0,0,0,0,0,0,0,0,0,0,0,0,0,0,0,0,0,0,0,0,0,0,0,0,0,0
2003-12-07,0,0,0,0,0,0,0,0,0,0,0,0,0,0,0,0,0,0,0,0,0,0,0,0,0,0,0,0,0,0,0,0,0,0
2003-12-08,0,0,0,0,0,0,0,0,0,0,0,0,0,0,0,0,0,0,0,0,0,0,0,0,0,0,0,0,0,0,0,0,0,0
2003-12-09,0,0,0,0,0,0,0,0,0,0,0,0,0,0,0,0,0,0,0,0,0,0,0,0,0,0,0,0,0,0,0,0,0,0
2003-12-10,0,0,0,0,0,0,0,0,0,0,0,0,0,0,0,0,0,0,0,0,0,0,0,0,0,0,0,0,0,0,0,0,0,0
2003-12-11,0,0,0,0,0,0,0,0,0,0,0,0,0,0,0,0,0,0,0,0,0,0,0,0,0,0,0,0,0,0,0,0,0,0
2003-12-12,0,0,0,0,0,0,0,0,0,0,0,0,0,0,0,0,0,0,0,0,0,0,0,0,0,0,0,0,0,0,0,0,0,0
2003-12-13,0,0,0,0,0,0,0,0,0,0,0,0,0,0,0,0,0,0,0,0,0,0,0,0,0,0,0,0,0,0,0,0,0,0
2003-12-14,0,0,0,0,0,0,0,0,0,0,0,0,0,0,0,0,0,0,0,0,0,0,0,0,0,0,0,0,0,0,0,0,0,0
2003-12-15,0,0,0,0,0,0,0,0,0,0,0,0,0,0,0,0,0,0,0,0,0,0,0,0,0,0,0,0,0,0,0,0,0,0
2003-12-16,0,0,0,0,0,0,0,0,0,0,0,0,0,0,0,0,0,0,0,0,0,0,0,0,0,0,0,0,0,0,0,0,0,0
2003-12-17,0,0,0,0,0,0,0,0,0,0,0,0,0,0,0,0,0,0,0,0,0,0,0,0,0,0,0,0,0,0,0,0,0,0
2003-12-18,0,0,0,0,0,0,0,0,0,0,0,0,0,0,0,0,0,0,0,0,0,0,0,0,0,0,0,0,0,0,0,0,0,0
2003-12-19,0,0,0,0,0,0,0,0,0,0,0,0,0,0,0,0,0,0,0,0,0,0,0,0,0,0,0,0,0,0,0,0,0,0
2003-12-20,0,0,0,0,0,0,0,0,0,0,0,0,0,0,0,0,0,0,0,0,0,0,0,0,0,0,0,0,0,0,0,0,0,0
2003-12-21,0,0,0,0,0,0,0,0,0,0,0,0,0,0,0,0,0,0,0,0,0,0,0,0,0,0,0,0,0,0,0,0,0,0
2003-12-22,0,0,0,0,0,0,0,0,0,0,0,0,0,0,0,0,0,0,0,0,0,0,0,0,0,0,0,0,0,0,0,0,0,0
2003-12-23,0,0,0,0,0,0,0,0,0,0,0,0,0,0,0,0,0,0,0,0,0,0,0,0,0,0,0,0,0,0,0,0,0,0
2003-12-24,0,0,0,0,0,0,0,0,0,0,0,0,0,0,0,0,0,0,0,0,0,0,0,0,0,0,0,0,0,0,0,0,0,0
2003-12-25,0,0,0,0,0,0,0,0,0,0,0,0,0,0,0,0,0,0,0,0,0,0,0,0,0,0,0,0,0,0,0,0,0,0
2003-12-26,0,0,0,0,0,0,0,0,0,0,0,0,0,0,0,0,0,0,0,0,0,0,0,0,0,0,0,0,0,0,0,0,0,0
2003-12-27,0,0,0,0,0,0,0,0,0,0,0,0,0,0,0,0,0,0,0,0,0,0,0,0,0,0,0,0,0,0,0,0,0,0
2003-12-28,0,0,0,0,0,0,0,0,0,0,0,0,0,0,0,0,0,0,0,0,0,0,0,0,0,0,0,0,0,0,0,0,0,0
2003-12-29,0,0,0,0,0,0,0,0,0,0,0,0,0,0,0,0,0,0,0,0,0,0,0,0,0,0,0,0,0,0,0,0,0,0
2003-12-30,0,0,0,0,0,0,0,0,0,0,0,0,0,0,0,0,0,0,0,0,0,0,0,0,0,0,0,0,0,0,0,0,0,0
2003-12-31,0,0,0,0,0,0,0,0,0,0,0,0,0,0,0,0,0,0,0,0,0,0,0,0,0,0,0,0,0,0,0,0,0,0
2004-01-01,0,0,0,0,0,0,0,0,0,0,0,0,0,0,0,0,0,0,0,0,0,0,0,0,0,0,0,0,0,0,0,0,0,0
2004-01-02,0,0,0,0,0,0,0,0,0,0,0,0,0,0,0,0,0,0,0,0,0,0,0,0,0,0,0,0,0,0,0,0,0,0
2004-01-03,0,0,0,0,0,0,0,0,0,0,0,0,0,0,0,0,0,0,0,0,0,0,0,0,0,0,0,0,0,0,0,0,0,0
2004-01-04,0,0,0,0,0,0,0,0,0,0,0,0,0,0,0,0,0,0,0,0,0,0,0,0,0,0,0,0,0,0,0,0,0,0
2004-01-05,0,0,0,0,0,0,0,0,0,0,0,0,0,0,0,0,0,0,0,0,0,0,0,0,0,0,0,0,0,0,0,0,0,0
2004-01-06,0,0,0,0,0,0,0,0,0,0,0,0,0,0,0,0,0,0,0,0,0,0,0,0,0,0,0,0,0,0,0,0,0,0
2004-01-07,0,0,0,0,0,0,0,0,0,0,0,0,0,0,0,0,0,0,0,0,0,0,0,0,0,0,0,0,0,0,0,0,0,0
2004-01-08,0,0,0,0,0,0,0,0,0,0,0,0,0,0,0,0,0,0,0,0,0,0,0,0,0,0,0,0,0,0,0,0,0,0
2004-01-09,0,0,0,0,0,0,0,0,0,0,0,0,0,0,0,0,0,0,0,0,0,0,0,0,0,0,0,0,0,0,0,0,0,0
2004-01-10,0,0,0,0,0,0,0,0,0,0,0,0,0,0,0,0,0,0,0,0,0,0,0,0,0,0,0,0,0,0,0,0,0,0
2004-01-11,0,0,0,0,0,0,0,0,0,0,0,0,0,0,0,0,0,0,0,0,0,0,0,0,0,0,0,0,0,0,0,0,0,0
2004-01-12,0,0,0,0,0,0,0,0,0,0,0,0,0,0,0,0,0,0,0,0,0,0,0,0,0,0,0,0,0,0,0,0,0,0
2004-01-13,0,0,0,0,0,0,0,0,0,0,0,0,0,0,0,0,0,0,0,0,0,0,0,0,0,0,0,0,0,0,0,0,0,0
2004-01-14,0,0,0,0,0,0,0,0,0,0,0,0,0,0,0,0,0,0,0,0,0,0,0,0,0,0,0,0,0,0,0,0,0,0
2004-01-15,0,0,0,0,0,0,0,0,0,0,0,0,0,0,0,0,0,0,0,0,0,0,0,0,0,0,0,0,0,0,0,0,0,0
2004-01-16,0,0,0,0,0,0,0,0,0,0,0,0,0,0,0,0,0,0,0,0,0,0,0,0,0,0,0,0,0,0,0,0,0,0
2004-01-17,0,0,0,0,0,0,0,0,0,0,0,0,0,0,0,0,0,0,0,0,0,0,0,0,0,0,0,0,0,0,0,0,0,0
2004-01-18,0,0,0,0,0,0,0,0,0,0,0,0,0,0,0,0,0,0,0,0,0,0,0,0,0,0,0,0,0,0,0,0,0,0
2004-01-19,0,0,0,0,0,0,0,0,0,0,0,0,0,0,0,0,0,0,0,0,0,0,0,0,0,0,0,0,0,0,0,0,0,0
2004-01-20,0,0,0,0,0,0,0,0,0,0,0,0,0,0,0,0,0,0,0,0,0,0,0,0,0,0,0,0,0,0,0,0,0,0
2004-01-21,0,0,0,0,0,0,0,0,0,0,0,0,0,0,0,0,0,0,0,0,0,0,0,0,0,0,0,0,0,0,0,0,0,0
2004-01-22,0,0,0,0,0,0,0,0,0,0,0,0,0,0,0,0,0,0,0,0,0,0,0,0,0,0,0,0,0,0,0,0,0,0
2004-01-23,0,0,0,0,0,0,0,0,0,0,0,0,0,0,0,0,0,0,0,0,0,0,0,0,0,0,0,0,0,0,0,0,0,0
2004-01-24,0,0,0,0,0,0,0,0,0,0,0,0,0,0,0,0,0,0,0,0,0,0,0,0,0,0,0,0,0,0,0,0,0,0
2004-01-25,0,0,0,0,0,0,0,0,0,0,0,0,0,0,0,0,0,0,0,0,0,0,0,0,0,0,0,0,0,0,0,0,0,0
2004-01-26,0,0,0,0,0,0,0,0,0,0,0,0,0,0,0,0,0,0,0,0,0,0,0,0,0,0,0,0,0,0,0,0,0,0
2004-01-27,0,0,0,0,0,0,0,0,0,0,0,0,0,0,0,0,0,0,0,0,0,0,0,0,0,0,0,0,0,0,0,0,0,0
2004-01-28,0,0,0,0,0,0,0,0,0,0,0,0,0,0,0,0,0,0,0,0,0,0,0,0,0,0,0,0,0,0,0,0,0,0
2004-01-29,0,0,0,0,0,0,0,0,0,0,0,0,0,0,0,0,0,0,0,0,0,0,0,0,0,0,0,0,0,0,0,0,0,0
2004-01-30,0,0,0,0,0,0,0,0,0,0,0,0,0,0,0,0,0,0,0,0,0,0,0,0,0,0,0,0,0,0,0,0,0,0
2004-01-31,0,0,0,0,0,0,0,0,0,0,0,0,0,0,0,0,0,0,0,0,0,0,0,0,0,0,0,0,0,0,0,0,0,0
2004-02-01,0,0,0,0,0,0,0,0,0,0,0,0,0,0,0,0,0,0,0,0,0,0,0,0,0,0,0,0,0,0,0,0,0,0
2004-02-02,0,0,0,0,0,0,0,0,0,0,0,0,0,0,0,0,0,0,0,0,0,0,0,0,0,0,0,0,0,0,0,0,0,0
2004-02-03,0,0,0,0,0,0,0,0,0,0,0,0,0,0,0,0,0,0,0,0,0,0,0,0,0,0,0,0,0,0,0,0,0,0
2004-02-04,0,0,0,0,0,0,0,0,0,0,0,0,0,0,0,0,0,0,0,0,0,0,0,0,0,0,0,0,0,0,0,0,0,0
2004-02-05,0,0,0,0,0,0,0,0,0,0,0,0,0,0,0,0,0,0,0,0,0,0,0,0,0,0,0,0,0,0,0,0,0,0
2004-02-06,0,0,0,0,0,0,0,0,0,0,0,0,0,0,0,0,0,0,0,0,0,0,0,0,0,0,0,0,0,0,0,0,0,0
2004-02-07,0,0,0,0,0,0,0,0,0,0,0,0,0,0,0,0,0,0,0,0,0,0,0,0,0,0,0,0,0,0,0,0,0,0
2004-02-08,0,0,0,0,0,0,0,0,0,0,0,0,0,0,0,0,0,0,0,0,0,0,0,0,0,0,0,0,0,0,0,0,0,0
2004-02-09,0,0,0,0,0,0,0,0,0,0,0,0,0,0,0,0,0,0,0,0,0,0,0,0,0,0,0,0,0,0,0,0,0,0
2004-02-10,0,0,0,0,0,0,0,0,0,0,0,0,0,0,0,0,0,0,0,0,0,0,0,0,0,0,0,0,0,0,0,0,0,0
2004-02-11,0,0,0,0,0,0,0,0,0,0,0,0,0,0,0,0,0,0,0,0,0,0,0,0,0,0,0,0,0,0,0,0,0,0
2004-02-12,0,0,0,0,0,0,0,0,0,0,0,0,0,0,0,0,0,0,0,0,0,0,0,0,0,0,0,0,0,0,0,0,0,0
2004-02-13,0,0,0,0,0,0,0,0,0,0,0,0,0,0,0,0,0,0,0,0,0,0,0,0,0,0,0,0,0,0,0,0,0,0
2004-02-14,0,0,0,0,0,0,0,0,0,0,0,0,0,0,0,0,0,0,0,0,0,0,0,0,0,0,0,0,0,0,0,0,0,0
2004-02-15,0,0,0,0,0,0,0,0,0,0,0,0,0,0,0,0,0,0,0,0,0,0,0,0,0,0,0,0,0,0,0,0,0,0
2004-02-16,0,0,0,0,0,0,0,0,0,0,0,0,0,0,0,0,0,0,0,0,0,0,0,0,0,0,0,0,0,0,0,0,0,0
2004-02-17,0,0,0,0,0,0,0,0,0,0,0,0,0,0,0,0,0,0,0,0,0,0,0,0,0,0,0,0,0,0,0,0,0,0
2004-02-18,0,0,0,0,0,0,0,0,0,0,0,0,0,0,0,0,0,0,0,0,0,0,0,0,0,0,0,0,0,0,0,0,0,0
2004-02-19,0,0,0,0,0,0,0,0,0,0,0,0,0,0,0,0,0,0,0,0,0,0,0,0,0,0,0,0,0,0,0,0,0,0
2004-02-20,0,0,0,0,0,0,0,0,0,0,0,0,0,0,0,0,0,0,0,0,0,0,0,0,0,0,0,0,0,0,0,0,0,0
2004-02-21,0,0,0,0,0,0,0,0,0,0,0,0,0,0,0,0,0,0,0,0,0,0,0,0,0,0,0,0,0,0,0,0,0,0
2004-02-22,0,0,0,0,0,0,0,0,0,0,0,0,0,0,0,0,0,0,0,0,0,0,0,0,0,0,0,0,0,0,0,0,0,0
2004-02-23,0,0,0,0,0,0,0,0,0,0,0,0,0,0,0,0,0,0,0,0,0,0,0,0,0,0,0,0,0,0,0,0,0,0
2004-02-24,0,0,0,0,0,0,0,0,0,0,0,0,0,0,0,0,0,0,0,0,0,0,0,0,0,0,0,0,0,0,0,0,0,0
2004-02-25,0,0,0,0,0,0,0,0,0,0,0,0,0,0,0,0,0,0,0,0,0,0,0,0,0,0,0,0,0,0,0,0,0,0
2004-02-26,0,0,0,0,0,0,0,0,0,0,0,0,0,0,0,0,0,0,0,0,0,0,0,0,0,0,0,0,0,0,0,0,0,0
2004-02-27,0,0,0,0,0,0,0,0,0,0,0,0,0,0,0,0,0,0,0,0,0,0,0,0,0,0,0,0,0,0,0,0,0,0
2004-02-28,0,0,0,0,0,0,0,0,0,0,0,0,0,0,0,0,0,0,0,0,0,0,0,0,0,0,0,0,0,0,0,0,0,0
2004-02-29,0,0,0,0,0,0,0,0,0,0,0,0,0,0,0,0,0,0,0,0,0,0,0,0,0,0,0,0,0,0,0,0,0,0
2004-03-01,0,0,0,0,0,0,0,0,0,0,0,0,0,0,0,0,0,0,0,0,0,0,0,0,0,0,0,0,0,0,0,0,0,0
2004-03-02,0,0,0,0,0,0,0,0,0,0,0,0,0,0,0,0,0,0,0,0,0,0,0,0,0,0,0,0,0,0,0,0,0,0
2004-03-03,0,0,0,0,0,0,0,0,0,0,0,0,0,0,0,0,0,0,0,0,0,0,0,0,0,0,0,0,0,0,0,0,0,0
2004-03-04,0,0,0,0,0,0,0,0,0,0,0,0,0,0,0,0,0,0,0,0,0,0,0,0,0,0,0,0,0,0,0,0,0,0
2004-03-05,0,0,0,0,0,0,0,0,0,0,0,0,0,0,0,0,0,0,0,0,0,0,0,0,0,0,0,0,0,0,0,0,0,0
2004-03-06,0,0,0,0,0,0,0,0,0,0,0,0,0,0,0,0,0,0,0,0,0,0,0,0,0,0,0,0,0,0,0,0,0,0
2004-03-07,0,0,0,0,0,0,0,0,0,0,0,0,0,0,0,0,0,0,0,0,0,0,0,0,0,0,0,0,0,0,0,0,0,0
2004-03-08,0,0,0,0,0,0,0,0,0,0,0,0,0,0,0,0,0,0,0,0,0,0,0,0,0,0,0,0,0,0,0,0,0,0
2004-03-09,0,0,0,0,0,0,0,0,0,0,0,0,0,0,0,0,0,0,0,0,0,0,0,0,0,0,0,0,0,0,0,0,0,0
2004-03-10,0,0,0,0,0,0,0,0,0,0,0,0,0,0,0,0,0,0,0,0,0,0,0,0,0,0,0,0,0,0,0,0,0,0
2004-03-11,0,0,0,0,0,0,0,0,0,0,0,0,0,0,0,0,0,0,0,0,0,0,0,0,0,0,0,0,0,0,0,0,0,0
2004-03-12,0,0,0,0,0,0,0,0,0,0,0,0,0,0,0,0,0,0,0,0,0,0,0,0,0,0,0,0,0,0,0,0,0,0
2004-03-13,0,0,0,0,0,0,0,0,0,0,0,0,0,0,0,0,0,0,0,0,0,0,0,0,0,0,0,0,0,0,0,0,0,0
2004-03-14,0,0,0,0,0,0,0,0,0,0,0,0,0,0,0,0,0,0,0,0,0,0,0,0,0,0,0,0,0,0,0,0,0,0
2004-03-15,0,0,0,0,0,0,0,0,0,0,0,0,0,0,0,0,0,0,0,0,0,0,0,0,0,0,0,0,0,0,0,0,0,0
2004-03-16,0,0,0,0,0,0,0,0,0,0,0,0,0,0,0,0,0,0,0,0,0,0,0,0,0,0,0,0,0,0,0,0,0,0
2004-03-17,0,0,0,0,0,0,0,0,0,0,0,0,0,0,0,0,0,0,0,0,0,0,0,0,0,0,0,0,0,0,0,0,0,0
2004-03-18,0,0,0,0,0,0,0,0,0,0,0,0,0,0,0,0,0,0,0,0,0,0,0,0,0,0,0,0,0,0,0,0,0,0
2004-03-19,0,0,0,0,0,0,0,0,0,0,0,0,0,0,0,0,0,0,0,0,0,0,0,0,0,0,0,0,0,0,0,0,0,0
2004-03-20,0,0,0,0,0,0,0,0,0,0,0,0,0,0,0,0,0,0,0,0,0,0,0,0,0,0,0,0,0,0,0,0,0,0
2004-03-21,0,0,0,0,0,0,0,0,0,0,0,0,0,0,0,0,0,0,0,0,0,0,0,0,0,0,0,0,0,0,0,0,0,0
2004-03-22,0,0,0,0,0,0,0,0,0,0,0,0,0,0,0,0,0,0,0,0,0,0,0,0,0,0,0,0,0,0,0,0,0,0
2004-03-23,0,0,0,0,0,0,0,0,0,0,0,0,0,0,0,0,0,0,0,0,0,0,0,0,0,0,0,0,0,0,0,0,0,0
2004-03-24,0,0,0,0,0,0,0,0,0,0,0,0,0,0,0,0,0,0,0,0,0,0,0,0,0,0,0,0,0,0,0,0,0,0
2004-03-25,0,0,0,0,0,0,0,0,0,0,0,0,0,0,0,0,0,0,0,0,0,0,0,0,0,0,0,0,0,0,0,0,0,0
2004-03-26,0,0,0,0,0,0,0,0,0,0,0,0,0,0,0,0,0,0,0,0,0,0,0,0,0,0,0,0,0,0,0,0,0,0
2004-03-27,0,0,0,0,0,0,0,0,0,0,0,0,0,0,0,0,0,0,0,0,0,0,0,0,0,0,0,0,0,0,0,0,0,0
2004-03-28,0,0,0,0,0,0,0,0,0,0,0,0,0,0,0,0,0,0,0,0,0,0,0,0,0,0,0,0,0,0,0,0,0,0
2004-03-29,0,0,0,0,0,0,0,0,0,0,0,0,0,0,0,0,0,0,0,0,0,0,0,0,0,0,0,0,0,0,0,0,0,0
2004-03-30,0,0,0,0,0,0,0,0,0,0,0,0,0,0,0,0,0,0,0,0,0,0,0,0,0,0,0,0,0,0,0,0,0,0
2004-03-31,0,0,0,0,0,0,0,0,0,0,0,0,0,0,0,0,0,0,0,0,0,0,0,0,0,0,0,0,0,0,0,0,0,0
2004-04-01,0,0,0,0,0,0,0,0,0,0,0,0,0,0,0,0,0,0,0,0,0,0,0,0,0,0,0,0,0,0,0,0,0,0
2004-04-02,0,0,0,0,0,0,0,0,0,0,0,0,0,0,0,0,0,0,0,0,0,0,0,0,0,0,0,0,0,0,0,0,0,0
2004-04-03,0,0,0,0,0,0,0,0,0,0,0,0,0,0,0,0,0,0,0,0,0,0,0,0,0,0,0,0,0,0,0,0,0,0
2004-04-04,0,0,0,0,0,0,0,0,0,0,0,0,0,0,0,0,0,0,0,0,0,0,0,0,0,0,0,0,0,0,0,0,0,0
2004-04-05,0,0,0,0,0,0,0,0,0,0,0,0,0,0,0,0,0,0,0,0,0,0,0,0,0,0,0,0,0,0,0,0,0,0
2004-04-06,0,0,0,0,0,0,0,0,0,0,0,0,0,0,0,0,0,0,0,0,0,0,0,0,0,0,0,0,0,0,0,0,0,0
2004-04-07,0,0,0,0,0,0,0,0,0,0,0,0,0,0,0,0,0,0,0,0,0,0,0,0,0,0,0,0,0,0,0,0,0,0
2004-04-08,0,0,0,0,0,0,0,0,0,0,0,0,0,0,0,0,0,0,0,0,0,0,0,0,0,0,0,0,0,0,0,0,0,0
2004-04-09,0,0,0,0,0,0,0,0,0,0,0,0,0,0,0,0,0,0,0,0,0,0,0,0,0,0,0,0,0,0,0,0,0,0
2004-04-10,0,0,0,0,0,0,0,0,0,0,0,0,0,0,0,0,0,0,0,0,0,0,0,0,0,0,0,0,0,0,0,0,0,0
2004-04-11,0,0,0,0,0,0,0,0,0,0,0,0,0,0,0,0,0,0,0,0,0,0,0,0,0,0,0,0,0,0,0,0,0,0
2004-04-12,0,0,0,0,0,0,0,0,0,0,0,0,0,0,0,0,0,0,0,0,0,0,0,0,0,0,0,0,0,0,0,0,0,0
2004-04-13,0,0,0,0,0,0,0,0,0,0,0,0,0,0,0,0,0,0,0,0,0,0,0,0,0,0,0,0,0,0,0,0,0,0
2004-04-14,0,0,0,0,0,0,0,0,0,0,0,0,0,0,0,0,0,0,0,0,0,0,0,0,0,0,0,0,0,0,0,0,0,0
2004-04-15,0,0,0,0,0,0,0,0,0,0,0,0,0,0,0,0,0,0,0,0,0,0,0,0,0,0,0,0,0,0,0,0,0,0
2004-04-16,0,0,0,0,0,0,0,0,0,0,0,0,0,0,0,0,0,0,0,0,0,0,0,0,0,0,0,0,0,0,0,0,0,0
2004-04-17,0,0,0,0,0,0,0,0,0,0,0,0,0,0,0,0,0,0,0,0,0,0,0,0,0,0,0,0,0,0,0,0,0,0
2004-04-18,0,0,0,0,0,0,0,0,0,0,0,0,0,0,0,0,0,0,0,0,0,0,0,0,0,0,0,0,0,0,0,0,0,0
2004-04-19,0,0,0,0,0,0,0,0,0,0,0,0,0,0,0,0,0,0,0,0,0,0,0,0,0,0,0,0,0,0,0,0,0,0
2004-04-20,0,0,0,0,0,0,0,0,0,0,0,0,0,0,0,0,0,0,0,0,0,0,0,0,0,0,0,0,0,0,0,0,0,0
2004-04-21,0,0,0,0,0,0,0,0,0,0,0,0,0,0,0,0,0,0,0,0,0,0,0,0,0,0,0,0,0,0,0,0,0,0
2004-04-22,0,0,0,0,0,0,0,0,0,0,0,0,0,0,0,0,0,0,0,0,0,0,0,0,0,0,0,0,0,0,0,0,0,0
2004-04-23,0,0,0,0,0,0,0,0,0,0,0,0,0,0,0,0,0,0,0,0,0,0,0,0,0,0,0,0,0,0,0,0,0,0
2004-04-24,0,0,0,0,0,0,0,0,0,0,0,0,0,0,0,0,0,0,0,0,0,0,0,0,0,0,0,0,0,0,0,0,0,0
2004-04-25,0,0,0,0,0,0,0,0,0,0,0,0,0,0,0,0,0,0,0,0,0,0,0,0,0,0,0,0,0,0,0,0,0,0
2004-04-26,0,0,0,0,0,0,0,0,0,0,0,0,0,0,0,0,0,0,0,0,0,0,0,0,0,0,0,0,0,0,0,0,0,0
2004-04-27,0,0,0,0,0,0,0,0,0,0,0,0,0,0,0,0,0,0,0,0,0,0,0,0,0,0,0,0,0,0,0,0,0,0
2004-04-28,0,0,0,0,0,0,0,0,0,0,0,0,0,0,0,0,0,0,0,0,0,0,0,0,0,0,0,0,0,0,0,0,0,0
2004-04-29,0,0,0,0,0,0,0,0,0,0,0,0,0,0,0,0,0,0,0,0,0,0,0,0,0,0,0,0,0,0,0,0,0,0
2004-04-30,0,0,0,0,0,0,0,0,0,0,0,0,0,0,0,0,0,0,0,0,0,0,0,0,0,0,0,0,0,0,0,0,0,0
2004-05-01,0,0,0,0,0,0,0,0,0,0,0,0,0,0,0,0,0,0,0,0,0,0,0,0,0,0,0,0,0,0,0,0,0,0
2004-05-02,0,0,0,0,0,0,0,0,0,0,0,0,0,0,0,0,0,0,0,0,0,0,0,0,0,0,0,0,0,0,0,0,0,0
2004-05-03,0,0,0,0,0,0,0,0,0,0,0,0,0,0,0,0,0,0,0,0,0,0,0,0,0,0,0,0,0,0,0,0,0,0
2004-05-04,0,0,0,0,0,0,0,0,0,0,0,0,0,0,0,0,0,0,0,0,0,0,0,0,0,0,0,0,0,0,0,0,0,0
2004-05-05,0,0,0,0,0,0,0,0,0,0,0,0,0,0,0,0,0,0,0,0,0,0,0,0,0,0,0,0,0,0,0,0,0,0
2004-05-06,0,0,0,0,0,0,0,0,0,0,0,0,0,0,0,0,0,0,0,0,0,0,0,0,0,0,0,0,0,0,0,0,0,0
2004-05-07,0,0,0,0,0,0,0,0,0,0,0,0,0,0,0,0,0,0,0,0,0,0,0,0,0,0,0,0,0,0,0,0,0,0
2004-05-08,0,0,0,0,0,0,0,0,0,0,0,0,0,0,0,0,0,0,0,0,0,0,0,0,0,0,0,0,0,0,0,0,0,0
2004-05-09,0,0,0,0,0,0,0,0,0,0,0,0,0,0,0,0,0,0,0,0,0,0,0,0,0,0,0,0,0,0,0,0,0,0
2004-05-10,0,0,0,0,0,0,0,0,0,0,0,0,0,0,0,0,0,0,0,0,0,0,0,0,0,0,0,0,0,0,0,0,0,0
2004-05-11,0,0,0,0,0,0,0,0,0,0,0,0,0,0,0,0,0,0,0,0,0,0,0,0,0,0,0,0,0,0,0,0,0,0
2004-05-12,0,0,0,0,0,0,0,0,0,0,0,0,0,0,0,0,0,0,0,0,0,0,0,0,0,0,0,0,0,0,0,0,0,0
2004-05-13,0,0,0,0,0,0,0,0,0,0,0,0,0,0,0,0,0,0,0,0,0,0,0,0,0,0,0,0,0,0,0,0,0,0
2004-05-14,0,0,0,0,0,0,0,0,0,0,0,0,0,0,0,0,0,0,0,0,0,0,0,0,0,0,0,0,0,0,0,0,0,0
2004-05-15,0,0,0,0,0,0,0,0,0,0,0,0,0,0,0,0,0,0,0,0,0,0,0,0,0,0,0,0,0,0,0,0,0,0
2004-05-16,0,0,0,0,0,0,0,0,0,0,0,0,0,0,0,0,0,0,0,0,0,0,0,0,0,0,0,0,0,0,0,0,0,0
2004-05-17,0,0,0,0,0,0,0,0,0,0,0,0,0,0,0,0,0,0,0,0,0,0,0,0,0,0,0,3,0,0,0,0,0,0
2004-05-18,0,0,0,0,0,0,0,0,0,0,0,0,0,0,0,0,0,0,0,0,0,0,0,0,0,0,0,5,0,0,0,0,0,0
2004-05-19,0,0,0,0,0,0,0,0,0,0,0,0,14,0,0,0,0,0,0,0,0,0,0,0,0,0,0,3,0,0,0,0,0,0
2004-05-20,0,0,0,0,0,0,0,0,0,0,0,0,0,0,0,0,0,0,0,0,0,0,0,0,0,0,0,0,0,0,0,0,0,0
2004-05-21,0,0,0,0,0,0,0,0,0,0,0,0,0,0,0,0,0,0,0,0,0,0,0,0,0,0,0,0,0,0,0,0,0,0
2004-05-22,0,0,0,0,0,0,0,0,0,0,0,0,0,0,0,0,0,0,0,0,0,0,0,0,0,0,0,0,0,0,0,0,0,0
2004-05-23,0,0,0,0,0,0,0,0,0,0,0,0,0,0,0,0,0,0,0,0,0,0,0,0,0,0,0,0,0,0,0,0,0,0
2004-05-24,0,0,0,0,0,0,0,0,0,0,0,0,0,0,0,0,0,0,0,0,0,0,0,0,0,0,0,0,0,0,0,0,0,0
2004-05-25,0,0,0,0,0,0,0,0,0,0,0,0,0,0,0,0,0,0,0,0,0,0,0,0,0,0,0,0,0,0,0,0,0,0
2004-05-26,0,0,0,0,0,0,0,0,0,0,0,0,0,0,0,0,0,0,0,0,0,0,0,0,0,0,0,0,0,0,0,0,0,0
2004-05-27,0,0,0,0,0,0,0,0,0,0,0,0,0,0,0,0,0,0,0,0,0,0,0,0,0,0,0,0,0,0,0,0,0,0
2004-05-28,0,0,0,0,0,0,0,0,0,0,0,0,0,0,0,0,0,0,0,0,0,0,0,0,0,0,0,0,0,0,0,0,0,0
2004-05-29,0,0,0,0,0,0,0,0,0,0,13,0,0,0,0,0,0,0,0,0,0,0,0,0,0,0,0,0,0,0,0,0,0,0
2004-05-30,0,0,0,0,0,0,0,0,0,0,31,0,0,0,0,0,0,0,0,0,0,0,0,0,0,0,0,0,0,0,0,0,0,0
2004-05-31,0,0,0,0,0,0,0,0,0,0,103,0,0,0,0,0,0,0,0,0,0,0,0,0,0,0,0,5,0,0,0,0,0,0
2004-06-01,0,0,0,0,0,0,0,0,0,0,296,0,0,0,0,0,0,0,0,0,0,0,0,0,0,0,0,47,0,0,0,0,0,0
2004-06-02,0,0,0,0,0,0,0,0,0,0,468,0,0,0,0,0,0,0,0,0,0,0,0,0,0,0,0,109,0,0,0,0,0,0
2004-06-03,0,0,0,0,0,0,0,0,0,0,426,0,0,0,0,0,0,0,0,0,0,0,0,0,0,0,0,163,0,0,0,0,0,0
2004-06-04,0,0,0,0,0,0,0,0,0,0,211,0,0,0,0,0,0,0,0,0,0,0,0,0,0,0,0,75,0,0,0,0,0,0
2004-06-05,0,0,0,0,0,0,0,0,0,0,172,0,0,0,0,0,0,0,0,0,0,0,0,0,0,0,0,6,0,0,0,0,0,0
2004-06-06,0,0,0,0,0,0,0,0,0,0,147,0,4,0,0,0,0,0,0,0,0,0,0,0,0,0,0,2,0,0,0,0,0,0
2004-06-07,0,0,0,0,0,0,0,0,0,0,34,0,39,0,0,0,0,0,0,0,0,0,0,0,0,0,0,1,0,0,0,0,0,0
2004-06-08,0,0,0,5,0,0,0,1,0,0,229,0,64,0,0,0,0,0,17,0,0,0,0,0,2,0,0,53,0,0,0,0,0,0
2004-06-09,0,0,0,0,0,0,0,64,0,0,337,0,316,0,2,3,4,0,109,0,0,0,0,0,0,0,0,100,0,0,0,0,0,0
2004-06-10,0,0,1,0,0,0,0,4,0,0,492,0,191,0,21,24,4,0,197,0,0,0,0,0,0,0,0,115,0,0,0,1,0,0
2004-06-11,2,0,17,0,0,0,0,0,0,0,635,0,6,0,10,40,16,0,160,0,0,0,0,3,0,0,0,127,1,48,0,0,0,0
2004-06-12,4,0,2,0,32,0,0,0,0,0,555,0,28,0,51,1,0,0,124,0,0,0,0,13,0,0,0,129,46,39,0,0,0,0
2004-06-13,1,0,0,0,11,0,0,0,0,0,443,0,0,0,84,0,0,0,13,0,0,0,0,3,0,0,0,176,4,0,0,0,0,0
2004-06-14,3,0,0,0,0,0,0,0,0,0,250,0,0,0,112,0,0,0,1,0,0,0,1,1,0,0,0,213,0,0,0,0,0,0
2004-06-15,1,0,0,0,0,0,0,0,0,0,55,0,0,0,71,0,0,0,1,0,0,0,1,3,0,0,0,96,0,0,0,0,0,0
2004-06-16,0,0,0,0,2,0,0,0,0,0,122,0,25,0,126,0,0,0,14,0,0,0,0,8,0,0,0,90,8,0,0,0,0,0
2004-06-17,3,0,0,0,0,0,0,0,0,0,536,0,45,0,102,0,0,0,3,0,0,0,0,0,0,0,0,216,0,0,0,0,0,0
2004-06-18,0,0,0,0,0,0,0,0,0,0,699,0,69,0,18,0,0,0,49,0,0,0,0,0,0,0,0,47,0,0,0,0,0,0
2004-06-19,0,0,0,0,0,0,0,0,0,0,111,0,0,0,23,0,0,0,47,0,0,0,0,0,0,0,0,0,0,0,0,0,0,0
2004-06-20,0,0,0,0,0,0,0,0,0,0,20,0,0,0,28,0,0,0,20,0,0,0,0,0,0,0,0,0,9,15,0,0,0,0
2004-06-21,0,0,0,0,4,0,0,0,0,0,52,0,0,0,82,0,0,0,12,0,0,0,0,0,0,0,0,0,9,0,0,0,0,0
2004-06-22,1,0,0,0,0,0,0,0,0,0,296,0,6,0,99,0,0,0,18,0,0,0,0,0,0,0,0,0,0,0,0,0,0,0
2004-06-23,0,0,0,0,0,0,0,0,0,0,520,0,2,0,54,0,0,0,39,0,0,0,0,0,0,0,0,10,0,2,0,0,0,0
2004-06-24,1,0,0,0,1,0,0,0,0,0,735,0,16,0,67,2,0,0,110,0,0,0,0,2,0,0,0,27,6,3,0,0,0,0
2004-06-25,13,0,0,0,49,0,0,0,0,0,885,0,15,0,148,2,0,0,184,0,0,0,1,18,0,0,0,78,191,3,0,0,0,0
2004-06-26,19,0,0,0,2,0,0,0,0,0,1607,0,173,0,218,3,0,0,186,0,0,0,4,5,0,0,0,183,0,0,0,0,0,0
2004-06-27,14,0,1,0,0,0,0,0,0,0,2152,0,188,0,171,5,0,0,287,0,0,0,3,0,0,0,0,252,0,0,0,0,0,0
2004-06-28,18,0,5,0,8,0,0,0,0,0,2138,0,166,0,166,19,2,0,475,0,0,0,5,8,0,0,0,375,21,43,0,0,0,0
2004-06-29,28,0,2,0,18,0,0,0,0,0,2184,0,109,0,227,8,0,0,444,0,0,0,5,19,0,0,0,395,6,0,0,0,0,0
2004-06-30,25,0,2,0,0,0,0,0,0,0,2056,0,92,0,216,8,0,0,353,0,0,0,5,0,0,0,0,162,0,0,0,0,0,0
2004-07-01,24,0,2,0,0,0,0,0,0,0,1301,0,56,0,174,11,0,0,364,0,0,0,5,5,0,0,0,41,0,1,0,0,0,0
2004-07-02,28,0,4,0,23,0,0,0,0,0,851,0,25,0,191,15,0,0,428,0,0,0,6,20,0,0,0,44,36,4,0,0,0,2
2004-07-03,27,0,4,0,23,0,0,0,0,0,806,0,10,0,321,11,0,0,305,0,0,0,5,21,0,0,0,74,10,0,0,0,0,0
2004-07-04,36,0,4,0,22,0,0,0,0,0,1133,0,22,0,366,12,0,0,246,0,0,0,7,24,0,0,0,96,14,0,0,0,0,0
2004-07-05,35,0,12,0,34,0,0,0,0,0,1243,0,8,0,296,41,43,0,368,0,0,0,8,32,0,0,0,73,88,73,0,0,0,4
2004-07-06,46,0,42,0,39,0,0,0,0,0,585,0,16,0,235,71,54,0,536,0,0,0,12,42,0,0,0,2,262,183,0,0,0,13
2004-07-07,65,0,23,0,38,0,0,0,0,0,144,0,31,0,263,51,0,0,774,0,0,0,17,42,0,0,0,0,107,51,0,0,0,11
2004-07-08,78,2,110,0,98,0,0,0,0,0,62,0,21,0,317,136,184,0,848,0,0,0,23,62,0,0,0,0,280,244,0,1,10,25
2004-07-09,100,0,169,0,259,0,0,0,0,0,76,0,0,0,451,165,335,0,645,0,0,0,26,82,0,0,24,0,761,420,0,1,23,41
2004-07-10,67,0,12,0,326,0,0,0,0,0,126,0,0,0,572,20,19,0,280,0,0,0,10,84,0,0,0,1,446,210,0,0,0,31
2004-07-11,26,0,1,0,140,0,0,0,0,0,241,0,0,0,561,4,0,0,164,0,0,0,4,46,0,0,0,11,124,3,0,0,0,1
2004-07-12,12,0,0,0,6,0,0,0,0,0,345,0,0,0,463,0,0,0,95,0,0,0,0,17,0,0,0,84,11,0,0,0,0,0
2004-07-13,0,0,0,0,0,0,0,0,0,0,493,0,0,0,192,0,0,0,13,0,0,0,0,0,0,0,0,192,0,0,0,0,0,0
2004-07-14,0,0,0,0,0,0,0,0,0,0,674,0,0,0,45,0,0,0,2,0,0,0,0,0,0,0,0,294,0,0,0,0,0,0
2004-07-15,0,0,0,0,0,0,0,0,0,0,860,0,24,0,7,0,0,0,42,0,0,0,0,0,0,0,0,216,0,0,0,0,0,0
2004-07-16,0,0,0,0,0,0,0,0,0,0,868,0,144,0,8,2,0,0,105,0,0,0,0,0,0,0,0,112,0,0,0,0,0,0
2004-07-17,2,1,4,0,0,0,0,0,0,0,607,0,59,0,11,41,40,0,233,0,0,0,1,0,0,0,0,27,1,20,0,0,4,0
2004-07-18,5,10,28,0,17,0,18,12,0,0,664,0,2,0,47,104,269,0,341,0,0,0,3,4,0,0,23,27,149,138,0,5,29,0
2004-07-19,11,3,49,0,56,0,5,0,0,0,537,0,63,0,123,120,293,0,463,0,0,0,6,18,0,0,1,10,292,223,0,1,21,1
2004-07-20,27,21,65,0,68,0,33,0,0,0,677,0,36,0,208,163,370,0,596,0,0,0,9,36,0,0,73,22,286,230,0,10,54,6
2004-07-21,37,28,85,0,63,0,19,1,0,0,1157,0,112,0,235,212,423,0,752,0,0,0,11,44,0,0,71,71,312,265,0,20,57,10
2004-07-22,60,21,107,0,140,1,12,13,0,0,1686,0,466,0,328,238,434,0,1031,0,0,0,16,57,0,0,25,92,455,276,0,31,59,17
2004-07-23,77,3,86,0,187,1,0,16,0,0,2441,0,272,0,498,191,287,0,1220,0,0,0,18,74,0,0,0,350,309,275,0,7,15,24
2004-07-24,59,0,28,0,42,0,0,0,0,0,2917,0,223,0,434,93,181,0,762,0,0,0,14,33,0,0,0,633,91,109,0,1,17,5
2004-07-25,39,0,5,0,33,0,0,0,0,0,2468,0,116,0,267,36,145,0,393,0,0,0,9,18,0,0,0,594,111,81,0,0,4,1
2004-07-26,8,0,1,0,35,0,0,0,0,0,1622,0,66,0,179,12,2,0,229,0,0,0,4,4,0,0,0,417,99,0,0,0,0,0
2004-07-27,0,0,0,0,59,0,0,0,0,0,1398,0,40,0,142,0,0,0,103,0,0,0,0,0,0,0,0,271,104,0,0,0,0,0
2004-07-28,0,0,0,0,7,0,0,0,0,0,1208,0,28,0,177,0,0,0,55,0,0,0,0,0,0,0,0,61,8,0,0,0,0,0
2004-07-29,0,0,0,0,0,0,0,0,0,0,706,0,49,0,140,0,0,0,71,0,0,0,0,0,0,0,0,22,4,0,0,0,0,0
2004-07-30,0,0,0,0,0,0,0,0,0,0,1072,0,169,0,106,0,0,0,160,0,0,0,0,0,0,0,0,123,9,0,0,0,0,0
2004-07-31,0,0,0,0,0,0,0,10,0,0,1869,0,835,0,93,9,0,0,353,0,0,0,0,0,0,0,0,217,6,0,0,0,0,0
2004-08-01,2,0,2,0,3,2,0,15,0,0,1991,0,1314,0,125,16,0,0,577,0,0,0,2,0,0,0,0,173,11,0,0,0,0,0
2004-08-02,5,0,2,0,18,2,0,6,0,0,1288,0,1111,0,201,25,0,0,604,0,0,0,1,0,0,0,0,57,26,0,0,1,0,0
2004-08-03,9,0,0,0,15,0,0,15,0,0,753,0,254,0,237,16,0,0,507,0,0,0,1,4,0,0,0,10,15,0,0,0,0,0
2004-08-04,11,0,1,0,12,0,0,25,0,0,556,0,28,0,244,9,1,0,341,0,0,0,3,7,0,0,0,8,10,1,0,0,0,0
2004-08-05,7,2,0,9,14,0,10,247,0,0,733,0,32,0,219,12,5,0,234,0,2,0,2,7,23,0,34,72,13,2,0,0,4,0
2004-08-06,0,0,0,0,6,0,0,184,0,0,1111,0,29,0,197,12,2,0,178,0,0,0,0,0,35,0,8,121,12,3,0,0,2,0
2004-08-07,2,0,0,0,0,0,0,67,0,0,1283,0,133,0,187,6,0,0,235,0,0,0,1,0,11,0,0,91,0,5,0,0,0,0
2004-08-08,6,0,1,26,0,0,0,153,0,0,839,0,714,8,176,4,0,0,203,0,0,0,3,7,62,0,5,11,0,0,0,0,0,0
2004-08-09,5,0,0,79,0,0,0,279,0,0,439,0,350,0,199,4,0,0,358,0,3,0,0,1,126,0,4,0,0,0,1,0,0,0
2004-08-10,5,0,1,0,0,0,1,190,1,0,344,0,74,0,215,13,2,0,616,0,0,0,1,0,13,1,9,0,0,0,1,0,2,0
2004-08-11,8,5,2,0,9,0,17,27,0,0,354,0,124,0,189,21,23,0,716,0,0,0,3,1,0,0,25,0,24,3,0,0,7,0
2004-08-12,16,27,23,0,23,0,69,75,0,0,567,0,41,0,208,97,145,0,686,0,0,0,5,12,0,0,165,8,59,61,0,8,24,0
2004-08-13,24,0,6,0,135,0,0,0,0,0,576,0,41,0,321,28,4,0,652,0,0,0,5,41,0,0,0,24,220,88,0,0,0,8
2004-08-14,11,0,0,0,64,0,0,0,0,0,1032,0,35,0,378,7,0,0,382,0,0,0,0,20,0,0,0,142,50,0,0,0,0,0
2004-08-15,9,0,0,0,0,0,0,0,0,0,1382,0,186,0,139,6,0,0,302,0,0,0,0,0,0,0,0,80,0,0,0,0,0,0
2004-08-16,4,0,0,0,0,0,0,0,0,0,846,0,47,0,48,3,0,0,208,0,0,0,1,0,0,0,0,26,0,0,0,0,0,0
2004-08-17,3,6,0,0,0,0,4,0,0,0,383,0,29,0,30,6,3,0,276,0,0,0,1,0,0,0,15,12,0,0,0,0,5,0
2004-08-18,4,19,7,0,0,0,22,0,0,0,485,0,116,0,71,60,132,0,449,0,0,0,1,3,0,0,81,0,3,29,0,6,28,0
2004-08-19,10,32,33,0,34,0,58,0,0,0,468,0,55,0,202,115,276,0,741,2,0,0,2,29,0,0,319,3,145,131,0,14,30,1
2004-08-20,29,0,55,0,174,0,0,0,0,0,258,0,27,0,322,127,273,0,833,0,0,0,5,47,0,0,27,0,370,215,0,4,11,7
2004-08-21,37,0,2,0,334,0,0,0,0,0,227,0,3,0,443,11,27,0,334,0,0,0,4,68,0,0,0,23,448,122,0,0,0,14
2004-08-22,3,0,0,0,19,0,0,0,0,0,670,0,0,0,385,0,0,0,78,0,0,0,0,8,0,0,0,94,103,0,0,0,0,0
2004-08-23,0,0,0,0,0,0,0,0,0,0,1327,0,4,0,118,0,0,0,68,0,0,0,0,0,0,0,0,106,0,0,0,0,0,0
2004-08-24,0,0,0,0,0,0,0,0,0,0,1668,0,6,0,66,4,0,0,216,0,0,0,0,0,0,0,0,150,0,0,0,0,0,0
2004-08-25,6,0,0,0,8,0,0,0,0,0,1343,0,9,0,100,12,0,0,412,0,0,0,1,9,0,0,0,176,23,8,0,0,0,0
2004-08-26,21,0,0,0,86,0,0,0,0,0,994,0,1,0,248,0,0,0,250,0,0,0,1,29,0,0,0,147,108,32,0,0,0,4
2004-08-27,0,0,0,0,0,0,0,0,0,0,795,0,0,0,157,0,0,0,51,0,0,0,0,0,0,0,0,65,0,0,0,0,0,0
2004-08-28,0,0,0,0,0,0,0,0,0,0,593,0,0,0,36,0,0,0,35,0,0,0,0,0,0,0,0,41,0,0,0,0,0,0
2004-08-29,0,0,0,0,0,0,0,0,0,0,511,0,1,0,31,0,0,0,64,0,0,0,0,0,0,0,0,37,0,0,0,0,0,0
2004-08-30,0,0,0,0,3,0,0,0,0,0,591,0,3,0,67,0,0,0,103,0,0,0,0,1,0,0,0,26,20,0,0,0,0,0
2004-08-31,1,0,0,0,12,0,0,0,0,0,371,0,3,0,131,0,0,0,115,0,0,0,0,6,0,0,0,4,33,1,0,0,0,0
2004-09-01,2,0,0,0,11,0,0,0,0,0,154,0,0,0,151,1,0,0,94,0,0,0,1,10,0,0,0,0,39,0,0,0,0,0
2004-09-02,2,0,0,0,16,0,0,0,0,0,63,0,0,0,193,3,0,0,118,0,0,0,2,12,0,0,0,0,18,0,0,0,0,0
2004-09-03,7,0,2,0,4,0,0,0,0,0,58,0,24,0,203,6,0,0,265,0,0,0,4,14,0,0,0,0,0,0,0,0,0,0
2004-09-04,8,0,2,0,2,0,0,0,0,0,302,0,250,0,161,9,0,0,379,0,0,0,4,4,0,0,0,0,2,0,0,0,0,0
2004-09-05,7,0,0,0,0,0,0,0,0,0,484,0,464,0,40,6,0,0,281,0,0,0,2,0,0,0,0,0,0,0,0,0,0,0
2004-09-06,2,0,0,0,0,0,0,0,0,0,192,0,191,0,4,2,0,0,99,0,0,0,0,0,0,0,0,0,0,0,0,0,0,0
2004-09-07,0,0,0,0,0,0,0,0,0,0,127,0,150,0,0,0,0,0,34,0,0,0,0,0,0,0,0,0,0,0,0,0,0,0
2004-09-08,0,0,0,0,0,0,0,0,0,0,328,0,156,0,0,0,0,0,19,0,0,0,0,0,0,0,0,0,0,0,0,0,0,0
2004-09-09,0,0,0,0,0,0,0,0,0,0,537,0,103,0,0,0,0,0,10,0,0,0,0,0,0,0,0,14,0,0,0,0,0,0
2004-09-10,0,0,0,0,0,0,0,0,0,0,607,0,34,0,0,0,0,0,6,0,0,0,0,0,0,0,0,16,0,0,0,0,0,0
2004-09-11,0,0,0,0,0,0,0,0,0,0,583,0,2,0,0,0,0,0,10,0,0,0,0,0,0,0,0,17,0,0,0,0,0,0
2004-09-12,0,0,0,0,0,0,0,0,0,0,332,0,1,0,0,0,0,0,27,0,0,0,0,0,0,0,0,14,0,0,0,0,0,0
2004-09-13,0,0,0,0,0,0,0,0,0,0,144,0,0,0,0,0,0,0,47,0,0,0,0,0,0,0,0,0,0,0,0,0,0,0
2004-09-14,0,0,0,0,0,0,0,0,0,0,46,0,1,0,0,0,0,0,82,0,0,0,0,0,0,0,0,0,0,0,0,0,0,0
2004-09-15,0,0,0,0,0,0,0,0,0,0,10,0,0,0,1,0,0,0,121,0,0,0,0,0,0,0,0,0,0,8,0,0,0,0
2004-09-16,0,0,0,0,0,0,0,0,0,0,45,0,0,0,20,0,0,0,43,0,0,0,0,3,0,0,0,4,0,0,0,0,0,0
2004-09-17,0,0,0,0,0,0,0,0,0,0,113,0,0,0,28,0,0,0,4,0,0,0,0,0,0,0,0,22,0,0,0,0,0,0
2004-09-18,0,0,0,0,0,0,0,0,0,0,156,0,0,0,7,0,0,0,1,0,0,0,0,0,0,0,0,16,0,0,0,0,0,0
2004-09-19,0,0,0,0,0,0,0,0,0,0,170,0,0,0,1,0,0,0,0,0,0,0,0,0,0,0,0,10,0,0,0,0,0,0
2004-09-20,0,0,0,0,0,0,0,0,0,0,222,0,0,0,0,0,0,0,2,0,0,0,0,0,0,0,0,2,0,0,0,0,0,0
2004-09-21,0,0,0,0,0,0,0,0,0,0,373,0,0,0,0,0,0,0,1,0,0,0,0,0,0,0,0,63,0,0,0,0,0,0
2004-09-22,0,0,0,0,0,0,0,0,0,0,414,0,0,0,3,0,0,0,1,0,0,0,0,0,0,0,0,165,0,0,0,0,0,0
2004-09-23,0,0,0,0,0,0,0,0,0,0,349,0,0,0,8,0,0,0,0,0,0,0,0,0,0,0,0,187,0,0,0,0,0,0
2004-09-24,0,0,0,0,0,0,0,0,0,0,83,0,0,0,12,0,0,0,4,0,0,0,0,0,0,0,0,6,0,0,0,0,0,0
2004-09-25,0,0,0,0,0,0,0,0,0,0,29,0,0,0,31,0,0,0,0,0,0,0,0,0,0,0,0,7,0,0,0,0,0,0
2004-09-26,0,0,0,0,0,0,0,0,0,0,10,0,0,0,15,0,0,0,0,0,0,0,0,0,0,0,0,4,0,0,0,0,0,0
2004-09-27,0,0,0,0,0,0,0,0,0,0,31,0,0,0,29,0,0,0,0,0,0,0,0,0,0,0,0,24,0,0,0,0,0,0
2004-09-28,0,0,0,0,0,0,0,0,0,0,51,0,0,0,25,0,0,0,0,0,0,0,0,0,0,0,0,13,0,0,0,0,0,0
2004-09-29,0,0,0,0,0,0,0,0,0,0,64,0,0,0,18,0,0,0,0,0,0,0,0,0,0,0,0,20,0,0,0,0,0,0
2004-09-30,0,0,0,0,0,0,0,0,0,0,65,0,0,0,3,0,0,0,0,0,0,0,0,0,0,0,0,6,0,0,0,0,0,0
2004-10-01,0,0,0,0,0,0,0,0,0,0,118,0,0,0,0,0,0,0,0,0,0,0,0,0,0,0,0,6,0,0,0,0,0,0
2004-10-02,0,0,0,0,0,0,0,0,0,0,117,0,0,0,0,0,0,0,0,0,0,0,0,0,0,0,0,18,0,0,0,0,0,0
2004-10-03,0,0,0,0,0,0,0,0,0,0,138,0,0,0,0,0,0,0,0,0,0,0,0,0,0,0,0,36,0,0,0,0,0,0
2004-10-04,0,0,0,0,0,0,0,0,0,0,103,0,0,0,0,0,0,0,0,0,0,0,0,0,0,0,0,19,0,0,0,0,0,0
2004-10-05,0,0,0,0,0,0,0,0,0,0,70,0,0,0,0,0,0,0,0,0,0,0,0,0,0,0,0,3,0,0,0,0,0,0
2004-10-06,0,0,0,0,0,0,0,0,0,0,23,0,0,0,0,0,0,0,0,0,0,0,0,0,0,0,0,0,0,0,0,0,0,0
2004-10-07,0,0,0,0,0,0,0,0,0,0,67,0,0,0,0,0,0,0,0,0,0,0,0,0,0,0,0,7,0,0,0,0,0,0
2004-10-08,0,0,0,0,0,0,0,0,0,0,3,0,0,0,0,0,0,0,4,0,0,0,0,0,0,0,0,0,0,0,0,0,0,0
2004-10-09,0,0,0,0,0,0,0,0,0,0,8,0,0,0,0,0,0,0,2,0,0,0,0,0,0,0,0,0,0,0,0,0,0,0
2004-10-10,0,0,0,0,0,0,0,0,0,0,0,0,0,0,0,0,0,0,6,0,0,0,0,0,0,0,0,0,0,0,0,0,0,0
2004-10-11,0,0,0,0,0,0,0,0,0,0,0,0,0,0,4,0,0,0,5,0,0,0,0,0,0,0,0,0,0,0,0,0,0,0
2004-10-12,0,0,0,0,0,0,0,0,0,0,0,0,0,0,0,0,0,0,0,0,0,0,0,0,0,0,0,0,0,0,0,0,0,0
2004-10-13,0,0,0,0,0,0,0,0,0,0,0,0,0,0,0,0,0,0,0,0,0,0,0,0,0,0,0,0,0,0,0,0,0,0
2004-10-14,0,0,0,0,0,0,0,0,0,0,0,0,0,0,0,0,0,0,0,0,0,0,0,0,0,0,0,0,0,0,0,0,0,0
2004-10-15,0,0,0,0,0,0,0,0,0,0,0,0,0,0,0,0,0,0,0,0,0,0,0,0,0,0,0,0,0,0,0,0,0,0
2004-10-16,0,0,0,0,0,0,0,0,0,0,0,0,0,0,4,0,0,0,0,0,0,0,0,0,0,0,0,0,0,0,0,0,0,0
2004-10-17,0,0,0,0,0,0,0,0,0,0,0,0,0,0,12,0,0,0,0,0,0,0,0,0,0,0,0,0,0,0,0,0,0,0
2004-10-18,0,0,0,0,0,0,0,0,0,0,0,0,0,0,3,0,0,0,0,0,0,0,0,0,0,0,0,0,0,0,0,0,0,0
2004-10-19,0,0,0,0,0,0,0,0,0,0,0,0,0,0,0,0,0,0,0,0,0,0,0,0,0,0,0,0,0,0,0,0,0,0
2004-10-20,0,0,0,0,0,0,0,0,0,0,15,0,4,0,0,0,0,0,0,0,0,0,0,0,0,0,0,0,0,0,0,0,0,0
2004-10-21,0,0,0,0,0,0,0,0,0,0,0,0,0,0,0,0,0,0,1,0,0,0,0,0,0,0,0,0,0,0,0,0,0,0
2004-10-22,0,0,0,0,0,0,0,0,0,0,0,0,0,0,0,0,0,0,0,0,0,0,0,0,0,0,0,0,0,0,0,0,0,0
2004-10-23,0,0,0,0,0,0,0,0,0,0,0,0,0,0,0,0,0,0,0,0,0,0,0,0,0,0,0,0,0,0,0,0,0,0
2004-10-24,0,0,0,0,0,0,0,0,0,0,0,0,0,0,0,0,0,0,0,0,0,0,0,0,0,0,0,0,0,0,0,0,0,0
2004-10-25,0,0,0,0,0,0,0,0,0,0,0,0,0,0,0,0,0,0,0,0,0,0,0,0,0,0,0,0,0,0,0,0,0,0
2004-10-26,0,0,0,0,0,0,0,0,0,0,0,0,0,0,0,0,0,0,0,0,0,0,0,0,0,0,0,0,0,0,0,0,0,0
2004-10-27,0,0,0,0,0,0,0,0,0,0,0,0,0,0,0,0,0,0,0,0,0,0,0,0,0,0,0,0,0,0,0,0,0,0
2004-10-28,0,0,0,0,0,0,0,0,0,0,0,0,0,0,0,0,0,0,0,0,0,0,0,0,0,0,0,0,0,0,0,0,0,0
2004-10-29,0,0,0,0,0,0,0,0,0,0,0,0,0,0,0,0,0,0,0,0,0,0,0,0,0,0,0,0,0,0,0,0,0,0
2004-10-30,0,0,0,0,0,0,0,0,0,0,0,0,0,0,0,0,0,0,1,0,0,0,0,0,0,0,0,0,0,0,0,0,0,0
2004-10-31,0,0,0,0,0,0,0,0,0,0,0,0,0,0,0,0,0,0,9,0,0,0,0,0,0,0,0,0,0,0,0,0,0,0
2004-11-01,0,0,0,0,0,0,0,0,0,0,0,0,0,0,0,0,0,0,4,0,0,0,0,0,0,0,0,0,0,0,0,0,0,0
2004-11-02,0,0,0,0,0,0,0,0,0,0,0,0,0,0,0,0,0,0,0,0,0,0,0,0,0,0,0,0,0,0,0,0,0,0
2004-11-03,0,0,0,0,0,0,0,0,0,0,0,0,0,0,0,0,0,0,0,0,0,0,0,0,0,0,0,0,0,0,0,0,0,0
2004-11-04,0,0,0,0,0,0,0,0,0,0,0,0,0,0,0,0,0,0,0,0,0,0,0,0,0,0,0,0,0,0,0,0,0,0
2004-11-05,0,0,0,0,0,0,0,0,0,0,0,0,0,0,0,0,0,0,0,0,0,0,0,0,0,0,0,0,0,0,0,0,0,0
2004-11-06,0,0,0,0,0,0,0,0,0,0,0,0,0,0,0,0,0,0,0,0,0,0,0,0,0,0,0,0,0,0,0,0,0,0
2004-11-07,0,0,0,0,0,0,0,0,0,0,0,0,0,0,0,0,0,0,0,0,0,0,0,0,0,0,0,0,0,0,0,0,0,0
2004-11-08,0,0,0,0,0,0,0,0,0,0,0,0,0,0,0,0,0,0,0,0,0,0,0,0,0,0,0,0,0,0,0,0,0,0
2004-11-09,0,0,0,0,0,0,0,0,0,0,0,0,0,0,0,0,0,0,0,0,0,0,0,0,0,0,0,0,0,0,0,0,0,0
2004-11-10,0,0,0,0,0,0,0,0,0,0,0,0,0,0,0,0,0,0,0,0,0,0,0,0,0,0,0,0,0,0,0,0,0,0
2004-11-11,0,0,0,0,0,0,0,0,0,0,0,0,0,0,0,0,0,0,0,0,0,0,0,0,0,0,0,0,0,0,0,0,0,0
2004-11-12,0,0,0,0,0,0,0,0,0,0,0,0,0,0,0,0,0,0,0,0,0,0,0,0,0,0,0,0,0,0,0,0,0,0
2004-11-13,0,0,0,0,0,0,0,0,0,0,0,0,0,0,0,0,0,0,0,0,0,0,0,0,0,0,0,0,0,0,0,0,0,0
2004-11-14,0,0,0,0,0,0,0,0,0,0,0,0,0,0,0,0,0,0,0,0,0,0,0,0,0,0,0,0,0,0,0,0,0,0
2004-11-15,0,0,0,0,0,0,0,0,0,0,0,0,0,0,0,0,0,0,0,0,0,0,0,0,0,0,0,0,0,0,0,0,0,0
2004-11-16,0,0,0,0,0,0,0,0,0,0,0,0,0,0,0,0,0,0,0,0,0,0,0,0,0,0,0,0,0,0,0,0,0,0
2004-11-17,0,0,0,0,0,0,0,0,0,0,0,0,0,0,0,0,0,0,0,0,0,0,0,0,0,0,0,0,0,0,0,0,0,0
2004-11-18,0,0,0,0,0,0,0,0,0,0,0,0,0,0,0,0,0,0,0,0,0,0,0,0,0,0,0,0,0,0,0,0,0,0
2004-11-19,0,0,0,0,0,0,0,0,0,0,0,0,0,0,0,0,0,0,0,0,0,0,0,0,0,0,0,0,0,0,0,0,0,0
2004-11-20,0,0,0,0,0,0,0,0,0,0,0,0,0,0,0,0,0,0,0,0,0,0,0,0,0,0,0,0,0,0,0,0,0,0
2004-11-21,0,0,0,0,0,0,0,0,0,0,0,0,0,0,0,0,0,0,0,0,0,0,0,0,0,0,0,0,0,0,0,0,0,0
2004-11-22,0,0,0,0,0,0,0,0,0,0,0,0,0,0,0,0,0,0,0,0,0,0,0,0,0,0,0,0,0,0,0,0,0,0
2004-11-23,0,0,0,0,0,0,0,0,0,0,0,0,0,0,0,0,0,0,0,0,0,0,0,0,0,0,0,0,0,0,0,0,0,0
2004-11-24,0,0,0,0,0,0,0,0,0,0,0,0,0,0,0,0,0,0,0,0,0,0,0,0,0,0,0,0,0,0,0,0,0,0
2004-11-25,0,0,0,0,0,0,0,0,0,0,0,0,0,0,0,0,0,0,0,0,0,0,0,0,0,0,0,0,0,0,0,0,0,0
2004-11-26,0,0,0,0,0,0,0,0,0,0,0,0,0,0,0,0,0,0,0,0,0,0,0,0,0,0,0,0,0,0,0,0,0,0
2004-11-27,0,0,0,0,0,0,0,0,0,0,0,0,0,0,0,0,0,0,0,0,0,0,0,0,0,0,0,0,0,0,0,0,0,0
2004-11-28,0,0,0,0,0,0,0,0,0,0,0,0,0,0,0,0,0,0,0,0,0,0,0,0,0,0,0,0,0,0,0,0,0,0
2004-11-29,0,0,0,0,0,0,0,0,0,0,0,0,0,0,0,0,0,0,0,0,0,0,0,0,0,0,0,0,0,0,0,0,0,0
2004-11-30,0,0,0,0,0,0,0,0,0,0,0,0,0,0,0,0,0,0,0,0,0,0,0,0,0,0,0,0,0,0,0,0,0,0
2004-12-01,0,0,0,0,0,0,0,0,0,0,0,0,0,0,0,0,0,0,0,0,0,0,0,0,0,0,0,0,0,0,0,0,0,0
2004-12-02,0,0,0,0,0,0,0,0,0,0,0,0,0,0,0,0,0,0,0,0,0,0,0,0,0,0,0,0,0,0,0,0,0,0
2004-12-03,0,0,0,0,0,0,0,0,0,0,0,0,0,0,0,0,0,0,0,0,0,0,0,0,0,0,0,0,0,0,0,0,0,0
2004-12-04,0,0,0,0,0,0,0,0,0,0,0,0,0,0,0,0,0,0,0,0,0,0,0,0,0,0,0,0,0,0,0,0,0,0
2004-12-05,0,0,0,0,0,0,0,0,0,0,0,0,0,0,0,0,0,0,0,0,0,0,0,0,0,0,0,0,0,0,0,0,0,0
2004-12-06,0,0,0,0,0,0,0,0,0,0,0,0,0,0,0,0,0,0,0,0,0,0,0,0,0,0,0,0,0,0,0,0,0,0
2004-12-07,0,0,0,0,0,0,0,0,0,0,0,0,0,0,0,0,0,0,0,0,0,0,0,0,0,0,0,0,0,0,0,0,0,0
2004-12-08,0,0,0,0,0,0,0,0,0,0,0,0,0,0,0,0,0,0,0,0,0,0,0,0,0,0,0,0,0,0,0,0,0,0
2004-12-09,0,0,0,0,0,0,0,0,0,0,0,0,0,0,0,0,0,0,0,0,0,0,0,0,0,0,0,0,0,0,0,0,0,0
2004-12-10,0,0,0,0,0,0,0,0,0,0,0,0,0,0,0,0,0,0,0,0,0,0,0,0,0,0,0,0,0,0,0,0,0,0
2004-12-11,0,0,0,0,0,0,0,0,0,0,0,0,0,0,0,0,0,0,0,0,0,0,0,0,0,0,0,0,0,0,0,0,0,0
2004-12-12,0,0,0,0,0,0,0,0,0,0,0,0,0,0,0,0,0,0,0,0,0,0,0,0,0,0,0,0,0,0,0,0,0,0
2004-12-13,0,0,0,0,0,0,0,0,0,0,0,0,0,0,0,0,0,0,0,0,0,0,0,0,0,0,0,0,0,0,0,0,0,0
2004-12-14,0,0,0,0,0,0,0,0,0,0,0,0,0,0,0,0,0,0,0,0,0,0,0,0,0,0,0,0,0,0,0,0,0,0
2004-12-15,0,0,0,0,0,0,0,0,0,0,0,0,0,0,0,0,0,0,0,0,0,0,0,0,0,0,0,0,0,0,0,0,0,0
2004-12-16,0,0,0,0,0,0,0,0,0,0,0,0,0,0,0,0,0,0,0,0,0,0,0,0,0,0,0,0,0,0,0,0,0,0
2004-12-17,0,0,0,0,0,0,0,0,0,0,0,0,0,0,0,0,0,0,0,0,0,0,0,0,0,0,0,0,0,0,0,0,0,0
2004-12-18,0,0,0,0,0,0,0,0,0,0,0,0,0,0,0,0,0,0,0,0,0,0,0,0,0,0,0,0,0,0,0,0,0,0
2004-12-19,0,0,0,0,0,0,0,0,0,0,0,0,0,0,0,0,0,0,0,0,0,0,0,0,0,0,0,0,0,0,0,0,0,0
2004-12-20,0,0,0,0,0,0,0,0,0,0,0,0,0,0,0,0,0,0,0,0,0,0,0,0,0,0,0,0,0,0,0,0,0,0
2004-12-21,0,0,0,0,0,0,0,0,0,0,0,0,0,0,0,0,0,0,0,0,0,0,0,0,0,0,0,0,0,0,0,0,0,0
2004-12-22,0,0,0,0,0,0,0,0,0,0,0,0,0,0,0,0,0,0,0,0,0,0,0,0,0,0,0,0,0,0,0,0,0,0
2004-12-23,0,0,0,0,0,0,0,0,0,0,0,0,0,0,0,0,0,0,0,0,0,0,0,0,0,0,0,0,0,0,0,0,0,0
2004-12-24,0,0,0,0,0,0,0,0,0,0,0,0,0,0,0,0,0,0,0,0,0,0,0,0,0,0,0,0,0,0,0,0,0,0
2004-12-25,0,0,0,0,0,0,0,0,0,0,0,0,0,0,0,0,0,0,0,0,0,0,0,0,0,0,0,0,0,0,0,0,0,0
2004-12-26,0,0,0,0,0,0,0,0,0,0,0,0,0,0,0,0,0,0,0,0,0,0,0,0,0,0,0,0,0,0,0,0,0,0
2004-12-27,0,0,0,0,0,0,0,0,0,0,0,0,0,0,0,0,0,0,0,0,0,0,0,0,0,0,0,0,0,0,0,0,0,0
2004-12-28,0,0,0,0,0,0,0,0,0,0,0,0,0,0,0,0,0,0,0,0,0,0,0,0,0,0,0,0,0,0,0,0,0,0
2004-12-29,0,0,0,0,0,0,0,0,0,0,0,0,0,0,0,0,0,0,0,0,0,0,0,0,0,0,0,0,0,0,0,0,0,0
2004-12-30,0,0,0,0,0,0,0,0,0,0,0,0,0,0,0,0,0,0,0,0,0,0,0,0,0,0,0,0,0,0,0,0,0,0
2004-12-31,0,0,0,0,0,0,0,0,0,0,0,0,0,0,0,0,0,0,0,0,0,0,0,0,0,0,0,0,0,0,0,0,0,0
2005-01-01,0,0,0,0,0,0,0,0,0,0,0,0,0,0,0,0,0,0,0,0,0,0,0,0,0,0,0,0,0,0,0,0,0,0
2005-01-02,0,0,0,0,0,0,0,0,0,0,0,0,0,0,0,0,0,0,0,0,0,0,0,0,0,0,0,0,0,0,0,0,0,0
2005-01-03,0,0,0,0,0,0,0,0,0,0,0,0,0,0,0,0,0,0,0,0,0,0,0,0,0,0,0,0,0,0,0,0,0,0
2005-01-04,0,0,0,0,0,0,0,0,0,0,0,0,0,0,0,0,0,0,0,0,0,0,0,0,0,0,0,0,0,0,0,0,0,0
2005-01-05,0,0,0,0,0,0,0,0,0,0,0,0,0,0,0,0,0,0,0,0,0,0,0,0,0,0,0,0,0,0,0,0,0,0
2005-01-06,0,0,0,0,0,0,0,0,0,0,0,0,0,0,0,0,0,0,0,0,0,0,0,0,0,0,0,0,0,0,0,0,0,0
2005-01-07,0,0,0,0,0,0,0,0,0,0,0,0,0,0,0,0,0,0,0,0,0,0,0,0,0,0,0,0,0,0,0,0,0,0
2005-01-08,0,0,0,0,0,0,0,0,0,0,0,0,0,0,0,0,0,0,0,0,0,0,0,0,0,0,0,0,0,0,0,0,0,0
2005-01-09,0,0,0,0,0,0,0,0,0,0,0,0,0,0,0,0,0,0,0,0,0,0,0,0,0,0,0,0,0,0,0,0,0,0
2005-01-10,0,0,0,0,0,0,0,0,0,0,0,0,0,0,0,0,0,0,0,0,0,0,0,0,0,0,0,0,0,0,0,0,0,0
2005-01-11,0,0,0,0,0,0,0,0,0,0,0,0,0,0,0,0,0,0,0,0,0,0,0,0,0,0,0,0,0,0,0,0,0,0
2005-01-12,0,0,0,0,0,0,0,0,0,0,0,0,0,0,0,0,0,0,0,0,0,0,0,0,0,0,0,0,0,0,0,0,0,0
2005-01-13,0,0,0,0,0,0,0,0,0,0,0,0,0,0,0,0,0,0,0,0,0,0,0,0,0,0,0,0,0,0,0,0,0,0
2005-01-14,0,0,0,0,0,0,0,0,0,0,0,0,0,0,0,0,0,0,0,0,0,0,0,0,0,0,0,0,0,0,0,0,0,0
2005-01-15,0,0,0,0,0,0,0,0,0,0,0,0,0,0,0,0,0,0,0,0,0,0,0,0,0,0,0,0,0,0,0,0,0,0
2005-01-16,0,0,0,0,0,0,0,0,0,0,0,0,0,0,0,0,0,0,0,0,0,0,0,0,0,0,0,0,0,0,0,0,0,0
2005-01-17,0,0,0,0,0,0,0,0,0,0,0,0,0,0,0,0,0,0,0,0,0,0,0,0,0,0,0,0,0,0,0,0,0,0
2005-01-18,0,0,0,0,0,0,0,0,0,0,0,0,0,0,0,0,0,0,0,0,0,0,0,0,0,0,0,0,0,0,0,0,0,0
2005-01-19,0,0,0,0,0,0,0,0,0,0,0,0,0,0,0,0,0,0,0,0,0,0,0,0,0,0,0,0,0,0,0,0,0,0
2005-01-20,0,0,0,0,0,0,0,0,0,0,0,0,0,0,0,0,0,0,0,0,0,0,0,0,0,0,0,0,0,0,0,0,0,0
2005-01-21,0,0,0,0,0,0,0,0,0,0,0,0,0,0,0,0,0,0,0,0,0,0,0,0,0,0,0,0,0,0,0,0,0,0
2005-01-22,0,0,0,0,0,0,0,0,0,0,0,0,0,0,0,0,0,0,0,0,0,0,0,0,0,0,0,0,0,0,0,0,0,0
2005-01-23,0,0,0,0,0,0,0,0,0,0,0,0,0,0,0,0,0,0,0,0,0,0,0,0,0,0,0,0,0,0,0,0,0,0
2005-01-24,0,0,0,0,0,0,0,0,0,0,0,0,0,0,0,0,0,0,0,0,0,0,0,0,0,0,0,0,0,0,0,0,0,0
2005-01-25,0,0,0,0,0,0,0,0,0,0,0,0,0,0,0,0,0,0,0,0,0,0,0,0,0,0,0,0,0,0,0,0,0,0
2005-01-26,0,0,0,0,0,0,0,0,0,0,0,0,0,0,0,0,0,0,0,0,0,0,0,0,0,0,0,0,0,0,0,0,0,0
2005-01-27,0,0,0,0,0,0,0,0,0,0,0,0,0,0,0,0,0,0,0,0,0,0,0,0,0,0,0,0,0,0,0,0,0,0
2005-01-28,0,0,0,0,0,0,0,0,0,0,0,0,0,0,0,0,0,0,0,0,0,0,0,0,0,0,0,0,0,0,0,0,0,0
2005-01-29,0,0,0,0,0,0,0,0,0,0,0,0,0,0,0,0,0,0,0,0,0,0,0,0,0,0,0,0,0,0,0,0,0,0
2005-01-30,0,0,0,0,0,0,0,0,0,0,0,0,0,0,0,0,0,0,0,0,0,0,0,0,0,0,0,0,0,0,0,0,0,0
2005-01-31,0,0,0,0,0,0,0,0,0,0,0,0,0,0,0,0,0,0,0,0,0,0,0,0,0,0,0,0,0,0,0,0,0,0
2005-02-01,0,0,0,0,0,0,0,0,0,0,0,0,0,0,0,0,0,0,0,0,0,0,0,0,0,0,0,0,0,0,0,0,0,0
2005-02-02,0,0,0,0,0,0,0,0,0,0,0,0,0,0,0,0,0,0,0,0,0,0,0,0,0,0,0,0,0,0,0,0,0,0
2005-02-03,0,0,0,0,0,0,0,0,0,0,0,0,0,0,0,0,0,0,0,0,0,0,0,0,0,0,0,0,0,0,0,0,0,0
2005-02-04,0,0,0,0,0,0,0,0,0,0,0,0,0,0,0,0,0,0,0,0,0,0,0,0,0,0,0,0,0,0,0,0,0,0
2005-02-05,0,0,0,0,0,0,0,0,0,0,0,0,0,0,0,0,0,0,0,0,0,0,0,0,0,0,0,0,0,0,0,0,0,0
2005-02-06,0,0,0,0,0,0,0,0,0,0,0,0,0,0,0,0,0,0,0,0,0,0,0,0,0,0,0,0,0,0,0,0,0,0
2005-02-07,0,0,0,0,0,0,0,0,0,0,0,0,0,0,0,0,0,0,0,0,0,0,0,0,0,0,0,0,0,0,0,0,0,0
2005-02-08,0,0,0,0,0,0,0,0,0,0,0,0,0,0,0,0,0,0,0,0,0,0,0,0,0,0,0,0,0,0,0,0,0,0
2005-02-09,0,0,0,0,0,0,0,0,0,0,0,0,0,0,0,0,0,0,0,0,0,0,0,0,0,0,0,0,0,0,0,0,0,0
2005-02-10,0,0,0,0,0,0,0,0,0,0,0,0,0,0,0,0,0,0,0,0,0,0,0,0,0,0,0,0,0,0,0,0,0,0
2005-02-11,0,0,0,0,0,0,0,0,0,0,0,0,0,0,0,0,0,0,0,0,0,0,0,0,0,0,0,0,0,0,0,0,0,0
2005-02-12,0,0,0,0,0,0,0,0,0,0,0,0,0,0,0,0,0,0,0,0,0,0,0,0,0,0,0,0,0,0,0,0,0,0
2005-02-13,0,0,0,0,0,0,0,0,0,0,0,0,0,0,0,0,0,0,0,0,0,0,0,0,0,0,0,0,0,0,0,0,0,0
2005-02-14,0,0,0,0,0,0,0,0,0,0,0,0,0,0,0,0,0,0,0,0,0,0,0,0,0,0,0,0,0,0,0,0,0,0
2005-02-15,0,0,0,0,0,0,0,0,0,0,0,0,0,0,0,0,0,0,0,0,0,0,0,0,0,0,0,0,0,0,0,0,0,0
2005-02-16,0,0,0,0,0,0,0,0,0,0,0,0,0,0,0,0,0,0,0,0,0,0,0,0,0,0,0,0,0,0,0,0,0,0
2005-02-17,0,0,0,0,0,0,0,0,0,0,0,0,0,0,0,0,0,0,0,0,0,0,0,0,0,0,0,0,0,0,0,0,0,0
2005-02-18,0,0,0,0,0,0,0,0,0,0,0,0,0,0,0,0,0,0,0,0,0,0,0,0,0,0,0,0,0,0,0,0,0,0
2005-02-19,0,0,0,0,0,0,0,0,0,0,0,0,0,0,0,0,0,0,0,0,0,0,0,0,0,0,0,0,0,0,0,0,0,0
2005-02-20,0,0,0,0,0,0,0,0,0,0,0,0,0,0,0,0,0,0,0,0,0,0,0,0,0,0,0,0,0,0,0,0,0,0
2005-02-21,0,0,0,0,0,0,0,0,0,0,0,0,0,0,0,0,0,0,0,0,0,0,0,0,0,0,0,0,0,0,0,0,0,0
2005-02-22,0,0,0,0,0,0,0,0,0,0,0,0,0,0,0,0,0,0,0,0,0,0,0,0,0,0,0,0,0,0,0,0,0,0
2005-02-23,0,0,0,0,0,0,0,0,0,0,0,0,0,0,0,0,0,0,0,0,0,0,0,0,0,0,0,0,0,0,0,0,0,0
2005-02-24,0,0,0,0,0,0,0,0,0,0,0,0,0,0,0,0,0,0,0,0,0,0,0,0,0,0,0,0,0,0,0,0,0,0
2005-02-25,0,0,0,0,0,0,0,0,0,0,0,0,0,0,0,0,0,0,0,0,0,0,0,0,0,0,0,0,0,0,0,0,0,0
2005-02-26,0,0,0,0,0,0,0,0,0,0,0,0,0,0,0,0,0,0,0,0,0,0,0,0,0,0,0,0,0,0,0,0,0,0
2005-02-27,0,0,0,0,0,0,0,0,0,0,0,0,0,0,0,0,0,0,0,0,0,0,0,0,0,0,0,0,0,0,0,0,0,0
2005-02-28,0,0,0,0,0,0,0,0,0,0,0,0,0,0,0,0,0,0,0,0,0,0,0,0,0,0,0,0,0,0,0,0,0,0
2005-03-01,0,0,0,0,0,0,0,0,0,0,0,0,0,0,0,0,0,0,0,0,0,0,0,0,0,0,0,0,0,0,0,0,0,0
2005-03-02,0,0,0,0,0,0,0,0,0,0,0,0,0,0,0,0,0,0,0,0,0,0,0,0,0,0,0,0,0,0,0,0,0,0
2005-03-03,0,0,0,0,0,0,0,0,0,0,0,0,0,0,0,0,0,0,0,0,0,0,0,0,0,0,0,0,0,0,0,0,0,0
2005-03-04,0,0,0,0,0,0,0,0,0,0,0,0,0,0,0,0,0,0,0,0,0,0,0,0,0,0,0,0,0,0,0,0,0,0
2005-03-05,0,0,0,0,0,0,0,0,0,0,0,0,0,0,0,0,0,0,0,0,0,0,0,0,0,0,0,0,0,0,0,0,0,0
2005-03-06,0,0,0,0,0,0,0,0,0,0,0,0,0,0,0,0,0,0,0,0,0,0,0,0,0,0,0,0,0,0,0,0,0,0
2005-03-07,0,0,0,0,0,0,0,0,0,0,0,0,0,0,0,0,0,0,0,0,0,0,0,0,0,0,0,0,0,0,0,0,0,0
2005-03-08,0,0,0,0,0,0,0,0,0,0,0,0,0,0,0,0,0,0,0,0,0,0,0,0,0,0,0,0,0,0,0,0,0,0
2005-03-09,0,0,0,0,0,0,0,0,0,0,0,0,0,0,0,0,0,0,0,0,0,0,0,0,0,0,0,0,0,0,0,0,0,0
2005-03-10,0,0,0,0,0,0,0,0,0,0,0,0,0,0,0,0,0,0,0,0,0,0,0,0,0,0,0,0,0,0,0,0,0,0
2005-03-11,0,0,0,0,0,0,0,0,0,0,0,0,0,0,0,0,0,0,0,0,0,0,0,0,0,0,0,0,0,0,0,0,0,0
2005-03-12,0,0,0,0,0,0,0,0,0,0,0,0,0,0,0,0,0,0,0,0,0,0,0,0,0,0,0,0,0,0,0,0,0,0
2005-03-13,0,0,0,0,0,0,0,0,0,0,0,0,0,0,0,0,0,0,0,0,0,0,0,0,0,0,0,0,0,0,0,0,0,0
2005-03-14,0,0,0,0,0,0,0,0,0,0,0,0,0,0,0,0,0,0,0,0,0,0,0,0,0,0,0,0,0,0,0,0,0,0
2005-03-15,0,0,0,0,0,0,0,0,0,0,0,0,0,0,0,0,0,0,0,0,0,0,0,0,0,0,0,0,0,0,0,0,0,0
2005-03-16,0,0,0,0,0,0,0,0,0,0,0,0,0,0,0,0,0,0,0,0,0,0,0,0,0,0,0,0,0,0,0,0,0,0
2005-03-17,0,0,0,0,0,0,0,0,0,0,0,0,0,0,0,0,0,0,0,0,0,0,0,0,0,0,0,0,0,0,0,0,0,0
2005-03-18,0,0,0,0,0,0,0,0,0,0,0,0,0,0,0,0,0,0,0,0,0,0,0,0,0,0,0,0,0,0,0,0,0,0
2005-03-19,0,0,0,0,0,0,0,0,0,0,0,0,0,0,0,0,0,0,0,0,0,0,0,0,0,0,0,0,0,0,0,0,0,0
2005-03-20,0,0,0,0,0,0,0,0,0,0,0,0,0,0,0,0,0,0,0,0,0,0,0,0,0,0,0,0,0,0,0,0,0,0
2005-03-21,0,0,0,0,0,0,0,0,0,0,0,0,0,0,0,0,0,0,0,0,0,0,0,0,0,0,0,0,0,0,0,0,0,0
2005-03-22,0,0,0,0,0,0,0,0,0,0,0,0,0,0,0,0,0,0,0,0,0,0,0,0,0,0,0,0,0,0,0,0,0,0
2005-03-23,0,0,0,0,0,0,0,0,0,0,0,0,0,0,0,0,0,0,0,0,0,0,0,0,0,0,0,0,0,0,0,0,0,0
2005-03-24,0,0,0,0,0,0,0,0,0,0,0,0,0,0,0,0,0,0,0,0,0,0,0,0,0,0,0,0,0,0,0,0,0,0
2005-03-25,0,0,0,0,0,0,0,0,0,0,0,0,0,0,0,0,0,0,0,0,0,0,0,0,0,0,0,0,0,0,0,0,0,0
2005-03-26,0,0,0,0,0,0,0,0,0,0,0,0,0,0,0,0,0,0,0,0,0,0,0,0,0,0,0,0,0,0,0,0,0,0
2005-03-27,0,0,0,0,0,0,0,0,0,0,0,0,0,0,0,0,0,0,0,0,0,0,0,0,0,0,0,0,0,0,0,0,0,0
2005-03-28,0,0,0,0,0,0,0,0,0,0,0,0,0,0,0,0,0,0,0,0,0,0,0,0,0,0,0,0,0,0,0,0,0,0
2005-03-29,0,0,0,0,0,0,0,0,0,0,0,0,0,0,0,0,0,0,0,0,0,0,0,0,0,0,0,0,0,0,0,0,0,0
2005-03-30,0,0,0,0,0,0,0,0,0,0,0,0,0,0,0,0,0,0,0,0,0,0,0,0,0,0,0,0,0,0,0,0,0,0
2005-03-31,0,0,0,0,0,0,0,0,0,0,0,0,0,0,0,0,0,0,0,0,0,0,0,0,0,0,0,0,0,0,0,0,0,0
2005-04-01,0,0,0,0,0,0,0,0,0,0,0,0,0,0,0,0,0,0,0,0,0,0,0,0,0,0,0,0,0,0,0,0,0,0
2005-04-02,0,0,0,0,0,0,0,0,0,0,0,0,0,0,0,0,0,0,0,0,0,0,0,0,0,0,0,0,0,0,0,0,0,0
2005-04-03,0,0,0,0,0,0,0,0,0,0,0,0,0,0,0,0,0,0,0,0,0,0,0,0,0,0,0,0,0,0,0,0,0,0
2005-04-04,0,0,0,0,0,0,0,0,0,0,0,0,0,0,0,0,0,0,0,0,0,0,0,0,0,0,0,0,0,0,0,0,0,0
2005-04-05,0,0,0,0,0,0,0,0,0,0,0,0,0,0,0,0,0,0,0,0,0,0,0,0,0,0,0,0,0,0,0,0,0,0
2005-04-06,0,0,0,0,0,0,0,0,0,0,0,0,0,0,0,0,0,0,0,0,0,0,0,0,0,0,0,0,0,0,0,0,0,0
2005-04-07,0,0,0,0,0,0,0,0,0,0,0,0,0,0,0,0,0,0,0,0,0,0,0,0,0,0,0,0,0,0,0,0,0,0
2005-04-08,0,0,0,0,0,0,0,0,0,0,0,0,0,0,0,0,0,0,0,0,0,0,0,0,0,0,0,0,0,0,0,0,0,0
2005-04-09,0,0,0,0,0,0,0,0,0,0,0,0,0,0,0,0,0,0,0,0,0,0,0,0,0,0,0,0,0,0,0,0,0,0
2005-04-10,0,0,0,0,0,0,0,0,0,0,0,0,0,0,0,0,0,0,0,0,0,0,0,0,0,0,0,0,0,0,0,0,0,0
2005-04-11,0,0,0,0,0,0,0,0,0,0,0,0,0,0,0,0,0,0,0,0,0,0,0,0,0,0,0,0,0,0,0,0,0,0
2005-04-12,0,0,0,0,0,0,0,0,0,0,0,0,0,0,0,0,0,0,0,0,0,0,0,0,0,0,0,0,0,0,0,0,0,0
2005-04-13,0,0,0,0,0,0,0,0,0,0,0,0,0,0,0,0,0,0,0,0,0,0,0,0,0,0,0,0,0,0,0,0,0,0
2005-04-14,0,0,0,0,0,0,0,0,0,0,0,0,0,0,0,0,0,0,0,0,0,0,0,0,0,0,0,0,0,0,0,0,0,0
2005-04-15,0,0,0,0,0,0,0,0,0,0,0,0,0,0,0,0,0,0,0,0,0,0,0,0,0,0,0,0,0,0,0,0,0,0
2005-04-16,0,0,0,0,0,0,0,0,0,0,0,0,0,0,0,0,0,0,0,0,0,0,0,0,0,0,0,0,0,0,0,0,0,0
2005-04-17,0,0,0,0,0,0,0,0,0,0,0,0,0,0,0,0,0,0,0,0,0,0,0,0,0,0,0,0,0,0,0,0,0,0
2005-04-18,0,0,0,0,0,0,0,0,0,0,0,0,0,0,0,0,0,0,0,0,0,0,0,0,0,0,0,0,0,0,0,0,0,0
2005-04-19,0,0,0,0,0,0,0,0,0,0,0,0,0,0,0,0,0,0,0,0,0,0,0,0,0,0,0,0,0,0,0,0,0,0
2005-04-20,0,0,0,0,0,0,0,0,0,0,0,0,0,0,0,0,0,0,0,0,0,0,0,0,0,0,0,0,0,0,0,0,0,0
2005-04-21,0,0,0,0,0,0,0,0,0,0,0,0,0,0,0,0,0,0,0,0,0,0,0,0,0,0,0,0,0,0,0,0,0,0
2005-04-22,0,0,0,0,0,0,0,0,0,0,0,0,0,0,0,0,0,0,0,0,0,0,0,0,0,0,0,0,0,0,0,0,0,0
2005-04-23,0,0,0,0,0,0,0,0,0,0,0,0,0,0,0,0,0,0,0,0,0,0,0,0,0,0,0,0,0,0,0,0,0,0
2005-04-24,0,0,0,0,0,0,0,0,0,0,0,0,0,0,0,0,0,0,0,0,0,0,0,0,0,0,0,0,0,0,0,0,0,0
2005-04-25,0,0,0,0,0,0,0,0,0,0,0,0,0,0,0,0,0,0,0,0,0,0,0,0,0,0,0,0,0,0,0,0,0,0
2005-04-26,0,0,0,0,0,0,0,0,0,0,0,0,0,0,0,0,0,0,0,0,0,0,0,0,0,0,0,0,0,0,0,0,0,0
2005-04-27,0,0,0,0,0,0,0,0,0,0,0,0,0,0,0,0,0,0,0,0,0,0,0,0,0,0,0,0,0,0,0,0,0,0
2005-04-28,0,0,0,0,0,0,0,0,0,0,0,0,0,0,0,0,0,0,0,0,0,0,0,0,0,0,0,0,0,0,0,0,0,0
2005-04-29,0,0,0,0,0,0,0,0,0,0,6,0,0,0,0,0,0,0,0,0,0,0,0,0,0,0,0,0,0,0,0,0,0,0
2005-04-30,0,0,0,0,0,0,0,0,0,0,4,0,1,0,0,0,0,0,0,0,0,0,0,0,0,0,0,0,0,0,0,0,0,0
2005-05-01,0,0,0,0,0,0,0,0,0,0,0,0,0,0,0,0,0,0,0,0,0,0,0,0,0,0,0,0,0,0,0,0,0,0
2005-05-02,0,0,0,0,0,0,0,0,0,0,0,0,0,0,0,0,0,0,0,0,0,0,0,0,0,0,0,0,0,0,0,0,0,0
2005-05-03,0,0,0,0,0,0,0,0,0,0,0,0,0,0,0,0,0,0,0,0,0,0,0,0,0,0,0,0,0,0,0,0,0,0
2005-05-04,0,0,0,0,0,0,0,0,0,0,10,0,0,0,0,0,0,0,0,0,0,0,0,0,0,0,0,0,0,0,0,0,0,0
2005-05-05,0,0,0,0,0,0,0,0,0,0,19,0,0,0,0,0,0,0,0,0,0,0,0,0,0,0,0,0,0,0,0,0,0,0
2005-05-06,0,0,0,0,0,0,0,0,0,0,4,0,0,0,0,0,0,0,0,0,0,0,0,0,0,0,0,1,0,0,0,0,0,0
2005-05-07,0,0,0,0,0,0,0,0,0,0,0,0,0,0,0,0,0,0,0,0,0,0,0,0,0,0,0,0,0,0,0,0,0,0
2005-05-08,0,0,0,0,0,0,0,0,0,0,0,0,0,0,0,0,0,0,0,0,0,0,0,0,0,0,0,0,0,0,0,0,0,0
2005-05-09,0,0,0,0,0,0,0,0,0,0,39,0,0,0,0,0,0,0,0,0,0,0,0,0,0,0,0,0,0,0,0,0,0,0
2005-05-10,0,0,0,0,0,0,0,0,0,0,1,0,0,0,0,0,0,0,0,0,0,0,0,0,0,0,0,0,0,0,0,0,0,0
2005-05-11,0,0,0,0,0,0,0,0,0,0,0,0,0,0,0,0,0,0,0,0,0,0,0,0,0,0,0,0,0,0,0,0,0,0
2005-05-12,0,0,0,0,0,0,0,0,0,0,0,0,0,0,1,0,0,0,0,0,0,0,0,0,0,0,0,0,0,0,0,0,0,0
2005-05-13,0,0,0,0,0,0,0,0,0,0,0,0,0,0,0,0,0,0,0,0,0,0,0,0,0,0,0,0,0,0,0,0,0,0
2005-05-14,0,0,0,0,0,0,0,0,0,0,0,0,0,0,0,0,0,0,0,0,0,0,0,0,0,0,0,0,0,0,0,0,0,0
2005-05-15,0,0,0,0,0,0,0,0,0,0,0,0,0,0,0,0,0,0,0,0,0,0,0,0,0,0,0,0,0,0,0,0,0,0
2005-05-16,0,0,0,0,0,0,0,0,0,0,0,0,0,0,0,0,0,0,0,0,0,0,0,0,0,0,0,0,0,0,0,0,0,0
2005-05-17,0,0,0,0,0,0,0,0,0,0,0,0,0,0,0,0,0,0,0,0,0,0,0,0,0,0,0,0,0,0,0,0,0,0
2005-05-18,0,0,0,0,0,0,0,0,0,0,0,0,0,0,3,0,0,0,0,0,0,0,0,0,0,0,0,0,0,0,0,0,0,0
2005-05-19,0,0,0,0,0,0,0,0,0,0,24,0,0,0,5,0,0,0,0,0,0,0,0,0,0,0,0,2,0,0,0,0,0,0
2005-05-20,0,0,0,0,0,0,0,0,0,0,65,0,0,0,0,0,0,0,0,0,0,0,0,0,0,0,0,0,0,0,0,0,0,0
2005-05-21,0,0,0,0,0,0,0,0,0,0,27,0,0,0,0,0,0,0,0,0,0,0,0,0,0,0,0,0,0,0,0,0,0,0
2005-05-22,0,0,0,0,0,0,0,0,0,0,0,0,0,0,0,0,0,0,0,0,0,0,0,0,0,0,0,0,0,0,0,0,0,0
2005-05-23,0,0,0,0,0,0,0,0,0,0,1,0,0,0,0,0,0,0,0,0,0,0,0,0,0,0,0,0,0,0,0,0,0,0
2005-05-24,0,0,0,0,0,0,0,0,0,0,77,0,0,0,0,0,0,0,0,0,0,0,0,0,0,0,0,6,0,0,0,0,0,0
2005-05-25,0,0,0,0,0,0,0,0,0,0,249,0,0,0,0,0,0,0,0,0,0,0,0,0,0,0,0,18,0,0,0,0,0,0
2005-05-26,0,0,0,0,0,0,0,0,0,0,452,0,14,0,0,0,0,0,4,0,0,0,0,0,0,0,0,25,0,0,0,0,0,0
2005-05-27,0,0,0,24,0,0,0,64,0,0,232,0,278,0,0,0,14,0,40,0,0,0,0,0,10,0,2,0,0,1,0,0,1,0
2005-05-28,0,6,2,0,0,0,10,473,0,0,263,0,53,0,0,25,130,0,98,0,0,0,0,0,1,0,102,0,21,30,0,0,20,0
2005-05-29,0,30,10,0,0,0,55,90,0,0,18,0,26,0,0,62,236,0,145,0,0,0,0,0,0,0,352,0,64,54,0,3,51,0
2005-05-30,0,15,16,0,1,0,8,0,0,0,19,0,1,0,0,82,314,0,149,0,0,0,0,0,0,0,244,0,157,87,0,8,65,0
2005-05-31,0,0,0,0,1,0,0,0,0,0,9,0,0,0,4,0,0,0,62,0,0,0,0,0,0,0,0,11,76,0,0,0,0,0
2005-06-01,0,0,0,0,0,0,0,0,0,0,74,0,0,0,5,0,0,0,1,0,0,0,0,0,0,0,0,65,0,0,0,0,0,0
2005-06-02,0,0,0,0,0,0,0,0,0,0,193,0,0,0,0,0,0,0,0,0,0,0,0,0,0,0,0,59,0,0,0,0,0,0
2005-06-03,0,0,0,0,0,0,0,0,0,0,293,0,3,0,0,0,0,0,17,0,0,0,0,0,0,0,0,12,0,0,0,0,0,0
2005-06-04,0,0,0,0,0,0,0,0,0,0,468,0,6,0,0,0,0,0,44,0,0,0,0,0,0,0,0,7,0,1,0,0,0,0
2005-06-05,0,0,0,0,0,0,0,0,0,0,791,0,1,0,0,0,0,0,19,0,0,0,0,0,0,0,0,146,0,0,0,0,0,0
2005-06-06,0,0,0,0,0,0,0,0,0,0,926,0,0,0,1,0,0,0,1,0,0,0,0,0,0,0,0,289,0,0,0,0,0,0
2005-06-07,0,0,0,0,0,0,0,0,0,0,698,0,0,0,8,0,0,0,0,0,0,0,0,0,0,0,0,354,0,0,0,0,0,0
2005-06-08,0,0,0,0,0,0,0,0,0,0,693,0,0,0,7,0,0,0,0,0,0,0,0,0,0,0,0,305,0,0,0,0,0,0
2005-06-09,0,0,0,0,0,0,0,0,0,0,581,0,0,0,0,0,0,0,0,0,0,0,0,0,0,0,0,171,0,0,0,0,0,0
2005-06-10,0,0,0,0,0,0,0,0,0,0,518,0,0,0,0,0,0,0,0,0,0,0,0,0,0,0,0,76,0,0,0,0,0,0
2005-06-11,0,0,0,0,0,0,0,0,0,0,412,0,0,0,0,0,0,0,0,0,0,0,0,0,0,0,0,7,0,0,0,0,0,0
2005-06-12,0,0,0,0,0,0,0,0,0,0,95,0,0,0,0,0,0,0,0,0,0,0,0,0,0,0,0,0,0,0,0,0,0,0
2005-06-13,0,0,0,0,0,0,0,0,0,0,2,0,0,0,0,0,0,0,3,0,0,0,0,0,0,0,0,0,0,0,0,0,0,0
2005-06-14,0,0,0,0,0,0,0,0,0,0,31,0,0,0,0,0,0,0,7,0,0,0,0,0,0,0,0,0,0,0,0,0,0,0
2005-06-15,0,0,0,0,0,0,0,0,0,0,190,0,0,0,3,0,0,0,0,0,0,0,0,0,0,0,0,10,4,1,0,0,0,0
2005-06-16,0,0,0,0,6,0,0,0,0,0,909,0,21,0,10,0,31,0,33,0,0,0,0,1,0,0,0,186,69,1,0,0,0,0
2005-06-17,0,1,0,0,41,0,0,0,0,0,1327,0,164,0,60,6,19,0,127,0,0,0,0,6,0,0,0,437,138,1,0,0,5,0
2005-06-18,5,0,1,0,71,0,0,0,0,0,1297,0,815,0,93,14,0,0,225,0,0,0,2,8,0,0,0,273,75,0,0,0,0,0
2005-06-19,1,0,0,16,0,0,0,0,0,0,1472,0,800,26,82,3,0,0,213,0,0,0,1,0,4,0,0,248,0,0,0,0,0,0
2005-06-20,0,0,0,80,0,0,0,137,0,0,1403,0,380,0,18,0,0,0,175,0,4,0,0,0,74,0,0,226,0,0,0,0,0,0
2005-06-21,0,0,0,1,0,1,0,153,0,0,1638,0,361,0,15,0,0,0,226,0,3,0,0,0,0,0,0,316,0,0,0,0,0,0
2005-06-22,0,0,0,0,0,3,0,14,0,0,1762,0,765,0,26,6,0,0,322,0,0,0,0,0,0,0,0,402,0,0,0,0,0,0
2005-06-23,0,0,1,43,0,1,0,35,0,0,955,0,1128,2,54,16,0,0,457,0,1,0,0,6,19,0,0,51,0,0,0,1,0,0
2005-06-24,4,0,2,99,0,13,1,462,0,0,647,0,617,0,75,31,0,0,549,0,6,0,2,2,102,0,2,1,0,0,0,2,0,0
2005-06-25,4,10,4,0,0,0,5,36,0,0,611,0,300,0,18,54,24,0,555,0,0,0,2,4,0,0,87,0,0,8,0,8,11,0
2005-06-26,5,0,22,0,7,0,0,2,0,0,737,0,832,0,69,83,75,0,695,0,0,0,3,19,0,0,0,0,83,89,0,2,1,2
2005-06-27,24,0,21,0,24,9,0,40,0,0,828,0,1619,0,206,84,11,0,958,0,0,0,7,25,0,0,0,0,30,44,0,3,0,0
2005-06-28,32,1,24,6,3,20,0,151,0,0,563,0,1248,0,219,92,25,0,1110,0,3,0,6,18,0,0,0,0,6,49,0,4,2,0
2005-06-29,21,0,31,0,17,0,0,0,0,0,431,0,124,0,120,88,116,0,1006,0,0,0,5,19,0,0,0,0,92,91,0,1,1,0
2005-06-30,32,0,19,0,85,0,0,0,0,0,474,0,76,0,250,49,6,0,826,0,0,0,5,38,0,0,0,0,110,35,0,0,0,6
2005-07-01,32,0,3,0,52,0,0,0,0,0,806,0,17,0,424,15,8,0,406,0,0,0,2,54,0,0,0,31,47,30,0,0,0,2
2005-07-02,2,0,0,0,0,0,0,0,0,0,1455,0,55,0,266,0,0,0,225,0,0,0,0,0,0,0,0,222,0,0,0,0,0,0
2005-07-03,0,0,0,0,0,0,0,0,0,0,2038,0,389,0,25,4,0,0,277,0,0,0,0,0,0,0,0,121,0,0,0,0,0,0
2005-07-04,1,0,0,0,0,0,0,25,0,0,1043,0,4,0,43,4,0,0,270,0,0,0,0,0,0,0,3,18,0,0,0,0,0,0
2005-07-05,3,0,0,0,0,0,0,0,0,0,809,0,2,0,47,0,0,0,152,0,0,0,0,0,0,0,0,77,0,0,0,0,0,0
2005-07-06,6,0,0,0,0,0,0,0,0,0,1080,0,2,0,113,0,0,0,94,0,0,0,0,5,0,0,0,157,0,0,0,0,0,0
2005-07-07,5,0,0,0,0,0,0,0,0,0,990,0,0,0,154,0,0,0,82,0,0,0,0,4,0,0,0,115,0,0,0,0,0,0
2005-07-08,10,0,0,0,0,0,0,0,0,0,756,0,0,0,160,0,0,0,92,0,0,0,1,14,0,1,0,181,0,0,0,0,0,0
2005-07-09,12,0,0,0,19,0,0,0,0,0,744,0,0,0,243,0,0,0,118,0,0,0,2,34,0,8,0,235,43,6,4,0,0,3
2005-07-10,9,0,0,0,9,0,0,0,0,0,746,8,0,0,316,0,0,0,116,0,0,0,1,31,0,0,0,273,12,0,1,0,0,0
2005-07-11,0,0,0,0,9,0,0,0,0,2,974,1,124,0,302,0,0,0,47,0,0,0,0,1,0,7,0,294,15,0,5,0,0,0
2005-07-12,0,0,0,0,1,0,0,9,0,0,1410,0,198,0,248,0,0,0,64,0,0,0,0,1,0,0,13,258,0,0,79,0,0,0
2005-07-13,0,0,0,0,0,0,0,18,0,0,1568,0,319,0,157,0,0,0,73,0,0,0,0,0,0,0,32,174,0,0,0,0,0,0
2005-07-14,0,0,0,0,0,0,0,23,0,0,1946,0,786,0,35,5,0,0,188,0,1,0,0,0,0,0,0,109,0,0,0,0,0,0
2005-07-15,2,0,0,0,0,0,0,36,0,0,2258,0,1243,0,41,13,0,0,368,0,1,0,1,0,0,0,104,93,0,0,0,0,0,0
2005-07-16,4,5,5,0,3,0,0,17,0,0,2065,0,785,0,118,50,43,0,539,0,0,0,2,3,0,0,0,27,20,21,0,0,6,0
2005-07-17,11,0,19,0,18,4,0,3,0,0,1368,0,535,0,207,76,45,0,728,0,0,0,2,16,0,0,0,3,47,41,0,1,1,0
2005-07-18,26,13,58,0,84,0,1,0,0,0,819,0,55,0,329,149,169,0,856,0,0,0,6,42,0,0,0,9,150,139,0,10,21,5
2005-07-19,48,0,8,0,204,0,0,0,0,0,1198,0,55,0,442,26,21,0,658,0,0,0,7,69,0,0,0,214,266,51,0,0,0,16
2005-07-20,29,0,5,0,99,0,0,0,0,0,1990,0,61,0,483,25,0,0,431,0,0,0,7,31,0,0,0,431,120,0,0,0,0,0
2005-07-21,15,0,4,0,15,0,0,0,0,0,2164,0,104,0,292,17,0,0,374,0,0,0,5,3,0,0,0,170,26,0,0,0,0,0
2005-07-22,12,0,2,0,7,0,0,0,0,0,1380,0,95,0,187,11,0,0,236,0,0,0,4,10,0,0,0,37,36,0,0,0,0,0
2005-07-23,7,0,0,0,6,0,0,0,0,0,1112,0,32,0,170,1,0,0,227,0,0,0,0,2,0,0,0,27,45,0,0,0,0,0
2005-07-24,6,0,0,0,3,0,0,0,0,0,1185,0,105,0,222,2,0,0,293,0,0,0,1,8,0,0,0,8,15,0,0,0,0,0
2005-07-25,12,0,2,0,3,0,0,0,0,0,866,0,80,0,270,17,1,0,573,0,0,0,3,17,0,0,0,6,2,1,0,0,1,0
2005-07-26,31,0,34,0,29,0,0,0,0,0,885,0,309,0,300,105,87,0,787,0,0,0,7,33,0,0,0,8,141,121,0,2,6,10
2005-07-27,38,16,66,0,87,6,5,48,0,0,841,0,983,0,319,170,282,0,977,0,0,0,11,24,0,0,0,3,392,216,0,9,52,7
2005-07-28,61,125,124,1,106,42,266,652,0,0,639,0,869,0,382,247,522,0,1261,0,0,0,17,49,1,0,580,0,566,291,0,36,149,15
2005-07-29,85,187,128,0,211,0,385,335,0,0,553,0,114,0,454,282,606,0,1484,0,0,0,19,72,0,0,895,0,783,284,0,48,215,24
2005-07-30,87,92,126,0,279,0,96,0,0,0,359,0,89,0,523,278,585,0,1329,56,0,0,22,85,0,0,909,0,857,287,0,61,217,29
2005-07-31,85,0,122,0,310,0,0,0,0,0,448,0,54,0,518,190,454,0,970,0,0,0,21,94,0,0,93,11,921,371,0,9,72,37
2005-08-01,84,0,46,0,334,0,0,0,0,0,372,0,19,0,595,94,163,0,831,0,0,0,19,103,0,0,0,3,647,193,0,1,19,31
2005-08-02,93,4,53,0,356,0,0,0,0,0,341,0,5,0,700,104,183,0,835,0,0,0,22,117,0,0,0,113,495,223,0,1,37,36
2005-08-03,74,0,16,0,393,0,0,0,0,0,679,0,20,0,674,20,161,0,255,0,0,0,11,91,0,0,0,309,621,224,0,0,9,32
2005-08-04,1,0,0,0,154,0,0,0,0,0,1022,0,42,0,371,0,0,0,125,0,0,0,0,0,0,0,0,518,340,0,0,0,0,0
2005-08-05,0,0,0,0,63,0,0,0,0,0,1367,0,56,0,137,0,0,0,57,0,0,0,0,0,0,0,0,575,112,0,0,0,0,0
2005-08-06,1,0,0,0,6,0,0,0,0,0,1775,0,71,0,24,0,0,0,67,0,0,0,0,0,0,0,0,524,47,0,0,0,0,0
2005-08-07,2,0,0,0,0,0,0,0,0,0,2310,0,23,0,79,0,0,0,65,0,0,0,0,0,0,0,0,368,1,0,0,0,0,0
2005-08-08,0,0,0,0,0,0,0,0,0,0,1989,0,9,0,146,0,0,0,39,0,0,0,0,0,0,0,0,89,0,0,0,0,0,0
2005-08-09,0,0,0,0,0,0,0,0,0,0,992,1,40,0,72,0,0,0,27,0,0,0,0,0,0,0,0,2,0,0,0,0,0,0
2005-08-10,0,0,0,0,0,0,0,0,0,0,283,0,50,0,75,0,0,0,158,0,0,0,0,0,0,0,0,0,0,0,0,0,0,0
2005-08-11,6,0,0,0,0,0,0,0,0,0,292,0,68,0,135,0,0,0,368,0,0,0,0,0,0,0,0,13,0,0,0,0,0,0
2005-08-12,31,0,0,0,47,0,0,0,0,0,695,0,30,0,322,2,0,0,324,0,0,0,3,18,0,0,0,260,39,1,0,0,0,2
2005-08-13,7,0,0,0,93,0,0,0,0,0,1201,0,32,0,403,2,0,0,178,0,0,0,0,26,0,0,0,411,74,0,0,0,0,0
2005-08-14,4,0,0,0,29,0,0,0,0,0,1602,0,20,0,334,2,0,0,137,0,0,0,0,8,0,0,0,532,2,0,0,0,0,0
2005-08-15,4,0,0,0,11,0,0,0,0,0,1545,0,2,0,228,0,0,0,79,0,0,0,0,7,0,0,0,423,0,0,0,0,0,0
2005-08-16,0,0,0,0,19,0,0,0,0,0,1181,0,0,0,193,0,0,0,17,0,0,0,0,0,0,0,0,128,25,0,0,0,0,0
2005-08-17,0,0,0,0,2,0,0,0,0,0,910,0,7,0,137,0,0,0,23,0,0,0,0,0,0,0,0,56,30,0,0,0,0,0
2005-08-18,0,0,0,0,0,0,0,0,0,0,894,0,10,0,89,0,0,0,69,0,0,0,0,0,0,0,0,51,7,0,0,0,0,0
2005-08-19,0,0,0,0,0,0,0,0,0,0,434,0,17,0,131,0,0,0,155,0,0,0,0,0,0,0,0,73,0,0,0,0,0,0
2005-08-20,2,0,0,0,0,0,0,0,0,0,436,0,1,0,187,0,0,0,99,0,0,0,0,1,0,0,0,146,0,0,0,0,0,0
2005-08-21,5,0,0,0,0,0,0,0,0,0,187,0,0,0,149,0,0,0,74,0,0,0,0,4,0,0,0,120,0,0,0,0,0,0
2005-08-22,0,0,0,0,1,0,0,0,0,0,165,0,0,0,158,0,0,0,15,0,0,0,0,0,0,0,0,117,0,0,0,0,0,0
2005-08-23,0,0,0,0,1,0,0,0,0,0,388,0,4,0,147,0,0,0,3,0,0,0,0,0,0,0,0,160,0,0,0,0,0,0
2005-08-24,0,0,0,0,0,0,0,0,0,0,626,0,2,0,116,0,0,0,3,0,0,0,0,0,0,0,0,105,0,0,0,0,0,0
2005-08-25,0,0,0,0,1,0,0,0,0,0,706,0,1,0,87,0,0,0,9,0,0,0,0,0,0,0,0,28,1,0,0,0,0,0
2005-08-26,0,0,0,0,5,0,0,0,0,0,717,0,4,0,110,0,0,0,39,0,0,0,0,0,0,0,0,27,10,0,0,0,0,0
2005-08-27,0,0,0,0,6,0,0,0,0,0,631,0,0,0,152,0,0,0,64,0,0,0,1,1,0,0,0,14,15,0,0,0,0,0
2005-08-28,5,0,0,0,11,0,0,0,0,0,866,0,0,0,180,2,0,0,84,0,0,0,3,8,0,0,0,62,18,2,0,0,0,0
2005-08-29,20,0,2,0,27,0,0,0,0,0,1091,0,10,0,228,9,0,0,63,0,0,0,6,14,0,0,0,130,50,0,0,0,0,0
2005-08-30,23,0,3,0,20,0,0,0,0,0,1323,0,340,0,221,11,0,0,77,0,0,0,6,11,0,0,0,171,46,0,0,0,0,0
2005-08-31,15,0,1,4,10,0,0,0,0,0,802,0,568,0,175,10,0,0,85,0,0,0,5,5,0,0,0,20,29,0,0,0,0,0
2005-09-01,6,0,0,0,0,0,0,2,0,0,536,0,26,0,97,8,0,0,138,0,0,0,3,0,0,0,0,13,0,0,0,0,0,0
2005-09-02,7,0,1,0,0,0,0,0,0,0,783,0,122,0,79,14,0,0,234,0,0,0,2,0,0,0,0,77,0,0,0,0,0,0
2005-09-03,10,0,0,0,0,0,0,0,0,0,1146,0,476,0,47,9,0,0,194,0,0,0,2,0,0,0,0,134,0,0,0,0,0,0
2005-09-04,1,0,0,0,0,0,0,0,0,0,1098,0,260,0,5,0,0,0,55,0,0,0,0,0,0,0,0,115,0,0,0,0,0,0
2005-09-05,0,0,0,0,0,0,0,0,0,0,485,0,0,0,2,0,0,0,14,0,0,0,0,0,0,0,0,1,0,0,0,0,0,0
2005-09-06,0,0,0,0,0,0,0,0,0,0,76,0,0,0,4,0,0,0,46,0,0,0,0,0,0,0,0,0,0,0,0,0,0,0
2005-09-07,0,0,0,0,0,0,0,0,0,0,3,0,0,0,11,0,0,0,100,0,0,0,0,0,0,0,0,0,0,0,0,0,0,0
2005-09-08,0,0,0,0,0,0,0,1,0,0,19,0,0,0,24,0,0,0,125,0,0,0,0,0,0,0,0,0,0,0,0,0,0,0
2005-09-09,1,0,0,0,0,0,0,0,0,0,36,0,0,0,21,0,0,0,97,0,0,0,0,0,0,0,0,0,0,0,0,0,0,0
2005-09-10,2,0,0,0,0,0,0,0,0,0,39,0,0,0,33,0,0,0,73,0,0,0,0,0,0,0,21,0,0,0,0,0,0,0
2005-09-11,0,0,0,0,0,0,0,0,0,0,7,0,0,0,51,0,0,0,37,0,0,0,0,0,0,0,0,0,0,0,0,0,0,0
2005-09-12,1,0,0,0,0,0,0,0,0,0,16,0,0,0,79,0,0,0,40,0,0,0,0,1,0,0,0,0,0,0,0,0,0,0
2005-09-13,1,0,0,0,3,0,0,0,0,0,40,0,0,0,159,0,0,0,37,0,0,0,0,4,0,0,0,25,26,0,0,0,0,0
2005-09-14,0,0,0,0,0,0,0,0,0,0,102,0,0,0,122,0,0,0,16,0,0,0,0,0,0,0,0,78,0,0,0,0,0,0
2005-09-15,0,0,0,0,0,0,0,0,0,0,250,0,0,0,10,0,0,0,5,0,0,0,0,0,0,0,0,133,0,0,0,0,0,0
2005-09-16,0,0,0,0,0,0,0,0,0,0,83,0,0,0,8,0,0,0,6,0,0,0,0,0,0,0,0,2,0,0,0,0,0,0
2005-09-17,0,0,0,0,0,0,0,0,0,0,0,0,0,0,17,0,0,0,9,0,0,0,0,0,0,0,0,0,0,0,0,0,0,0
2005-09-18,1,0,0,0,0,0,0,0,0,0,0,0,0,0,55,0,0,0,30,0,0,0,0,0,0,0,0,0,0,0,0,0,0,0
2005-09-19,0,0,0,0,0,0,0,0,0,0,0,0,0,0,90,0,0,0,1,0,0,0,0,0,0,0,0,0,0,0,0,0,0,0
2005-09-20,0,0,0,0,0,0,0,0,0,0,0,0,0,0,50,0,0,0,0,0,0,0,0,0,0,0,0,0,0,0,0,0,0,0
2005-09-21,0,0,0,0,0,0,0,0,0,0,7,0,0,0,10,0,0,0,0,0,0,0,0,0,0,0,0,0,0,0,0,0,0,0
2005-09-22,0,0,0,0,0,0,0,0,0,0,19,0,0,0,0,0,0,0,0,0,0,0,0,0,0,0,0,1,0,0,0,0,0,0
2005-09-23,0,0,0,0,0,0,0,0,0,0,36,0,0,0,0,0,0,0,0,0,0,0,0,0,0,0,0,0,0,0,0,0,0,0
2005-09-24,0,0,0,0,0,0,0,0,0,0,3,0,0,0,0,0,0,0,0,0,0,0,0,0,0,0,0,0,0,0,0,0,0,0
2005-09-25,0,0,0,0,0,0,0,0,0,0,0,0,0,0,0,0,0,0,0,0,0,0,0,0,0,0,0,0,0,0,0,0,0,0
2005-09-26,0,0,0,0,0,0,0,0,0,0,10,0,0,0,0,0,0,0,0,0,0,0,0,0,0,0,0,0,0,0,0,0,0,0
2005-09-27,0,0,0,0,0,0,0,0,0,0,17,0,0,0,0,0,0,0,0,0,0,0,0,0,0,0,0,0,0,0,0,0,0,0
2005-09-28,0,0,0,0,0,0,0,0,0,0,32,0,0,0,0,0,0,0,0,0,0,0,0,0,0,0,0,3,0,0,0,0,0,0
2005-09-29,0,0,0,0,0,0,0,0,0,0,58,0,0,0,0,0,0,0,0,0,0,0,0,0,0,0,0,12,0,0,0,0,0,0
2005-09-30,0,0,0,0,0,0,0,0,0,0,121,0,0,0,0,0,0,0,0,0,0,0,0,0,0,0,0,85,0,0,0,0,0,0
2005-10-01,0,0,0,0,0,0,0,0,0,0,94,0,0,0,0,0,0,0,0,0,0,0,0,0,0,0,0,48,0,0,0,0,0,0
2005-10-02,0,0,0,0,0,0,0,0,0,0,8,0,0,0,0,0,0,0,0,0,0,0,0,0,0,0,0,2,0,0,0,0,0,0
2005-10-03,0,0,0,0,0,0,0,0,0,0,0,0,0,0,0,0,0,0,0,0,0,0,0,0,0,0,0,0,0,0,0,0,0,0
2005-10-04,0,0,0,0,0,0,0,0,0,0,0,0,0,0,0,0,0,0,0,0,0,0,0,0,0,0,0,0,0,0,0,0,0,0
2005-10-05,0,0,0,0,0,0,0,0,0,0,0,0,0,0,0,0,0,0,0,0,0,0,0,0,0,0,0,0,0,0,0,0,0,0
2005-10-06,0,0,0,0,0,0,0,0,0,0,0,0,0,0,0,0,0,0,0,0,0,0,0,0,0,0,0,0,0,0,0,0,0,0
2005-10-07,0,0,0,0,0,0,0,0,0,0,0,0,0,0,0,0,0,0,0,0,0,0,0,0,0,0,0,0,0,0,0,0,0,0
2005-10-08,0,0,0,0,0,0,0,0,0,0,12,0,0,0,0,0,0,0,0,0,0,0,0,0,0,0,0,1,0,0,0,0,0,0
2005-10-09,0,0,0,0,0,0,0,0,0,0,0,0,0,0,0,0,0,0,0,0,0,0,0,0,0,0,0,0,0,0,0,0,0,0
2005-10-10,0,0,0,0,0,0,0,0,0,0,0,0,0,0,0,0,0,0,0,0,0,0,0,0,0,0,0,0,0,0,0,0,0,0
2005-10-11,0,0,0,0,0,0,0,0,0,0,0,0,0,0,0,0,0,0,0,0,0,0,0,0,0,0,0,0,0,0,0,0,0,0
2005-10-12,0,0,0,0,0,0,0,0,0,0,0,0,0,0,0,0,0,0,0,0,0,0,0,0,0,0,0,0,0,0,0,0,0,0
2005-10-13,0,0,0,0,0,0,0,0,0,0,0,0,0,0,0,0,0,0,0,0,0,0,0,0,0,0,0,0,0,0,0,0,0,0
2005-10-14,0,0,0,0,0,0,0,0,0,0,0,0,0,0,0,0,0,0,0,0,0,0,0,0,0,0,0,0,0,0,0,0,0,0
2005-10-15,0,0,0,0,0,0,0,0,0,0,0,0,0,0,0,0,0,0,0,0,0,0,0,0,0,0,0,0,0,0,0,0,0,0
2005-10-16,0,0,0,0,0,0,0,0,0,0,0,0,0,0,0,0,0,0,0,0,0,0,0,0,0,0,0,0,0,0,0,0,0,0
2005-10-17,0,0,0,0,0,0,0,0,0,0,0,0,0,0,0,0,0,0,0,0,0,0,0,0,0,0,0,0,0,0,0,0,0,0
2005-10-18,0,0,0,0,0,0,0,0,0,0,0,0,0,0,0,0,0,0,0,0,0,0,0,0,0,0,0,0,0,0,0,0,0,0
2005-10-19,0,0,0,0,0,0,0,0,0,0,0,0,0,0,0,0,0,0,0,0,0,0,0,0,0,0,0,0,0,0,0,0,0,0
2005-10-20,0,0,0,0,0,0,0,0,0,0,0,0,0,0,0,0,0,0,0,0,0,0,0,0,0,0,0,0,0,0,0,0,0,0
2005-10-21,0,0,0,0,0,0,0,0,0,0,0,0,0,0,0,0,0,0,0,0,0,0,0,0,0,0,0,0,0,0,0,0,0,0
2005-10-22,0,0,0,0,0,0,0,0,0,0,0,0,0,0,0,0,0,0,0,0,0,0,0,0,0,0,0,0,0,0,0,0,0,0
2005-10-23,0,0,0,0,0,0,0,0,0,0,0,0,0,0,0,0,0,0,0,0,0,0,0,0,0,0,0,0,0,0,0,0,0,0
2005-10-24,0,0,0,0,0,0,0,0,0,0,0,0,0,0,0,0,0,0,0,0,0,0,0,0,0,0,0,0,0,0,0,0,0,0
2005-10-25,0,0,0,0,0,0,0,0,0,0,0,0,0,0,0,0,0,0,0,0,0,0,0,0,0,0,0,0,0,0,0,0,0,0
2005-10-26,0,0,0,0,0,0,0,0,0,0,0,0,0,0,0,0,0,0,0,0,0,0,0,0,0,0,0,0,0,0,0,0,0,0
2005-10-27,0,0,0,0,0,0,0,0,0,0,0,0,0,0,0,0,0,0,0,0,0,0,0,0,0,0,0,0,0,0,0,0,0,0
2005-10-28,0,0,0,0,0,0,0,0,0,0,0,0,0,0,0,0,0,0,0,0,0,0,0,0,0,0,0,0,0,0,0,0,0,0
2005-10-29,0,0,0,0,0,0,0,0,0,0,0,0,0,0,0,0,0,0,0,0,0,0,0,0,0,0,0,0,0,0,0,0,0,0
2005-10-30,0,0,0,0,0,0,0,0,0,0,0,0,0,0,0,0,0,0,0,0,0,0,0,0,0,0,0,0,0,0,0,0,0,0
2005-10-31,0,0,0,0,0,0,0,0,0,0,0,0,0,0,0,0,0,0,0,0,0,0,0,0,0,0,0,0,0,0,0,0,0,0
2005-11-01,0,0,0,0,0,0,0,0,0,0,0,0,0,0,0,0,0,0,0,0,0,0,0,0,0,0,0,0,0,0,0,0,0,0
2005-11-02,0,0,0,0,0,0,0,0,0,0,0,0,0,0,0,0,0,0,0,0,0,0,0,0,0,0,0,0,0,0,0,0,0,0
2005-11-03,0,0,0,0,0,0,0,0,0,0,0,0,0,0,0,0,0,0,0,0,0,0,0,0,0,0,0,0,0,0,0,0,0,0
2005-11-04,0,0,0,0,0,0,0,0,0,0,0,0,0,0,0,0,0,0,0,0,0,0,0,0,0,0,0,0,0,0,0,0,0,0
2005-11-05,0,0,0,0,0,0,0,0,0,0,0,0,0,0,0,0,0,0,0,0,0,0,0,0,0,0,0,0,0,0,0,0,0,0
2005-11-06,0,0,0,0,0,0,0,0,0,0,0,0,0,0,0,0,0,0,0,0,0,0,0,0,0,0,0,0,0,0,0,0,0,0
2005-11-07,0,0,0,0,0,0,0,0,0,0,0,0,0,0,0,0,0,0,0,0,0,0,0,0,0,0,0,0,0,0,0,0,0,0
2005-11-08,0,0,0,0,0,0,0,0,0,0,0,0,0,0,0,0,0,0,0,0,0,0,0,0,0,0,0,0,0,0,0,0,0,0
2005-11-09,0,0,0,0,0,0,0,0,0,0,0,0,0,0,0,0,0,0,0,0,0,0,0,0,0,0,0,0,0,0,0,0,0,0
2005-11-10,0,0,0,0,0,0,0,0,0,0,0,0,0,0,0,0,0,0,0,0,0,0,0,0,0,0,0,0,0,0,0,0,0,0
2005-11-11,0,0,0,0,0,0,0,0,0,0,0,0,0,0,0,0,0,0,0,0,0,0,0,0,0,0,0,0,0,0,0,0,0,0
2005-11-12,0,0,0,0,0,0,0,0,0,0,0,0,0,0,0,0,0,0,0,0,0,0,0,0,0,0,0,0,0,0,0,0,0,0
2005-11-13,0,0,0,0,0,0,0,0,0,0,0,0,0,0,0,0,0,0,0,0,0,0,0,0,0,0,0,0,0,0,0,0,0,0
2005-11-14,0,0,0,0,0,0,0,0,0,0,0,0,0,0,0,0,0,0,0,0,0,0,0,0,0,0,0,0,0,0,0,0,0,0
2005-11-15,0,0,0,0,0,0,0,0,0,0,0,0,0,0,0,0,0,0,0,0,0,0,0,0,0,0,0,0,0,0,0,0,0,0
2005-11-16,0,0,0,0,0,0,0,0,0,0,0,0,0,0,0,0,0,0,0,0,0,0,0,0,0,0,0,0,0,0,0,0,0,0
2005-11-17,0,0,0,0,0,0,0,0,0,0,0,0,0,0,0,0,0,0,0,0,0,0,0,0,0,0,0,0,0,0,0,0,0,0
2005-11-18,0,0,0,0,0,0,0,0,0,0,0,0,0,0,0,0,0,0,0,0,0,0,0,0,0,0,0,0,0,0,0,0,0,0
2005-11-19,0,0,0,0,0,0,0,0,0,0,0,0,0,0,0,0,0,0,0,0,0,0,0,0,0,0,0,0,0,0,0,0,0,0
2005-11-20,0,0,0,0,0,0,0,0,0,0,0,0,0,0,0,0,0,0,0,0,0,0,0,0,0,0,0,0,0,0,0,0,0,0
2005-11-21,0,0,0,0,0,0,0,0,0,0,0,0,0,0,0,0,0,0,0,0,0,0,0,0,0,0,0,0,0,0,0,0,0,0
2005-11-22,0,0,0,0,0,0,0,0,0,0,0,0,0,0,0,0,0,0,0,0,0,0,0,0,0,0,0,0,0,0,0,0,0,0
2005-11-23,0,0,0,0,0,0,0,0,0,0,0,0,0,0,0,0,0,0,0,0,0,0,0,0,0,0,0,0,0,0,0,0,0,0
2005-11-24,0,0,0,0,0,0,0,0,0,0,0,0,0,0,0,0,0,0,0,0,0,0,0,0,0,0,0,0,0,0,0,0,0,0
2005-11-25,0,0,0,0,0,0,0,0,0,0,0,0,0,0,0,0,0,0,0,0,0,0,0,0,0,0,0,0,0,0,0,0,0,0
2005-11-26,0,0,0,0,0,0,0,0,0,0,0,0,0,0,0,0,0,0,0,0,0,0,0,0,0,0,0,0,0,0,0,0,0,0
2005-11-27,0,0,0,0,0,0,0,0,0,0,0,0,0,0,0,0,0,0,0,0,0,0,0,0,0,0,0,0,0,0,0,0,0,0
2005-11-28,0,0,0,0,0,0,0,0,0,0,0,0,0,0,0,0,0,0,0,0,0,0,0,0,0,0,0,0,0,0,0,0,0,0
2005-11-29,0,0,0,0,0,0,0,0,0,0,0,0,0,0,0,0,0,0,0,0,0,0,0,0,0,0,0,0,0,0,0,0,0,0
2005-11-30,0,0,0,0,0,0,0,0,0,0,0,0,0,0,0,0,0,0,0,0,0,0,0,0,0,0,0,0,0,0,0,0,0,0
2005-12-01,0,0,0,0,0,0,0,0,0,0,0,0,0,0,0,0,0,0,0,0,0,0,0,0,0,0,0,0,0,0,0,0,0,0
2005-12-02,0,0,0,0,0,0,0,0,0,0,0,0,0,0,0,0,0,0,0,0,0,0,0,0,0,0,0,0,0,0,0,0,0,0
2005-12-03,0,0,0,0,0,0,0,0,0,0,0,0,0,0,0,0,0,0,0,0,0,0,0,0,0,0,0,0,0,0,0,0,0,0
2005-12-04,0,0,0,0,0,0,0,0,0,0,0,0,0,0,0,0,0,0,0,0,0,0,0,0,0,0,0,0,0,0,0,0,0,0
2005-12-05,0,0,0,0,0,0,0,0,0,0,0,0,0,0,0,0,0,0,0,0,0,0,0,0,0,0,0,0,0,0,0,0,0,0
2005-12-06,0,0,0,0,0,0,0,0,0,0,0,0,0,0,0,0,0,0,0,0,0,0,0,0,0,0,0,0,0,0,0,0,0,0
2005-12-07,0,0,0,0,0,0,0,0,0,0,0,0,0,0,0,0,0,0,0,0,0,0,0,0,0,0,0,0,0,0,0,0,0,0
2005-12-08,0,0,0,0,0,0,0,0,0,0,0,0,0,0,0,0,0,0,0,0,0,0,0,0,0,0,0,0,0,0,0,0,0,0
2005-12-09,0,0,0,0,0,0,0,0,0,0,0,0,0,0,0,0,0,0,0,0,0,0,0,0,0,0,0,0,0,0,0,0,0,0
2005-12-10,0,0,0,0,0,0,0,0,0,0,0,0,0,0,0,0,0,0,0,0,0,0,0,0,0,0,0,0,0,0,0,0,0,0
2005-12-11,0,0,0,0,0,0,0,0,0,0,0,0,0,0,0,0,0,0,0,0,0,0,0,0,0,0,0,0,0,0,0,0,0,0
2005-12-12,0,0,0,0,0,0,0,0,0,0,0,0,0,0,0,0,0,0,0,0,0,0,0,0,0,0,0,0,0,0,0,0,0,0
2005-12-13,0,0,0,0,0,0,0,0,0,0,0,0,0,0,0,0,0,0,0,0,0,0,0,0,0,0,0,0,0,0,0,0,0,0
2005-12-14,0,0,0,0,0,0,0,0,0,0,0,0,0,0,0,0,0,0,0,0,0,0,0,0,0,0,0,0,0,0,0,0,0,0
2005-12-15,0,0,0,0,0,0,0,0,0,0,0,0,0,0,0,0,0,0,0,0,0,0,0,0,0,0,0,0,0,0,0,0,0,0
2005-12-16,0,0,0,0,0,0,0,0,0,0,0,0,0,0,0,0,0,0,0,0,0,0,0,0,0,0,0,0,0,0,0,0,0,0
2005-12-17,0,0,0,0,0,0,0,0,0,0,0,0,0,0,0,0,0,0,0,0,0,0,0,0,0,0,0,0,0,0,0,0,0,0
2005-12-18,0,0,0,0,0,0,0,0,0,0,0,0,0,0,0,0,0,0,0,0,0,0,0,0,0,0,0,0,0,0,0,0,0,0
2005-12-19,0,0,0,0,0,0,0,0,0,0,0,0,0,0,0,0,0,0,0,0,0,0,0,0,0,0,0,0,0,0,0,0,0,0
2005-12-20,0,0,0,0,0,0,0,0,0,0,0,0,0,0,0,0,0,0,0,0,0,0,0,0,0,0,0,0,0,0,0,0,0,0
2005-12-21,0,0,0,0,0,0,0,0,0,0,0,0,0,0,0,0,0,0,0,0,0,0,0,0,0,0,0,0,0,0,0,0,0,0
2005-12-22,0,0,0,0,0,0,0,0,0,0,0,0,0,0,0,0,0,0,0,0,0,0,0,0,0,0,0,0,0,0,0,0,0,0
2005-12-23,0,0,0,0,0,0,0,0,0,0,0,0,0,0,0,0,0,0,0,0,0,0,0,0,0,0,0,0,0,0,0,0,0,0
2005-12-24,0,0,0,0,0,0,0,0,0,0,0,0,0,0,0,0,0,0,0,0,0,0,0,0,0,0,0,0,0,0,0,0,0,0
2005-12-25,0,0,0,0,0,0,0,0,0,0,0,0,0,0,0,0,0,0,0,0,0,0,0,0,0,0,0,0,0,0,0,0,0,0
2005-12-26,0,0,0,0,0,0,0,0,0,0,0,0,0,0,0,0,0,0,0,0,0,0,0,0,0,0,0,0,0,0,0,0,0,0
2005-12-27,0,0,0,0,0,0,0,0,0,0,0,0,0,0,0,0,0,0,0,0,0,0,0,0,0,0,0,0,0,0,0,0,0,0
2005-12-28,0,0,0,0,0,0,0,0,0,0,0,0,0,0,0,0,0,0,0,0,0,0,0,0,0,0,0,0,0,0,0,0,0,0
2005-12-29,0,0,0,0,0,0,0,0,0,0,0,0,0,0,0,0,0,0,0,0,0,0,0,0,0,0,0,0,0,0,0,0,0,0
2005-12-30,0,0,0,0,0,0,0,0,0,0,0,0,0,0,0,0,0,0,0,0,0,0,0,0,0,0,0,0,0,0,0,0,0,0
2005-12-31,0,0,0,0,0,0,0,0,0,0,0,0,0,0,0,0,0,0,0,0,0,0,0,0,0,0,0,0,0,0,0,0,0,0
2006-01-01,0,0,0,0,0,0,0,0,0,0,0,0,0,0,0,0,0,0,0,0,0,0,0,0,0,0,0,0,0,0,0,0,0,0
2006-01-02,0,0,0,0,0,0,0,0,0,0,0,0,0,0,0,0,0,0,0,0,0,0,0,0,0,0,0,0,0,0,0,0,0,0
2006-01-03,0,0,0,0,0,0,0,0,0,0,0,0,0,0,0,0,0,0,0,0,0,0,0,0,0,0,0,0,0,0,0,0,0,0
2006-01-04,0,0,0,0,0,0,0,0,0,0,0,0,0,0,0,0,0,0,0,0,0,0,0,0,0,0,0,0,0,0,0,0,0,0
2006-01-05,0,0,0,0,0,0,0,0,0,0,0,0,0,0,0,0,0,0,0,0,0,0,0,0,0,0,0,0,0,0,0,0,0,0
2006-01-06,0,0,0,0,0,0,0,0,0,0,0,0,0,0,0,0,0,0,0,0,0,0,0,0,0,0,0,0,0,0,0,0,0,0
2006-01-07,0,0,0,0,0,0,0,0,0,0,0,0,0,0,0,0,0,0,0,0,0,0,0,0,0,0,0,0,0,0,0,0,0,0
2006-01-08,0,0,0,0,0,0,0,0,0,0,0,0,0,0,0,0,0,0,0,0,0,0,0,0,0,0,0,0,0,0,0,0,0,0
2006-01-09,0,0,0,0,0,0,0,0,0,0,0,0,0,0,0,0,0,0,0,0,0,0,0,0,0,0,0,0,0,0,0,0,0,0
2006-01-10,0,0,0,0,0,0,0,0,0,0,0,0,0,0,0,0,0,0,0,0,0,0,0,0,0,0,0,0,0,0,0,0,0,0
2006-01-11,0,0,0,0,0,0,0,0,0,0,0,0,0,0,0,0,0,0,0,0,0,0,0,0,0,0,0,0,0,0,0,0,0,0
2006-01-12,0,0,0,0,0,0,0,0,0,0,0,0,0,0,0,0,0,0,0,0,0,0,0,0,0,0,0,0,0,0,0,0,0,0
2006-01-13,0,0,0,0,0,0,0,0,0,0,0,0,0,0,0,0,0,0,0,0,0,0,0,0,0,0,0,0,0,0,0,0,0,0
2006-01-14,0,0,0,0,0,0,0,0,0,0,0,0,0,0,0,0,0,0,0,0,0,0,0,0,0,0,0,0,0,0,0,0,0,0
2006-01-15,0,0,0,0,0,0,0,0,0,0,0,0,0,0,0,0,0,0,0,0,0,0,0,0,0,0,0,0,0,0,0,0,0,0
2006-01-16,0,0,0,0,0,0,0,0,0,0,0,0,0,0,0,0,0,0,0,0,0,0,0,0,0,0,0,0,0,0,0,0,0,0
2006-01-17,0,0,0,0,0,0,0,0,0,0,0,0,0,0,0,0,0,0,0,0,0,0,0,0,0,0,0,0,0,0,0,0,0,0
2006-01-18,0,0,0,0,0,0,0,0,0,0,0,0,0,0,0,0,0,0,0,0,0,0,0,0,0,0,0,0,0,0,0,0,0,0
2006-01-19,0,0,0,0,0,0,0,0,0,0,0,0,0,0,0,0,0,0,0,0,0,0,0,0,0,0,0,0,0,0,0,0,0,0
2006-01-20,0,0,0,0,0,0,0,0,0,0,0,0,0,0,0,0,0,0,0,0,0,0,0,0,0,0,0,0,0,0,0,0,0,0
2006-01-21,0,0,0,0,0,0,0,0,0,0,0,0,0,0,0,0,0,0,0,0,0,0,0,0,0,0,0,0,0,0,0,0,0,0
2006-01-22,0,0,0,0,0,0,0,0,0,0,0,0,0,0,0,0,0,0,0,0,0,0,0,0,0,0,0,0,0,0,0,0,0,0
2006-01-23,0,0,0,0,0,0,0,0,0,0,0,0,0,0,0,0,0,0,0,0,0,0,0,0,0,0,0,0,0,0,0,0,0,0
2006-01-24,0,0,0,0,0,0,0,0,0,0,0,0,0,0,0,0,0,0,0,0,0,0,0,0,0,0,0,0,0,0,0,0,0,0
2006-01-25,0,0,0,0,0,0,0,0,0,0,0,0,0,0,0,0,0,0,0,0,0,0,0,0,0,0,0,0,0,0,0,0,0,0
2006-01-26,0,0,0,0,0,0,0,0,0,0,0,0,0,0,0,0,0,0,0,0,0,0,0,0,0,0,0,0,0,0,0,0,0,0
2006-01-27,0,0,0,0,0,0,0,0,0,0,0,0,0,0,0,0,0,0,0,0,0,0,0,0,0,0,0,0,0,0,0,0,0,0
2006-01-28,0,0,0,0,0,0,0,0,0,0,0,0,0,0,0,0,0,0,0,0,0,0,0,0,0,0,0,0,0,0,0,0,0,0
2006-01-29,0,0,0,0,0,0,0,0,0,0,0,0,0,0,0,0,0,0,0,0,0,0,0,0,0,0,0,0,0,0,0,0,0,0
2006-01-30,0,0,0,0,0,0,0,0,0,0,0,0,0,0,0,0,0,0,0,0,0,0,0,0,0,0,0,0,0,0,0,0,0,0
2006-01-31,0,0,0,0,0,0,0,0,0,0,0,0,0,0,0,0,0,0,0,0,0,0,0,0,0,0,0,0,0,0,0,0,0,0
2006-02-01,0,0,0,0,0,0,0,0,0,0,0,0,0,0,0,0,0,0,0,0,0,0,0,0,0,0,0,0,0,0,0,0,0,0
2006-02-02,0,0,0,0,0,0,0,0,0,0,0,0,0,0,0,0,0,0,0,0,0,0,0,0,0,0,0,0,0,0,0,0,0,0
2006-02-03,0,0,0,0,0,0,0,0,0,0,0,0,0,0,0,0,0,0,0,0,0,0,0,0,0,0,0,0,0,0,0,0,0,0
2006-02-04,0,0,0,0,0,0,0,0,0,0,0,0,0,0,0,0,0,0,0,0,0,0,0,0,0,0,0,0,0,0,0,0,0,0
2006-02-05,0,0,0,0,0,0,0,0,0,0,0,0,0,0,0,0,0,0,0,0,0,0,0,0,0,0,0,0,0,0,0,0,0,0
2006-02-06,0,0,0,0,0,0,0,0,0,0,0,0,0,0,0,0,0,0,0,0,0,0,0,0,0,0,0,0,0,0,0,0,0,0
2006-02-07,0,0,0,0,0,0,0,0,0,0,0,0,0,0,0,0,0,0,0,0,0,0,0,0,0,0,0,0,0,0,0,0,0,0
2006-02-08,0,0,0,0,0,0,0,0,0,0,0,0,0,0,0,0,0,0,0,0,0,0,0,0,0,0,0,0,0,0,0,0,0,0
2006-02-09,0,0,0,0,0,0,0,0,0,0,0,0,0,0,0,0,0,0,0,0,0,0,0,0,0,0,0,0,0,0,0,0,0,0
2006-02-10,0,0,0,0,0,0,0,0,0,0,0,0,0,0,0,0,0,0,0,0,0,0,0,0,0,0,0,0,0,0,0,0,0,0
2006-02-11,0,0,0,0,0,0,0,0,0,0,0,0,0,0,0,0,0,0,0,0,0,0,0,0,0,0,0,0,0,0,0,0,0,0
2006-02-12,0,0,0,0,0,0,0,0,0,0,0,0,0,0,0,0,0,0,0,0,0,0,0,0,0,0,0,0,0,0,0,0,0,0
2006-02-13,0,0,0,0,0,0,0,0,0,0,0,0,0,0,0,0,0,0,0,0,0,0,0,0,0,0,0,0,0,0,0,0,0,0
2006-02-14,0,0,0,0,0,0,0,0,0,0,0,0,0,0,0,0,0,0,0,0,0,0,0,0,0,0,0,0,0,0,0,0,0,0
2006-02-15,0,0,0,0,0,0,0,0,0,0,0,0,0,0,0,0,0,0,0,0,0,0,0,0,0,0,0,0,0,0,0,0,0,0
2006-02-16,0,0,0,0,0,0,0,0,0,0,0,0,0,0,0,0,0,0,0,0,0,0,0,0,0,0,0,0,0,0,0,0,0,0
2006-02-17,0,0,0,0,0,0,0,0,0,0,0,0,0,0,0,0,0,0,0,0,0,0,0,0,0,0,0,0,0,0,0,0,0,0
2006-02-18,0,0,0,0,0,0,0,0,0,0,0,0,0,0,0,0,0,0,0,0,0,0,0,0,0,0,0,0,0,0,0,0,0,0
2006-02-19,0,0,0,0,0,0,0,0,0,0,0,0,0,0,0,0,0,0,0,0,0,0,0,0,0,0,0,0,0,0,0,0,0,0
2006-02-20,0,0,0,0,0,0,0,0,0,0,0,0,0,0,0,0,0,0,0,0,0,0,0,0,0,0,0,0,0,0,0,0,0,0
2006-02-21,0,0,0,0,0,0,0,0,0,0,0,0,0,0,0,0,0,0,0,0,0,0,0,0,0,0,0,0,0,0,0,0,0,0
2006-02-22,0,0,0,0,0,0,0,0,0,0,0,0,0,0,0,0,0,0,0,0,0,0,0,0,0,0,0,0,0,0,0,0,0,0
2006-02-23,0,0,0,0,0,0,0,0,0,0,0,0,0,0,0,0,0,0,0,0,0,0,0,0,0,0,0,0,0,0,0,0,0,0
2006-02-24,0,0,0,0,0,0,0,0,0,0,0,0,0,0,0,0,0,0,0,0,0,0,0,0,0,0,0,0,0,0,0,0,0,0
2006-02-25,0,0,0,0,0,0,0,0,0,0,0,0,0,0,0,0,0,0,0,0,0,0,0,0,0,0,0,0,0,0,0,0,0,0
2006-02-26,0,0,0,0,0,0,0,0,0,0,0,0,0,0,0,0,0,0,0,0,0,0,0,0,0,0,0,0,0,0,0,0,0,0
2006-02-27,0,0,0,0,0,0,0,0,0,0,0,0,0,0,0,0,0,0,0,0,0,0,0,0,0,0,0,0,0,0,0,0,0,0
2006-02-28,0,0,0,0,0,0,0,0,0,0,0,0,0,0,0,0,0,0,0,0,0,0,0,0,0,0,0,0,0,0,0,0,0,0
2006-03-01,0,0,0,0,0,0,0,0,0,0,0,0,0,0,0,0,0,0,0,0,0,0,0,0,0,0,0,0,0,0,0,0,0,0
2006-03-02,0,0,0,0,0,0,0,0,0,0,0,0,0,0,0,0,0,0,0,0,0,0,0,0,0,0,0,0,0,0,0,0,0,0
2006-03-03,0,0,0,0,0,0,0,0,0,0,0,0,0,0,0,0,0,0,0,0,0,0,0,0,0,0,0,0,0,0,0,0,0,0
2006-03-04,0,0,0,0,0,0,0,0,0,0,0,0,0,0,0,0,0,0,0,0,0,0,0,0,0,0,0,0,0,0,0,0,0,0
2006-03-05,0,0,0,0,0,0,0,0,0,0,0,0,0,0,0,0,0,0,0,0,0,0,0,0,0,0,0,0,0,0,0,0,0,0
2006-03-06,0,0,0,0,0,0,0,0,0,0,0,0,0,0,0,0,0,0,0,0,0,0,0,0,0,0,0,0,0,0,0,0,0,0
2006-03-07,0,0,0,0,0,0,0,0,0,0,0,0,0,0,0,0,0,0,0,0,0,0,0,0,0,0,0,0,0,0,0,0,0,0
2006-03-08,0,0,0,0,0,0,0,0,0,0,0,0,0,0,0,0,0,0,0,0,0,0,0,0,0,0,0,0,0,0,0,0,0,0
2006-03-09,0,0,0,0,0,0,0,0,0,0,0,0,0,0,0,0,0,0,0,0,0,0,0,0,0,0,0,0,0,0,0,0,0,0
2006-03-10,0,0,0,0,0,0,0,0,0,0,0,0,0,0,0,0,0,0,0,0,0,0,0,0,0,0,0,0,0,0,0,0,0,0
2006-03-11,0,0,0,0,0,0,0,0,0,0,0,0,0,0,0,0,0,0,0,0,0,0,0,0,0,0,0,0,0,0,0,0,0,0
2006-03-12,0,0,0,0,0,0,0,0,0,0,0,0,0,0,0,0,0,0,0,0,0,0,0,0,0,0,0,0,0,0,0,0,0,0
2006-03-13,0,0,0,0,0,0,0,0,0,0,0,0,0,0,0,0,0,0,0,0,0,0,0,0,0,0,0,0,0,0,0,0,0,0
2006-03-14,0,0,0,0,0,0,0,0,0,0,0,0,0,0,0,0,0,0,0,0,0,0,0,0,0,0,0,0,0,0,0,0,0,0
2006-03-15,0,0,0,0,0,0,0,0,0,0,0,0,0,0,0,0,0,0,0,0,0,0,0,0,0,0,0,0,0,0,0,0,0,0
2006-03-16,0,0,0,0,0,0,0,0,0,0,0,0,0,0,0,0,0,0,0,0,0,0,0,0,0,0,0,0,0,0,0,0,0,0
2006-03-17,0,0,0,0,0,0,0,0,0,0,0,0,0,0,0,0,0,0,0,0,0,0,0,0,0,0,0,0,0,0,0,0,0,0
2006-03-18,0,0,0,0,0,0,0,0,0,0,0,0,0,0,0,0,0,0,0,0,0,0,0,0,0,0,0,0,0,0,0,0,0,0
2006-03-19,0,0,0,0,0,0,0,0,0,0,0,0,0,0,0,0,0,0,0,0,0,0,0,0,0,0,0,0,0,0,0,0,0,0
2006-03-20,0,0,0,0,0,0,0,0,0,0,0,0,0,0,0,0,0,0,0,0,0,0,0,0,0,0,0,0,0,0,0,0,0,0
2006-03-21,0,0,0,0,0,0,0,0,0,0,0,0,0,0,0,0,0,0,0,0,0,0,0,0,0,0,0,0,0,0,0,0,0,0
2006-03-22,0,0,0,0,0,0,0,0,0,0,0,0,0,0,0,0,0,0,0,0,0,0,0,0,0,0,0,0,0,0,0,0,0,0
2006-03-23,0,0,0,0,0,0,0,0,0,0,0,0,0,0,0,0,0,0,0,0,0,0,0,0,0,0,0,0,0,0,0,0,0,0
2006-03-24,0,0,0,0,0,0,0,0,0,0,0,0,0,0,0,0,0,0,0,0,0,0,0,0,0,0,0,0,0,0,0,0,0,0
2006-03-25,0,0,0,0,0,0,0,0,0,0,0,0,0,0,0,0,0,0,0,0,0,0,0,0,0,0,0,0,0,0,0,0,0,0
2006-03-26,0,0,0,0,0,0,0,0,0,0,0,0,0,0,0,0,0,0,0,0,0,0,0,0,0,0,0,0,0,0,0,0,0,0
2006-03-27,0,0,0,0,0,0,0,0,0,0,0,0,0,0,0,0,0,0,0,0,0,0,0,0,0,0,0,0,0,0,0,0,0,0
2006-03-28,0,0,0,0,0,0,0,0,0,0,0,0,0,0,0,0,0,0,0,0,0,0,0,0,0,0,0,0,0,0,0,0,0,0
2006-03-29,0,0,0,0,0,0,0,0,0,0,0,0,0,0,0,0,0,0,0,0,0,0,0,0,0,0,0,0,0,0,0,0,0,0
2006-03-30,0,0,0,0,0,0,0,0,0,0,0,0,0,0,0,0,0,0,0,0,0,0,0,0,0,0,0,0,0,0,0,0,0,0
2006-03-31,0,0,0,0,0,0,0,0,0,0,0,0,0,0,0,0,0,0,0,0,0,0,0,0,0,0,0,0,0,0,0,0,0,0
2006-04-01,0,0,0,0,0,0,0,0,0,0,0,0,0,0,0,0,0,0,0,0,0,0,0,0,0,0,0,0,0,0,0,0,0,0
2006-04-02,0,0,0,0,0,0,0,0,0,0,0,0,0,0,0,0,0,0,0,0,0,0,0,0,0,0,0,0,0,0,0,0,0,0
2006-04-03,0,0,0,0,0,0,0,0,0,0,0,0,0,0,0,0,0,0,0,0,0,0,0,0,0,0,0,0,0,0,0,0,0,0
2006-04-04,0,0,0,0,0,0,0,0,0,0,0,0,0,0,0,0,0,0,0,0,0,0,0,0,0,0,0,0,0,0,0,0,0,0
2006-04-05,0,0,0,0,0,0,0,0,0,0,0,0,0,0,0,0,0,0,0,0,0,0,0,0,0,0,0,0,0,0,0,0,0,0
2006-04-06,0,0,0,0,0,0,0,0,0,0,0,0,0,0,0,0,0,0,0,0,0,0,0,0,0,0,0,0,0,0,0,0,0,0
2006-04-07,0,0,0,0,0,0,0,0,0,0,0,0,0,0,0,0,0,0,0,0,0,0,0,0,0,0,0,0,0,0,0,0,0,0
2006-04-08,0,0,0,0,0,0,0,0,0,0,0,0,0,0,0,0,0,0,0,0,0,0,0,0,0,0,0,0,0,0,0,0,0,0
2006-04-09,0,0,0,0,0,0,0,0,0,0,0,0,0,0,0,0,0,0,0,0,0,0,0,0,0,0,0,0,0,0,0,0,0,0
2006-04-10,0,0,0,0,0,0,0,0,0,0,0,0,0,0,0,0,0,0,0,0,0,0,0,0,0,0,0,0,0,0,0,0,0,0
2006-04-11,0,0,0,0,0,0,0,0,0,0,0,0,0,0,0,0,0,0,0,0,0,0,0,0,0,0,0,0,0,0,0,0,0,0
2006-04-12,0,0,0,0,0,0,0,0,0,0,0,0,0,0,0,0,0,0,0,0,0,0,0,0,0,0,0,0,0,0,0,0,0,0
2006-04-13,0,0,0,0,0,0,0,0,0,0,0,0,0,0,0,0,0,0,0,0,0,0,0,0,0,0,0,0,0,0,0,0,0,0
2006-04-14,0,0,0,0,0,0,0,0,0,0,0,0,0,0,0,0,0,0,0,0,0,0,0,0,0,0,0,0,0,0,0,0,0,0
2006-04-15,0,0,0,0,0,0,0,0,0,0,0,0,0,0,0,0,0,0,0,0,0,0,0,0,0,0,0,0,0,0,0,0,0,0
2006-04-16,0,0,0,0,0,0,0,0,0,0,0,0,0,0,0,0,0,0,0,0,0,0,0,0,0,0,0,0,0,0,0,0,0,0
2006-04-17,0,0,0,0,0,0,0,0,0,0,0,0,0,0,0,0,0,0,0,0,0,0,0,0,0,0,0,0,0,0,0,0,0,0
2006-04-18,0,0,0,0,0,0,0,0,0,0,0,0,0,0,0,0,0,0,0,0,0,0,0,0,0,0,0,0,0,0,0,0,0,0
2006-04-19,0,0,0,0,0,0,0,0,0,0,0,0,0,0,0,0,0,0,0,0,0,0,0,0,0,0,0,0,0,0,0,0,0,0
2006-04-20,0,0,0,0,0,0,0,0,0,0,0,0,0,0,0,0,0,0,0,0,0,0,0,0,0,0,0,0,0,0,0,0,0,0
2006-04-21,0,0,0,0,0,0,0,0,0,0,0,0,0,0,0,0,0,0,0,0,0,0,0,0,0,0,0,0,0,0,0,0,0,0
2006-04-22,0,0,0,0,0,0,0,0,0,0,0,0,0,0,0,0,0,0,0,0,0,0,0,0,0,0,0,0,0,0,0,0,0,0
2006-04-23,0,0,0,0,0,0,0,0,0,0,0,0,0,0,0,0,0,0,0,0,0,0,0,0,0,0,0,0,0,0,0,0,0,0
2006-04-24,0,0,0,0,0,0,0,0,0,0,0,0,0,0,0,0,0,0,0,0,0,0,0,0,0,0,0,0,0,0,0,0,0,0
2006-04-25,0,0,0,0,0,0,0,0,0,0,0,0,0,0,0,0,0,0,0,0,0,0,0,0,0,0,0,0,0,0,0,0,0,0
2006-04-26,0,0,0,0,0,0,0,0,0,0,0,0,0,0,0,0,0,0,0,0,0,0,0,0,0,0,0,0,0,0,0,0,0,0
2006-04-27,0,0,0,0,0,0,0,0,0,0,0,0,0,0,0,0,0,0,0,0,0,0,0,0,0,0,0,0,0,0,0,0,0,0
2006-04-28,0,0,0,0,0,0,0,0,0,0,0,0,0,0,0,0,0,0,0,0,0,0,0,0,0,0,0,0,0,0,0,0,0,0
2006-04-29,0,0,0,0,0,0,0,0,0,0,0,0,0,0,0,0,0,0,0,0,0,0,0,0,0,0,0,0,0,0,0,0,0,0
2006-04-30,0,0,0,0,0,0,0,0,0,0,0,0,0,0,0,0,0,0,0,0,0,0,0,0,0,0,0,0,0,0,0,0,0,0
2006-05-01,0,0,0,0,0,0,0,0,0,0,0,0,0,0,0,0,0,0,0,0,0,0,0,0,0,0,0,0,0,0,0,0,0,0
2006-05-02,0,0,0,0,0,0,0,0,0,0,0,0,0,0,0,0,0,0,0,0,0,0,0,0,0,0,0,0,0,0,0,0,0,0
2006-05-03,0,0,0,0,0,0,0,0,0,0,0,0,0,0,0,0,0,0,0,0,0,0,0,0,0,0,0,0,0,0,0,0,0,0
2006-05-04,0,0,0,0,0,0,0,0,0,0,0,0,0,0,0,0,0,0,0,0,0,0,0,0,0,0,0,0,0,0,0,0,0,0
2006-05-05,0,0,0,0,0,0,0,0,0,0,0,0,0,0,0,0,0,0,0,0,0,0,0,0,0,0,0,0,0,0,0,0,0,0
2006-05-06,0,0,0,0,0,0,0,0,0,0,0,0,0,0,0,0,0,0,0,0,0,0,0,0,0,0,0,0,0,0,0,0,0,0
2006-05-07,0,0,0,0,0,0,0,0,0,0,0,0,0,0,0,0,0,0,0,0,0,0,0,0,0,0,0,0,0,0,0,0,0,0
2006-05-08,0,0,0,0,0,0,0,0,0,0,0,0,0,0,0,0,0,0,0,0,0,0,0,0,0,0,0,0,0,0,0,0,0,0
2006-05-09,0,0,0,0,0,0,0,0,0,0,0,0,0,0,0,0,0,0,0,0,0,0,0,0,0,0,0,0,0,0,0,0,0,0
2006-05-10,0,0,0,0,0,0,0,0,0,0,0,0,0,0,0,0,0,0,0,0,0,0,0,0,0,0,0,0,0,0,0,0,0,0
2006-05-11,0,0,0,0,0,0,0,0,0,0,0,0,0,0,0,0,0,0,0,0,0,0,0,0,0,0,0,0,0,0,0,0,0,0
2006-05-12,0,0,0,0,0,0,0,0,0,0,0,0,0,0,0,0,0,0,0,0,0,0,0,0,0,0,0,0,0,0,0,0,0,0
2006-05-13,0,0,0,0,0,0,0,0,0,0,21,0,0,0,0,0,0,0,0,0,0,0,0,0,0,0,0,0,0,0,0,0,0,0
2006-05-14,0,0,0,0,0,0,0,0,0,0,28,0,0,0,0,0,0,0,0,0,0,0,0,0,0,0,0,0,0,0,0,0,0,0
2006-05-15,0,0,0,0,0,0,0,0,0,0,96,0,0,0,0,0,0,0,0,0,0,0,0,0,0,0,0,0,0,0,0,0,0,0
2006-05-16,0,0,0,0,0,0,0,0,0,0,340,0,0,0,0,0,0,0,0,0,0,0,0,0,0,0,0,15,0,0,0,0,0,0
2006-05-17,0,0,0,0,0,0,0,0,0,0,839,0,41,0,0,0,0,0,0,0,0,0,0,0,0,0,0,28,0,0,0,0,0,0
2006-05-18,0,0,0,0,0,0,0,0,0,0,238,0,0,0,0,0,0,0,6,0,0,0,0,0,0,0,0,0,0,0,0,0,0,0
2006-05-19,0,0,0,0,0,0,0,0,0,0,40,0,0,0,0,0,0,0,19,0,0,0,0,0,0,0,0,0,0,0,0,0,0,0
2006-05-20,0,0,0,0,5,0,0,0,0,0,8,0,0,0,0,0,0,0,12,0,0,0,0,0,0,0,0,0,8,0,0,0,0,0
2006-05-21,0,0,0,0,6,0,0,0,0,0,18,0,0,0,28,0,0,0,5,0,0,0,0,1,0,0,0,0,11,0,0,0,0,0
2006-05-22,0,0,0,0,8,0,0,0,0,0,2,0,0,0,31,0,0,0,77,0,0,0,0,5,0,0,0,0,11,4,0,0,0,0
2006-05-23,4,0,9,0,42,0,0,0,0,0,0,0,0,0,70,12,45,0,203,0,0,0,0,10,0,0,0,0,118,82,0,0,0,0
2006-05-24,17,0,0,0,80,0,0,0,0,0,0,0,0,0,128,0,0,0,81,0,0,0,1,18,0,0,0,0,197,10,0,0,0,1
2006-05-25,0,0,0,0,0,0,0,0,0,0,0,0,0,0,97,0,0,0,1,0,0,0,0,0,0,0,0,0,0,0,0,0,0,0
2006-05-26,0,0,0,0,0,0,0,0,0,0,19,0,0,0,13,0,0,0,0,0,0,0,0,0,0,0,0,34,0,0,0,0,0,0
2006-05-27,0,0,0,0,0,0,0,0,0,0,373,0,9,0,3,0,0,0,3,0,0,0,0,0,0,0,0,200,0,0,0,0,0,0
2006-05-28,0,0,0,0,3,0,0,0,0,0,768,0,35,0,29,0,0,0,23,0,0,0,0,2,0,0,0,332,5,0,0,0,0,0
2006-05-29,0,0,0,0,0,0,0,0,0,0,622,0,3,0,36,0,0,0,18,0,0,0,0,3,0,0,0,225,0,0,0,0,0,0
2006-05-30,0,0,0,0,4,0,0,0,0,0,31,0,0,0,48,0,0,0,10,0,0,0,0,6,0,0,0,10,4,0,0,0,0,0
2006-05-31,0,0,0,0,0,0,0,0,0,0,0,0,0,0,45,0,0,0,0,0,0,0,0,0,0,0,0,0,0,0,0,0,0,0
2006-06-01,0,0,0,0,0,0,0,0,0,0,0,0,0,0,43,0,0,0,0,0,0,0,0,0,0,0,0,0,0,0,0,0,0,0
2006-06-02,0,0,0,0,0,0,0,0,0,0,11,0,0,0,48,0,0,0,0,0,0,0,0,0,0,0,0,3,0,0,0,0,0,0
2006-06-03,0,0,0,0,0,0,0,0,0,0,47,0,0,0,4,0,0,0,0,0,0,0,0,0,0,0,0,57,0,0,0,0,0,0
2006-06-04,0,0,0,0,0,0,0,0,0,0,61,0,0,0,0,0,0,0,0,0,0,0,0,0,0,0,0,72,0,0,0,0,0,0
2006-06-05,0,0,0,0,0,0,0,0,0,0,181,0,0,0,0,0,0,0,0,0,0,0,0,0,0,0,0,118,0,0,0,0,0,0
2006-06-06,0,0,0,0,0,0,0,0,0,0,492,0,0,0,0,0,0,0,0,0,0,0,0,0,0,0,0,173,0,0,0,0,0,0
2006-06-07,0,0,0,0,0,0,0,0,0,0,776,0,0,0,0,0,0,0,0,0,0,0,0,0,0,0,0,69,0,0,0,0,0,0
2006-06-08,0,0,0,0,0,0,0,0,0,0,823,0,16,0,0,0,0,0,0,0,0,0,0,0,0,0,0,15,0,0,0,0,0,0
2006-06-09,0,0,0,0,0,0,0,0,0,0,140,0,23,0,0,0,0,0,0,0,0,0,0,0,0,0,0,0,0,0,0,0,0,0
2006-06-10,0,0,0,0,0,0,0,0,0,0,64,0,18,0,0,0,0,0,0,0,0,0,0,0,0,0,0,0,0,0,0,0,0,0
2006-06-11,0,0,0,3,0,0,0,0,0,0,481,0,182,0,0,0,0,0,0,0,0,0,0,0,11,0,0,58,0,0,0,0,0,0
2006-06-12,0,0,0,0,0,0,0,0,0,0,405,0,249,0,0,0,0,0,0,0,0,0,0,0,7,0,0,50,0,0,0,0,0,0
2006-06-13,0,0,0,23,0,0,0,147,0,0,277,70,313,0,0,0,0,0,15,0,0,0,0,0,53,0,3,0,0,0,67,0,0,0
2006-06-14,0,0,0,0,0,0,0,64,0,0,35,0,192,0,0,0,0,0,50,0,0,0,0,0,0,0,1,0,0,0,0,0,0,0
2006-06-15,0,0,0,0,0,1,0,13,0,0,43,0,159,0,0,0,0,0,69,0,0,0,0,0,0,0,19,0,0,0,0,0,0,0
2006-06-16,0,0,0,0,0,0,5,8,0,0,27,0,52,0,11,8,2,0,64,0,0,0,0,0,0,0,53,0,1,0,0,0,0,0
2006-06-17,0,0,13,0,3,0,0,0,0,0,29,0,12,0,50,30,70,0,164,0,0,0,0,5,0,0,0,0,41,37,0,0,1,0
2006-06-18,6,0,35,0,68,0,0,0,0,0,70,0,45,0,154,80,114,0,319,0,0,0,0,14,0,0,0,0,112,98,0,5,3,0
2006-06-19,38,8,53,0,87,0,3,7,0,0,424,3,61,0,340,113,193,0,540,0,0,0,4,33,0,0,0,19,168,189,0,15,17,8
2006-06-20,32,39,44,0,75,0,18,22,0,5,439,20,79,0,394,133,184,0,835,0,0,2,4,31,0,0,68,2,118,85,0,25,30,6
2006-06-21,29,49,61,0,66,0,43,32,0,60,804,30,74,0,368,149,247,0,778,46,0,87,6,24,0,0,151,35,74,125,0,23,42,4
2006-06-22,42,6,60,0,37,0,0,0,0,44,1379,23,76,0,341,141,214,0,688,74,0,102,6,41,0,0,70,147,102,160,0,9,8,7
2006-06-23,42,0,9,0,24,0,0,0,0,0,1247,0,50,0,265,61,21,0,765,0,0,0,6,7,0,0,0,88,113,41,0,1,0,0
2006-06-24,30,2,14,0,31,0,0,0,0,0,536,0,51,0,176,77,99,0,721,0,0,0,7,0,0,0,0,0,167,34,0,6,10,0
2006-06-25,31,37,44,0,97,0,25,149,0,0,219,0,50,0,204,155,270,0,791,0,0,0,8,10,0,0,148,0,305,115,0,25,46,0
2006-06-26,42,61,114,0,173,0,71,57,0,0,229,0,44,0,308,241,489,0,965,0,0,0,12,29,0,0,557,0,524,226,0,54,102,6
2006-06-27,74,16,166,0,285,0,0,0,0,0,264,0,71,0,443,278,535,0,1148,1,0,0,18,54,0,0,334,0,720,322,0,51,53,19
2006-06-28,84,8,146,0,284,0,0,0,0,0,187,0,129,0,507,235,313,0,1232,0,0,0,22,63,0,0,7,0,571,293,0,29,32,25
2006-06-29,109,0,112,0,283,0,0,0,0,0,485,0,154,0,583,171,151,0,1011,0,0,0,24,86,0,0,0,0,479,265,0,4,2,26
2006-06-30,98,0,20,0,324,0,0,0,0,0,846,0,224,0,603,51,5,0,775,0,0,0,16,91,0,0,0,26,388,80,0,2,0,30
2006-07-01,42,0,7,2,42,0,0,0,0,0,921,0,771,0,456,23,0,0,643,0,0,0,8,22,1,0,0,4,17,0,0,0,0,0
2006-07-02,16,0,1,10,0,0,0,5,0,0,778,0,965,10,127,6,0,0,462,0,0,0,5,0,29,0,0,0,0,0,0,0,0,0
2006-07-03,2,0,0,9,0,0,0,10,0,0,576,0,573,3,21,3,0,0,424,0,0,0,1,0,30,0,0,0,0,0,0,0,0,0
2006-07-04,1,0,0,58,0,7,0,194,0,0,544,0,730,0,2,3,0,0,360,0,4,0,1,0,90,0,0,0,0,0,0,0,0,0
2006-07-05,5,0,0,12,0,0,0,538,5,0,396,0,118,0,16,3,0,0,342,0,0,0,1,0,58,0,146,0,8,0,0,0,0,0
2006-07-06,7,2,1,0,4,0,2,192,8,0,561,0,27,0,42,9,38,0,288,21,0,0,3,0,0,0,386,15,57,18,26,0,5,0
2006-07-07,4,3,3,0,3,0,4,55,0,14,937,12,24,0,49,30,130,0,129,148,0,92,1,2,0,0,693,147,37,73,61,0,20,0
2006-07-08,0,0,0,0,3,0,0,0,0,138,1480,250,66,0,17,8,116,0,104,259,0,225,0,0,0,0,538,159,51,36,0,0,12,0
2006-07-09,0,1,0,0,4,0,0,12,0,109,2255,82,86,0,27,17,50,0,239,193,0,194,1,0,0,0,399,248,21,16,0,1,8,0
2006-07-10,4,10,1,0,1,0,26,61,0,78,2806,34,424,0,50,42,150,0,452,193,0,166,2,0,0,0,804,353,17,38,0,4,25,0
2006-07-11,14,35,9,0,11,9,113,286,0,12,2414,0,746,0,65,91,229,0,638,195,0,121,4,0,0,0,921,472,150,54,0,18,55,0
2006-07-12,11,20,7,0,12,4,31,117,0,3,1864,0,646,0,114,87,151,0,607,62,0,42,4,0,0,0,516,480,99,52,0,11,33,0
2006-07-13,12,13,2,0,6,0,27,190,0,0,1703,0,636,0,119,55,147,0,539,38,0,4,4,0,0,0,482,461,65,20,0,4,33,0
2006-07-14,14,3,7,0,47,0,0,5,0,0,1567,0,688,0,175,77,171,0,623,0,0,0,5,0,0,0,0,454,144,23,0,9,14,0
2006-07-15,24,0,5,0,26,0,0,0,0,0,1747,0,1125,0,231,33,4,0,685,0,0,0,6,5,0,0,0,466,42,6,0,4,0,0
2006-07-16,19,0,0,2,1,0,0,1,0,0,2029,0,1402,0,207,7,0,0,498,0,0,0,4,4,3,0,0,584,1,0,0,0,0,0
2006-07-17,6,0,0,20,0,0,0,14,0,0,2321,0,1565,1,125,2,0,0,314,0,0,0,1,0,31,0,0,553,0,0,0,0,0,0
2006-07-18,7,0,0,76,0,0,4,259,0,0,1467,0,2060,38,66,7,0,0,303,0,5,0,1,0,80,0,81,134,0,0,0,1,0,0
2006-07-19,7,17,2,165,4,17,77,889,0,0,1111,0,1731,125,70,22,157,0,422,0,12,0,2,1,152,0,167,52,96,23,0,5,33,0
2006-07-20,24,65,16,58,59,31,207,1539,8,0,1501,0,1376,24,198,102,326,0,727,0,7,0,6,18,86,0,716,79,235,124,0,30,70,1
2006-07-21,43,79,48,81,31,31,197,1112,0,0,1946,0,2195,21,206,193,431,0,1011,0,9,0,11,30,70,0,754,86,171,185,0,57,99,6
2006-07-22,31,70,66,14,16,11,172,595,0,0,1643,0,941,0,109,221,406,0,1137,0,1,0,11,22,18,0,430,39,120,170,0,49,101,5
2006-07-23,21,40,55,1,44,6,72,239,0,0,1796,0,663,0,135,186,320,0,1060,0,0,0,7,29,2,0,456,100,230,161,0,33,89,6
2006-07-24,28,40,42,9,144,21,74,411,0,0,1938,0,1347,0,268,168,301,0,966,0,3,0,8,42,5,0,658,58,389,191,0,23,61,8
2006-07-25,21,67,25,98,169,40,116,909,0,0,1897,0,2204,13,277,152,337,0,935,0,11,0,7,22,74,0,389,71,462,152,0,30,70,0
2006-07-26,22,90,35,134,129,13,141,1149,0,0,1911,0,2189,31,272,171,414,0,877,0,14,0,7,11,114,0,489,50,396,149,0,39,86,0
2006-07-27,26,73,50,27,167,17,196,947,6,0,1204,0,790,0,286,187,406,0,989,0,4,0,8,14,42,0,532,12,469,174,18,30,83,0
2006-07-28,38,66,53,0,118,0,105,186,1,0,934,0,134,0,386,180,431,0,965,0,0,0,10,38,0,0,361,38,413,215,0,19,94,5
2006-07-29,35,5,31,0,141,0,1,2,0,0,1395,0,157,0,368,124,264,0,649,0,0,0,8,35,0,0,141,117,332,208,0,5,22,5
2006-07-30,22,24,6,0,109,0,18,101,0,0,1940,0,364,0,321,70,75,0,698,0,0,0,7,10,0,0,61,112,192,79,0,11,25,0
2006-07-31,37,18,32,0,112,0,11,4,0,0,1960,0,251,0,331,138,197,0,933,0,0,0,10,17,0,0,18,88,256,117,0,12,28,1
2006-08-01,39,0,48,0,131,0,0,0,0,0,1771,0,157,0,362,99,108,0,794,0,0,0,9,31,0,0,0,93,278,177,0,0,2,6
2006-08-02,49,0,6,0,190,0,0,0,0,0,1790,0,60,0,366,21,0,0,610,0,0,0,7,37,0,0,0,179,277,37,0,0,0,13
2006-08-03,42,0,4,0,260,0,0,0,0,0,1604,0,16,0,408,10,0,0,326,0,0,0,6,56,0,0,0,138,326,85,0,0,0,18
2006-08-04,34,0,0,0,328,0,0,0,0,0,937,0,4,0,417,1,0,0,220,0,0,0,3,58,0,0,0,227,357,59,0,0,0,9
2006-08-05,1,0,0,0,177,0,0,0,0,0,1223,0,4,0,420,0,0,0,55,0,0,0,0,17,0,0,0,353,113,0,0,0,0,0
2006-08-06,0,0,0,0,68,0,0,0,0,0,1286,0,8,0,347,0,0,0,41,0,0,0,0,6,0,0,0,455,25,0,0,0,0,0
2006-08-07,0,0,0,0,7,0,0,0,0,0,1285,0,26,0,209,0,0,0,101,0,0,0,0,0,0,0,0,369,10,0,0,0,0,0
2006-08-08,0,0,0,0,1,0,0,0,0,0,917,0,59,0,181,1,0,0,108,0,0,0,0,0,0,0,0,267,0,0,0,0,0,0
2006-08-09,2,0,0,0,9,0,0,0,0,0,860,0,22,0,185,0,0,0,21,0,0,0,0,1,0,0,0,354,3,0,0,0,0,0
2006-08-10,0,0,0,0,42,0,0,0,0,0,1183,0,25,0,141,0,0,0,17,0,0,0,0,0,0,0,0,401,52,0,0,0,0,0
2006-08-11,0,0,0,0,35,0,0,0,0,0,1248,0,5,0,169,0,0,0,29,0,0,0,0,0,0,0,0,426,6,0,0,0,0,0
2006-08-12,2,0,0,0,28,0,0,0,0,0,1163,0,0,0,175,0,0,0,61,0,0,0,0,0,0,0,0,278,5,0,0,0,0,0
2006-08-13,0,0,0,0,143,0,0,0,0,0,575,0,0,0,242,0,0,0,38,0,0,0,0,7,0,0,0,76,142,0,0,0,0,0
2006-08-14,0,0,0,0,94,0,0,0,0,0,436,0,0,0,296,0,0,0,28,0,0,0,0,6,0,0,0,8,61,0,0,0,0,0
2006-08-15,0,0,0,0,131,0,0,0,0,0,181,0,0,0,311,0,0,0,60,0,0,0,0,2,0,0,0,0,78,0,0,0,0,0
2006-08-16,1,0,0,0,133,0,0,0,0,0,101,0,1,0,350,0,0,0,201,0,0,0,1,8,0,0,0,0,88,1,0,0,0,0
2006-08-17,16,2,15,0,186,0,0,0,0,0,37,0,3,0,424,38,105,0,379,0,0,0,4,34,0,0,9,0,200,94,0,0,18,3
2006-08-18,60,12,42,0,248,0,1,0,0,0,21,0,2,0,596,80,224,0,677,0,0,0,8,62,0,0,45,0,386,207,0,4,30,20
2006-08-19,101,0,76,0,406,0,0,0,0,0,38,0,4,0,725,92,131,0,728,0,0,0,15,104,0,0,0,0,626,233,0,0,10,31
2006-08-20,121,0,117,0,620,0,0,0,0,0,195,0,14,0,837,114,205,0,841,0,0,0,24,135,0,0,0,28,791,348,0,0,9,48
2006-08-21,65,0,1,0,387,0,0,0,0,0,594,0,5,0,800,2,0,0,435,0,0,0,6,63,0,0,0,210,440,0,0,0,0,2
2006-08-22,11,0,0,0,45,0,0,0,0,0,797,0,6,0,538,0,0,0,136,0,0,0,1,2,0,0,0,258,12,0,0,0,0,0
2006-08-23,6,0,0,0,26,0,0,0,0,0,931,0,6,0,310,0,0,0,107,0,0,0,2,0,0,0,0,116,0,0,0,0,0,0
2006-08-24,8,0,0,0,24,0,0,0,0,0,724,0,1,0,274,1,0,0,150,0,0,0,3,3,0,0,0,52,2,0,0,0,0,0
2006-08-25,9,0,0,0,50,0,0,0,0,0,679,0,0,0,251,0,0,0,156,0,0,0,0,6,0,0,0,97,54,0,0,0,0,0
2006-08-26,1,0,0,0,46,0,0,0,0,0,614,0,1,0,240,0,0,0,71,0,0,0,0,1,0,0,0,63,57,0,0,0,0,0
2006-08-27,0,0,0,0,37,0,0,0,0,0,697,0,0,0,277,0,0,0,27,0,0,0,0,2,0,0,0,161,8,0,0,0,0,0
2006-08-28,0,0,0,0,0,0,0,0,0,0,1131,0,0,0,161,0,0,0,15,0,0,0,0,0,0,0,0,219,0,0,0,0,0,0
2006-08-29,0,0,0,0,0,0,0,0,0,0,1261,0,0,0,123,0,0,0,46,0,0,0,0,0,0,0,0,268,0,0,0,0,0,0
2006-08-30,0,0,0,0,3,0,0,0,0,0,1095,0,0,0,205,0,0,0,37,0,0,0,0,0,0,0,0,304,0,0,0,0,0,0
2006-08-31,0,0,0,0,0,0,0,0,0,0,993,0,0,0,38,0,0,0,5,0,0,0,0,0,0,0,0,229,0,0,0,0,0,0
2006-09-01,0,0,0,0,0,0,0,0,0,0,1248,0,0,0,2,0,0,0,1,0,0,0,0,0,0,0,0,137,0,0,0,0,0,0
2006-09-02,0,0,0,0,0,0,0,0,0,0,1367,0,0,0,0,0,0,0,0,0,0,0,0,0,0,0,0,160,0,0,0,0,0,0
2006-09-03,0,0,0,0,0,0,0,0,0,0,1531,0,15,0,6,0,0,0,5,0,0,0,0,0,0,0,0,254,0,0,0,0,0,0
2006-09-04,0,11,0,0,39,0,0,0,0,0,1835,0,127,0,93,0,44,0,96,0,0,0,0,1,0,0,0,451,65,0,0,0,11,0
2006-09-05,2,0,0,0,143,0,0,0,0,0,1718,0,306,0,317,2,0,0,202,0,0,0,2,18,0,0,0,432,66,0,0,0,0,0
2006-09-06,24,0,2,0,3,0,0,0,0,0,1202,0,371,0,289,13,0,0,335,0,0,0,5,4,0,0,0,275,0,0,0,0,0,0
2006-09-07,11,0,0,0,0,0,0,0,0,0,950,0,174,0,108,6,0,0,351,0,0,0,2,0,0,0,0,182,0,0,0,0,0,0
2006-09-08,5,0,0,0,0,0,0,0,0,0,992,0,116,0,50,1,0,0,218,0,0,0,2,2,0,0,0,232,0,0,0,0,0,0
2006-09-09,11,0,0,0,0,0,0,0,0,0,833,0,129,0,90,0,0,0,65,0,0,0,0,0,0,0,0,222,0,0,0,0,0,0
2006-09-10,4,0,0,0,0,0,0,0,0,0,528,0,132,0,33,0,0,0,31,0,0,0,0,0,0,0,0,81,0,0,0,0,0,0
2006-09-11,0,0,0,0,0,0,0,0,0,0,353,0,79,0,5,0,0,0,13,0,0,0,0,0,0,0,0,8,0,0,0,0,0,0
2006-09-12,0,0,0,0,0,0,0,0,0,0,35,0,5,0,1,0,0,0,5,0,0,0,0,0,0,0,0,1,0,0,0,0,0,0
2006-09-13,0,0,0,0,0,0,0,0,0,0,5,0,1,0,1,0,0,0,15,0,0,0,0,0,0,0,0,0,0,0,0,0,0,0
2006-09-14,0,0,0,0,0,0,0,0,0,0,0,0,0,0,1,0,0,0,17,0,0,0,0,0,0,0,0,0,0,0,0,0,0,0
2006-09-15,0,0,0,0,0,0,0,0,0,0,0,0,0,0,6,0,0,0,33,0,0,0,0,0,0,0,0,0,0,0,0,0,0,0
2006-09-16,3,0,0,0,0,0,0,0,0,0,0,0,0,0,16,0,0,0,3,0,0,0,0,0,0,0,0,0,0,0,0,0,0,0
2006-09-17,0,0,0,0,0,0,0,0,0,0,1,0,0,0,12,0,0,0,0,0,0,0,0,0,0,0,0,0,0,0,0,0,0,0
2006-09-18,0,0,0,0,0,0,0,0,0,0,36,0,0,0,8,0,0,0,0,0,0,0,0,0,0,0,0,1,0,0,0,0,0,0
2006-09-19,0,0,0,0,0,0,0,0,0,0,96,0,0,0,5,0,0,0,0,0,0,0,0,0,0,0,0,0,0,0,0,0,0,0
2006-09-20,0,0,0,0,0,0,0,0,0,0,145,0,0,0,3,0,0,0,0,0,0,0,0,0,0,0,0,6,0,0,0,0,0,0
2006-09-21,0,0,0,0,0,0,0,0,0,0,7,0,8,0,0,0,0,0,0,0,0,0,0,0,0,0,0,0,0,0,0,0,0,0
2006-09-22,0,0,0,0,0,0,0,0,0,0,27,0,0,0,0,0,0,0,0,0,0,0,0,0,0,0,0,0,0,0,0,0,0,0
2006-09-23,0,0,0,0,0,0,0,0,0,0,6,0,0,0,0,0,0,0,0,0,0,0,0,0,0,0,0,0,0,0,0,0,0,0
2006-09-24,0,0,0,0,0,0,0,0,0,0,0,0,0,0,0,0,0,0,0,0,0,0,0,0,0,0,0,0,0,0,0,0,0,0
2006-09-25,0,0,0,0,0,0,0,0,0,0,10,0,0,0,0,0,0,0,0,0,0,0,0,0,0,0,0,0,0,0,0,0,0,0
2006-09-26,0,0,0,0,0,0,0,0,0,0,39,0,0,0,0,0,0,0,0,0,0,0,0,0,0,0,0,0,0,0,0,0,0,0
2006-09-27,0,0,0,0,0,0,0,0,0,0,1,0,0,0,8,0,0,0,0,0,0,0,0,0,0,0,0,0,0,0,0,0,0,0
2006-09-28,0,0,0,0,0,0,0,0,0,0,3,0,0,0,2,0,0,0,0,0,0,0,0,0,0,0,0,0,0,0,0,0,0,0
2006-09-29,0,0,0,0,0,0,0,0,0,0,13,0,0,0,0,0,0,0,0,0,0,0,0,0,0,0,0,0,0,0,0,0,0,0
2006-09-30,0,0,0,0,0,0,0,0,0,0,5,0,0,0,0,0,0,0,0,0,0,0,0,0,0,0,0,0,0,0,0,0,0,0
2006-10-01,0,0,0,0,0,0,0,0,0,0,16,0,0,0,0,0,0,0,0,0,0,0,0,0,0,0,0,0,0,0,0,0,0,0
2006-10-02,0,0,0,0,0,0,0,0,0,0,56,0,0,0,0,0,0,0,0,0,0,0,0,0,0,0,0,0,0,0,0,0,0,0
2006-10-03,0,0,0,0,0,0,0,0,0,0,58,0,0,0,0,0,0,0,17,0,0,0,0,0,0,0,0,0,0,0,0,0,0,0
2006-10-04,0,0,0,0,0,0,0,0,0,0,0,0,0,0,0,0,0,0,32,0,0,0,0,0,0,0,0,0,0,0,0,0,0,0
2006-10-05,0,0,0,0,0,0,0,0,0,0,0,0,0,0,0,0,0,0,0,0,0,0,0,0,0,0,0,0,1,0,0,0,0,0
2006-10-06,0,0,0,0,0,0,0,0,0,0,0,0,0,0,0,0,0,0,0,0,0,0,0,0,0,0,0,0,0,0,0,0,0,0
2006-10-07,0,0,0,0,0,0,0,0,0,0,2,0,0,0,0,0,0,0,0,0,0,0,0,0,0,0,0,0,0,0,0,0,0,0
2006-10-08,0,0,0,0,0,0,0,0,0,0,0,0,0,0,0,0,0,0,0,0,0,0,0,0,0,0,0,0,0,0,0,0,0,0
2006-10-09,0,0,0,0,0,0,0,0,0,0,3,0,0,0,0,0,0,0,0,0,0,0,0,0,0,0,0,0,0,0,0,0,0,0
2006-10-10,0,0,0,0,0,0,0,0,0,0,0,0,0,0,0,0,0,0,0,0,0,0,0,0,0,0,0,0,0,0,0,0,0,0
2006-10-11,0,0,0,0,0,0,0,0,0,0,0,0,0,0,0,0,0,0,0,0,0,0,0,0,0,0,0,0,0,0,0,0,0,0
2006-10-12,0,0,0,0,0,0,0,0,0,0,0,0,0,0,0,0,0,0,0,0,0,0,0,0,0,0,0,0,0,0,0,0,0,0
2006-10-13,0,0,0,0,0,0,0,0,0,0,0,0,0,0,0,0,0,0,0,0,0,0,0,0,0,0,0,0,0,0,0,0,0,0
2006-10-14,0,0,0,0,0,0,0,0,0,0,0,0,0,0,0,0,0,0,0,0,0,0,0,0,0,0,0,0,0,0,0,0,0,0
2006-10-15,0,0,0,0,0,0,0,0,0,0,0,0,0,0,0,0,0,0,0,0,0,0,0,0,0,0,0,0,0,0,0,0,0,0
2006-10-16,0,0,0,0,0,0,0,0,0,0,0,0,0,0,0,0,0,0,0,0,0,0,0,0,0,0,0,0,0,0,0,0,0,0
2006-10-17,0,0,0,0,0,0,0,0,0,0,0,0,0,0,0,0,0,0,0,0,0,0,0,0,0,0,0,0,0,0,0,0,0,0
2006-10-18,0,0,0,0,0,0,0,0,0,0,0,0,0,0,0,0,0,0,0,0,0,0,0,0,0,0,0,0,0,0,0,0,0,0
2006-10-19,0,0,0,0,0,0,0,0,0,0,0,0,0,0,0,0,0,0,0,0,0,0,0,0,0,0,0,0,0,0,0,0,0,0
2006-10-20,0,0,0,0,0,0,0,0,0,0,0,0,0,0,0,0,0,0,0,0,0,0,0,0,0,0,0,0,0,0,0,0,0,0
2006-10-21,0,0,0,0,0,0,0,0,0,0,0,0,0,0,0,0,0,0,0,0,0,0,0,0,0,0,0,0,0,0,0,0,0,0
2006-10-22,0,0,0,0,0,0,0,0,0,0,0,0,0,0,0,0,0,0,0,0,0,0,0,0,0,0,0,0,0,0,0,0,0,0
2006-10-23,0,0,0,0,0,0,0,0,0,0,0,0,0,0,0,0,0,0,0,0,0,0,0,0,0,0,0,0,0,0,0,0,0,0
2006-10-24,0,0,0,0,0,0,0,0,0,0,0,0,0,0,0,0,0,0,0,0,0,0,0,0,0,0,0,0,0,0,0,0,0,0
2006-10-25,0,0,0,0,0,0,0,0,0,0,1,0,0,0,0,0,0,0,0,0,0,0,0,0,0,0,0,0,0,0,0,0,0,0
2006-10-26,0,0,0,0,0,0,0,0,0,0,3,0,0,0,0,0,0,0,1,0,0,0,0,0,0,0,0,0,0,0,0,0,0,0
2006-10-27,0,0,0,0,0,0,0,0,0,0,0,0,0,0,0,0,0,0,0,0,0,0,0,0,0,0,0,0,0,0,0,0,0,0
2006-10-28,0,0,0,0,0,0,0,0,0,0,0,0,0,0,0,0,0,0,0,0,0,0,0,0,0,0,0,0,0,0,0,0,0,0
2006-10-29,0,0,0,0,0,0,0,0,0,0,0,0,0,0,0,0,0,0,0,0,0,0,0,0,0,0,0,0,0,0,0,0,0,0
2006-10-30,0,0,0,0,0,0,0,0,0,0,0,0,0,0,0,0,0,0,0,0,0,0,0,0,0,0,0,0,0,0,0,0,0,0
2006-10-31,0,0,0,0,0,0,0,0,0,0,0,0,0,0,0,0,0,0,0,0,0,0,0,0,0,0,0,0,0,0,0,0,0,0
2006-11-01,0,0,0,0,0,0,0,0,0,0,0,0,0,0,0,0,0,0,0,0,0,0,0,0,0,0,0,0,0,0,0,0,0,0
2006-11-02,0,0,0,0,0,0,0,0,0,0,0,0,0,0,0,0,0,0,0,0,0,0,0,0,0,0,0,0,0,0,0,0,0,0
2006-11-03,0,0,0,0,0,0,0,0,0,0,0,0,0,0,0,0,0,0,0,0,0,0,0,0,0,0,0,0,0,0,0,0,0,0
2006-11-04,0,0,0,0,0,0,0,0,0,0,0,0,0,0,0,0,0,0,0,0,0,0,0,0,0,0,0,0,0,0,0,0,0,0
2006-11-05,0,0,0,0,0,0,0,0,0,0,0,0,0,0,0,0,0,0,0,0,0,0,0,0,0,0,0,0,0,0,0,0,0,0
2006-11-06,0,0,0,0,0,0,0,0,0,0,0,0,0,0,0,0,0,0,0,0,0,0,0,0,0,0,0,0,0,0,0,0,0,0
2006-11-07,0,0,0,0,0,0,0,0,0,0,0,0,0,0,0,0,0,0,0,0,0,0,0,0,0,0,0,0,0,0,0,0,0,0
2006-11-08,0,0,0,0,0,0,0,0,0,0,0,0,0,0,0,0,0,0,0,0,0,0,0,0,0,0,0,0,0,0,0,0,0,0
2006-11-09,0,0,0,0,0,0,0,0,0,0,0,0,0,0,0,0,0,0,0,0,0,0,0,0,0,0,0,0,0,0,0,0,0,0
2006-11-10,0,0,0,0,0,0,0,0,0,0,0,0,0,0,0,0,0,0,0,0,0,0,0,0,0,0,0,0,0,0,0,0,0,0
2006-11-11,0,0,0,0,0,0,0,0,0,0,0,0,0,0,0,0,0,0,0,0,0,0,0,0,0,0,0,0,0,0,0,0,0,0
2006-11-12,0,0,0,0,0,0,0,0,0,0,0,0,0,0,0,0,0,0,0,0,0,0,0,0,0,0,0,0,0,0,0,0,0,0
2006-11-13,0,0,0,0,0,0,0,0,0,0,0,0,0,0,0,0,0,0,0,0,0,0,0,0,0,0,0,0,0,0,0,0,0,0
2006-11-14,0,0,0,0,0,0,0,0,0,0,0,0,0,0,0,0,0,0,0,0,0,0,0,0,0,0,0,0,0,0,0,0,0,0
2006-11-15,0,0,0,0,0,0,0,0,0,0,0,0,0,0,0,0,0,0,0,0,0,0,0,0,0,0,0,0,0,0,0,0,0,0
2006-11-16,0,0,0,0,0,0,0,0,0,0,0,0,0,0,0,0,0,0,0,0,0,0,0,0,0,0,0,0,0,0,0,0,0,0
2006-11-17,0,0,0,0,0,0,0,0,0,0,0,0,0,0,0,0,0,0,0,0,0,0,0,0,0,0,0,0,0,0,0,0,0,0
2006-11-18,0,0,0,0,0,0,0,0,0,0,0,0,0,0,0,0,0,0,0,0,0,0,0,0,0,0,0,0,0,0,0,0,0,0
2006-11-19,0,0,0,0,0,0,0,0,0,0,0,0,0,0,0,0,0,0,0,0,0,0,0,0,0,0,0,0,0,0,0,0,0,0
2006-11-20,0,0,0,0,0,0,0,0,0,0,0,0,0,0,0,0,0,0,0,0,0,0,0,0,0,0,0,0,0,0,0,0,0,0
2006-11-21,0,0,0,0,0,0,0,0,0,0,0,0,0,0,0,0,0,0,0,0,0,0,0,0,0,0,0,0,0,0,0,0,0,0
2006-11-22,0,0,0,0,0,0,0,0,0,0,0,0,0,0,0,0,0,0,0,0,0,0,0,0,0,0,0,0,0,0,0,0,0,0
2006-11-23,0,0,0,0,0,0,0,0,0,0,0,0,0,0,0,0,0,0,0,0,0,0,0,0,0,0,0,0,0,0,0,0,0,0
2006-11-24,0,0,0,0,0,0,0,0,0,0,0,0,0,0,0,0,0,0,0,0,0,0,0,0,0,0,0,0,0,0,0,0,0,0
2006-11-25,0,0,0,0,0,0,0,0,0,0,0,0,0,0,0,0,0,0,0,0,0,0,0,0,0,0,0,0,0,0,0,0,0,0
2006-11-26,0,0,0,0,0,0,0,0,0,0,0,0,0,0,0,0,0,0,0,0,0,0,0,0,0,0,0,0,0,0,0,0,0,0
2006-11-27,0,0,0,0,0,0,0,0,0,0,0,0,0,0,0,0,0,0,0,0,0,0,0,0,0,0,0,0,0,0,0,0,0,0
2006-11-28,0,0,0,0,0,0,0,0,0,0,0,0,0,0,0,0,0,0,0,0,0,0,0,0,0,0,0,0,0,0,0,0,0,0
2006-11-29,0,0,0,0,0,0,0,0,0,0,0,0,0,0,0,0,0,0,0,0,0,0,0,0,0,0,0,0,0,0,0,0,0,0
2006-11-30,0,0,0,0,0,0,0,0,0,0,0,0,0,0,0,0,0,0,0,0,0,0,0,0,0,0,0,0,0,0,0,0,0,0
2006-12-01,0,0,0,0,0,0,0,0,0,0,0,0,0,0,0,0,0,0,0,0,0,0,0,0,0,0,0,0,0,0,0,0,0,0
2006-12-02,0,0,0,0,0,0,0,0,0,0,0,0,0,0,0,0,0,0,0,0,0,0,0,0,0,0,0,0,0,0,0,0,0,0
2006-12-03,0,0,0,0,0,0,0,0,0,0,0,0,0,0,0,0,0,0,0,0,0,0,0,0,0,0,0,0,0,0,0,0,0,0
2006-12-04,0,0,0,0,0,0,0,0,0,0,0,0,0,0,0,0,0,0,0,0,0,0,0,0,0,0,0,0,0,0,0,0,0,0
2006-12-05,0,0,0,0,0,0,0,0,0,0,0,0,0,0,0,0,0,0,0,0,0,0,0,0,0,0,0,0,0,0,0,0,0,0
2006-12-06,0,0,0,0,0,0,0,0,0,0,0,0,0,0,0,0,0,0,0,0,0,0,0,0,0,0,0,0,0,0,0,0,0,0
2006-12-07,0,0,0,0,0,0,0,0,0,0,0,0,0,0,0,0,0,0,0,0,0,0,0,0,0,0,0,0,0,0,0,0,0,0
2006-12-08,0,0,0,0,0,0,0,0,0,0,0,0,0,0,0,0,0,0,0,0,0,0,0,0,0,0,0,0,0,0,0,0,0,0
2006-12-09,0,0,0,0,0,0,0,0,0,0,0,0,0,0,0,0,0,0,0,0,0,0,0,0,0,0,0,0,0,0,0,0,0,0
2006-12-10,0,0,0,0,0,0,0,0,0,0,0,0,0,0,0,0,0,0,0,0,0,0,0,0,0,0,0,0,0,0,0,0,0,0
2006-12-11,0,0,0,0,0,0,0,0,0,0,0,0,0,0,0,0,0,0,0,0,0,0,0,0,0,0,0,0,0,0,0,0,0,0
2006-12-12,0,0,0,0,0,0,0,0,0,0,0,0,0,0,0,0,0,0,0,0,0,0,0,0,0,0,0,0,0,0,0,0,0,0
2006-12-13,0,0,0,0,0,0,0,0,0,0,0,0,0,0,0,0,0,0,0,0,0,0,0,0,0,0,0,0,0,0,0,0,0,0
2006-12-14,0,0,0,0,0,0,0,0,0,0,0,0,0,0,0,0,0,0,0,0,0,0,0,0,0,0,0,0,0,0,0,0,0,0
2006-12-15,0,0,0,0,0,0,0,0,0,0,0,0,0,0,0,0,0,0,0,0,0,0,0,0,0,0,0,0,0,0,0,0,0,0
2006-12-16,0,0,0,0,0,0,0,0,0,0,0,0,0,0,0,0,0,0,0,0,0,0,0,0,0,0,0,0,0,0,0,0,0,0
2006-12-17,0,0,0,0,0,0,0,0,0,0,0,0,0,0,0,0,0,0,0,0,0,0,0,0,0,0,0,0,0,0,0,0,0,0
2006-12-18,0,0,0,0,0,0,0,0,0,0,0,0,0,0,0,0,0,0,0,0,0,0,0,0,0,0,0,0,0,0,0,0,0,0
2006-12-19,0,0,0,0,0,0,0,0,0,0,0,0,0,0,0,0,0,0,0,0,0,0,0,0,0,0,0,0,0,0,0,0,0,0
2006-12-20,0,0,0,0,0,0,0,0,0,0,0,0,0,0,0,0,0,0,0,0,0,0,0,0,0,0,0,0,0,0,0,0,0,0
2006-12-21,0,0,0,0,0,0,0,0,0,0,0,0,0,0,0,0,0,0,0,0,0,0,0,0,0,0,0,0,0,0,0,0,0,0
2006-12-22,0,0,0,0,0,0,0,0,0,0,0,0,0,0,0,0,0,0,0,0,0,0,0,0,0,0,0,0,0,0,0,0,0,0
2006-12-23,0,0,0,0,0,0,0,0,0,0,0,0,0,0,0,0,0,0,0,0,0,0,0,0,0,0,0,0,0,0,0,0,0,0
2006-12-24,0,0,0,0,0,0,0,0,0,0,0,0,0,0,0,0,0,0,0,0,0,0,0,0,0,0,0,0,0,0,0,0,0,0
2006-12-25,0,0,0,0,0,0,0,0,0,0,0,0,0,0,0,0,0,0,0,0,0,0,0,0,0,0,0,0,0,0,0,0,0,0
2006-12-26,0,0,0,0,0,0,0,0,0,0,0,0,0,0,0,0,0,0,0,0,0,0,0,0,0,0,0,0,0,0,0,0,0,0
2006-12-27,0,0,0,0,0,0,0,0,0,0,0,0,0,0,0,0,0,0,0,0,0,0,0,0,0,0,0,0,0,0,0,0,0,0
2006-12-28,0,0,0,0,0,0,0,0,0,0,0,0,0,0,0,0,0,0,0,0,0,0,0,0,0,0,0,0,0,0,0,0,0,0
2006-12-29,0,0,0,0,0,0,0,0,0,0,0,0,0,0,0,0,0,0,0,0,0,0,0,0,0,0,0,0,0,0,0,0,0,0
2006-12-30,0,0,0,0,0,0,0,0,0,0,0,0,0,0,0,0,0,0,0,0,0,0,0,0,0,0,0,0,0,0,0,0,0,0
2006-12-31,0,0,0,0,0,0,0,0,0,0,0,0,0,0,0,0,0,0,0,0,0,0,0,0,0,0,0,0,0,0,0,0,0,0
2007-01-01,0,0,0,0,0,0,0,0,0,0,0,0,0,0,0,0,0,0,0,0,0,0,0,0,0,0,0,0,0,0,0,0,0,0
2007-01-02,0,0,0,0,0,0,0,0,0,0,0,0,0,0,0,0,0,0,0,0,0,0,0,0,0,0,0,0,0,0,0,0,0,0
2007-01-03,0,0,0,0,0,0,0,0,0,0,0,0,0,0,0,0,0,0,0,0,0,0,0,0,0,0,0,0,0,0,0,0,0,0
2007-01-04,0,0,0,0,0,0,0,0,0,0,0,0,0,0,0,0,0,0,0,0,0,0,0,0,0,0,0,0,0,0,0,0,0,0
2007-01-05,0,0,0,0,0,0,0,0,0,0,0,0,0,0,0,0,0,0,0,0,0,0,0,0,0,0,0,0,0,0,0,0,0,0
2007-01-06,0,0,0,0,0,0,0,0,0,0,0,0,0,0,0,0,0,0,0,0,0,0,0,0,0,0,0,0,0,0,0,0,0,0
2007-01-07,0,0,0,0,0,0,0,0,0,0,0,0,0,0,0,0,0,0,0,0,0,0,0,0,0,0,0,0,0,0,0,0,0,0
2007-01-08,0,0,0,0,0,0,0,0,0,0,0,0,0,0,0,0,0,0,0,0,0,0,0,0,0,0,0,0,0,0,0,0,0,0
2007-01-09,0,0,0,0,0,0,0,0,0,0,0,0,0,0,0,0,0,0,0,0,0,0,0,0,0,0,0,0,0,0,0,0,0,0
2007-01-10,0,0,0,0,0,0,0,0,0,0,0,0,0,0,0,0,0,0,0,0,0,0,0,0,0,0,0,0,0,0,0,0,0,0
2007-01-11,0,0,0,0,0,0,0,0,0,0,0,0,0,0,0,0,0,0,0,0,0,0,0,0,0,0,0,0,0,0,0,0,0,0
2007-01-12,0,0,0,0,0,0,0,0,0,0,0,0,0,0,0,0,0,0,0,0,0,0,0,0,0,0,0,0,0,0,0,0,0,0
2007-01-13,0,0,0,0,0,0,0,0,0,0,0,0,0,0,0,0,0,0,0,0,0,0,0,0,0,0,0,0,0,0,0,0,0,0
2007-01-14,0,0,0,0,0,0,0,0,0,0,0,0,0,0,0,0,0,0,0,0,0,0,0,0,0,0,0,0,0,0,0,0,0,0
2007-01-15,0,0,0,0,0,0,0,0,0,0,0,0,0,0,0,0,0,0,0,0,0,0,0,0,0,0,0,0,0,0,0,0,0,0
2007-01-16,0,0,0,0,0,0,0,0,0,0,0,0,0,0,0,0,0,0,0,0,0,0,0,0,0,0,0,0,0,0,0,0,0,0
2007-01-17,0,0,0,0,0,0,0,0,0,0,0,0,0,0,0,0,0,0,0,0,0,0,0,0,0,0,0,0,0,0,0,0,0,0
2007-01-18,0,0,0,0,0,0,0,0,0,0,0,0,0,0,0,0,0,0,0,0,0,0,0,0,0,0,0,0,0,0,0,0,0,0
2007-01-19,0,0,0,0,0,0,0,0,0,0,0,0,0,0,0,0,0,0,0,0,0,0,0,0,0,0,0,0,0,0,0,0,0,0
2007-01-20,0,0,0,0,0,0,0,0,0,0,0,0,0,0,0,0,0,0,0,0,0,0,0,0,0,0,0,0,0,0,0,0,0,0
2007-01-21,0,0,0,0,0,0,0,0,0,0,0,0,0,0,0,0,0,0,0,0,0,0,0,0,0,0,0,0,0,0,0,0,0,0
2007-01-22,0,0,0,0,0,0,0,0,0,0,0,0,0,0,0,0,0,0,0,0,0,0,0,0,0,0,0,0,0,0,0,0,0,0
2007-01-23,0,0,0,0,0,0,0,0,0,0,0,0,0,0,0,0,0,0,0,0,0,0,0,0,0,0,0,0,0,0,0,0,0,0
2007-01-24,0,0,0,0,0,0,0,0,0,0,0,0,0,0,0,0,0,0,0,0,0,0,0,0,0,0,0,0,0,0,0,0,0,0
2007-01-25,0,0,0,0,0,0,0,0,0,0,0,0,0,0,0,0,0,0,0,0,0,0,0,0,0,0,0,0,0,0,0,0,0,0
2007-01-26,0,0,0,0,0,0,0,0,0,0,0,0,0,0,0,0,0,0,0,0,0,0,0,0,0,0,0,0,0,0,0,0,0,0
2007-01-27,0,0,0,0,0,0,0,0,0,0,0,0,0,0,0,0,0,0,0,0,0,0,0,0,0,0,0,0,0,0,0,0,0,0
2007-01-28,0,0,0,0,0,0,0,0,0,0,0,0,0,0,0,0,0,0,0,0,0,0,0,0,0,0,0,0,0,0,0,0,0,0
2007-01-29,0,0,0,0,0,0,0,0,0,0,0,0,0,0,0,0,0,0,0,0,0,0,0,0,0,0,0,0,0,0,0,0,0,0
2007-01-30,0,0,0,0,0,0,0,0,0,0,0,0,0,0,0,0,0,0,0,0,0,0,0,0,0,0,0,0,0,0,0,0,0,0
2007-01-31,0,0,0,0,0,0,0,0,0,0,0,0,0,0,0,0,0,0,0,0,0,0,0,0,0,0,0,0,0,0,0,0,0,0
2007-02-01,0,0,0,0,0,0,0,0,0,0,0,0,0,0,0,0,0,0,0,0,0,0,0,0,0,0,0,0,0,0,0,0,0,0
2007-02-02,0,0,0,0,0,0,0,0,0,0,0,0,0,0,0,0,0,0,0,0,0,0,0,0,0,0,0,0,0,0,0,0,0,0
2007-02-03,0,0,0,0,0,0,0,0,0,0,0,0,0,0,0,0,0,0,0,0,0,0,0,0,0,0,0,0,0,0,0,0,0,0
2007-02-04,0,0,0,0,0,0,0,0,0,0,0,0,0,0,0,0,0,0,0,0,0,0,0,0,0,0,0,0,0,0,0,0,0,0
2007-02-05,0,0,0,0,0,0,0,0,0,0,0,0,0,0,0,0,0,0,0,0,0,0,0,0,0,0,0,0,0,0,0,0,0,0
2007-02-06,0,0,0,0,0,0,0,0,0,0,0,0,0,0,0,0,0,0,0,0,0,0,0,0,0,0,0,0,0,0,0,0,0,0
2007-02-07,0,0,0,0,0,0,0,0,0,0,0,0,0,0,0,0,0,0,0,0,0,0,0,0,0,0,0,0,0,0,0,0,0,0
2007-02-08,0,0,0,0,0,0,0,0,0,0,0,0,0,0,0,0,0,0,0,0,0,0,0,0,0,0,0,0,0,0,0,0,0,0
2007-02-09,0,0,0,0,0,0,0,0,0,0,0,0,0,0,0,0,0,0,0,0,0,0,0,0,0,0,0,0,0,0,0,0,0,0
2007-02-10,0,0,0,0,0,0,0,0,0,0,0,0,0,0,0,0,0,0,0,0,0,0,0,0,0,0,0,0,0,0,0,0,0,0
2007-02-11,0,0,0,0,0,0,0,0,0,0,0,0,0,0,0,0,0,0,0,0,0,0,0,0,0,0,0,0,0,0,0,0,0,0
2007-02-12,0,0,0,0,0,0,0,0,0,0,0,0,0,0,0,0,0,0,0,0,0,0,0,0,0,0,0,0,0,0,0,0,0,0
2007-02-13,0,0,0,0,0,0,0,0,0,0,0,0,0,0,0,0,0,0,0,0,0,0,0,0,0,0,0,0,0,0,0,0,0,0
2007-02-14,0,0,0,0,0,0,0,0,0,0,0,0,0,0,0,0,0,0,0,0,0,0,0,0,0,0,0,0,0,0,0,0,0,0
2007-02-15,0,0,0,0,0,0,0,0,0,0,0,0,0,0,0,0,0,0,0,0,0,0,0,0,0,0,0,0,0,0,0,0,0,0
2007-02-16,0,0,0,0,0,0,0,0,0,0,0,0,0,0,0,0,0,0,0,0,0,0,0,0,0,0,0,0,0,0,0,0,0,0
2007-02-17,0,0,0,0,0,0,0,0,0,0,0,0,0,0,0,0,0,0,0,0,0,0,0,0,0,0,0,0,0,0,0,0,0,0
2007-02-18,0,0,0,0,0,0,0,0,0,0,0,0,0,0,0,0,0,0,0,0,0,0,0,0,0,0,0,0,0,0,0,0,0,0
2007-02-19,0,0,0,0,0,0,0,0,0,0,0,0,0,0,0,0,0,0,0,0,0,0,0,0,0,0,0,0,0,0,0,0,0,0
2007-02-20,0,0,0,0,0,0,0,0,0,0,0,0,0,0,0,0,0,0,0,0,0,0,0,0,0,0,0,0,0,0,0,0,0,0
2007-02-21,0,0,0,0,0,0,0,0,0,0,0,0,0,0,0,0,0,0,0,0,0,0,0,0,0,0,0,0,0,0,0,0,0,0
2007-02-22,0,0,0,0,0,0,0,0,0,0,0,0,0,0,0,0,0,0,0,0,0,0,0,0,0,0,0,0,0,0,0,0,0,0
2007-02-23,0,0,0,0,0,0,0,0,0,0,0,0,0,0,0,0,0,0,0,0,0,0,0,0,0,0,0,0,0,0,0,0,0,0
2007-02-24,0,0,0,0,0,0,0,0,0,0,0,0,0,0,0,0,0,0,0,0,0,0,0,0,0,0,0,0,0,0,0,0,0,0
2007-02-25,0,0,0,0,0,0,0,0,0,0,0,0,0,0,0,0,0,0,0,0,0,0,0,0,0,0,0,0,0,0,0,0,0,0
2007-02-26,0,0,0,0,0,0,0,0,0,0,0,0,0,0,0,0,0,0,0,0,0,0,0,0,0,0,0,0,0,0,0,0,0,0
2007-02-27,0,0,0,0,0,0,0,0,0,0,0,0,0,0,0,0,0,0,0,0,0,0,0,0,0,0,0,0,0,0,0,0,0,0
2007-02-28,0,0,0,0,0,0,0,0,0,0,0,0,0,0,0,0,0,0,0,0,0,0,0,0,0,0,0,0,0,0,0,0,0,0
2007-03-01,0,0,0,0,0,0,0,0,0,0,0,0,0,0,0,0,0,0,0,0,0,0,0,0,0,0,0,0,0,0,0,0,0,0
2007-03-02,0,0,0,0,0,0,0,0,0,0,0,0,0,0,0,0,0,0,0,0,0,0,0,0,0,0,0,0,0,0,0,0,0,0
2007-03-03,0,0,0,0,0,0,0,0,0,0,0,0,0,0,0,0,0,0,0,0,0,0,0,0,0,0,0,0,0,0,0,0,0,0
2007-03-04,0,0,0,0,0,0,0,0,0,0,0,0,0,0,0,0,0,0,0,0,0,0,0,0,0,0,0,0,0,0,0,0,0,0
2007-03-05,0,0,0,0,0,0,0,0,0,0,0,0,0,0,0,0,0,0,0,0,0,0,0,0,0,0,0,0,0,0,0,0,0,0
2007-03-06,0,0,0,0,0,0,0,0,0,0,0,0,0,0,0,0,0,0,0,0,0,0,0,0,0,0,0,0,0,0,0,0,0,0
2007-03-07,0,0,0,0,0,0,0,0,0,0,0,0,0,0,0,0,0,0,0,0,0,0,0,0,0,0,0,0,0,0,0,0,0,0
2007-03-08,0,0,0,0,0,0,0,0,0,0,0,0,0,0,0,0,0,0,0,0,0,0,0,0,0,0,0,0,0,0,0,0,0,0
2007-03-09,0,0,0,0,0,0,0,0,0,0,0,0,0,0,0,0,0,0,0,0,0,0,0,0,0,0,0,0,0,0,0,0,0,0
2007-03-10,0,0,0,0,0,0,0,0,0,0,0,0,0,0,0,0,0,0,0,0,0,0,0,0,0,0,0,0,0,0,0,0,0,0
2007-03-11,0,0,0,0,0,0,0,0,0,0,0,0,0,0,0,0,0,0,0,0,0,0,0,0,0,0,0,0,0,0,0,0,0,0
2007-03-12,0,0,0,0,0,0,0,0,0,0,0,0,0,0,0,0,0,0,0,0,0,0,0,0,0,0,0,0,0,0,0,0,0,0
2007-03-13,0,0,0,0,0,0,0,0,0,0,0,0,0,0,0,0,0,0,0,0,0,0,0,0,0,0,0,0,0,0,0,0,0,0
2007-03-14,0,0,0,0,0,0,0,0,0,0,0,0,0,0,0,0,0,0,0,0,0,0,0,0,0,0,0,0,0,0,0,0,0,0
2007-03-15,0,0,0,0,0,0,0,0,0,0,0,0,0,0,0,0,0,0,0,0,0,0,0,0,0,0,0,0,0,0,0,0,0,0
2007-03-16,0,0,0,0,0,0,0,0,0,0,0,0,0,0,0,0,0,0,0,0,0,0,0,0,0,0,0,0,0,0,0,0,0,0
2007-03-17,0,0,0,0,0,0,0,0,0,0,0,0,0,0,0,0,0,0,0,0,0,0,0,0,0,0,0,0,0,0,0,0,0,0
2007-03-18,0,0,0,0,0,0,0,0,0,0,0,0,0,0,0,0,0,0,0,0,0,0,0,0,0,0,0,0,0,0,0,0,0,0
2007-03-19,0,0,0,0,0,0,0,0,0,0,0,0,0,0,0,0,0,0,0,0,0,0,0,0,0,0,0,0,0,0,0,0,0,0
2007-03-20,0,0,0,0,0,0,0,0,0,0,0,0,0,0,0,0,0,0,0,0,0,0,0,0,0,0,0,0,0,0,0,0,0,0
2007-03-21,0,0,0,0,0,0,0,0,0,0,0,0,0,0,0,0,0,0,0,0,0,0,0,0,0,0,0,0,0,0,0,0,0,0
2007-03-22,0,0,0,0,0,0,0,0,0,0,0,0,0,0,0,0,0,0,0,0,0,0,0,0,0,0,0,0,0,0,0,0,0,0
2007-03-23,0,0,0,0,0,0,0,0,0,0,0,0,0,0,0,0,0,0,0,0,0,0,0,0,0,0,0,0,0,0,0,0,0,0
2007-03-24,0,0,0,0,0,0,0,0,0,0,0,0,0,0,0,0,0,0,0,0,0,0,0,0,0,0,0,0,0,0,0,0,0,0
2007-03-25,0,0,0,0,0,0,0,0,0,0,0,0,0,0,0,0,0,0,0,0,0,0,0,0,0,0,0,0,0,0,0,0,0,0
2007-03-26,0,0,0,0,0,0,0,0,0,0,0,0,0,0,0,0,0,0,0,0,0,0,0,0,0,0,0,0,0,0,0,0,0,0
2007-03-27,0,0,0,0,0,0,0,0,0,0,0,0,0,0,0,0,0,0,0,0,0,0,0,0,0,0,0,0,0,0,0,0,0,0
2007-03-28,0,0,0,0,0,0,0,0,0,0,0,0,0,0,0,0,0,0,0,0,0,0,0,0,0,0,0,0,0,0,0,0,0,0
2007-03-29,0,0,0,0,0,0,0,0,0,0,0,0,0,0,0,0,0,0,0,0,0,0,0,0,0,0,0,0,0,0,0,0,0,0
2007-03-30,0,0,0,0,0,0,0,0,0,0,0,0,0,0,0,0,0,0,0,0,0,0,0,0,0,0,0,0,0,0,0,0,0,0
2007-03-31,0,0,0,0,0,0,0,0,0,0,0,0,0,0,0,0,0,0,0,0,0,0,0,0,0,0,0,0,0,0,0,0,0,0
2007-04-01,0,0,0,0,0,0,0,0,0,0,0,0,0,0,0,0,0,0,0,0,0,0,0,0,0,0,0,0,0,0,0,0,0,0
2007-04-02,0,0,0,0,0,0,0,0,0,0,0,0,0,0,0,0,0,0,0,0,0,0,0,0,0,0,0,0,0,0,0,0,0,0
2007-04-03,0,0,0,0,0,0,0,0,0,0,0,0,0,0,0,0,0,0,0,0,0,0,0,0,0,0,0,0,0,0,0,0,0,0
2007-04-04,0,0,0,0,0,0,0,0,0,0,0,0,0,0,0,0,0,0,0,0,0,0,0,0,0,0,0,0,0,0,0,0,0,0
2007-04-05,0,0,0,0,0,0,0,0,0,0,0,0,0,0,0,0,0,0,0,0,0,0,0,0,0,0,0,0,0,0,0,0,0,0
2007-04-06,0,0,0,0,0,0,0,0,0,0,0,0,0,0,0,0,0,0,0,0,0,0,0,0,0,0,0,0,0,0,0,0,0,0
2007-04-07,0,0,0,0,0,0,0,0,0,0,0,0,0,0,0,0,0,0,0,0,0,0,0,0,0,0,0,0,0,0,0,0,0,0
2007-04-08,0,0,0,0,0,0,0,0,0,0,0,0,0,0,0,0,0,0,0,0,0,0,0,0,0,0,0,0,0,0,0,0,0,0
2007-04-09,0,0,0,0,0,0,0,0,0,0,0,0,0,0,0,0,0,0,0,0,0,0,0,0,0,0,0,0,0,0,0,0,0,0
2007-04-10,0,0,0,0,0,0,0,0,0,0,0,0,0,0,0,0,0,0,0,0,0,0,0,0,0,0,0,0,0,0,0,0,0,0
2007-04-11,0,0,0,0,0,0,0,0,0,0,0,0,0,0,0,0,0,0,0,0,0,0,0,0,0,0,0,0,0,0,0,0,0,0
2007-04-12,0,0,0,0,0,0,0,0,0,0,0,0,0,0,0,0,0,0,0,0,0,0,0,0,0,0,0,0,0,0,0,0,0,0
2007-04-13,0,0,0,0,0,0,0,0,0,0,0,0,0,0,0,0,0,0,0,0,0,0,0,0,0,0,0,0,0,0,0,0,0,0
2007-04-14,0,0,0,0,0,0,0,0,0,0,0,0,0,0,0,0,0,0,0,0,0,0,0,0,0,0,0,0,0,0,0,0,0,0
2007-04-15,0,0,0,0,0,0,0,0,0,0,0,0,0,0,0,0,0,0,0,0,0,0,0,0,0,0,0,0,0,0,0,0,0,0
2007-04-16,0,0,0,0,0,0,0,0,0,0,0,0,0,0,0,0,0,0,0,0,0,0,0,0,0,0,0,0,0,0,0,0,0,0
2007-04-17,0,0,0,0,0,0,0,0,0,0,0,0,0,0,0,0,0,0,0,0,0,0,0,0,0,0,0,0,0,0,0,0,0,0
2007-04-18,0,0,0,0,0,0,0,0,0,0,0,0,0,0,0,0,0,0,0,0,0,0,0,0,0,0,0,0,0,0,0,0,0,0
2007-04-19,0,0,0,0,0,0,0,0,0,0,0,0,0,0,0,0,0,0,0,0,0,0,0,0,0,0,0,0,0,0,0,0,0,0
2007-04-20,0,0,0,0,0,0,0,0,0,0,0,0,0,0,0,0,0,0,0,0,0,0,0,0,0,0,0,0,0,0,0,0,0,0
2007-04-21,0,0,0,0,0,0,0,0,0,0,0,0,0,0,0,0,0,0,0,0,0,0,0,0,0,0,0,0,0,0,0,0,0,0
2007-04-22,0,0,0,0,0,0,0,0,0,0,0,0,0,0,0,0,0,0,0,0,0,0,0,0,0,0,0,0,0,0,0,0,0,0
2007-04-23,0,0,0,0,0,0,0,0,0,0,0,0,0,0,0,0,0,0,0,0,0,0,0,0,0,0,0,0,0,0,0,0,0,0
2007-04-24,0,0,0,0,0,0,0,0,0,0,0,0,0,0,0,0,0,0,0,0,0,0,0,0,0,0,0,0,0,0,0,0,0,0
2007-04-25,0,0,0,0,0,0,0,0,0,0,0,0,0,0,0,0,0,0,0,0,0,0,0,0,0,0,0,0,0,0,0,0,0,0
2007-04-26,0,0,0,0,0,0,0,0,0,0,0,0,0,0,0,0,0,0,0,0,0,0,0,0,0,0,0,0,0,0,0,0,0,0
2007-04-27,0,0,0,0,0,0,0,0,0,0,0,0,0,0,0,0,0,0,0,0,0,0,0,0,0,0,0,0,0,0,0,0,0,0
2007-04-28,0,0,0,0,0,0,0,0,0,0,0,0,0,0,0,0,0,0,0,0,0,0,0,0,0,0,0,0,0,0,0,0,0,0
2007-04-29,0,0,0,0,0,0,0,0,0,0,0,0,0,0,0,0,0,0,0,0,0,0,0,0,0,0,0,0,0,0,0,0,0,0
2007-04-30,0,0,0,0,0,0,0,0,0,0,0,0,0,0,0,0,0,0,0,0,0,0,0,0,0,0,0,0,0,0,0,0,0,0
2007-05-01,0,0,0,0,0,0,0,0,0,0,0,0,0,0,0,0,0,0,0,0,0,0,0,0,0,0,0,0,0,0,0,0,0,0
2007-05-02,0,0,0,0,0,0,0,0,0,0,0,0,0,0,0,0,0,0,0,0,0,0,0,0,0,0,0,0,0,0,0,0,0,0
2007-05-03,0,0,0,0,0,0,0,0,0,0,0,0,0,0,0,0,0,0,0,0,0,0,0,0,0,0,0,0,0,0,0,0,0,0
2007-05-04,0,0,0,0,0,0,0,0,0,0,0,0,0,0,0,0,0,0,0,0,0,0,0,0,0,0,0,0,0,0,0,0,0,0
2007-05-05,0,0,0,0,0,0,0,0,0,0,0,0,0,0,0,0,0,0,0,0,0,0,0,0,0,0,0,0,0,0,0,0,0,0
2007-05-06,0,0,0,0,0,0,0,0,0,0,0,0,0,0,0,0,0,0,0,0,0,0,0,0,0,0,0,0,1,0,0,0,0,0
2007-05-07,0,0,0,0,0,0,0,0,0,0,0,0,0,0,0,0,0,0,0,0,0,0,0,0,0,0,0,0,0,0,0,0,0,0
2007-05-08,0,0,0,0,0,0,0,0,0,0,0,0,0,0,0,0,0,0,0,0,0,0,0,0,0,0,0,0,0,0,0,0,0,0
2007-05-09,0,0,0,0,0,0,0,0,0,0,2,0,0,0,0,0,0,0,1,0,0,0,0,0,0,0,0,2,0,0,0,0,0,0
2007-05-10,0,0,0,0,0,0,0,0,0,0,4,0,0,0,1,0,0,0,0,0,0,0,0,0,0,0,0,0,0,0,0,0,0,0
2007-05-11,0,0,0,0,0,0,0,0,0,0,23,0,0,0,0,0,0,0,0,0,0,0,0,0,0,0,0,0,0,0,0,0,0,0
2007-05-12,0,0,0,0,8,0,0,0,0,0,7,0,0,0,2,0,0,0,1,0,0,0,0,1,0,0,0,0,21,0,0,0,0,0
2007-05-13,0,0,0,0,10,0,0,0,0,0,15,0,0,0,25,0,0,0,6,0,0,0,0,4,0,0,0,0,30,0,0,0,0,0
2007-05-14,0,0,3,0,28,0,0,0,0,0,0,0,0,0,15,25,50,0,23,0,0,0,1,6,0,0,0,0,80,61,0,0,2,0
2007-05-15,0,0,0,0,13,0,0,0,0,0,0,0,0,0,2,1,39,0,1,0,0,0,0,5,0,0,0,0,58,43,0,0,3,0
2007-05-16,0,0,0,0,0,0,0,0,0,0,0,0,0,0,1,0,0,0,0,0,0,0,0,4,0,0,0,0,1,0,0,0,0,0
2007-05-17,0,0,0,0,0,0,0,0,0,0,50,0,0,0,1,0,0,0,0,0,0,0,0,0,0,0,0,59,0,0,0,0,0,0
2007-05-18,0,0,0,0,0,0,0,0,0,0,211,0,0,0,0,0,0,0,0,0,0,0,0,0,0,0,0,100,0,0,0,0,0,0
2007-05-19,0,0,0,0,0,0,0,0,0,0,197,0,0,0,0,0,0,0,0,0,0,0,0,0,0,0,0,22,0,0,0,0,0,0
2007-05-20,0,0,0,0,0,0,0,0,0,0,0,0,0,0,0,0,0,0,0,0,0,0,0,0,0,0,0,0,0,0,0,0,0,0
2007-05-21,0,0,0,0,0,0,0,6,0,0,0,0,0,0,0,0,46,0,19,0,0,0,0,0,0,0,0,0,64,0,0,0,1,0
2007-05-22,0,1,0,0,0,0,0,0,0,0,0,0,2,0,0,0,85,0,101,0,0,0,0,0,0,0,20,0,14,0,0,0,9,0
2007-05-23,0,0,0,0,0,0,0,0,0,0,0,0,15,0,0,1,90,0,110,0,0,0,0,0,0,0,0,0,63,0,0,0,9,0
2007-05-24,0,0,0,0,0,0,0,0,0,0,5,0,10,0,0,7,114,0,111,0,0,0,0,0,0,0,0,0,57,3,0,0,8,0
2007-05-25,0,12,0,0,0,0,8,10,0,0,0,0,23,0,0,15,61,0,115,0,0,0,0,0,0,0,23,0,105,0,0,0,22,0
2007-05-26,0,4,0,0,2,0,0,0,0,0,0,0,0,0,0,18,69,0,24,0,0,0,0,0,0,0,6,0,107,24,0,0,13,0
2007-05-27,0,5,0,0,2,0,1,0,0,0,0,0,0,0,3,0,6,0,6,0,0,0,0,0,0,0,1,0,68,22,0,0,10,0
2007-05-28,0,0,0,0,5,0,0,0,0,0,0,0,0,0,0,0,0,0,0,0,0,2,0,0,0,0,9,0,93,0,0,0,0,0
2007-05-29,0,0,0,0,0,0,0,0,0,17,0,0,0,0,0,0,0,0,0,0,0,30,0,0,0,0,0,0,17,0,0,0,0,0
2007-05-30,0,0,0,0,0,0,0,0,0,0,0,0,0,0,0,0,0,0,0,0,0,0,0,0,0,0,0,0,2,0,0,0,0,0
2007-05-31,0,0,0,0,0,0,0,0,0,0,16,0,0,0,0,0,0,0,0,0,0,0,0,0,0,0,0,0,0,0,0,0,0,0
2007-06-01,0,0,0,0,0,0,0,0,0,0,0,0,0,0,0,0,0,0,0,0,0,0,0,0,0,0,0,0,0,0,0,0,0,0
2007-06-02,0,0,0,0,0,0,0,0,0,0,44,0,0,0,0,0,0,0,0,0,0,0,0,0,0,0,0,9,0,0,0,0,0,0
2007-06-03,0,0,0,0,4,0,0,0,0,0,78,0,0,0,6,0,0,0,0,0,0,0,0,0,0,0,0,34,40,0,0,0,0,0
2007-06-04,0,0,0,0,12,0,0,0,0,0,110,0,0,0,6,0,0,0,0,0,0,0,0,0,0,0,0,71,74,0,0,0,0,0
2007-06-05,0,0,0,0,0,0,0,0,0,0,108,0,0,0,0,0,2,0,0,0,0,0,0,0,0,0,0,55,5,0,0,0,0,0
2007-06-06,0,0,0,0,0,0,0,0,0,0,74,0,0,0,0,0,2,0,0,0,0,0,0,0,0,0,0,13,0,0,0,0,0,0
2007-06-07,0,0,0,0,0,0,0,5,0,0,140,0,0,0,0,0,20,0,0,0,0,0,0,0,0,0,0,3,10,0,0,0,0,0
2007-06-08,0,0,0,0,0,0,0,137,0,0,129,0,0,0,0,0,36,0,0,0,0,0,0,0,19,0,9,0,13,0,0,0,0,0
2007-06-09,0,1,0,0,0,0,1,24,0,0,90,0,16,0,0,0,37,0,10,0,0,0,0,0,0,1,0,0,5,0,4,0,5,0
2007-06-10,0,0,1,0,0,0,0,0,0,0,23,0,0,0,1,5,4,0,35,0,0,0,0,0,0,0,0,0,11,17,1,0,0,0
2007-06-11,0,0,0,0,2,0,0,8,0,0,32,0,0,0,3,0,0,0,21,0,0,0,0,0,0,0,1,0,50,0,0,0,1,0
2007-06-12,0,0,0,0,15,0,0,2,0,0,48,0,9,0,31,0,2,0,5,0,0,0,0,0,0,0,14,0,66,0,0,0,2,0
2007-06-13,0,0,0,0,2,0,0,0,0,0,101,0,3,0,35,0,14,0,7,0,0,0,0,0,0,0,0,0,82,0,0,0,4,0
2007-06-14,0,0,2,0,5,0,0,0,0,0,109,0,0,0,26,18,107,0,62,0,0,0,0,0,0,0,0,0,143,32,0,0,4,0
2007-06-15,3,3,18,0,20,0,4,5,0,0,62,0,0,0,73,64,276,0,123,0,0,0,0,6,0,0,94,0,217,108,0,1,31,0
2007-06-16,7,0,0,0,20,0,0,0,0,0,38,0,0,0,138,10,26,0,126,0,0,0,0,3,0,0,4,0,159,0,0,0,1,0
2007-06-17,5,0,1,0,34,0,0,0,0,0,58,0,0,0,181,11,25,0,100,0,0,0,1,7,0,0,0,0,97,6,0,0,0,0
2007-06-18,8,1,10,0,119,0,0,0,0,0,76,0,11,0,282,55,85,0,283,0,0,0,1,22,0,0,0,0,256,66,0,1,4,0
2007-06-19,35,7,33,0,233,0,0,0,0,0,177,0,105,0,430,97,140,0,629,0,0,0,5,44,0,0,0,0,384,110,0,3,19,6
2007-06-20,53,40,88,0,188,0,31,43,0,0,114,0,22,0,443,201,286,0,743,0,0,0,12,51,0,0,0,0,327,194,0,27,44,8
2007-06-21,67,24,149,0,152,0,0,0,0,0,55,0,12,0,450,272,426,0,640,0,0,0,14,67,0,0,0,0,302,292,0,36,41,25
2007-06-22,72,0,114,0,246,0,0,0,0,0,62,0,6,0,492,198,167,0,610,0,0,0,12,95,0,0,0,0,415,272,0,10,5,37
2007-06-23,88,0,29,0,563,0,0,0,0,0,245,0,1,0,682,32,5,0,601,0,0,0,11,132,0,0,0,8,433,165,0,0,0,44
2007-06-24,84,0,41,0,349,0,0,0,0,0,407,0,1,0,829,78,25,0,666,0,0,0,9,113,0,0,0,0,293,121,0,0,0,29
2007-06-25,136,11,137,0,369,0,0,0,0,0,356,0,8,0,794,207,350,0,1178,0,0,0,19,132,0,0,0,0,418,361,0,13,19,47
2007-06-26,143,0,80,0,707,0,0,0,0,0,26,0,0,0,949,84,63,0,749,0,0,0,17,157,0,0,0,0,906,366,0,0,0,53
2007-06-27,57,0,4,0,608,0,0,0,0,0,29,0,0,0,872,5,0,0,174,0,0,0,5,105,0,0,0,0,401,24,0,0,0,19
2007-06-28,12,0,0,0,146,0,0,0,0,0,227,0,0,0,567,1,0,0,72,0,0,0,1,36,0,0,0,3,43,0,0,0,0,0
2007-06-29,5,0,0,0,17,0,0,0,0,0,444,0,0,0,278,3,0,0,87,0,0,0,1,6,0,0,0,2,11,0,0,0,0,0
2007-06-30,7,0,0,0,11,0,0,0,0,0,747,0,1,0,142,5,0,0,143,0,0,0,3,5,0,0,0,13,16,0,0,0,0,0
2007-07-01,9,2,1,0,40,0,0,0,0,0,360,0,0,0,129,10,11,0,239,0,0,0,4,6,0,0,0,0,123,12,0,0,5,0
2007-07-02,18,4,30,0,127,0,0,0,0,0,230,0,2,0,183,91,285,0,231,0,0,0,4,23,0,0,0,0,400,185,0,2,30,9
2007-07-03,14,0,6,0,157,0,0,0,0,0,579,0,0,0,193,24,81,0,213,0,0,0,4,29,0,0,0,2,464,110,0,0,4,7
2007-07-04,22,0,2,0,237,0,0,0,0,0,862,0,0,0,288,5,0,0,192,0,0,0,3,52,0,0,0,33,456,143,0,0,0,6
2007-07-05,2,0,0,0,32,0,0,0,0,0,662,0,0,0,276,0,0,0,44,0,0,0,0,1,0,0,0,135,35,0,0,0,0,0
2007-07-06,0,0,0,0,0,0,0,0,0,0,990,0,17,0,119,0,0,0,56,0,0,0,0,0,0,0,0,207,0,0,0,0,0,0
2007-07-07,3,0,5,0,87,0,0,0,0,0,1181,0,43,0,156,18,0,0,179,0,0,0,1,15,0,0,0,113,140,2,0,0,0,0
2007-07-08,14,1,23,0,183,0,0,0,0,0,1111,0,5,0,348,67,35,0,257,0,0,0,3,53,0,0,0,33,269,88,0,0,2,11
2007-07-09,23,0,60,0,291,0,0,0,0,0,613,0,2,0,412,128,239,0,328,0,0,0,5,63,0,0,0,15,419,270,0,1,2,21
2007-07-10,33,0,2,0,331,0,0,0,0,0,360,0,0,0,431,4,0,0,136,0,0,0,5,74,0,0,0,76,535,65,0,0,0,16
2007-07-11,3,0,0,0,142,0,0,0,0,0,660,0,0,0,390,0,0,0,10,0,0,0,0,36,0,0,0,161,134,0,0,0,0,0
2007-07-12,0,0,0,0,1,0,0,0,0,0,859,0,0,0,179,0,0,0,6,0,0,0,0,0,0,0,0,182,0,0,0,0,0,0
2007-07-13,2,0,0,0,1,0,0,0,0,0,1322,0,25,0,111,1,0,0,61,0,0,0,0,0,0,0,0,153,0,0,0,0,0,0
2007-07-14,6,4,5,0,10,0,5,125,0,0,1280,0,280,0,120,39,61,0,233,0,0,0,2,0,0,0,3,80,41,2,0,0,8,0
2007-07-15,22,113,39,10,105,11,238,949,0,0,808,0,775,0,201,156,409,0,522,0,2,0,6,24,6,0,531,2,305,116,0,20,85,2
2007-07-16,41,176,107,4,286,19,406,1667,0,0,480,0,252,0,341,226,597,0,757,0,0,0,9,78,12,0,1520,0,701,285,0,27,173,30
2007-07-17,73,173,193,0,443,0,322,230,0,0,745,0,89,0,471,294,712,0,943,71,0,0,19,111,0,0,1570,1,1084,414,0,49,207,48
2007-07-18,105,153,248,0,563,0,67,13,0,0,715,0,104,0,565,352,824,0,1147,0,0,0,34,136,0,0,202,0,1350,501,0,68,233,61
2007-07-19,107,173,247,0,611,0,69,33,0,0,480,0,66,0,604,365,901,0,1222,0,0,0,32,137,0,0,116,0,1503,543,0,83,219,61
2007-07-20,112,193,247,0,497,0,174,25,0,0,169,0,35,0,598,392,946,0,1251,0,0,0,34,151,0,0,317,0,1438,562,0,90,247,65
2007-07-21,100,96,238,0,491,0,31,1,0,0,136,0,21,0,581,339,780,0,1171,0,0,0,34,143,0,0,81,0,1428,555,0,66,156,68
2007-07-22,126,15,257,0,682,0,2,0,0,0,176,0,21,0,729,322,715,0,1158,0,0,0,43,160,0,0,92,0,1730,654,0,34,110,73
2007-07-23,164,20,171,0,855,0,1,0,0,0,412,0,25,0,912,212,396,0,1324,0,0,0,41,178,0,0,0,0,1367,449,0,15,49,69
2007-07-24,213,0,277,0,973,0,0,0,0,0,405,0,19,0,1062,223,337,0,1367,0,0,0,62,217,0,0,25,1,1595,696,0,1,22,87
2007-07-25,117,0,18,0,644,0,0,0,0,0,848,0,13,0,1072,40,0,0,675,0,0,0,19,123,0,0,0,64,738,20,0,0,0,12
2007-07-26,56,0,11,0,205,0,0,0,0,0,1430,0,30,0,641,32,0,0,537,0,0,0,11,48,0,0,0,74,179,7,0,0,0,1
2007-07-27,53,5,24,0,218,0,2,0,0,0,1699,0,103,0,449,80,141,0,770,0,0,0,12,72,0,0,0,107,343,79,0,3,18,19
2007-07-28,68,0,95,0,314,0,0,0,0,0,1934,0,129,0,498,197,351,0,978,0,0,0,16,97,0,0,0,328,701,247,0,20,19,30
2007-07-29,68,0,52,0,400,0,0,0,0,0,2043,0,111,0,521,126,176,0,900,0,0,0,15,102,0,0,0,543,803,223,0,6,6,36
2007-07-30,79,0,9,0,397,0,0,0,0,0,1946,0,39,0,490,13,0,0,589,0,0,0,13,94,0,0,0,553,634,54,0,0,0,26
2007-07-31,45,0,0,0,69,0,0,0,0,0,1997,0,7,0,433,1,0,0,183,0,0,0,6,7,0,0,0,163,28,0,0,0,0,0
2007-08-01,12,0,0,0,0,0,0,0,0,0,1479,0,31,0,327,1,0,0,128,0,0,0,2,0,0,0,0,12,0,0,0,0,0,0
2007-08-02,16,0,0,0,0,0,0,0,0,0,1187,0,10,0,156,3,0,0,211,0,0,0,3,0,0,0,0,93,0,0,0,0,0,0
2007-08-03,18,0,1,0,11,0,0,0,0,0,1407,0,20,0,185,2,13,0,248,0,0,0,4,27,0,0,0,353,32,46,0,0,0,12
2007-08-04,6,0,0,0,17,0,0,0,0,0,2288,0,43,0,218,3,0,0,200,0,0,0,1,0,0,0,0,472,73,0,0,0,0,0
2007-08-05,0,0,0,3,1,0,0,0,0,0,1604,0,493,0,57,0,0,0,169,0,0,0,0,0,0,0,0,108,58,0,0,0,0,0
2007-08-06,0,1,0,0,4,0,0,9,0,0,457,0,19,0,19,7,28,0,189,0,0,0,0,0,0,0,0,1,127,0,0,0,12,0
2007-08-07,2,10,5,0,0,0,8,0,0,0,280,0,8,0,67,37,69,0,284,0,0,0,1,0,0,0,0,3,7,1,0,0,17,0
2007-08-08,11,7,15,0,27,0,3,0,0,0,346,0,1,0,181,49,138,0,241,0,0,0,1,10,0,0,5,76,45,86,0,0,19,0
2007-08-09,18,2,8,0,127,0,1,2,0,0,594,0,0,0,274,19,124,0,149,3,0,8,3,27,0,0,8,133,151,139,0,0,8,2
2007-08-10,6,0,0,0,202,0,0,0,0,0,522,0,0,0,322,0,47,0,37,1,0,1,0,34,0,0,0,71,183,22,0,0,0,0
2007-08-11,1,0,0,0,91,0,0,0,0,0,587,0,0,0,265,0,1,0,31,0,0,0,0,7,0,0,0,1,117,0,0,0,0,0
2007-08-12,0,0,0,0,32,0,0,0,0,0,257,0,6,0,225,0,0,0,107,1,0,4,0,2,0,0,0,0,60,0,0,0,0,0
2007-08-13,2,0,0,0,38,0,0,0,0,9,232,0,21,0,233,2,0,0,182,0,0,0,0,6,0,0,0,0,63,3,0,0,0,0
2007-08-14,6,1,8,0,106,0,0,0,0,8,549,0,70,0,308,17,16,0,245,0,0,0,2,15,0,0,0,1,146,25,0,0,0,0
2007-08-15,21,11,24,0,119,5,4,53,0,0,710,0,231,0,374,65,119,0,396,0,0,0,6,19,0,0,0,2,181,63,0,0,11,3
2007-08-16,34,36,68,0,134,0,29,0,0,1,335,0,17,0,366,129,357,0,528,1,0,0,8,37,0,0,234,0,271,161,0,12,71,13
2007-08-17,41,0,52,0,203,0,0,0,0,0,499,0,5,0,405,84,232,0,457,0,0,0,8,66,0,0,0,47,421,223,0,0,5,31
2007-08-18,35,0,6,0,213,0,0,0,0,0,823,0,0,0,436,21,11,0,268,0,0,0,7,35,0,0,0,56,381,5,0,0,0,2
2007-08-19,28,0,11,0,188,0,0,0,0,0,641,0,0,0,399,29,12,0,190,0,0,0,7,35,0,0,0,23,304,42,0,0,0,3
2007-08-20,22,0,16,0,223,0,0,0,0,0,387,0,0,0,368,16,47,0,124,0,0,0,4,45,0,0,0,48,429,141,0,0,1,9
2007-08-21,27,0,15,0,290,0,0,0,0,0,194,0,0,0,414,15,30,0,274,23,0,0,4,51,0,0,0,11,451,139,0,0,0,7
2007-08-22,96,0,68,0,434,0,0,0,0,0,94,0,0,0,654,66,228,0,568,67,0,36,13,103,0,0,98,13,751,311,0,0,20,32
2007-08-23,158,6,187,0,539,0,11,0,0,0,117,0,0,0,816,118,496,0,673,79,0,52,48,145,0,0,459,53,1194,507,0,0,91,60
2007-08-24,154,0,132,0,522,0,0,0,0,0,189,0,0,0,785,89,419,0,568,0,0,0,52,149,0,0,155,116,1268,479,0,0,68,65
2007-08-25,127,4,103,0,516,0,0,0,0,0,182,0,34,0,726,115,326,0,736,0,0,0,37,125,0,0,0,0,1005,386,0,0,32,56
2007-08-26,62,2,47,0,92,0,0,0,0,0,882,0,378,0,602,78,125,0,916,0,0,0,17,35,0,0,0,2,90,107,0,0,5,2
2007-08-27,51,1,24,0,4,0,0,0,0,0,1553,0,519,0,346,53,41,0,743,0,0,0,9,13,0,0,0,82,34,37,0,0,0,0
2007-08-28,28,0,22,0,38,0,0,0,0,0,1649,0,417,0,238,48,0,0,661,0,0,0,7,14,0,0,0,7,68,51,0,0,0,0
2007-08-29,33,0,15,0,94,0,0,0,0,0,640,0,56,0,306,27,0,0,723,0,0,0,9,35,0,0,0,0,109,65,0,0,0,10
2007-08-30,62,0,19,0,273,0,0,0,0,0,161,0,12,0,419,35,0,0,913,0,0,0,11,65,0,0,0,1,206,88,0,0,0,23
2007-08-31,77,0,8,0,221,0,0,0,0,0,193,0,0,0,569,7,0,0,427,0,0,0,10,86,0,0,0,80,60,3,0,0,0,9
2007-09-01,12,0,0,0,30,0,0,0,0,0,319,0,0,0,480,0,0,0,98,0,0,0,1,9,0,0,0,107,0,0,0,0,0,0
2007-09-02,9,0,0,0,0,0,0,0,0,0,418,0,0,0,172,0,0,0,43,0,0,0,1,0,0,0,0,103,0,0,0,0,0,0
2007-09-03,2,0,0,0,0,0,0,0,0,0,452,0,0,0,90,0,0,0,28,0,0,0,0,0,0,0,0,101,0,0,0,0,0,0
2007-09-04,2,0,0,0,2,0,0,0,0,0,429,0,0,0,113,0,0,0,30,0,0,0,0,0,0,0,0,138,0,0,0,0,0,0
2007-09-05,0,0,0,0,7,0,0,0,0,0,503,0,0,0,87,0,0,0,0,0,0,0,0,0,0,0,0,208,2,0,0,0,0,0
2007-09-06,0,0,0,0,0,0,0,0,0,0,441,0,0,0,21,0,0,0,0,0,0,0,0,0,0,0,0,153,0,0,0,0,0,0
2007-09-07,0,0,0,0,0,0,0,0,0,0,327,0,0,0,3,0,0,0,0,0,0,0,0,0,0,0,0,66,0,0,0,0,0,0
2007-09-08,0,0,0,0,0,0,0,0,0,0,188,0,0,0,0,0,0,0,0,0,0,0,0,0,0,0,0,7,0,0,0,0,0,0
2007-09-09,0,0,0,0,0,0,0,0,0,0,35,0,0,0,0,0,0,0,0,0,0,0,0,0,0,0,0,0,0,0,0,0,0,0
2007-09-10,0,0,0,0,0,0,0,0,0,0,88,0,0,0,0,0,0,0,0,0,0,0,0,0,0,0,0,1,0,0,0,0,0,0
2007-09-11,0,0,0,0,0,0,0,0,0,0,94,0,0,0,15,0,0,0,3,0,0,0,0,0,0,0,0,13,0,0,0,0,0,0
2007-09-12,0,0,0,0,0,0,0,0,0,0,5,0,0,0,11,0,0,0,0,0,0,0,0,0,0,0,0,0,0,0,0,0,0,0
2007-09-13,0,0,0,0,0,0,0,0,0,0,7,0,0,0,1,0,0,0,6,0,0,0,0,0,0,0,0,0,0,0,0,0,0,0
2007-09-14,0,0,0,0,0,0,0,0,0,0,8,0,0,0,1,0,0,0,13,0,0,0,0,0,0,0,0,0,0,0,0,0,0,0
2007-09-15,0,0,0,0,0,0,0,0,0,0,24,0,1,0,1,0,0,0,19,0,0,0,0,0,0,0,0,0,0,0,0,0,0,0
2007-09-16,0,0,0,0,0,0,0,0,0,0,70,0,0,0,7,0,0,0,24,0,0,0,0,0,0,0,0,0,0,0,0,0,0,0
2007-09-17,0,0,0,0,0,0,0,0,0,0,32,0,0,0,4,0,0,0,103,0,0,0,0,0,0,0,0,0,0,0,0,0,0,0
2007-09-18,1,0,0,0,0,0,0,0,0,0,12,0,0,0,7,0,0,0,223,0,0,0,0,0,0,0,0,0,0,1,0,0,0,0
2007-09-19,0,0,0,0,0,0,0,0,0,0,12,0,0,0,52,0,0,0,48,0,0,0,0,0,0,0,0,0,0,0,0,0,0,0
2007-09-20,0,0,0,0,0,0,0,0,0,0,64,0,0,0,21,0,0,0,2,0,0,0,0,0,0,0,0,0,0,0,0,0,0,0
2007-09-21,0,0,0,0,0,0,0,0,0,0,0,0,0,0,1,0,0,0,0,0,0,0,0,0,0,0,0,0,0,0,0,0,0,0
2007-09-22,0,0,0,0,0,0,0,0,0,0,0,0,0,0,0,0,0,0,0,0,0,0,0,0,0,0,0,0,0,0,0,0,0,0
2007-09-23,0,0,0,0,0,0,0,0,0,0,21,0,0,0,0,0,0,0,0,0,0,0,0,0,0,0,0,0,0,0,0,0,0,0
2007-09-24,0,0,0,0,0,0,0,0,0,0,61,0,0,0,0,0,0,0,0,0,0,0,0,0,0,0,0,7,0,0,0,0,0,0
2007-09-25,0,0,0,0,0,0,0,0,0,0,38,0,0,0,0,0,0,0,0,0,0,0,0,0,0,0,0,0,0,0,0,0,0,0
2007-09-26,0,0,0,0,0,0,0,0,0,0,1,0,0,0,0,0,0,0,0,0,0,0,0,0,0,0,0,0,0,0,0,0,0,0
2007-09-27,0,0,0,0,0,0,0,0,0,0,0,0,0,0,0,0,0,0,0,0,0,0,0,0,0,0,0,0,0,0,0,0,0,0
2007-09-28,0,0,0,0,0,0,0,0,0,0,0,0,0,0,8,0,0,0,3,0,0,0,0,0,0,0,0,0,0,0,0,0,0,0
2007-09-29,0,0,0,0,0,0,0,0,0,0,0,0,0,0,30,0,0,0,0,0,0,0,0,0,0,0,0,0,0,0,0,0,0,0
2007-09-30,0,0,0,0,0,0,0,0,0,0,0,0,0,0,28,0,0,0,0,0,0,0,0,0,0,0,0,0,0,0,0,0,0,0
2007-10-01,0,0,0,0,0,0,0,0,0,0,0,0,0,0,3,0,0,0,0,0,0,0,0,0,0,0,0,0,0,0,0,0,0,0
2007-10-02,0,0,0,0,0,0,0,0,0,0,0,0,0,0,0,0,0,0,0,0,0,0,0,0,0,0,0,0,0,0,0,0,0,0
2007-10-03,0,0,0,0,0,0,0,0,0,0,1,0,0,0,0,0,0,0,0,0,0,0,0,0,0,0,0,0,0,0,0,0,0,0
2007-10-04,0,0,0,0,0,0,0,0,0,0,0,0,0,0,0,0,0,0,0,0,0,0,0,0,0,0,0,0,0,0,0,0,0,0
2007-10-05,0,0,0,0,0,0,0,0,0,0,0,0,0,0,0,0,0,0,1,0,0,0,0,0,0,0,0,0,0,0,0,0,0,0
2007-10-06,0,0,0,0,0,0,0,0,0,0,0,0,0,0,0,0,0,0,1,0,0,0,0,0,0,0,0,0,0,0,0,0,0,0
2007-10-07,0,0,0,0,0,0,0,0,0,0,0,0,0,0,0,0,0,0,0,0,0,0,0,0,0,0,0,0,0,0,0,0,0,0
2007-10-08,0,0,0,0,0,0,0,0,0,0,0,0,0,0,0,0,0,0,0,0,0,0,0,0,0,0,0,0,0,0,0,0,0,0
2007-10-09,0,0,0,0,0,0,0,0,0,0,6,0,0,0,0,0,0,0,0,0,0,0,0,0,0,0,0,0,0,0,0,0,0,0
2007-10-10,0,0,0,0,0,0,0,0,0,0,0,0,0,0,0,0,0,0,0,0,0,0,0,0,0,0,0,0,0,0,0,0,0,0
2007-10-11,0,0,0,0,0,0,0,0,0,0,0,0,0,0,0,0,0,0,0,0,0,0,0,0,0,0,0,0,0,0,0,0,0,0
2007-10-12,0,0,0,0,0,0,0,0,0,0,0,0,0,0,0,0,0,0,0,0,0,0,0,0,0,0,0,0,0,0,0,0,0,0
2007-10-13,0,0,0,0,0,0,0,0,0,0,0,0,0,0,0,0,0,0,0,0,0,0,0,0,0,0,0,0,0,0,0,0,0,0
2007-10-14,0,0,0,0,0,0,0,0,0,0,0,0,0,0,0,0,0,0,0,0,0,0,0,0,0,0,0,0,0,0,0,0,0,0
2007-10-15,0,0,0,0,0,0,0,0,0,0,0,0,0,0,0,0,0,0,0,0,0,0,0,0,0,0,0,0,0,0,0,0,0,0
2007-10-16,0,0,0,0,0,0,0,0,0,0,0,0,0,0,0,0,0,0,0,0,0,0,0,0,0,0,0,0,0,0,0,0,0,0
2007-10-17,0,0,0,0,0,0,0,0,0,0,0,0,0,0,0,0,0,0,0,0,0,0,0,0,0,0,0,0,0,0,0,0,0,0
2007-10-18,0,0,0,0,0,0,0,0,0,0,0,0,0,0,0,0,0,0,0,0,0,0,0,0,0,0,0,0,0,0,0,0,0,0
2007-10-19,0,0,0,0,0,0,0,0,0,0,0,0,0,0,0,0,0,0,0,0,0,0,0,0,0,0,0,0,0,0,0,0,0,0
2007-10-20,0,0,0,0,0,0,0,0,0,0,0,0,0,0,0,0,0,0,0,0,0,0,0,0,0,0,0,0,0,0,0,0,0,0
2007-10-21,0,0,0,0,0,0,0,0,0,0,0,0,0,0,0,0,0,0,0,0,0,0,0,0,0,0,0,0,0,0,0,0,0,0
2007-10-22,0,0,0,0,0,0,0,0,0,0,0,0,0,0,0,0,0,0,0,0,0,0,0,0,0,0,0,0,0,0,0,0,0,0
2007-10-23,0,0,0,0,0,0,0,0,0,0,0,0,0,0,0,0,0,0,0,0,0,0,0,0,0,0,0,0,0,0,0,0,0,0
2007-10-24,0,0,0,0,0,0,0,0,0,0,0,0,0,0,0,0,0,0,0,0,0,0,0,0,0,0,0,0,0,0,0,0,0,0
2007-10-25,0,0,0,0,0,0,0,0,0,0,0,0,0,0,0,0,0,0,0,0,0,0,0,0,0,0,0,0,0,0,0,0,0,0
2007-10-26,0,0,0,0,0,0,0,0,0,0,0,0,0,0,0,0,0,0,0,0,0,0,0,0,0,0,0,0,0,0,0,0,0,0
2007-10-27,0,0,0,0,0,0,0,0,0,0,0,0,0,0,0,0,0,0,0,0,0,0,0,0,0,0,0,0,0,0,0,0,0,0
2007-10-28,0,0,0,0,0,0,0,0,0,0,0,0,0,0,0,0,0,0,0,0,0,0,0,0,0,0,0,0,0,0,0,0,0,0
2007-10-29,0,0,0,0,0,0,0,0,0,0,0,0,0,0,0,0,0,0,0,0,0,0,0,0,0,0,0,0,0,0,0,0,0,0
2007-10-30,0,0,0,0,0,0,0,0,0,0,0,0,0,0,0,0,0,0,0,0,0,0,0,0,0,0,0,0,0,0,0,0,0,0
2007-10-31,0,0,0,0,0,0,0,0,0,0,0,0,0,0,0,0,0,0,0,0,0,0,0,0,0,0,0,0,0,0,0,0,0,0
2007-11-01,0,0,0,0,0,0,0,0,0,0,0,0,0,0,0,0,0,0,0,0,0,0,0,0,0,0,0,0,0,0,0,0,0,0
2007-11-02,0,0,0,0,0,0,0,0,0,0,0,0,0,0,0,0,0,0,0,0,0,0,0,0,0,0,0,0,0,0,0,0,0,0
2007-11-03,0,0,0,0,0,0,0,0,0,0,0,0,0,0,0,0,0,0,0,0,0,0,0,0,0,0,0,0,0,0,0,0,0,0
2007-11-04,0,0,0,0,0,0,0,0,0,0,0,0,0,0,0,0,0,0,0,0,0,0,0,0,0,0,0,0,0,0,0,0,0,0
2007-11-05,0,0,0,0,0,0,0,0,0,0,0,0,0,0,0,0,0,0,0,0,0,0,0,0,0,0,0,0,0,0,0,0,0,0
2007-11-06,0,0,0,0,0,0,0,0,0,0,0,0,0,0,0,0,0,0,0,0,0,0,0,0,0,0,0,0,0,0,0,0,0,0
2007-11-07,0,0,0,0,0,0,0,0,0,0,0,0,0,0,0,0,0,0,0,0,0,0,0,0,0,0,0,0,0,0,0,0,0,0
2007-11-08,0,0,0,0,0,0,0,0,0,0,0,0,0,0,0,0,0,0,0,0,0,0,0,0,0,0,0,0,0,0,0,0,0,0
2007-11-09,0,0,0,0,0,0,0,0,0,0,0,0,0,0,0,0,0,0,0,0,0,0,0,0,0,0,0,0,0,0,0,0,0,0
2007-11-10,0,0,0,0,0,0,0,0,0,0,0,0,0,0,0,0,0,0,0,0,0,0,0,0,0,0,0,0,0,0,0,0,0,0
2007-11-11,0,0,0,0,0,0,0,0,0,0,0,0,0,0,0,0,0,0,0,0,0,0,0,0,0,0,0,0,0,0,0,0,0,0
2007-11-12,0,0,0,0,0,0,0,0,0,0,0,0,0,0,0,0,0,0,0,0,0,0,0,0,0,0,0,0,0,0,0,0,0,0
2007-11-13,0,0,0,0,0,0,0,0,0,0,0,0,0,0,0,0,0,0,0,0,0,0,0,0,0,0,0,0,0,0,0,0,0,0
2007-11-14,0,0,0,0,0,0,0,0,0,0,0,0,0,0,0,0,0,0,0,0,0,0,0,0,0,0,0,0,0,0,0,0,0,0
2007-11-15,0,0,0,0,0,0,0,0,0,0,0,0,0,0,0,0,0,0,0,0,0,0,0,0,0,0,0,0,0,0,0,0,0,0
2007-11-16,0,0,0,0,0,0,0,0,0,0,0,0,0,0,0,0,0,0,0,0,0,0,0,0,0,0,0,0,0,0,0,0,0,0
2007-11-17,0,0,0,0,0,0,0,0,0,0,0,0,0,0,0,0,0,0,0,0,0,0,0,0,0,0,0,0,0,0,0,0,0,0
2007-11-18,0,0,0,0,0,0,0,0,0,0,0,0,0,0,0,0,0,0,0,0,0,0,0,0,0,0,0,0,0,0,0,0,0,0
2007-11-19,0,0,0,0,0,0,0,0,0,0,0,0,0,0,0,0,0,0,0,0,0,0,0,0,0,0,0,0,0,0,0,0,0,0
2007-11-20,0,0,0,0,0,0,0,0,0,0,0,0,0,0,0,0,0,0,0,0,0,0,0,0,0,0,0,0,0,0,0,0,0,0
2007-11-21,0,0,0,0,0,0,0,0,0,0,0,0,0,0,0,0,0,0,0,0,0,0,0,0,0,0,0,0,0,0,0,0,0,0
2007-11-22,0,0,0,0,0,0,0,0,0,0,0,0,0,0,0,0,0,0,0,0,0,0,0,0,0,0,0,0,0,0,0,0,0,0
2007-11-23,0,0,0,0,0,0,0,0,0,0,0,0,0,0,0,0,0,0,0,0,0,0,0,0,0,0,0,0,0,0,0,0,0,0
2007-11-24,0,0,0,0,0,0,0,0,0,0,0,0,0,0,0,0,0,0,0,0,0,0,0,0,0,0,0,0,0,0,0,0,0,0
2007-11-25,0,0,0,0,0,0,0,0,0,0,0,0,0,0,0,0,0,0,0,0,0,0,0,0,0,0,0,0,0,0,0,0,0,0
2007-11-26,0,0,0,0,0,0,0,0,0,0,0,0,0,0,0,0,0,0,0,0,0,0,0,0,0,0,0,0,0,0,0,0,0,0
2007-11-27,0,0,0,0,0,0,0,0,0,0,0,0,0,0,0,0,0,0,0,0,0,0,0,0,0,0,0,0,0,0,0,0,0,0
2007-11-28,0,0,0,0,0,0,0,0,0,0,0,0,0,0,0,0,0,0,0,0,0,0,0,0,0,0,0,0,0,0,0,0,0,0
2007-11-29,0,0,0,0,0,0,0,0,0,0,0,0,0,0,0,0,0,0,0,0,0,0,0,0,0,0,0,0,0,0,0,0,0,0
2007-11-30,0,0,0,0,0,0,0,0,0,0,0,0,0,0,0,0,0,0,0,0,0,0,0,0,0,0,0,0,0,0,0,0,0,0
2007-12-01,0,0,0,0,0,0,0,0,0,0,0,0,0,0,0,0,0,0,0,0,0,0,0,0,0,0,0,0,0,0,0,0,0,0
2007-12-02,0,0,0,0,0,0,0,0,0,0,0,0,0,0,0,0,0,0,0,0,0,0,0,0,0,0,0,0,0,0,0,0,0,0
2007-12-03,0,0,0,0,0,0,0,0,0,0,0,0,0,0,0,0,0,0,0,0,0,0,0,0,0,0,0,0,0,0,0,0,0,0
2007-12-04,0,0,0,0,0,0,0,0,0,0,0,0,0,0,0,0,0,0,0,0,0,0,0,0,0,0,0,0,0,0,0,0,0,0
2007-12-05,0,0,0,0,0,0,0,0,0,0,0,0,0,0,0,0,0,0,0,0,0,0,0,0,0,0,0,0,0,0,0,0,0,0
2007-12-06,0,0,0,0,0,0,0,0,0,0,0,0,0,0,0,0,0,0,0,0,0,0,0,0,0,0,0,0,0,0,0,0,0,0
2007-12-07,0,0,0,0,0,0,0,0,0,0,0,0,0,0,0,0,0,0,0,0,0,0,0,0,0,0,0,0,0,0,0,0,0,0
2007-12-08,0,0,0,0,0,0,0,0,0,0,0,0,0,0,0,0,0,0,0,0,0,0,0,0,0,0,0,0,0,0,0,0,0,0
2007-12-09,0,0,0,0,0,0,0,0,0,0,0,0,0,0,0,0,0,0,0,0,0,0,0,0,0,0,0,0,0,0,0,0,0,0
2007-12-10,0,0,0,0,0,0,0,0,0,0,0,0,0,0,0,0,0,0,0,0,0,0,0,0,0,0,0,0,0,0,0,0,0,0
2007-12-11,0,0,0,0,0,0,0,0,0,0,0,0,0,0,0,0,0,0,0,0,0,0,0,0,0,0,0,0,0,0,0,0,0,0
2007-12-12,0,0,0,0,0,0,0,0,0,0,0,0,0,0,0,0,0,0,0,0,0,0,0,0,0,0,0,0,0,0,0,0,0,0
2007-12-13,0,0,0,0,0,0,0,0,0,0,0,0,0,0,0,0,0,0,0,0,0,0,0,0,0,0,0,0,0,0,0,0,0,0
2007-12-14,0,0,0,0,0,0,0,0,0,0,0,0,0,0,0,0,0,0,0,0,0,0,0,0,0,0,0,0,0,0,0,0,0,0
2007-12-15,0,0,0,0,0,0,0,0,0,0,0,0,0,0,0,0,0,0,0,0,0,0,0,0,0,0,0,0,0,0,0,0,0,0
2007-12-16,0,0,0,0,0,0,0,0,0,0,0,0,0,0,0,0,0,0,0,0,0,0,0,0,0,0,0,0,0,0,0,0,0,0
2007-12-17,0,0,0,0,0,0,0,0,0,0,0,0,0,0,0,0,0,0,0,0,0,0,0,0,0,0,0,0,0,0,0,0,0,0
2007-12-18,0,0,0,0,0,0,0,0,0,0,0,0,0,0,0,0,0,0,0,0,0,0,0,0,0,0,0,0,0,0,0,0,0,0
2007-12-19,0,0,0,0,0,0,0,0,0,0,0,0,0,0,0,0,0,0,0,0,0,0,0,0,0,0,0,0,0,0,0,0,0,0
2007-12-20,0,0,0,0,0,0,0,0,0,0,0,0,0,0,0,0,0,0,0,0,0,0,0,0,0,0,0,0,0,0,0,0,0,0
2007-12-21,0,0,0,0,0,0,0,0,0,0,0,0,0,0,0,0,0,0,0,0,0,0,0,0,0,0,0,0,0,0,0,0,0,0
2007-12-22,0,0,0,0,0,0,0,0,0,0,0,0,0,0,0,0,0,0,0,0,0,0,0,0,0,0,0,0,0,0,0,0,0,0
2007-12-23,0,0,0,0,0,0,0,0,0,0,0,0,0,0,0,0,0,0,0,0,0,0,0,0,0,0,0,0,0,0,0,0,0,0
2007-12-24,0,0,0,0,0,0,0,0,0,0,0,0,0,0,0,0,0,0,0,0,0,0,0,0,0,0,0,0,0,0,0,0,0,0
2007-12-25,0,0,0,0,0,0,0,0,0,0,0,0,0,0,0,0,0,0,0,0,0,0,0,0,0,0,0,0,0,0,0,0,0,0
2007-12-26,0,0,0,0,0,0,0,0,0,0,0,0,0,0,0,0,0,0,0,0,0,0,0,0,0,0,0,0,0,0,0,0,0,0
2007-12-27,0,0,0,0,0,0,0,0,0,0,0,0,0,0,0,0,0,0,0,0,0,0,0,0,0,0,0,0,0,0,0,0,0,0
2007-12-28,0,0,0,0,0,0,0,0,0,0,0,0,0,0,0,0,0,0,0,0,0,0,0,0,0,0,0,0,0,0,0,0,0,0
2007-12-29,0,0,0,0,0,0,0,0,0,0,0,0,0,0,0,0,0,0,0,0,0,0,0,0,0,0,0,0,0,0,0,0,0,0
2007-12-30,0,0,0,0,0,0,0,0,0,0,0,0,0,0,0,0,0,0,0,0,0,0,0,0,0,0,0,0,0,0,0,0,0,0
2007-12-31,0,0,0,0,0,0,0,0,0,0,0,0,0,0,0,0,0,0,0,0,0,0,0,0,0,0,0,0,0,0,0,0,0,0
2008-01-01,0,0,0,0,0,0,0,0,0,0,0,0,0,0,0,0,0,0,0,0,0,0,0,0,0,0,0,0,0,0,0,0,0,0
2008-01-02,0,0,0,0,0,0,0,0,0,0,0,0,0,0,0,0,0,0,0,0,0,0,0,0,0,0,0,0,0,0,0,0,0,0
2008-01-03,0,0,0,0,0,0,0,0,0,0,0,0,0,0,0,0,0,0,0,0,0,0,0,0,0,0,0,0,0,0,0,0,0,0
2008-01-04,0,0,0,0,0,0,0,0,0,0,0,0,0,0,0,0,0,0,0,0,0,0,0,0,0,0,0,0,0,0,0,0,0,0
2008-01-05,0,0,0,0,0,0,0,0,0,0,0,0,0,0,0,0,0,0,0,0,0,0,0,0,0,0,0,0,0,0,0,0,0,0
2008-01-06,0,0,0,0,0,0,0,0,0,0,0,0,0,0,0,0,0,0,0,0,0,0,0,0,0,0,0,0,0,0,0,0,0,0
2008-01-07,0,0,0,0,0,0,0,0,0,0,0,0,0,0,0,0,0,0,0,0,0,0,0,0,0,0,0,0,0,0,0,0,0,0
2008-01-08,0,0,0,0,0,0,0,0,0,0,0,0,0,0,0,0,0,0,0,0,0,0,0,0,0,0,0,0,0,0,0,0,0,0
2008-01-09,0,0,0,0,0,0,0,0,0,0,0,0,0,0,0,0,0,0,0,0,0,0,0,0,0,0,0,0,0,0,0,0,0,0
2008-01-10,0,0,0,0,0,0,0,0,0,0,0,0,0,0,0,0,0,0,0,0,0,0,0,0,0,0,0,0,0,0,0,0,0,0
2008-01-11,0,0,0,0,0,0,0,0,0,0,0,0,0,0,0,0,0,0,0,0,0,0,0,0,0,0,0,0,0,0,0,0,0,0
2008-01-12,0,0,0,0,0,0,0,0,0,0,0,0,0,0,0,0,0,0,0,0,0,0,0,0,0,0,0,0,0,0,0,0,0,0
2008-01-13,0,0,0,0,0,0,0,0,0,0,0,0,0,0,0,0,0,0,0,0,0,0,0,0,0,0,0,0,0,0,0,0,0,0
2008-01-14,0,0,0,0,0,0,0,0,0,0,0,0,0,0,0,0,0,0,0,0,0,0,0,0,0,0,0,0,0,0,0,0,0,0
2008-01-15,0,0,0,0,0,0,0,0,0,0,0,0,0,0,0,0,0,0,0,0,0,0,0,0,0,0,0,0,0,0,0,0,0,0
2008-01-16,0,0,0,0,0,0,0,0,0,0,0,0,0,0,0,0,0,0,0,0,0,0,0,0,0,0,0,0,0,0,0,0,0,0
2008-01-17,0,0,0,0,0,0,0,0,0,0,0,0,0,0,0,0,0,0,0,0,0,0,0,0,0,0,0,0,0,0,0,0,0,0
2008-01-18,0,0,0,0,0,0,0,0,0,0,0,0,0,0,0,0,0,0,0,0,0,0,0,0,0,0,0,0,0,0,0,0,0,0
2008-01-19,0,0,0,0,0,0,0,0,0,0,0,0,0,0,0,0,0,0,0,0,0,0,0,0,0,0,0,0,0,0,0,0,0,0
2008-01-20,0,0,0,0,0,0,0,0,0,0,0,0,0,0,0,0,0,0,0,0,0,0,0,0,0,0,0,0,0,0,0,0,0,0
2008-01-21,0,0,0,0,0,0,0,0,0,0,0,0,0,0,0,0,0,0,0,0,0,0,0,0,0,0,0,0,0,0,0,0,0,0
2008-01-22,0,0,0,0,0,0,0,0,0,0,0,0,0,0,0,0,0,0,0,0,0,0,0,0,0,0,0,0,0,0,0,0,0,0
2008-01-23,0,0,0,0,0,0,0,0,0,0,0,0,0,0,0,0,0,0,0,0,0,0,0,0,0,0,0,0,0,0,0,0,0,0
2008-01-24,0,0,0,0,0,0,0,0,0,0,0,0,0,0,0,0,0,0,0,0,0,0,0,0,0,0,0,0,0,0,0,0,0,0
2008-01-25,0,0,0,0,0,0,0,0,0,0,0,0,0,0,0,0,0,0,0,0,0,0,0,0,0,0,0,0,0,0,0,0,0,0
2008-01-26,0,0,0,0,0,0,0,0,0,0,0,0,0,0,0,0,0,0,0,0,0,0,0,0,0,0,0,0,0,0,0,0,0,0
2008-01-27,0,0,0,0,0,0,0,0,0,0,0,0,0,0,0,0,0,0,0,0,0,0,0,0,0,0,0,0,0,0,0,0,0,0
2008-01-28,0,0,0,0,0,0,0,0,0,0,0,0,0,0,0,0,0,0,0,0,0,0,0,0,0,0,0,0,0,0,0,0,0,0
2008-01-29,0,0,0,0,0,0,0,0,0,0,0,0,0,0,0,0,0,0,0,0,0,0,0,0,0,0,0,0,0,0,0,0,0,0
2008-01-30,0,0,0,0,0,0,0,0,0,0,0,0,0,0,0,0,0,0,0,0,0,0,0,0,0,0,0,0,0,0,0,0,0,0
2008-01-31,0,0,0,0,0,0,0,0,0,0,0,0,0,0,0,0,0,0,0,0,0,0,0,0,0,0,0,0,0,0,0,0,0,0
2008-02-01,0,0,0,0,0,0,0,0,0,0,0,0,0,0,0,0,0,0,0,0,0,0,0,0,0,0,0,0,0,0,0,0,0,0
2008-02-02,0,0,0,0,0,0,0,0,0,0,0,0,0,0,0,0,0,0,0,0,0,0,0,0,0,0,0,0,0,0,0,0,0,0
2008-02-03,0,0,0,0,0,0,0,0,0,0,0,0,0,0,0,0,0,0,0,0,0,0,0,0,0,0,0,0,0,0,0,0,0,0
2008-02-04,0,0,0,0,0,0,0,0,0,0,0,0,0,0,0,0,0,0,0,0,0,0,0,0,0,0,0,0,0,0,0,0,0,0
2008-02-05,0,0,0,0,0,0,0,0,0,0,0,0,0,0,0,0,0,0,0,0,0,0,0,0,0,0,0,0,0,0,0,0,0,0
2008-02-06,0,0,0,0,0,0,0,0,0,0,0,0,0,0,0,0,0,0,0,0,0,0,0,0,0,0,0,0,0,0,0,0,0,0
2008-02-07,0,0,0,0,0,0,0,0,0,0,0,0,0,0,0,0,0,0,0,0,0,0,0,0,0,0,0,0,0,0,0,0,0,0
2008-02-08,0,0,0,0,0,0,0,0,0,0,0,0,0,0,0,0,0,0,0,0,0,0,0,0,0,0,0,0,0,0,0,0,0,0
2008-02-09,0,0,0,0,0,0,0,0,0,0,0,0,0,0,0,0,0,0,0,0,0,0,0,0,0,0,0,0,0,0,0,0,0,0
2008-02-10,0,0,0,0,0,0,0,0,0,0,0,0,0,0,0,0,0,0,0,0,0,0,0,0,0,0,0,0,0,0,0,0,0,0
2008-02-11,0,0,0,0,0,0,0,0,0,0,0,0,0,0,0,0,0,0,0,0,0,0,0,0,0,0,0,0,0,0,0,0,0,0
2008-02-12,0,0,0,0,0,0,0,0,0,0,0,0,0,0,0,0,0,0,0,0,0,0,0,0,0,0,0,0,0,0,0,0,0,0
2008-02-13,0,0,0,0,0,0,0,0,0,0,0,0,0,0,0,0,0,0,0,0,0,0,0,0,0,0,0,0,0,0,0,0,0,0
2008-02-14,0,0,0,0,0,0,0,0,0,0,0,0,0,0,0,0,0,0,0,0,0,0,0,0,0,0,0,0,0,0,0,0,0,0
2008-02-15,0,0,0,0,0,0,0,0,0,0,0,0,0,0,0,0,0,0,0,0,0,0,0,0,0,0,0,0,0,0,0,0,0,0
2008-02-16,0,0,0,0,0,0,0,0,0,0,0,0,0,0,0,0,0,0,0,0,0,0,0,0,0,0,0,0,0,0,0,0,0,0
2008-02-17,0,0,0,0,0,0,0,0,0,0,0,0,0,0,0,0,0,0,0,0,0,0,0,0,0,0,0,0,0,0,0,0,0,0
2008-02-18,0,0,0,0,0,0,0,0,0,0,0,0,0,0,0,0,0,0,0,0,0,0,0,0,0,0,0,0,0,0,0,0,0,0
2008-02-19,0,0,0,0,0,0,0,0,0,0,0,0,0,0,0,0,0,0,0,0,0,0,0,0,0,0,0,0,0,0,0,0,0,0
2008-02-20,0,0,0,0,0,0,0,0,0,0,0,0,0,0,0,0,0,0,0,0,0,0,0,0,0,0,0,0,0,0,0,0,0,0
2008-02-21,0,0,0,0,0,0,0,0,0,0,0,0,0,0,0,0,0,0,0,0,0,0,0,0,0,0,0,0,0,0,0,0,0,0
2008-02-22,0,0,0,0,0,0,0,0,0,0,0,0,0,0,0,0,0,0,0,0,0,0,0,0,0,0,0,0,0,0,0,0,0,0
2008-02-23,0,0,0,0,0,0,0,0,0,0,0,0,0,0,0,0,0,0,0,0,0,0,0,0,0,0,0,0,0,0,0,0,0,0
2008-02-24,0,0,0,0,0,0,0,0,0,0,0,0,0,0,0,0,0,0,0,0,0,0,0,0,0,0,0,0,0,0,0,0,0,0
2008-02-25,0,0,0,0,0,0,0,0,0,0,0,0,0,0,0,0,0,0,0,0,0,0,0,0,0,0,0,0,0,0,0,0,0,0
2008-02-26,0,0,0,0,0,0,0,0,0,0,0,0,0,0,0,0,0,0,0,0,0,0,0,0,0,0,0,0,0,0,0,0,0,0
2008-02-27,0,0,0,0,0,0,0,0,0,0,0,0,0,0,0,0,0,0,0,0,0,0,0,0,0,0,0,0,0,0,0,0,0,0
2008-02-28,0,0,0,0,0,0,0,0,0,0,0,0,0,0,0,0,0,0,0,0,0,0,0,0,0,0,0,0,0,0,0,0,0,0
2008-02-29,0,0,0,0,0,0,0,0,0,0,0,0,0,0,0,0,0,0,0,0,0,0,0,0,0,0,0,0,0,0,0,0,0,0
2008-03-01,0,0,0,0,0,0,0,0,0,0,0,0,0,0,0,0,0,0,0,0,0,0,0,0,0,0,0,0,0,0,0,0,0,0
2008-03-02,0,0,0,0,0,0,0,0,0,0,0,0,0,0,0,0,0,0,0,0,0,0,0,0,0,0,0,0,0,0,0,0,0,0
2008-03-03,0,0,0,0,0,0,0,0,0,0,0,0,0,0,0,0,0,0,0,0,0,0,0,0,0,0,0,0,0,0,0,0,0,0
2008-03-04,0,0,0,0,0,0,0,0,0,0,0,0,0,0,0,0,0,0,0,0,0,0,0,0,0,0,0,0,0,0,0,0,0,0
2008-03-05,0,0,0,0,0,0,0,0,0,0,0,0,0,0,0,0,0,0,0,0,0,0,0,0,0,0,0,0,0,0,0,0,0,0
2008-03-06,0,0,0,0,0,0,0,0,0,0,0,0,0,0,0,0,0,0,0,0,0,0,0,0,0,0,0,0,0,0,0,0,0,0
2008-03-07,0,0,0,0,0,0,0,0,0,0,0,0,0,0,0,0,0,0,0,0,0,0,0,0,0,0,0,0,0,0,0,0,0,0
2008-03-08,0,0,0,0,0,0,0,0,0,0,0,0,0,0,0,0,0,0,0,0,0,0,0,0,0,0,0,0,0,0,0,0,0,0
2008-03-09,0,0,0,0,0,0,0,0,0,0,0,0,0,0,0,0,0,0,0,0,0,0,0,0,0,0,0,0,0,0,0,0,0,0
2008-03-10,0,0,0,0,0,0,0,0,0,0,0,0,0,0,0,0,0,0,0,0,0,0,0,0,0,0,0,0,0,0,0,0,0,0
2008-03-11,0,0,0,0,0,0,0,0,0,0,0,0,0,0,0,0,0,0,0,0,0,0,0,0,0,0,0,0,0,0,0,0,0,0
2008-03-12,0,0,0,0,0,0,0,0,0,0,0,0,0,0,0,0,0,0,0,0,0,0,0,0,0,0,0,0,0,0,0,0,0,0
2008-03-13,0,0,0,0,0,0,0,0,0,0,0,0,0,0,0,0,0,0,0,0,0,0,0,0,0,0,0,0,0,0,0,0,0,0
2008-03-14,0,0,0,0,0,0,0,0,0,0,0,0,0,0,0,0,0,0,0,0,0,0,0,0,0,0,0,0,0,0,0,0,0,0
2008-03-15,0,0,0,0,0,0,0,0,0,0,0,0,0,0,0,0,0,0,0,0,0,0,0,0,0,0,0,0,0,0,0,0,0,0
2008-03-16,0,0,0,0,0,0,0,0,0,0,0,0,0,0,0,0,0,0,0,0,0,0,0,0,0,0,0,0,0,0,0,0,0,0
2008-03-17,0,0,0,0,0,0,0,0,0,0,0,0,0,0,0,0,0,0,0,0,0,0,0,0,0,0,0,0,0,0,0,0,0,0
2008-03-18,0,0,0,0,0,0,0,0,0,0,0,0,0,0,0,0,0,0,0,0,0,0,0,0,0,0,0,0,0,0,0,0,0,0
2008-03-19,0,0,0,0,0,0,0,0,0,0,0,0,0,0,0,0,0,0,0,0,0,0,0,0,0,0,0,0,0,0,0,0,0,0
2008-03-20,0,0,0,0,0,0,0,0,0,0,0,0,0,0,0,0,0,0,0,0,0,0,0,0,0,0,0,0,0,0,0,0,0,0
2008-03-21,0,0,0,0,0,0,0,0,0,0,0,0,0,0,0,0,0,0,0,0,0,0,0,0,0,0,0,0,0,0,0,0,0,0
2008-03-22,0,0,0,0,0,0,0,0,0,0,0,0,0,0,0,0,0,0,0,0,0,0,0,0,0,0,0,0,0,0,0,0,0,0
2008-03-23,0,0,0,0,0,0,0,0,0,0,0,0,0,0,0,0,0,0,0,0,0,0,0,0,0,0,0,0,0,0,0,0,0,0
2008-03-24,0,0,0,0,0,0,0,0,0,0,0,0,0,0,0,0,0,0,0,0,0,0,0,0,0,0,0,0,0,0,0,0,0,0
2008-03-25,0,0,0,0,0,0,0,0,0,0,0,0,0,0,0,0,0,0,0,0,0,0,0,0,0,0,0,0,0,0,0,0,0,0
2008-03-26,0,0,0,0,0,0,0,0,0,0,0,0,0,0,0,0,0,0,0,0,0,0,0,0,0,0,0,0,0,0,0,0,0,0
2008-03-27,0,0,0,0,0,0,0,0,0,0,0,0,0,0,0,0,0,0,0,0,0,0,0,0,0,0,0,0,0,0,0,0,0,0
2008-03-28,0,0,0,0,0,0,0,0,0,0,0,0,0,0,0,0,0,0,0,0,0,0,0,0,0,0,0,0,0,0,0,0,0,0
2008-03-29,0,0,0,0,0,0,0,0,0,0,0,0,0,0,0,0,0,0,0,0,0,0,0,0,0,0,0,0,0,0,0,0,0,0
2008-03-30,0,0,0,0,0,0,0,0,0,0,0,0,0,0,0,0,0,0,0,0,0,0,0,0,0,0,0,0,0,0,0,0,0,0
2008-03-31,0,0,0,0,0,0,0,0,0,0,0,0,0,0,0,0,0,0,0,0,0,0,0,0,0,0,0,0,0,0,0,0,0,0
2008-04-01,0,0,0,0,0,0,0,0,0,0,0,0,0,0,0,0,0,0,0,0,0,0,0,0,0,0,0,0,0,0,0,0,0,0
2008-04-02,0,0,0,0,0,0,0,0,0,0,0,0,0,0,0,0,0,0,0,0,0,0,0,0,0,0,0,0,0,0,0,0,0,0
2008-04-03,0,0,0,0,0,0,0,0,0,0,0,0,0,0,0,0,0,0,0,0,0,0,0,0,0,0,0,0,0,0,0,0,0,0
2008-04-04,0,0,0,0,0,0,0,0,0,0,0,0,0,0,0,0,0,0,0,0,0,0,0,0,0,0,0,0,0,0,0,0,0,0
2008-04-05,0,0,0,0,0,0,0,0,0,0,0,0,0,0,0,0,0,0,0,0,0,0,0,0,0,0,0,0,0,0,0,0,0,0
2008-04-06,0,0,0,0,0,0,0,0,0,0,0,0,0,0,0,0,0,0,0,0,0,0,0,0,0,0,0,0,0,0,0,0,0,0
2008-04-07,0,0,0,0,0,0,0,0,0,0,0,0,0,0,0,0,0,0,0,0,0,0,0,0,0,0,0,0,0,0,0,0,0,0
2008-04-08,0,0,0,0,0,0,0,0,0,0,0,0,0,0,0,0,0,0,0,0,0,0,0,0,0,0,0,0,0,0,0,0,0,0
2008-04-09,0,0,0,0,0,0,0,0,0,0,0,0,0,0,0,0,0,0,0,0,0,0,0,0,0,0,0,0,0,0,0,0,0,0
2008-04-10,0,0,0,0,0,0,0,0,0,0,0,0,0,0,0,0,0,0,0,0,0,0,0,0,0,0,0,0,0,0,0,0,0,0
2008-04-11,0,0,0,0,0,0,0,0,0,0,0,0,0,0,0,0,0,0,0,0,0,0,0,0,0,0,0,0,0,0,0,0,0,0
2008-04-12,0,0,0,0,0,0,0,0,0,0,0,0,0,0,0,0,0,0,0,0,0,0,0,0,0,0,0,0,0,0,0,0,0,0
2008-04-13,0,0,0,0,0,0,0,0,0,0,0,0,0,0,0,0,0,0,0,0,0,0,0,0,0,0,0,0,0,0,0,0,0,0
2008-04-14,0,0,0,0,0,0,0,0,0,0,0,0,0,0,0,0,0,0,0,0,0,0,0,0,0,0,0,0,0,0,0,0,0,0
2008-04-15,0,0,0,0,0,0,0,0,0,0,0,0,0,0,0,0,0,0,0,0,0,0,0,0,0,0,0,0,0,0,0,0,0,0
2008-04-16,0,0,0,0,0,0,0,0,0,0,0,0,0,0,0,0,0,0,0,0,0,0,0,0,0,0,0,0,0,0,0,0,0,0
2008-04-17,0,0,0,0,0,0,0,0,0,0,0,0,0,0,0,0,0,0,0,0,0,0,0,0,0,0,0,0,0,0,0,0,0,0
2008-04-18,0,0,0,0,0,0,0,0,0,0,0,0,0,0,0,0,0,0,0,0,0,0,0,0,0,0,0,0,0,0,0,0,0,0
2008-04-19,0,0,0,0,0,0,0,0,0,0,0,0,0,0,0,0,0,0,0,0,0,0,0,0,0,0,0,0,0,0,0,0,0,0
2008-04-20,0,0,0,0,0,0,0,0,0,0,0,0,0,0,0,0,0,0,0,0,0,0,0,0,0,0,0,0,0,0,0,0,0,0
2008-04-21,0,0,0,0,0,0,0,0,0,0,0,0,0,0,7,0,0,0,0,0,0,0,0,0,0,0,0,0,0,0,0,0,0,0
2008-04-22,0,0,0,0,0,0,0,0,0,0,0,0,0,0,6,0,0,0,0,0,0,0,0,0,0,0,0,0,0,0,0,0,0,0
2008-04-23,0,0,0,0,0,0,0,0,0,0,0,0,0,0,0,0,0,0,0,0,0,0,0,0,0,0,0,0,0,0,0,0,0,0
2008-04-24,0,0,0,0,0,0,0,0,0,0,0,0,0,0,0,0,0,0,0,0,0,0,0,0,0,0,0,0,0,0,0,0,0,0
2008-04-25,0,0,0,0,0,0,0,0,0,0,0,0,0,0,0,0,0,0,0,0,0,0,0,0,0,0,0,1,0,0,0,0,0,0
2008-04-26,0,0,0,0,0,0,0,0,0,0,0,0,0,0,0,0,0,0,0,0,0,0,0,0,0,0,0,0,0,0,0,0,0,0
2008-04-27,0,0,0,0,0,0,0,0,0,0,0,0,0,0,0,0,0,0,0,0,0,0,0,0,0,0,0,0,0,0,0,0,0,0
2008-04-28,0,0,0,0,0,0,0,0,0,0,0,0,0,0,0,0,0,0,0,0,0,0,0,0,0,0,0,0,0,0,0,0,0,0
2008-04-29,0,0,0,0,0,0,0,0,0,0,0,0,0,0,0,0,0,0,0,0,0,0,0,0,0,0,0,0,0,0,0,0,0,0
2008-04-30,0,0,0,0,0,0,0,0,0,0,0,0,0,0,0,0,0,0,0,0,0,0,0,0,0,0,0,0,0,0,0,0,0,0
2008-05-01,0,0,0,0,0,0,0,0,0,0,0,0,0,0,0,0,0,0,0,0,0,0,0,0,0,0,0,0,0,0,0,0,0,0
2008-05-02,0,0,0,0,0,0,0,0,0,0,0,0,0,0,0,0,0,0,0,0,0,0,0,0,0,0,0,0,0,0,0,0,0,0
2008-05-03,0,0,0,0,0,0,0,0,0,0,0,0,0,0,0,0,0,0,0,0,0,0,0,0,0,0,0,0,0,0,0,0,0,0
2008-05-04,0,0,0,0,0,0,0,0,0,0,0,0,0,0,0,0,0,0,0,0,0,0,0,0,0,0,0,0,0,0,0,0,0,0
2008-05-05,0,0,0,0,0,0,0,0,0,0,0,0,0,0,0,0,0,0,0,0,0,0,0,0,0,0,0,0,0,0,0,0,0,0
2008-05-06,0,0,0,0,0,0,0,0,0,0,8,0,0,0,0,0,0,0,0,0,0,0,0,0,0,0,0,0,0,0,0,0,0,0
2008-05-07,0,0,0,0,0,0,0,0,0,0,4,0,0,0,0,0,0,0,0,0,0,0,0,0,0,0,0,0,0,0,0,0,0,0
2008-05-08,0,0,0,0,0,0,0,0,0,0,0,0,0,0,0,0,0,0,0,0,0,0,0,0,0,0,0,0,0,0,0,0,0,0
2008-05-09,0,0,0,0,0,0,0,0,0,0,0,0,0,0,0,0,0,0,0,0,0,0,0,0,0,0,0,0,0,0,0,0,0,0
2008-05-10,0,0,0,0,0,0,0,0,0,0,0,0,0,0,0,0,0,0,0,0,0,0,0,0,0,0,0,0,0,0,0,0,0,0
2008-05-11,0,0,0,0,0,0,0,0,0,0,0,0,0,0,0,0,0,0,0,0,0,0,0,0,0,0,0,0,0,0,0,0,0,0
2008-05-12,0,0,0,0,0,0,0,0,0,0,0,0,0,0,0,0,0,0,0,0,0,0,0,0,0,0,0,0,0,0,0,0,0,0
2008-05-13,0,0,0,0,0,0,0,0,0,0,0,0,0,0,0,0,0,0,0,0,0,0,0,0,0,0,0,0,0,0,0,0,0,0
2008-05-14,0,0,0,0,0,0,0,0,0,0,0,0,0,0,0,0,0,0,0,0,0,0,0,0,0,0,0,0,0,0,0,0,0,0
2008-05-15,0,0,0,0,0,0,0,0,0,0,0,0,0,0,0,0,0,0,0,0,0,0,0,0,0,0,0,0,0,0,0,0,0,0
2008-05-16,0,0,0,0,0,0,0,0,0,0,0,0,0,0,0,0,0,0,0,0,0,0,0,0,0,0,0,0,0,0,0,0,0,0
2008-05-17,0,0,0,0,0,0,0,0,0,0,0,0,0,0,0,0,0,0,1,0,0,0,0,0,0,0,0,0,0,0,0,0,0,0
2008-05-18,0,0,0,0,2,0,0,0,0,0,0,0,0,0,0,0,0,0,0,0,0,0,0,0,0,0,0,0,13,4,0,0,0,0
2008-05-19,0,0,0,0,6,0,0,0,0,0,0,0,0,0,0,0,0,0,0,0,0,0,0,0,0,0,0,0,15,8,0,0,0,0
2008-05-20,0,0,0,0,3,0,0,0,0,0,0,0,0,0,7,0,0,0,0,0,0,0,0,0,0,0,0,0,7,0,0,0,0,0
2008-05-21,0,0,0,0,0,0,0,0,0,0,0,0,0,0,4,0,0,0,0,0,0,0,0,0,0,0,0,0,0,0,0,0,0,0
2008-05-22,0,0,0,0,0,0,0,0,0,0,0,0,0,0,0,0,0,0,0,0,0,0,0,0,0,0,0,0,0,0,0,0,0,0
2008-05-23,0,0,0,0,0,0,0,0,0,0,0,0,0,0,0,0,0,0,0,0,0,0,0,0,0,0,0,0,0,0,0,0,0,0
2008-05-24,0,0,0,0,0,0,0,0,0,0,0,0,0,0,0,0,0,0,0,0,0,0,0,0,0,0,0,0,0,0,0,0,0,0
2008-05-25,0,0,0,0,0,0,0,0,0,0,0,0,0,0,0,0,0,0,6,0,0,0,0,0,0,0,0,0,0,0,0,0,0,0
2008-05-26,0,0,0,0,0,0,0,0,0,0,0,0,0,0,29,0,0,0,49,0,0,0,0,0,0,0,0,0,1,0,0,0,0,0
2008-05-27,2,0,26,0,0,0,0,0,0,0,0,0,0,0,45,62,34,0,139,0,0,0,0,12,0,0,0,0,5,90,0,4,0,0
2008-05-28,6,5,38,0,78,0,0,8,0,0,0,0,0,0,150,89,131,0,196,0,0,0,1,36,0,0,0,0,120,211,0,9,14,5
2008-05-29,14,0,3,0,0,0,0,15,0,0,0,0,0,0,100,8,0,0,63,0,0,0,2,13,0,0,0,0,0,3,0,0,0,1
2008-05-30,4,0,0,0,0,0,0,1,0,0,0,0,0,0,12,0,0,0,1,0,0,0,1,1,0,0,0,0,0,6,0,0,1,0
2008-05-31,0,2,0,0,0,0,1,15,0,0,0,0,0,0,14,1,7,0,0,0,0,0,0,0,0,0,4,0,0,34,0,0,4,0
2008-06-01,0,0,0,0,1,0,0,1,0,0,0,0,0,0,35,1,3,0,12,0,0,0,0,3,0,0,0,0,2,30,0,0,0,0
2008-06-02,0,0,1,0,0,0,0,52,0,0,0,0,0,0,15,7,1,0,8,0,0,0,0,0,0,0,6,0,0,19,0,0,1,0
2008-06-03,0,0,0,0,0,0,0,7,0,0,0,0,0,0,2,0,0,0,0,0,0,0,0,0,0,0,6,0,0,0,0,0,0,0
2008-06-04,0,0,0,0,0,0,0,0,0,0,0,0,0,0,0,0,0,0,0,0,0,0,0,0,0,0,0,0,0,0,0,0,0,0
2008-06-05,0,0,0,0,0,0,0,0,0,0,1,0,0,0,7,0,0,0,0,0,0,0,0,0,0,0,0,0,0,0,0,0,0,0
2008-06-06,0,0,0,0,0,0,0,0,0,0,16,0,0,0,0,0,0,0,0,0,0,0,0,0,0,0,0,0,0,0,0,0,0,0
2008-06-07,0,0,0,0,0,0,0,0,0,0,32,0,0,0,1,0,0,0,0,0,0,0,0,0,0,0,0,4,0,0,0,0,0,0
2008-06-08,0,0,0,0,0,0,0,0,0,0,12,0,0,0,1,0,0,0,0,0,0,0,0,0,0,0,0,1,0,0,0,0,0,0
2008-06-09,0,0,0,0,0,0,0,0,0,0,0,0,0,0,0,0,0,0,0,0,0,0,0,0,0,0,0,0,0,0,0,0,0,0
2008-06-10,0,0,0,0,0,0,0,0,0,0,0,0,0,0,0,0,0,0,0,0,0,0,0,0,0,0,0,0,0,0,0,0,0,0
2008-06-11,0,0,0,0,0,0,0,0,0,0,13,0,0,0,6,0,0,0,6,0,0,0,0,0,0,0,0,11,41,8,0,0,0,0
2008-06-12,0,0,0,0,2,0,0,0,0,0,62,0,0,0,37,0,0,0,1,0,0,0,0,0,0,0,0,57,52,0,0,0,0,0
2008-06-13,0,0,0,0,0,0,0,0,0,0,145,0,0,0,45,0,0,0,0,0,0,0,0,0,0,0,0,83,0,0,0,0,0,0
2008-06-14,0,0,0,0,0,0,0,0,0,0,181,0,0,0,35,0,0,0,0,0,0,0,0,0,0,0,0,28,0,0,0,0,0,0
2008-06-15,0,0,0,0,0,0,0,0,0,0,128,0,0,0,31,0,0,0,0,0,0,0,0,0,0,0,0,0,0,0,0,0,0,0
2008-06-16,0,0,0,0,0,0,0,0,0,0,29,0,0,0,24,0,0,0,2,0,0,0,0,0,0,0,0,0,0,0,0,0,0,0
2008-06-17,1,0,0,0,2,0,0,0,0,0,15,0,0,0,122,0,0,0,182,0,0,0,0,13,0,0,0,0,5,17,0,0,0,0
2008-06-18,6,0,0,0,103,0,0,0,0,0,114,0,0,0,286,0,0,0,93,0,0,0,0,32,0,0,0,1,106,4,0,0,0,0
2008-06-19,0,0,0,0,40,0,0,0,0,0,389,0,0,0,401,0,0,0,35,0,0,0,0,18,0,0,0,15,15,0,0,0,0,0
2008-06-20,7,0,2,0,22,0,0,0,0,0,661,0,29,0,253,13,12,0,142,0,0,0,3,7,0,0,0,82,29,12,0,0,3,0
2008-06-21,25,1,21,0,63,0,0,0,0,0,909,0,201,0,282,67,90,0,333,0,0,0,5,19,0,0,0,116,141,74,0,2,8,0
2008-06-22,26,32,38,0,110,7,15,95,0,0,966,0,304,0,300,129,267,0,497,0,0,0,6,34,0,0,0,89,260,145,0,14,49,3
2008-06-23,22,47,75,0,179,6,50,6,0,0,477,0,233,0,326,160,434,0,641,0,0,0,6,51,0,0,25,10,436,245,0,17,89,13
2008-06-24,31,1,93,0,309,0,0,0,0,0,382,0,131,0,416,166,253,0,692,0,0,0,9,73,0,0,0,2,470,299,0,16,23,25
2008-06-25,45,5,80,0,257,1,1,4,0,0,953,0,74,0,511,178,215,0,812,0,0,0,13,60,0,0,0,115,345,224,0,24,23,8
2008-06-26,44,2,114,0,285,0,0,0,0,0,1399,0,103,0,462,231,251,0,814,0,0,0,14,44,0,0,0,176,554,281,0,32,10,11
2008-06-27,38,0,37,0,193,0,0,0,0,0,1205,0,96,0,445,95,30,0,710,0,0,0,12,36,0,0,0,216,346,138,0,3,1,9
2008-06-28,40,0,13,0,147,0,0,0,0,0,1219,0,91,0,429,55,4,0,616,0,0,0,11,31,0,0,0,282,206,41,0,2,0,0
2008-06-29,53,1,22,0,71,0,0,0,0,0,1392,0,131,0,449,99,45,0,699,0,0,0,9,28,0,0,0,180,89,41,0,7,6,0
2008-06-30,39,0,34,0,100,0,0,0,0,0,1143,0,144,0,345,85,11,0,617,0,0,0,8,33,0,0,0,121,216,105,0,1,0,3
2008-07-01,36,0,27,0,142,0,0,4,0,0,1059,0,330,0,334,76,10,0,542,0,0,0,10,46,0,0,0,36,249,74,0,2,6,4
2008-07-02,36,6,32,0,112,4,11,354,0,0,534,0,156,0,377,107,65,0,569,0,0,0,7,43,23,0,3,0,125,88,0,9,15,6
2008-07-03,24,24,37,0,54,0,14,150,0,0,245,0,15,0,280,139,157,0,634,0,0,0,5,26,0,0,140,0,83,84,0,16,31,2
2008-07-04,25,0,10,0,93,0,0,0,0,0,437,0,7,0,275,71,7,0,656,0,0,0,4,5,0,0,0,6,272,73,0,1,0,0
2008-07-05,32,0,3,0,174,0,0,0,0,0,953,0,46,0,372,25,0,0,494,0,0,0,7,17,0,0,0,16,213,0,0,0,0,0
2008-07-06,34,0,5,0,58,0,0,0,0,0,466,0,17,0,364,41,0,0,553,0,0,0,7,13,0,0,0,0,72,3,0,0,0,0
2008-07-07,46,0,73,0,105,0,0,0,0,0,209,0,9,0,362,161,106,0,749,0,0,0,9,39,0,0,0,0,280,226,0,3,0,9
2008-07-08,63,0,9,0,281,0,0,0,0,0,369,0,3,0,539,25,0,0,573,0,0,0,8,74,0,0,0,7,323,32,0,0,0,18
2008-07-09,32,0,3,0,55,0,0,0,0,0,859,0,8,0,565,11,0,0,312,0,0,0,7,13,0,0,0,27,32,0,0,0,0,0
2008-07-10,22,0,4,0,26,0,0,0,0,0,1004,0,55,0,338,23,0,0,359,0,0,0,7,9,0,0,0,18,15,0,0,0,0,0
2008-07-11,34,8,28,0,22,0,3,0,0,0,811,0,12,0,305,95,69,0,488,0,0,0,9,19,0,0,3,5,26,46,0,5,16,2
2008-07-12,42,10,69,0,50,0,3,0,0,0,257,0,7,0,268,149,328,0,617,0,0,0,10,46,0,0,65,0,227,210,0,12,53,16
2008-07-13,54,0,74,0,85,0,0,0,0,0,140,0,4,0,330,150,332,0,613,0,0,0,10,66,0,0,63,2,428,349,0,1,28,31
2008-07-14,66,0,17,0,223,0,0,0,0,0,177,0,0,0,433,21,20,0,344,0,0,0,9,97,0,0,0,75,508,265,0,0,0,38
2008-07-15,15,0,0,0,38,0,0,0,0,0,306,0,3,0,512,1,0,0,136,0,0,0,2,16,0,0,0,194,26,0,0,0,0,0
2008-07-16,2,0,0,0,0,0,0,0,0,0,288,0,6,0,139,3,0,0,164,0,0,0,0,0,0,0,0,183,0,0,0,0,0,0
2008-07-17,4,0,2,0,20,0,0,0,0,0,525,0,18,0,125,15,5,0,223,0,0,0,1,2,0,0,0,242,46,25,0,0,0,0
2008-07-18,14,0,0,0,119,0,0,0,0,0,1129,0,19,0,244,5,0,0,237,0,0,0,2,37,0,0,0,359,225,3,0,0,0,3
2008-07-19,28,0,4,0,156,0,0,0,0,0,1779,0,50,0,390,10,0,0,288,0,0,0,6,47,0,0,0,332,208,1,0,0,0,1
2008-07-20,36,0,24,0,238,0,0,0,0,0,1296,0,17,0,554,61,27,0,426,0,0,0,7,73,0,0,0,80,275,110,0,0,0,17
2008-07-21,46,0,8,0,306,0,0,0,0,0,1061,0,6,0,555,16,0,0,406,0,0,0,7,91,0,0,0,143,448,62,0,0,0,22
2008-07-22,9,0,0,0,67,0,0,0,0,0,1096,0,0,0,435,0,0,0,127,0,0,0,0,7,0,0,0,174,79,0,0,0,0,0
2008-07-23,0,0,0,0,0,0,0,0,0,0,1480,0,24,0,149,0,0,0,27,0,0,0,0,0,0,0,0,56,21,0,0,0,0,0
2008-07-24,0,0,0,0,0,0,0,0,0,0,1057,0,6,0,46,0,0,0,66,0,0,0,0,0,0,0,0,0,8,0,0,0,0,0
2008-07-25,0,0,0,0,0,0,0,13,0,0,706,0,22,0,56,3,0,0,172,0,0,0,0,0,0,5,81,3,6,0,0,0,0,0
2008-07-26,0,0,0,0,0,0,0,196,0,0,966,0,33,0,127,11,0,0,288,0,0,0,0,0,0,8,131,11,0,0,17,0,0,0
2008-07-27,1,4,0,0,4,0,4,275,0,0,1053,0,73,0,161,30,53,0,289,0,0,0,0,0,1,8,112,12,9,8,7,1,12,0
2008-07-28,10,1,7,0,0,0,6,471,1,0,881,0,217,0,131,46,27,0,384,0,0,0,4,2,25,11,93,12,44,22,40,2,8,0
2008-07-29,20,7,11,0,16,0,25,251,8,0,758,0,73,0,189,56,58,0,550,0,0,0,5,11,0,0,64,2,68,35,0,3,10,0
2008-07-30,24,3,12,0,51,0,3,26,0,0,999,0,327,0,283,61,58,0,712,0,0,0,6,25,0,0,0,6,105,66,0,1,5,0
2008-07-31,29,0,21,34,61,1,9,278,0,0,1186,0,817,0,314,99,85,0,703,0,0,0,7,35,35,0,35,15,112,99,0,4,5,1
2008-08-01,29,4,22,0,48,0,24,73,0,0,973,0,63,0,247,114,129,0,764,0,0,0,7,32,0,0,178,8,133,120,0,6,13,2
2008-08-02,23,0,22,0,39,0,0,0,0,0,1179,0,84,0,196,100,197,0,769,0,0,0,6,33,0,0,0,122,189,155,0,2,10,4
2008-08-03,24,0,23,0,34,0,0,0,0,0,2007,0,128,0,181,92,140,0,875,0,0,0,8,32,0,0,0,279,206,119,0,3,6,4
2008-08-04,31,2,59,0,109,0,0,0,0,0,2438,0,178,0,266,162,187,0,877,0,0,0,8,42,0,0,0,278,370,176,0,12,12,7
2008-08-05,42,0,45,0,292,0,0,0,0,0,2297,0,288,0,457,93,1,0,956,0,0,0,12,84,0,0,0,195,455,148,0,3,0,25
2008-08-06,65,0,14,0,263,0,0,0,0,0,1750,0,519,0,633,52,0,0,846,0,0,0,13,76,0,0,0,56,280,33,0,1,0,9
2008-08-07,56,0,14,0,118,0,10,215,0,0,1204,0,80,0,495,46,0,0,884,0,0,0,9,56,0,0,67,11,127,36,0,1,0,7
2008-08-08,49,0,15,0,89,0,0,0,0,0,665,0,59,0,367,45,39,0,905,0,0,0,8,57,0,0,0,11,178,123,0,0,0,13
2008-08-09,42,0,7,0,79,0,0,0,0,0,885,0,27,0,394,18,0,0,501,0,0,0,6,45,0,0,0,99,149,0,0,0,0,1
2008-08-10,22,0,1,0,2,0,0,0,0,0,1322,0,17,0,194,7,0,0,304,0,0,0,4,1,0,0,0,71,70,0,0,0,0,0
2008-08-11,11,0,0,0,6,0,0,0,0,0,1118,0,7,0,127,4,0,0,338,0,0,0,2,2,0,0,0,13,82,0,0,0,0,0
2008-08-12,12,4,3,0,109,0,6,0,0,0,920,0,27,0,224,24,65,0,513,0,0,0,3,23,0,0,72,6,280,77,0,1,10,0
2008-08-13,27,0,54,0,238,0,0,0,0,0,542,0,23,0,403,152,282,0,740,0,0,0,6,66,0,0,0,1,585,244,0,8,8,17
2008-08-14,63,0,97,0,365,0,0,0,0,0,477,0,19,0,544,146,299,0,851,0,0,0,15,94,0,0,0,0,865,326,0,3,7,30
2008-08-15,95,0,169,0,415,0,0,0,0,0,209,0,1,0,615,200,508,0,620,0,0,0,20,115,0,0,55,1,1052,490,0,1,52,43
2008-08-16,34,0,5,0,434,0,0,0,0,0,88,0,0,0,595,4,20,0,173,31,0,8,5,106,0,0,39,0,836,179,0,0,0,23
2008-08-17,6,0,0,0,352,0,0,0,0,3,269,0,0,0,509,0,0,0,88,0,0,20,2,46,0,0,0,0,526,1,0,0,0,0
2008-08-18,5,0,0,0,224,0,0,0,0,0,608,0,16,0,430,3,0,0,136,0,0,0,2,16,0,0,0,6,171,0,0,0,0,0
2008-08-19,23,0,2,0,116,0,0,0,0,0,556,0,3,0,432,8,0,0,280,0,0,0,5,22,0,0,0,0,83,0,0,0,0,0
2008-08-20,25,0,5,0,161,0,0,0,0,0,435,0,10,0,405,22,34,0,387,0,0,0,7,51,0,0,0,4,232,106,0,0,0,7
2008-08-21,49,0,18,0,229,0,0,0,0,0,808,0,3,0,435,40,53,0,500,0,0,0,13,63,0,0,0,20,394,110,0,0,0,9
2008-08-22,51,0,32,0,336,0,0,0,0,0,844,0,1,0,503,61,130,0,502,0,0,0,12,68,0,0,0,15,528,226,0,0,6,16
2008-08-23,47,0,18,0,391,0,0,0,0,0,402,0,3,0,551,28,54,0,379,0,0,0,9,75,0,0,0,14,653,240,0,0,0,20
2008-08-24,24,0,1,0,384,0,0,0,0,0,518,0,0,0,544,3,0,0,241,0,0,0,4,55,0,0,0,27,410,1,0,0,0,1
2008-08-25,13,0,0,0,77,0,0,0,0,0,728,0,0,0,445,0,0,0,147,0,0,0,3,10,0,0,0,25,37,0,0,0,0,0
2008-08-26,12,0,0,0,96,0,0,0,0,0,851,0,4,0,367,4,0,0,130,0,0,0,4,23,0,0,0,44,107,0,0,0,0,0
2008-08-27,18,0,2,0,115,0,0,0,0,0,889,0,21,0,342,7,0,0,164,0,0,0,6,25,0,0,0,65,157,1,0,0,0,0
2008-08-28,10,0,0,0,77,0,0,0,0,0,813,0,36,0,241,5,0,0,176,0,0,0,3,12,0,0,0,97,180,1,0,0,0,0
2008-08-29,3,0,0,0,47,0,0,0,0,0,732,0,65,0,172,7,0,0,233,0,0,0,1,0,0,0,0,38,127,0,0,0,0,0
2008-08-30,6,0,0,0,38,0,0,0,0,0,271,0,264,0,166,6,0,0,322,0,0,0,2,0,0,0,0,0,7,0,0,0,0,0
2008-08-31,6,0,0,0,0,0,0,0,0,0,195,0,8,0,58,1,0,0,285,0,0,0,1,0,0,0,0,0,0,0,0,0,0,0
2008-09-01,3,0,0,0,0,0,0,0,0,0,313,0,14,0,30,0,0,0,176,0,0,0,0,0,0,0,0,4,0,0,0,0,0,0
2008-09-02,4,0,0,0,0,0,0,0,0,0,283,0,2,0,33,1,0,0,159,0,0,0,1,1,0,0,0,0,0,0,0,0,0,0
2008-09-03,2,0,0,0,2,0,0,0,0,0,203,0,15,0,42,4,1,0,182,0,0,0,1,2,0,0,0,0,12,17,0,0,2,0
2008-09-04,6,0,9,0,17,0,0,0,0,0,230,0,9,0,98,44,136,0,309,0,0,0,2,5,0,0,0,0,67,81,0,0,9,0
2008-09-05,8,1,14,0,67,0,0,0,0,0,189,0,40,0,197,53,161,0,596,0,0,0,2,19,0,0,0,0,143,116,0,1,15,0
2008-09-06,19,12,59,0,111,0,8,0,0,0,61,0,23,0,293,145,391,0,918,0,0,0,5,35,0,0,15,0,309,206,0,10,48,3
2008-09-07,41,0,83,0,116,0,0,0,0,0,27,0,2,0,331,160,425,0,745,0,0,0,10,43,0,0,55,0,442,282,0,3,39,13
2008-09-08,54,0,12,0,135,0,0,0,0,0,117,0,0,0,327,19,0,0,465,0,0,0,10,50,0,0,0,0,249,38,0,0,0,12
2008-09-09,26,0,4,0,72,0,0,0,0,0,279,0,1,0,357,12,0,0,293,0,0,0,6,15,0,0,0,9,49,0,0,0,0,0
2008-09-10,19,0,1,0,14,0,0,0,0,0,238,0,32,0,268,5,0,0,401,0,0,0,4,2,0,0,0,22,3,0,0,0,0,0
2008-09-11,6,0,0,0,3,0,0,0,0,0,193,0,20,0,119,5,0,0,524,0,0,0,2,0,0,0,0,0,5,0,0,0,0,0
2008-09-12,17,0,7,0,57,0,0,0,0,0,26,0,3,0,171,14,0,0,422,0,0,0,3,18,0,0,0,0,29,7,0,0,0,0
2008-09-13,12,0,0,0,24,0,0,0,0,0,22,0,0,0,235,0,0,0,179,0,0,0,0,11,0,0,0,0,0,0,0,0,0,0
2008-09-14,0,0,0,0,0,0,0,0,0,0,46,0,0,0,172,0,0,0,6,0,0,0,0,0,0,0,0,5,0,0,0,0,0,0
2008-09-15,0,0,0,0,0,0,0,0,0,0,72,0,0,0,70,0,0,0,0,0,0,0,0,0,0,0,0,9,0,0,0,0,0,0
2008-09-16,0,0,0,0,0,0,0,0,0,0,13,0,0,0,53,0,0,0,0,0,0,0,0,0,0,0,0,0,0,0,0,0,0,0
2008-09-17,0,0,0,0,0,0,0,0,0,0,1,0,0,0,17,0,0,0,0,0,0,0,0,0,0,0,0,0,0,0,0,0,0,0
2008-09-18,0,0,0,0,0,0,0,0,0,0,4,0,0,0,0,0,0,0,0,0,0,0,0,0,0,0,0,0,0,0,0,0,0,0
2008-09-19,0,0,0,0,0,0,0,0,0,0,82,0,0,0,0,0,0,0,0,0,0,0,0,0,0,0,0,0,0,0,0,0,0,0
2008-09-20,0,0,0,0,0,0,0,0,0,0,155,0,0,0,0,0,0,0,0,0,0,0,0,0,0,0,0,23,0,0,0,0,0,0
2008-09-21,0,0,0,0,0,0,0,0,0,0,15,0,0,0,0,0,0,0,0,0,0,0,0,0,0,0,0,0,0,0,0,0,0,0
2008-09-22,0,0,0,0,0,0,0,0,0,0,13,0,0,0,0,0,0,0,0,0,0,0,0,0,0,0,0,0,0,0,0,0,0,0
2008-09-23,0,0,0,0,0,0,0,0,0,0,0,0,0,0,0,0,0,0,0,0,0,0,0,0,0,0,0,0,0,0,0,0,0,0
2008-09-24,0,0,0,0,0,0,0,0,0,0,0,0,0,0,0,0,0,0,0,0,0,0,0,0,0,0,0,0,0,0,0,0,0,0
2008-09-25,0,0,0,0,0,0,0,0,0,0,0,0,0,0,0,0,0,0,0,0,0,0,0,0,0,0,0,0,0,0,0,0,0,0
2008-09-26,0,0,0,0,0,0,0,0,0,0,0,0,0,0,0,0,0,0,0,0,0,0,0,0,0,0,0,0,0,0,0,0,0,0
2008-09-27,0,0,0,0,0,0,0,0,0,0,0,0,0,0,0,0,0,0,0,0,0,0,0,0,0,0,0,0,0,0,0,0,0,0
2008-09-28,0,0,0,0,0,0,0,0,0,0,0,0,0,0,0,0,0,0,0,0,0,0,0,0,0,0,0,0,0,0,0,0,0,0
2008-09-29,0,0,0,0,0,0,0,0,0,0,0,0,0,0,0,0,0,0,0,0,0,0,0,0,0,0,0,0,0,0,0,0,0,0
2008-09-30,0,0,0,0,0,0,0,0,0,0,0,0,0,0,0,0,0,0,0,0,0,0,0,0,0,0,0,0,0,0,0,0,0,0
2008-10-01,0,0,0,0,0,0,0,0,0,0,0,0,0,0,0,0,0,0,0,0,0,0,0,0,0,0,0,0,0,0,0,0,0,0
2008-10-02,0,0,0,0,0,0,0,0,0,0,0,0,0,0,6,0,0,0,0,0,0,0,0,0,0,0,0,0,0,0,0,0,0,0
2008-10-03,0,0,0,0,0,0,0,0,0,0,0,0,0,0,9,0,0,0,0,0,0,0,0,0,0,0,0,0,0,0,0,0,0,0
2008-10-04,0,0,0,0,0,0,0,0,0,0,0,0,0,0,0,0,0,0,0,0,0,0,0,0,0,0,0,0,0,0,0,0,0,0
2008-10-05,0,0,0,0,0,0,0,0,0,0,0,0,0,0,0,0,0,0,0,0,0,0,0,0,0,0,0,0,0,0,0,0,0,0
2008-10-06,0,0,0,0,0,0,0,0,0,0,0,0,0,0,0,0,0,0,0,0,0,0,0,0,0,0,0,0,0,0,0,0,0,0
2008-10-07,0,0,0,0,0,0,0,0,0,0,0,0,0,0,0,0,0,0,0,0,0,0,0,0,0,0,0,0,0,0,0,0,0,0
2008-10-08,0,0,0,0,0,0,0,0,0,0,0,0,0,0,0,0,0,0,0,0,0,0,0,0,0,0,0,0,0,0,0,0,0,0
2008-10-09,0,0,0,0,0,0,0,0,0,0,0,0,0,0,0,0,0,0,0,0,0,0,0,0,0,0,0,0,0,0,0,0,0,0
2008-10-10,0,0,0,0,0,0,0,0,0,0,0,0,0,0,0,0,0,0,0,0,0,0,0,0,0,0,0,0,0,0,0,0,0,0
2008-10-11,0,0,0,0,0,0,0,0,0,0,1,0,0,0,0,0,0,0,0,0,0,0,0,0,0,0,0,0,0,0,0,0,0,0
2008-10-12,0,0,0,0,0,0,0,0,0,0,0,0,0,0,0,0,0,0,0,0,0,0,0,0,0,0,0,0,0,0,0,0,0,0
2008-10-13,0,0,0,0,0,0,0,0,0,0,0,0,0,0,0,0,0,0,0,0,0,0,0,0,0,0,0,0,0,0,0,0,0,0
2008-10-14,0,0,0,0,0,0,0,0,0,0,0,0,0,0,0,0,0,0,0,0,0,0,0,0,0,0,0,0,0,0,0,0,0,0
2008-10-15,0,0,0,0,0,0,0,0,0,0,0,0,0,0,0,0,0,0,0,0,0,0,0,0,0,0,0,0,0,0,0,0,0,0
2008-10-16,0,0,0,0,0,0,0,0,0,0,0,0,0,0,0,0,0,0,0,0,0,0,0,0,0,0,0,0,0,0,0,0,0,0
2008-10-17,0,0,0,0,0,0,0,0,0,0,0,0,0,0,0,0,0,0,0,0,0,0,0,0,0,0,0,0,0,0,0,0,0,0
2008-10-18,0,0,0,0,0,0,0,0,0,0,0,0,0,0,0,0,0,0,0,0,0,0,0,0,0,0,0,0,0,0,0,0,0,0
2008-10-19,0,0,0,0,0,0,0,0,0,0,0,0,0,0,0,0,0,0,0,0,0,0,0,0,0,0,0,0,0,0,0,0,0,0
2008-10-20,0,0,0,0,0,0,0,0,0,0,0,0,0,0,0,0,0,0,0,0,0,0,0,0,0,0,0,0,0,0,0,0,0,0
2008-10-21,0,0,0,0,0,0,0,0,0,0,0,0,0,0,0,0,0,0,0,0,0,0,0,0,0,0,0,0,0,0,0,0,0,0
2008-10-22,0,0,0,0,0,0,0,0,0,0,0,0,0,0,0,0,0,0,0,0,0,0,0,0,0,0,0,0,0,0,0,0,0,0
2008-10-23,0,0,0,0,0,0,0,0,0,0,0,0,0,0,0,0,0,0,0,0,0,0,0,0,0,0,0,0,0,0,0,0,0,0
2008-10-24,0,0,0,0,0,0,0,0,0,0,0,0,0,0,0,0,0,0,0,0,0,0,0,0,0,0,0,0,0,0,0,0,0,0
2008-10-25,0,0,0,0,0,0,0,0,0,0,0,0,0,0,0,0,0,0,0,0,0,0,0,0,0,0,0,0,0,0,0,0,0,0
2008-10-26,0,0,0,0,0,0,0,0,0,0,0,0,0,0,0,0,0,0,0,0,0,0,0,0,0,0,0,0,0,0,0,0,0,0
2008-10-27,0,0,0,0,0,0,0,0,0,0,0,0,0,0,0,0,0,0,0,0,0,0,0,0,0,0,0,0,0,0,0,0,0,0
2008-10-28,0,0,0,0,0,0,0,0,0,0,0,0,0,0,0,0,0,0,0,0,0,0,0,0,0,0,0,0,0,0,0,0,0,0
2008-10-29,0,0,0,0,0,0,0,0,0,0,0,0,0,0,0,0,0,0,0,0,0,0,0,0,0,0,0,0,0,0,0,0,0,0
2008-10-30,0,0,0,0,0,0,0,0,0,0,0,0,0,0,0,0,0,0,0,0,0,0,0,0,0,0,0,0,0,0,0,0,0,0
2008-10-31,0,0,0,0,0,0,0,0,0,0,0,0,0,0,0,0,0,0,0,0,0,0,0,0,0,0,0,0,0,0,0,0,0,0
2008-11-01,0,0,0,0,0,0,0,0,0,0,0,0,0,0,0,0,0,0,0,0,0,0,0,0,0,0,0,0,0,0,0,0,0,0
2008-11-02,0,0,0,0,0,0,0,0,0,0,0,0,0,0,0,0,0,0,0,0,0,0,0,0,0,0,0,0,0,0,0,0,0,0
2008-11-03,0,0,0,0,0,0,0,0,0,0,0,0,0,0,0,0,0,0,0,0,0,0,0,0,0,0,0,0,0,0,0,0,0,0
2008-11-04,0,0,0,0,0,0,0,0,0,0,0,0,0,0,0,0,0,0,0,0,0,0,0,0,0,0,0,0,0,0,0,0,0,0
2008-11-05,0,0,0,0,0,0,0,0,0,0,0,0,0,0,0,0,0,0,0,0,0,0,0,0,0,0,0,0,0,0,0,0,0,0
2008-11-06,0,0,0,0,0,0,0,0,0,0,0,0,0,0,0,0,0,0,0,0,0,0,0,0,0,0,0,0,0,0,0,0,0,0
2008-11-07,0,0,0,0,0,0,0,0,0,0,0,0,0,0,0,0,0,0,0,0,0,0,0,0,0,0,0,0,0,0,0,0,0,0
2008-11-08,0,0,0,0,0,0,0,0,0,0,0,0,0,0,0,0,0,0,0,0,0,0,0,0,0,0,0,0,0,0,0,0,0,0
2008-11-09,0,0,0,0,0,0,0,0,0,0,0,0,0,0,0,0,0,0,0,0,0,0,0,0,0,0,0,0,0,0,0,0,0,0
2008-11-10,0,0,0,0,0,0,0,0,0,0,0,0,0,0,0,0,0,0,0,0,0,0,0,0,0,0,0,0,0,0,0,0,0,0
2008-11-11,0,0,0,0,0,0,0,0,0,0,0,0,0,0,0,0,0,0,0,0,0,0,0,0,0,0,0,0,0,0,0,0,0,0
2008-11-12,0,0,0,0,0,0,0,0,0,0,0,0,0,0,0,0,0,0,0,0,0,0,0,0,0,0,0,0,0,0,0,0,0,0
2008-11-13,0,0,0,0,0,0,0,0,0,0,0,0,0,0,0,0,0,0,0,0,0,0,0,0,0,0,0,0,0,0,0,0,0,0
2008-11-14,0,0,0,0,0,0,0,0,0,0,0,0,0,0,0,0,0,0,0,0,0,0,0,0,0,0,0,0,0,0,0,0,0,0
2008-11-15,0,0,0,0,0,0,0,0,0,0,0,0,0,0,0,0,0,0,0,0,0,0,0,0,0,0,0,0,0,0,0,0,0,0
2008-11-16,0,0,0,0,0,0,0,0,0,0,0,0,0,0,0,0,0,0,0,0,0,0,0,0,0,0,0,0,0,0,0,0,0,0
2008-11-17,0,0,0,0,0,0,0,0,0,0,0,0,0,0,0,0,0,0,0,0,0,0,0,0,0,0,0,0,0,0,0,0,0,0
2008-11-18,0,0,0,0,0,0,0,0,0,0,0,0,0,0,0,0,0,0,0,0,0,0,0,0,0,0,0,0,0,0,0,0,0,0
2008-11-19,0,0,0,0,0,0,0,0,0,0,0,0,0,0,0,0,0,0,0,0,0,0,0,0,0,0,0,0,0,0,0,0,0,0
2008-11-20,0,0,0,0,0,0,0,0,0,0,0,0,0,0,0,0,0,0,0,0,0,0,0,0,0,0,0,0,0,0,0,0,0,0
2008-11-21,0,0,0,0,0,0,0,0,0,0,0,0,0,0,0,0,0,0,0,0,0,0,0,0,0,0,0,0,0,0,0,0,0,0
2008-11-22,0,0,0,0,0,0,0,0,0,0,0,0,0,0,0,0,0,0,0,0,0,0,0,0,0,0,0,0,0,0,0,0,0,0
2008-11-23,0,0,0,0,0,0,0,0,0,0,0,0,0,0,0,0,0,0,0,0,0,0,0,0,0,0,0,0,0,0,0,0,0,0
2008-11-24,0,0,0,0,0,0,0,0,0,0,0,0,0,0,0,0,0,0,0,0,0,0,0,0,0,0,0,0,0,0,0,0,0,0
2008-11-25,0,0,0,0,0,0,0,0,0,0,0,0,0,0,0,0,0,0,0,0,0,0,0,0,0,0,0,0,0,0,0,0,0,0
2008-11-26,0,0,0,0,0,0,0,0,0,0,0,0,0,0,0,0,0,0,0,0,0,0,0,0,0,0,0,0,0,0,0,0,0,0
2008-11-27,0,0,0,0,0,0,0,0,0,0,0,0,0,0,0,0,0,0,0,0,0,0,0,0,0,0,0,0,0,0,0,0,0,0
2008-11-28,0,0,0,0,0,0,0,0,0,0,0,0,0,0,0,0,0,0,0,0,0,0,0,0,0,0,0,0,0,0,0,0,0,0
2008-11-29,0,0,0,0,0,0,0,0,0,0,0,0,0,0,0,0,0,0,0,0,0,0,0,0,0,0,0,0,0,0,0,0,0,0
2008-11-30,0,0,0,0,0,0,0,0,0,0,0,0,0,0,0,0,0,0,0,0,0,0,0,0,0,0,0,0,0,0,0,0,0,0
2008-12-01,0,0,0,0,0,0,0,0,0,0,0,0,0,0,0,0,0,0,0,0,0,0,0,0,0,0,0,0,0,0,0,0,0,0
2008-12-02,0,0,0,0,0,0,0,0,0,0,0,0,0,0,0,0,0,0,0,0,0,0,0,0,0,0,0,0,0,0,0,0,0,0
2008-12-03,0,0,0,0,0,0,0,0,0,0,0,0,0,0,0,0,0,0,0,0,0,0,0,0,0,0,0,0,0,0,0,0,0,0
2008-12-04,0,0,0,0,0,0,0,0,0,0,0,0,0,0,0,0,0,0,0,0,0,0,0,0,0,0,0,0,0,0,0,0,0,0
2008-12-05,0,0,0,0,0,0,0,0,0,0,0,0,0,0,0,0,0,0,0,0,0,0,0,0,0,0,0,0,0,0,0,0,0,0
2008-12-06,0,0,0,0,0,0,0,0,0,0,0,0,0,0,0,0,0,0,0,0,0,0,0,0,0,0,0,0,0,0,0,0,0,0
2008-12-07,0,0,0,0,0,0,0,0,0,0,0,0,0,0,0,0,0,0,0,0,0,0,0,0,0,0,0,0,0,0,0,0,0,0
2008-12-08,0,0,0,0,0,0,0,0,0,0,0,0,0,0,0,0,0,0,0,0,0,0,0,0,0,0,0,0,0,0,0,0,0,0
2008-12-09,0,0,0,0,0,0,0,0,0,0,0,0,0,0,0,0,0,0,0,0,0,0,0,0,0,0,0,0,0,0,0,0,0,0
2008-12-10,0,0,0,0,0,0,0,0,0,0,0,0,0,0,0,0,0,0,0,0,0,0,0,0,0,0,0,0,0,0,0,0,0,0
2008-12-11,0,0,0,0,0,0,0,0,0,0,0,0,0,0,0,0,0,0,0,0,0,0,0,0,0,0,0,0,0,0,0,0,0,0
2008-12-12,0,0,0,0,0,0,0,0,0,0,0,0,0,0,0,0,0,0,0,0,0,0,0,0,0,0,0,0,0,0,0,0,0,0
2008-12-13,0,0,0,0,0,0,0,0,0,0,0,0,0,0,0,0,0,0,0,0,0,0,0,0,0,0,0,0,0,0,0,0,0,0
2008-12-14,0,0,0,0,0,0,0,0,0,0,0,0,0,0,0,0,0,0,0,0,0,0,0,0,0,0,0,0,0,0,0,0,0,0
2008-12-15,0,0,0,0,0,0,0,0,0,0,0,0,0,0,0,0,0,0,0,0,0,0,0,0,0,0,0,0,0,0,0,0,0,0
2008-12-16,0,0,0,0,0,0,0,0,0,0,0,0,0,0,0,0,0,0,0,0,0,0,0,0,0,0,0,0,0,0,0,0,0,0
2008-12-17,0,0,0,0,0,0,0,0,0,0,0,0,0,0,0,0,0,0,0,0,0,0,0,0,0,0,0,0,0,0,0,0,0,0
2008-12-18,0,0,0,0,0,0,0,0,0,0,0,0,0,0,0,0,0,0,0,0,0,0,0,0,0,0,0,0,0,0,0,0,0,0
2008-12-19,0,0,0,0,0,0,0,0,0,0,0,0,0,0,0,0,0,0,0,0,0,0,0,0,0,0,0,0,0,0,0,0,0,0
2008-12-20,0,0,0,0,0,0,0,0,0,0,0,0,0,0,0,0,0,0,0,0,0,0,0,0,0,0,0,0,0,0,0,0,0,0
2008-12-21,0,0,0,0,0,0,0,0,0,0,0,0,0,0,0,0,0,0,0,0,0,0,0,0,0,0,0,0,0,0,0,0,0,0
2008-12-22,0,0,0,0,0,0,0,0,0,0,0,0,0,0,0,0,0,0,0,0,0,0,0,0,0,0,0,0,0,0,0,0,0,0
2008-12-23,0,0,0,0,0,0,0,0,0,0,0,0,0,0,0,0,0,0,0,0,0,0,0,0,0,0,0,0,0,0,0,0,0,0
2008-12-24,0,0,0,0,0,0,0,0,0,0,0,0,0,0,0,0,0,0,0,0,0,0,0,0,0,0,0,0,0,0,0,0,0,0
2008-12-25,0,0,0,0,0,0,0,0,0,0,0,0,0,0,0,0,0,0,0,0,0,0,0,0,0,0,0,0,0,0,0,0,0,0
2008-12-26,0,0,0,0,0,0,0,0,0,0,0,0,0,0,0,0,0,0,0,0,0,0,0,0,0,0,0,0,0,0,0,0,0,0
2008-12-27,0,0,0,0,0,0,0,0,0,0,0,0,0,0,0,0,0,0,0,0,0,0,0,0,0,0,0,0,0,0,0,0,0,0
2008-12-28,0,0,0,0,0,0,0,0,0,0,0,0,0,0,0,0,0,0,0,0,0,0,0,0,0,0,0,0,0,0,0,0,0,0
2008-12-29,0,0,0,0,0,0,0,0,0,0,0,0,0,0,0,0,0,0,0,0,0,0,0,0,0,0,0,0,0,0,0,0,0,0
2008-12-30,0,0,0,0,0,0,0,0,0,0,0,0,0,0,0,0,0,0,0,0,0,0,0,0,0,0,0,0,0,0,0,0,0,0
2008-12-31,0,0,0,0,0,0,0,0,0,0,0,0,0,0,0,0,0,0,0,0,0,0,0,0,0,0,0,0,0,0,0,0,0,0
2009-01-01,0,0,0,0,0,0,0,0,0,0,0,0,0,0,0,0,0,0,0,0,0,0,0,0,0,0,0,0,0,0,0,0,0,0
2009-01-02,0,0,0,0,0,0,0,0,0,0,0,0,0,0,0,0,0,0,0,0,0,0,0,0,0,0,0,0,0,0,0,0,0,0
2009-01-03,0,0,0,0,0,0,0,0,0,0,0,0,0,0,0,0,0,0,0,0,0,0,0,0,0,0,0,0,0,0,0,0,0,0
2009-01-04,0,0,0,0,0,0,0,0,0,0,0,0,0,0,0,0,0,0,0,0,0,0,0,0,0,0,0,0,0,0,0,0,0,0
2009-01-05,0,0,0,0,0,0,0,0,0,0,0,0,0,0,0,0,0,0,0,0,0,0,0,0,0,0,0,0,0,0,0,0,0,0
2009-01-06,0,0,0,0,0,0,0,0,0,0,0,0,0,0,0,0,0,0,0,0,0,0,0,0,0,0,0,0,0,0,0,0,0,0
2009-01-07,0,0,0,0,0,0,0,0,0,0,0,0,0,0,0,0,0,0,0,0,0,0,0,0,0,0,0,0,0,0,0,0,0,0
2009-01-08,0,0,0,0,0,0,0,0,0,0,0,0,0,0,0,0,0,0,0,0,0,0,0,0,0,0,0,0,0,0,0,0,0,0
2009-01-09,0,0,0,0,0,0,0,0,0,0,0,0,0,0,0,0,0,0,0,0,0,0,0,0,0,0,0,0,0,0,0,0,0,0
2009-01-10,0,0,0,0,0,0,0,0,0,0,0,0,0,0,0,0,0,0,0,0,0,0,0,0,0,0,0,0,0,0,0,0,0,0
2009-01-11,0,0,0,0,0,0,0,0,0,0,0,0,0,0,0,0,0,0,0,0,0,0,0,0,0,0,0,0,0,0,0,0,0,0
2009-01-12,0,0,0,0,0,0,0,0,0,0,0,0,0,0,0,0,0,0,0,0,0,0,0,0,0,0,0,0,0,0,0,0,0,0
2009-01-13,0,0,0,0,0,0,0,0,0,0,0,0,0,0,0,0,0,0,0,0,0,0,0,0,0,0,0,0,0,0,0,0,0,0
2009-01-14,0,0,0,0,0,0,0,0,0,0,0,0,0,0,0,0,0,0,0,0,0,0,0,0,0,0,0,0,0,0,0,0,0,0
2009-01-15,0,0,0,0,0,0,0,0,0,0,0,0,0,0,0,0,0,0,0,0,0,0,0,0,0,0,0,0,0,0,0,0,0,0
2009-01-16,0,0,0,0,0,0,0,0,0,0,0,0,0,0,0,0,0,0,0,0,0,0,0,0,0,0,0,0,0,0,0,0,0,0
2009-01-17,0,0,0,0,0,0,0,0,0,0,0,0,0,0,0,0,0,0,0,0,0,0,0,0,0,0,0,0,0,0,0,0,0,0
2009-01-18,0,0,0,0,0,0,0,0,0,0,0,0,0,0,0,0,0,0,0,0,0,0,0,0,0,0,0,0,0,0,0,0,0,0
2009-01-19,0,0,0,0,0,0,0,0,0,0,0,0,0,0,0,0,0,0,0,0,0,0,0,0,0,0,0,0,0,0,0,0,0,0
2009-01-20,0,0,0,0,0,0,0,0,0,0,0,0,0,0,0,0,0,0,0,0,0,0,0,0,0,0,0,0,0,0,0,0,0,0
2009-01-21,0,0,0,0,0,0,0,0,0,0,0,0,0,0,0,0,0,0,0,0,0,0,0,0,0,0,0,0,0,0,0,0,0,0
2009-01-22,0,0,0,0,0,0,0,0,0,0,0,0,0,0,0,0,0,0,0,0,0,0,0,0,0,0,0,0,0,0,0,0,0,0
2009-01-23,0,0,0,0,0,0,0,0,0,0,0,0,0,0,0,0,0,0,0,0,0,0,0,0,0,0,0,0,0,0,0,0,0,0
2009-01-24,0,0,0,0,0,0,0,0,0,0,0,0,0,0,0,0,0,0,0,0,0,0,0,0,0,0,0,0,0,0,0,0,0,0
2009-01-25,0,0,0,0,0,0,0,0,0,0,0,0,0,0,0,0,0,0,0,0,0,0,0,0,0,0,0,0,0,0,0,0,0,0
2009-01-26,0,0,0,0,0,0,0,0,0,0,0,0,0,0,0,0,0,0,0,0,0,0,0,0,0,0,0,0,0,0,0,0,0,0
2009-01-27,0,0,0,0,0,0,0,0,0,0,0,0,0,0,0,0,0,0,0,0,0,0,0,0,0,0,0,0,0,0,0,0,0,0
2009-01-28,0,0,0,0,0,0,0,0,0,0,0,0,0,0,0,0,0,0,0,0,0,0,0,0,0,0,0,0,0,0,0,0,0,0
2009-01-29,0,0,0,0,0,0,0,0,0,0,0,0,0,0,0,0,0,0,0,0,0,0,0,0,0,0,0,0,0,0,0,0,0,0
2009-01-30,0,0,0,0,0,0,0,0,0,0,0,0,0,0,0,0,0,0,0,0,0,0,0,0,0,0,0,0,0,0,0,0,0,0
2009-01-31,0,0,0,0,0,0,0,0,0,0,0,0,0,0,0,0,0,0,0,0,0,0,0,0,0,0,0,0,0,0,0,0,0,0
2009-02-01,0,0,0,0,0,0,0,0,0,0,0,0,0,0,0,0,0,0,0,0,0,0,0,0,0,0,0,0,0,0,0,0,0,0
2009-02-02,0,0,0,0,0,0,0,0,0,0,0,0,0,0,0,0,0,0,0,0,0,0,0,0,0,0,0,0,0,0,0,0,0,0
2009-02-03,0,0,0,0,0,0,0,0,0,0,0,0,0,0,0,0,0,0,0,0,0,0,0,0,0,0,0,0,0,0,0,0,0,0
2009-02-04,0,0,0,0,0,0,0,0,0,0,0,0,0,0,0,0,0,0,0,0,0,0,0,0,0,0,0,0,0,0,0,0,0,0
2009-02-05,0,0,0,0,0,0,0,0,0,0,0,0,0,0,0,0,0,0,0,0,0,0,0,0,0,0,0,0,0,0,0,0,0,0
2009-02-06,0,0,0,0,0,0,0,0,0,0,0,0,0,0,0,0,0,0,0,0,0,0,0,0,0,0,0,0,0,0,0,0,0,0
2009-02-07,0,0,0,0,0,0,0,0,0,0,0,0,0,0,0,0,0,0,0,0,0,0,0,0,0,0,0,0,0,0,0,0,0,0
2009-02-08,0,0,0,0,0,0,0,0,0,0,0,0,0,0,0,0,0,0,0,0,0,0,0,0,0,0,0,0,0,0,0,0,0,0
2009-02-09,0,0,0,0,0,0,0,0,0,0,0,0,0,0,0,0,0,0,0,0,0,0,0,0,0,0,0,0,0,0,0,0,0,0
2009-02-10,0,0,0,0,0,0,0,0,0,0,0,0,0,0,0,0,0,0,0,0,0,0,0,0,0,0,0,0,0,0,0,0,0,0
2009-02-11,0,0,0,0,0,0,0,0,0,0,0,0,0,0,0,0,0,0,0,0,0,0,0,0,0,0,0,0,0,0,0,0,0,0
2009-02-12,0,0,0,0,0,0,0,0,0,0,0,0,0,0,0,0,0,0,0,0,0,0,0,0,0,0,0,0,0,0,0,0,0,0
2009-02-13,0,0,0,0,0,0,0,0,0,0,0,0,0,0,0,0,0,0,0,0,0,0,0,0,0,0,0,0,0,0,0,0,0,0
2009-02-14,0,0,0,0,0,0,0,0,0,0,0,0,0,0,0,0,0,0,0,0,0,0,0,0,0,0,0,0,0,0,0,0,0,0
2009-02-15,0,0,0,0,0,0,0,0,0,0,0,0,0,0,0,0,0,0,0,0,0,0,0,0,0,0,0,0,0,0,0,0,0,0
2009-02-16,0,0,0,0,0,0,0,0,0,0,0,0,0,0,0,0,0,0,0,0,0,0,0,0,0,0,0,0,0,0,0,0,0,0
2009-02-17,0,0,0,0,0,0,0,0,0,0,0,0,0,0,0,0,0,0,0,0,0,0,0,0,0,0,0,0,0,0,0,0,0,0
2009-02-18,0,0,0,0,0,0,0,0,0,0,0,0,0,0,0,0,0,0,0,0,0,0,0,0,0,0,0,0,0,0,0,0,0,0
2009-02-19,0,0,0,0,0,0,0,0,0,0,0,0,0,0,0,0,0,0,0,0,0,0,0,0,0,0,0,0,0,0,0,0,0,0
2009-02-20,0,0,0,0,0,0,0,0,0,0,0,0,0,0,0,0,0,0,0,0,0,0,0,0,0,0,0,0,0,0,0,0,0,0
2009-02-21,0,0,0,0,0,0,0,0,0,0,0,0,0,0,0,0,0,0,0,0,0,0,0,0,0,0,0,0,0,0,0,0,0,0
2009-02-22,0,0,0,0,0,0,0,0,0,0,0,0,0,0,0,0,0,0,0,0,0,0,0,0,0,0,0,0,0,0,0,0,0,0
2009-02-23,0,0,0,0,0,0,0,0,0,0,0,0,0,0,0,0,0,0,0,0,0,0,0,0,0,0,0,0,0,0,0,0,0,0
2009-02-24,0,0,0,0,0,0,0,0,0,0,0,0,0,0,0,0,0,0,0,0,0,0,0,0,0,0,0,0,0,0,0,0,0,0
2009-02-25,0,0,0,0,0,0,0,0,0,0,0,0,0,0,0,0,0,0,0,0,0,0,0,0,0,0,0,0,0,0,0,0,0,0
2009-02-26,0,0,0,0,0,0,0,0,0,0,0,0,0,0,0,0,0,0,0,0,0,0,0,0,0,0,0,0,0,0,0,0,0,0
2009-02-27,0,0,0,0,0,0,0,0,0,0,0,0,0,0,0,0,0,0,0,0,0,0,0,0,0,0,0,0,0,0,0,0,0,0
2009-02-28,0,0,0,0,0,0,0,0,0,0,0,0,0,0,0,0,0,0,0,0,0,0,0,0,0,0,0,0,0,0,0,0,0,0
2009-03-01,0,0,0,0,0,0,0,0,0,0,0,0,0,0,0,0,0,0,0,0,0,0,0,0,0,0,0,0,0,0,0,0,0,0
2009-03-02,0,0,0,0,0,0,0,0,0,0,0,0,0,0,0,0,0,0,0,0,0,0,0,0,0,0,0,0,0,0,0,0,0,0
2009-03-03,0,0,0,0,0,0,0,0,0,0,0,0,0,0,0,0,0,0,0,0,0,0,0,0,0,0,0,0,0,0,0,0,0,0
2009-03-04,0,0,0,0,0,0,0,0,0,0,0,0,0,0,0,0,0,0,0,0,0,0,0,0,0,0,0,0,0,0,0,0,0,0
2009-03-05,0,0,0,0,0,0,0,0,0,0,0,0,0,0,0,0,0,0,0,0,0,0,0,0,0,0,0,0,0,0,0,0,0,0
2009-03-06,0,0,0,0,0,0,0,0,0,0,0,0,0,0,0,0,0,0,0,0,0,0,0,0,0,0,0,0,0,0,0,0,0,0
2009-03-07,0,0,0,0,0,0,0,0,0,0,0,0,0,0,0,0,0,0,0,0,0,0,0,0,0,0,0,0,0,0,0,0,0,0
2009-03-08,0,0,0,0,0,0,0,0,0,0,0,0,0,0,0,0,0,0,0,0,0,0,0,0,0,0,0,0,0,0,0,0,0,0
2009-03-09,0,0,0,0,0,0,0,0,0,0,0,0,0,0,0,0,0,0,0,0,0,0,0,0,0,0,0,0,0,0,0,0,0,0
2009-03-10,0,0,0,0,0,0,0,0,0,0,0,0,0,0,0,0,0,0,0,0,0,0,0,0,0,0,0,0,0,0,0,0,0,0
2009-03-11,0,0,0,0,0,0,0,0,0,0,0,0,0,0,0,0,0,0,0,0,0,0,0,0,0,0,0,0,0,0,0,0,0,0
2009-03-12,0,0,0,0,0,0,0,0,0,0,0,0,0,0,0,0,0,0,0,0,0,0,0,0,0,0,0,0,0,0,0,0,0,0
2009-03-13,0,0,0,0,0,0,0,0,0,0,0,0,0,0,0,0,0,0,0,0,0,0,0,0,0,0,0,0,0,0,0,0,0,0
2009-03-14,0,0,0,0,0,0,0,0,0,0,0,0,0,0,0,0,0,0,0,0,0,0,0,0,0,0,0,0,0,0,0,0,0,0
2009-03-15,0,0,0,0,0,0,0,0,0,0,0,0,0,0,0,0,0,0,0,0,0,0,0,0,0,0,0,0,0,0,0,0,0,0
2009-03-16,0,0,0,0,0,0,0,0,0,0,0,0,0,0,0,0,0,0,0,0,0,0,0,0,0,0,0,0,0,0,0,0,0,0
2009-03-17,0,0,0,0,0,0,0,0,0,0,0,0,0,0,0,0,0,0,0,0,0,0,0,0,0,0,0,0,0,0,0,0,0,0
2009-03-18,0,0,0,0,0,0,0,0,0,0,0,0,0,0,0,0,0,0,0,0,0,0,0,0,0,0,0,0,0,0,0,0,0,0
2009-03-19,0,0,0,0,0,0,0,0,0,0,0,0,0,0,0,0,0,0,0,0,0,0,0,0,0,0,0,0,0,0,0,0,0,0
2009-03-20,0,0,0,0,0,0,0,0,0,0,0,0,0,0,0,0,0,0,0,0,0,0,0,0,0,0,0,0,0,0,0,0,0,0
2009-03-21,0,0,0,0,0,0,0,0,0,0,0,0,0,0,0,0,0,0,0,0,0,0,0,0,0,0,0,0,0,0,0,0,0,0
2009-03-22,0,0,0,0,0,0,0,0,0,0,0,0,0,0,0,0,0,0,0,0,0,0,0,0,0,0,0,0,0,0,0,0,0,0
2009-03-23,0,0,0,0,0,0,0,0,0,0,0,0,0,0,0,0,0,0,0,0,0,0,0,0,0,0,0,0,0,0,0,0,0,0
2009-03-24,0,0,0,0,0,0,0,0,0,0,0,0,0,0,0,0,0,0,0,0,0,0,0,0,0,0,0,0,0,0,0,0,0,0
2009-03-25,0,0,0,0,0,0,0,0,0,0,0,0,0,0,0,0,0,0,0,0,0,0,0,0,0,0,0,0,0,0,0,0,0,0
2009-03-26,0,0,0,0,0,0,0,0,0,0,0,0,0,0,0,0,0,0,0,0,0,0,0,0,0,0,0,0,0,0,0,0,0,0
2009-03-27,0,0,0,0,0,0,0,0,0,0,0,0,0,0,0,0,0,0,0,0,0,0,0,0,0,0,0,0,0,0,0,0,0,0
2009-03-28,0,0,0,0,0,0,0,0,0,0,0,0,0,0,0,0,0,0,0,0,0,0,0,0,0,0,0,0,0,0,0,0,0,0
2009-03-29,0,0,0,0,0,0,0,0,0,0,0,0,0,0,0,0,0,0,0,0,0,0,0,0,0,0,0,0,0,0,0,0,0,0
2009-03-30,0,0,0,0,0,0,0,0,0,0,0,0,0,0,0,0,0,0,0,0,0,0,0,0,0,0,0,0,0,0,0,0,0,0
2009-03-31,0,0,0,0,0,0,0,0,0,0,0,0,0,0,0,0,0,0,0,0,0,0,0,0,0,0,0,0,0,0,0,0,0,0
2009-04-01,0,0,0,0,0,0,0,0,0,0,0,0,0,0,0,0,0,0,0,0,0,0,0,0,0,0,0,0,0,0,0,0,0,0
2009-04-02,0,0,0,0,0,0,0,0,0,0,0,0,0,0,0,0,0,0,0,0,0,0,0,0,0,0,0,0,0,0,0,0,0,0
2009-04-03,0,0,0,0,0,0,0,0,0,0,0,0,0,0,0,0,0,0,0,0,0,0,0,0,0,0,0,0,0,0,0,0,0,0
2009-04-04,0,0,0,0,0,0,0,0,0,0,0,0,0,0,0,0,0,0,0,0,0,0,0,0,0,0,0,0,0,0,0,0,0,0
2009-04-05,0,0,0,0,0,0,0,0,0,0,0,0,0,0,0,0,0,0,0,0,0,0,0,0,0,0,0,0,0,0,0,0,0,0
2009-04-06,0,0,0,0,0,0,0,0,0,0,0,0,0,0,0,0,0,0,0,0,0,0,0,0,0,0,0,0,0,0,0,0,0,0
2009-04-07,0,0,0,0,0,0,0,0,0,0,0,0,0,0,0,0,0,0,0,0,0,0,0,0,0,0,0,0,0,0,0,0,0,0
2009-04-08,0,0,0,0,0,0,0,0,0,0,0,0,0,0,0,0,0,0,0,0,0,0,0,0,0,0,0,0,0,0,0,0,0,0
2009-04-09,0,0,0,0,0,0,0,0,0,0,0,0,0,0,0,0,0,0,0,0,0,0,0,0,0,0,0,0,0,0,0,0,0,0
2009-04-10,0,0,0,0,0,0,0,0,0,0,0,0,0,0,0,0,0,0,0,0,0,0,0,0,0,0,0,0,0,0,0,0,0,0
2009-04-11,0,0,0,0,0,0,0,0,0,0,0,0,0,0,0,0,0,0,0,0,0,0,0,0,0,0,0,0,0,0,0,0,0,0
2009-04-12,0,0,0,0,0,0,0,0,0,0,0,0,0,0,0,0,0,0,0,0,0,0,0,0,0,0,0,0,0,0,0,0,0,0
2009-04-13,0,0,0,0,0,0,0,0,0,0,0,0,0,0,0,0,0,0,0,0,0,0,0,0,0,0,0,0,0,0,0,0,0,0
2009-04-14,0,0,0,0,0,0,0,0,0,0,0,0,0,0,0,0,0,0,0,0,0,0,0,0,0,0,0,0,0,0,0,0,0,0
2009-04-15,0,0,0,0,0,0,0,0,0,0,0,0,0,0,0,0,0,0,0,0,0,0,0,0,0,0,0,0,0,0,0,0,0,0
2009-04-16,0,0,0,0,0,0,0,0,0,0,0,0,0,0,0,0,0,0,0,0,0,0,0,0,0,0,0,0,0,0,0,0,0,0
2009-04-17,0,0,0,0,0,0,0,0,0,0,0,0,0,0,0,0,0,0,0,0,0,0,0,0,0,0,0,0,0,0,0,0,0,0
2009-04-18,0,0,0,0,0,0,0,0,0,0,0,0,0,0,0,0,0,0,0,0,0,0,0,0,0,0,0,0,0,0,0,0,0,0
2009-04-19,0,0,0,0,0,0,0,0,0,0,0,0,0,0,0,0,0,0,0,0,0,0,0,0,0,0,0,0,0,0,0,0,0,0
2009-04-20,0,0,0,0,0,0,0,0,0,0,0,0,0,0,0,0,0,0,0,0,0,0,0,0,0,0,0,0,0,0,0,0,0,0
2009-04-21,0,0,0,0,0,0,0,0,0,0,0,0,0,0,0,0,0,0,0,0,0,0,0,0,0,0,0,0,0,0,0,0,0,0
2009-04-22,0,0,0,0,0,0,0,0,0,0,0,0,0,0,0,0,0,0,0,0,0,0,0,0,0,0,0,0,0,0,0,0,0,0
2009-04-23,0,0,0,0,0,0,0,0,0,0,0,0,0,0,0,0,0,0,0,0,0,0,0,0,0,0,0,0,0,0,0,0,0,0
2009-04-24,0,0,0,0,0,0,0,0,0,0,0,0,0,0,0,0,0,0,0,0,0,0,0,0,0,0,0,0,0,0,0,0,0,0
2009-04-25,0,0,0,0,0,0,0,0,0,0,0,0,0,0,0,0,0,0,0,0,0,0,0,0,0,0,0,0,0,0,0,0,0,0
2009-04-26,0,0,0,0,0,0,0,0,0,0,0,0,0,0,0,0,0,0,0,0,0,0,0,0,0,0,0,0,0,0,0,0,0,0
2009-04-27,0,0,0,0,0,0,0,0,0,0,0,0,0,0,0,0,0,0,0,0,0,0,0,0,0,0,0,0,0,0,0,0,0,0
2009-04-28,0,0,0,0,0,0,0,0,0,0,0,0,0,0,0,0,0,0,0,0,0,0,0,0,0,0,0,0,0,0,0,0,0,0
2009-04-29,0,0,0,0,0,0,0,0,0,0,0,0,0,0,0,0,0,0,0,0,0,0,0,0,0,0,0,0,0,0,0,0,0,0
2009-04-30,0,0,0,0,0,0,0,0,0,0,0,0,0,0,0,0,0,0,0,0,0,0,0,0,0,0,0,0,0,0,0,0,0,0
2009-05-01,0,0,0,0,0,0,0,0,0,0,0,0,0,0,0,0,0,0,0,0,0,0,0,0,0,0,0,0,0,0,0,0,0,0
2009-05-02,0,0,0,0,0,0,0,0,0,0,0,0,0,0,0,0,0,0,0,0,0,0,0,0,0,0,0,0,0,0,0,0,0,0
2009-05-03,0,0,0,0,0,0,0,0,0,0,0,0,0,0,0,0,0,0,0,0,0,0,0,0,0,0,0,0,0,0,0,0,0,0
2009-05-04,0,0,0,0,0,0,0,0,0,0,0,0,0,0,0,0,0,0,0,0,0,0,0,0,0,0,0,0,0,0,0,0,0,0
2009-05-05,0,0,0,0,0,0,0,0,0,0,0,0,0,0,0,0,0,0,0,0,0,0,0,0,0,0,0,2,0,0,0,0,0,0
2009-05-06,0,0,0,0,0,0,0,0,0,0,4,0,0,0,0,0,0,0,0,0,0,0,0,0,0,0,0,1,0,0,0,0,0,0
2009-05-07,0,0,0,0,0,0,0,0,0,0,6,0,0,0,0,0,0,0,0,0,0,0,0,0,0,0,0,0,0,0,0,0,0,0
2009-05-08,0,0,0,0,0,0,0,0,0,0,0,0,0,0,0,0,0,0,0,0,0,0,0,0,0,0,0,0,0,0,0,0,0,0
2009-05-09,0,0,0,0,0,0,0,0,0,0,0,0,0,0,0,0,0,0,0,0,0,0,0,0,0,0,0,0,0,0,0,0,0,0
2009-05-10,0,0,0,0,0,0,0,0,0,0,0,0,0,0,0,0,0,0,0,0,0,0,0,0,0,0,0,0,0,0,0,0,0,0
2009-05-11,0,0,0,0,0,0,0,0,0,0,0,0,0,0,0,0,0,0,0,0,0,0,0,0,0,0,0,0,0,2,0,0,0,0
2009-05-12,0,0,0,0,0,0,0,0,0,0,0,0,0,0,0,0,0,0,0,0,0,0,0,0,0,0,0,0,1,0,0,0,0,0
2009-05-13,0,0,0,0,0,0,0,0,0,0,0,0,0,0,0,0,0,0,0,0,0,0,0,0,0,0,0,0,0,0,0,0,0,0
2009-05-14,0,0,0,0,0,0,0,0,0,0,0,0,0,0,0,0,0,0,0,0,0,0,0,0,0,0,0,0,0,0,0,0,0,0
2009-05-15,0,0,0,0,0,0,0,0,0,0,0,0,0,0,0,0,0,0,0,0,0,0,0,0,0,0,0,0,0,0,0,0,0,0
2009-05-16,0,0,0,0,0,0,0,0,0,0,0,0,0,0,0,0,0,0,0,0,0,0,0,1,0,0,0,0,1,0,0,0,0,0
2009-05-17,0,0,0,0,3,0,0,0,0,0,0,0,0,0,5,0,0,0,0,0,0,0,0,0,0,0,0,0,23,0,0,0,0,0
2009-05-18,0,0,1,0,0,0,0,0,0,0,0,0,0,0,1,12,24,0,8,0,0,0,0,0,0,0,0,0,1,35,0,0,0,0
2009-05-19,0,0,0,0,0,0,0,0,0,0,0,0,0,0,2,3,1,0,12,0,0,0,0,0,0,0,0,0,0,23,0,0,0,0
2009-05-20,1,0,0,0,0,0,0,0,0,0,82,0,0,0,0,1,0,0,16,0,0,0,1,1,0,0,0,0,0,0,0,0,0,0
2009-05-21,1,0,1,0,0,0,0,0,0,0,72,0,0,0,1,1,0,0,42,0,0,0,1,0,0,0,0,0,0,0,0,0,0,0
2009-05-22,0,0,9,0,5,0,0,0,0,0,7,0,1,0,3,13,30,0,98,0,0,0,0,1,0,0,0,0,60,63,0,0,0,0
2009-05-23,1,0,1,0,6,0,0,0,0,0,29,0,11,0,25,2,0,0,181,0,0,0,0,5,0,0,0,0,36,0,0,0,0,0
2009-05-24,1,0,2,0,0,3,0,1,0,0,10,0,148,0,59,5,0,0,302,0,0,0,0,3,0,0,0,0,0,0,0,0,0,0
2009-05-25,2,0,15,0,0,4,0,17,0,0,0,0,180,0,42,57,0,0,414,0,0,0,2,0,0,0,0,0,0,4,0,3,0,0
2009-05-26,6,0,18,0,0,0,0,0,0,0,1,0,0,0,9,71,15,0,299,0,0,0,2,0,0,0,0,0,0,30,0,3,2,0
2009-05-27,4,0,0,0,0,0,0,0,0,0,54,0,0,0,0,1,0,0,89,0,0,0,1,0,0,0,0,10,0,0,0,0,0,0
2009-05-28,0,0,0,0,0,0,0,0,0,0,122,0,0,0,0,0,0,0,0,0,0,0,0,0,0,0,0,104,0,0,0,0,0,0
2009-05-29,0,0,0,0,0,0,0,0,0,0,239,0,0,0,0,0,0,0,0,0,0,0,0,0,0,0,0,158,0,0,0,0,0,0
2009-05-30,0,0,0,0,0,0,0,0,0,0,264,0,0,0,0,0,0,0,0,0,0,0,0,0,0,0,0,187,0,0,0,0,0,0
2009-05-31,0,0,0,0,0,0,0,0,0,0,209,0,0,0,0,0,0,0,0,0,0,0,0,0,0,0,0,126,0,0,0,0,0,0
2009-06-01,0,0,0,0,0,0,0,0,0,0,271,0,0,0,2,0,0,0,0,0,0,0,0,0,0,0,0,71,0,0,0,0,0,0
2009-06-02,0,0,0,0,0,0,0,0,0,0,212,0,0,0,20,0,0,0,0,0,0,0,0,0,0,0,0,20,0,0,0,0,0,0
2009-06-03,0,0,0,0,0,0,0,0,0,0,117,0,10,0,2,0,0,0,11,0,0,0,0,0,0,0,0,0,0,0,0,0,0,0
2009-06-04,0,0,0,0,0,0,0,0,0,0,47,0,1,0,0,0,0,0,0,0,0,0,0,0,0,0,0,0,0,0,0,0,0,0
2009-06-05,0,0,0,0,0,0,0,0,0,0,14,0,0,0,3,0,0,0,4,0,0,0,0,0,0,0,0,0,0,0,0,0,0,0
2009-06-06,0,0,0,0,8,0,0,0,0,0,0,0,0,0,33,0,0,0,38,0,0,0,0,2,0,0,0,0,8,15,0,0,0,0
2009-06-07,0,0,0,0,194,0,0,0,0,0,0,0,0,0,127,0,1,0,17,0,0,0,0,23,0,0,0,0,369,74,0,0,0,0
2009-06-08,0,0,0,0,42,0,0,0,0,0,0,0,0,0,215,0,0,0,9,0,0,0,0,21,0,0,0,0,62,7,0,0,0,0
2009-06-09,0,0,6,0,55,0,0,0,0,0,1,0,0,0,206,12,62,0,49,0,0,0,0,24,0,0,0,0,194,89,0,0,4,1
2009-06-10,15,0,1,0,146,0,0,0,0,0,66,0,0,0,316,1,42,0,120,0,0,0,3,43,0,0,0,0,309,99,0,0,0,8
2009-06-11,2,0,0,0,95,0,0,0,0,0,574,0,1,0,324,0,0,0,76,0,0,0,1,43,0,0,0,40,199,8,0,0,0,2
2009-06-12,0,0,0,0,1,0,0,0,0,0,1232,0,3,0,186,0,0,0,78,0,0,0,0,0,0,0,0,193,0,0,0,0,0,0
2009-06-13,0,0,0,0,0,0,0,0,0,0,1646,0,68,0,63,0,0,0,102,0,0,0,0,0,0,0,0,202,0,0,0,0,0,0
2009-06-14,0,0,0,0,0,0,0,0,0,0,1326,0,4,0,22,0,0,0,200,0,0,0,0,0,0,0,0,121,0,0,0,0,0,0
2009-06-15,2,0,18,0,0,0,0,0,0,0,867,0,7,0,33,62,65,0,340,0,0,0,2,1,0,0,0,71,6,61,0,3,1,0
2009-06-16,7,0,57,0,109,0,0,0,0,0,479,0,24,0,116,97,95,0,434,0,0,0,3,27,0,0,0,74,313,201,0,1,0,9
2009-06-17,28,0,2,0,16,0,0,0,0,0,930,0,78,0,361,4,0,0,249,0,0,0,6,19,0,0,0,206,7,0,0,0,0,0
2009-06-18,7,0,1,0,1,0,0,0,0,0,1430,0,107,0,145,1,0,0,237,0,0,0,3,0,0,0,0,285,4,2,0,0,0,0
2009-06-19,8,0,20,0,30,0,0,0,0,0,1468,0,33,0,67,59,148,0,323,0,0,0,3,3,0,0,0,302,112,110,0,3,10,0
2009-06-20,5,0,0,0,36,0,0,0,0,0,1149,0,2,0,57,0,0,0,94,0,0,0,0,4,0,0,0,278,90,46,0,0,0,0
2009-06-21,0,0,0,0,4,0,0,0,0,0,800,0,0,0,66,0,0,0,5,0,0,0,0,0,0,0,0,303,17,0,0,0,0,0
2009-06-22,0,0,0,0,1,0,0,0,0,0,734,0,0,0,78,0,0,0,0,0,0,0,0,0,0,0,0,65,13,0,0,0,0,0
2009-06-23,0,0,0,0,2,0,0,0,0,0,736,0,0,0,35,0,0,0,0,0,0,0,0,0,0,0,0,5,4,0,0,0,0,0
2009-06-24,0,0,0,0,7,0,0,0,0,0,426,0,0,0,16,0,0,0,0,0,0,0,0,0,0,0,0,0,51,0,0,0,0,0
2009-06-25,0,0,0,0,4,0,0,0,0,0,191,0,2,0,5,0,0,0,17,0,0,0,0,0,0,0,0,0,57,0,0,0,0,0
2009-06-26,0,0,0,0,0,0,0,0,0,0,135,0,7,0,18,0,0,0,5,0,0,0,0,0,0,0,0,0,32,0,0,0,0,0
2009-06-27,0,0,0,0,0,0,0,0,0,0,133,0,9,0,43,0,0,0,11,0,0,0,0,0,0,0,0,0,3,0,0,0,0,0
2009-06-28,0,0,0,0,0,0,0,0,0,0,285,0,182,0,36,0,0,0,62,2,0,0,0,0,0,11,0,0,1,0,0,0,0,0
2009-06-29,0,0,0,0,0,0,0,0,0,0,754,0,416,0,26,0,4,0,86,0,0,0,0,0,0,19,2,12,2,0,3,0,0,0
2009-06-30,0,0,0,0,0,0,0,0,0,0,1283,0,786,0,43,1,38,0,129,0,0,0,0,0,0,1,4,50,7,0,0,0,2,0
2009-07-01,0,0,0,0,9,0,0,3,0,0,1647,0,931,0,62,4,87,0,167,0,0,0,0,0,0,1,24,47,75,0,0,0,15,0
2009-07-02,0,0,0,34,3,0,0,61,0,0,1606,0,317,0,98,3,65,0,182,0,0,0,0,0,20,7,0,41,64,0,10,0,6,0
2009-07-03,1,0,0,0,28,0,0,68,0,0,1424,0,199,0,134,6,19,0,306,0,0,0,0,4,0,18,0,31,125,0,1,0,0,0
2009-07-04,3,0,0,0,11,0,0,0,0,0,1185,0,146,0,141,18,33,0,381,0,0,0,0,5,0,1,0,18,32,0,0,0,6,0
2009-07-05,5,0,1,0,67,0,0,0,0,0,891,0,87,0,162,17,29,0,311,0,0,0,1,10,0,0,0,3,172,26,0,0,0,0
2009-07-06,5,0,5,0,103,0,0,0,0,0,633,0,65,0,137,20,67,0,302,0,0,0,1,4,0,0,0,0,198,53,0,0,0,0
2009-07-07,12,0,0,0,112,0,0,0,0,0,379,0,29,0,201,4,24,0,371,0,0,0,2,9,0,0,0,0,195,0,0,0,0,0
2009-07-08,30,0,2,0,214,0,0,0,0,0,395,0,3,0,346,8,0,0,362,0,0,0,3,35,0,0,0,10,319,7,0,0,0,0
2009-07-09,21,0,1,0,82,0,0,0,0,0,563,0,4,0,429,5,0,0,216,0,0,0,2,21,0,0,0,40,134,0,0,0,0,0
2009-07-10,7,0,0,0,2,0,0,0,0,0,677,0,1,0,312,2,0,0,117,0,0,0,1,5,0,0,0,18,7,0,0,0,0,0
2009-07-11,0,0,0,0,1,0,0,0,0,0,888,0,3,0,184,0,0,0,48,0,0,0,0,0,0,0,0,7,11,0,0,0,0,0
2009-07-12,0,0,0,0,0,0,0,0,0,0,1426,0,69,0,75,0,0,0,36,0,0,0,0,0,0,0,0,51,0,0,0,0,0,0
2009-07-13,0,0,0,0,1,0,0,0,0,0,1535,0,222,0,75,3,0,0,209,0,0,0,0,0,0,0,0,17,3,0,0,0,0,0
2009-07-14,11,24,47,0,27,0,9,2,0,0,724,0,96,0,162,108,268,0,557,0,0,0,4,4,0,0,0,0,79,92,0,7,38,0
2009-07-15,30,22,124,0,99,0,19,3,0,0,709,0,119,0,286,207,511,0,761,0,0,0,10,29,0,0,260,4,283,207,0,23,123,8
2009-07-16,63,15,85,0,223,0,7,1,0,0,1249,0,367,0,443,181,329,0,1043,0,0,0,17,55,0,0,2,23,458,212,0,21,50,17
2009-07-17,76,43,102,0,319,0,38,4,0,0,531,0,16,0,536,198,416,0,927,0,0,0,18,71,0,0,119,0,580,220,0,29,94,21
2009-07-18,58,0,22,0,343,0,0,0,0,0,296,0,0,0,533,23,177,0,228,7,0,0,8,79,0,0,429,68,746,237,0,0,33,23
2009-07-19,10,0,0,0,150,0,0,0,0,0,761,0,0,0,457,1,0,0,79,0,0,0,2,20,0,0,0,178,320,0,0,0,0,0
2009-07-20,8,0,0,0,28,0,0,0,0,0,1154,0,25,0,349,3,0,0,130,0,0,0,2,1,0,0,0,215,61,0,0,0,0,0
2009-07-21,14,0,3,0,32,0,0,0,0,0,1892,0,756,0,283,30,26,0,269,0,0,0,4,5,0,0,0,135,81,11,0,0,2,0
2009-07-22,14,31,48,0,90,0,20,5,0,0,1780,0,284,0,259,134,358,0,540,0,0,0,6,20,0,0,23,6,276,101,0,8,64,1
2009-07-23,32,90,126,0,198,0,69,10,0,0,1190,0,208,0,367,266,548,0,1025,0,0,0,9,49,0,0,533,16,611,283,0,35,137,17
2009-07-24,113,4,152,0,466,0,0,0,0,0,1030,0,120,0,647,243,399,0,1352,0,0,0,19,116,0,0,0,7,911,349,0,21,43,46
2009-07-25,109,0,16,0,624,0,0,0,0,0,1066,0,35,0,830,36,0,0,977,0,0,0,17,129,0,0,0,85,616,121,0,0,0,33
2009-07-26,42,0,2,0,73,0,0,0,0,0,1779,0,40,0,570,10,0,0,468,0,0,0,6,12,0,0,0,104,83,0,0,0,0,0
2009-07-27,16,0,0,0,11,0,0,0,0,0,1520,0,21,0,287,5,0,0,443,0,0,0,2,4,0,0,0,33,6,0,0,0,0,0
2009-07-28,10,0,7,0,14,0,0,0,0,0,1277,0,62,0,189,27,19,0,600,0,0,0,3,11,0,0,0,45,43,11,0,0,0,0
2009-07-29,23,0,24,0,55,0,0,0,0,0,1547,0,121,0,262,73,123,0,724,0,0,0,8,26,0,0,0,31,141,70,0,1,4,2
2009-07-30,41,4,43,0,89,0,2,0,0,0,1289,0,91,0,314,139,270,0,851,0,0,0,8,34,0,0,0,84,201,109,0,10,38,4
2009-07-31,41,0,51,0,94,0,0,0,0,0,1227,0,46,0,374,138,244,0,818,0,0,0,10,34,0,0,0,38,265,156,0,4,24,6
2009-08-01,47,2,63,0,146,0,2,0,0,0,625,0,44,0,387,144,245,0,800,0,0,0,11,35,0,0,0,2,235,183,0,8,31,8
2009-08-02,48,40,123,0,173,0,49,13,0,0,331,0,18,0,401,228,505,0,791,0,0,0,11,56,0,0,127,0,324,289,0,25,110,22
2009-08-03,54,0,106,0,288,0,0,0,0,0,663,0,5,0,448,170,372,0,508,0,0,0,11,63,0,0,4,23,546,336,0,1,43,27
2009-08-04,26,0,2,0,304,0,0,0,0,0,1284,0,20,0,451,13,116,0,246,0,0,0,4,41,0,0,0,107,490,58,0,0,2,3
2009-08-05,9,0,0,0,73,0,0,0,0,0,1649,0,300,0,332,9,0,0,251,0,0,0,2,1,0,0,0,73,161,0,0,0,0,0
2009-08-06,17,0,3,8,74,0,0,4,0,0,1246,0,287,0,229,17,0,0,425,0,0,0,5,0,6,0,0,20,79,0,0,0,1,0
2009-08-07,24,0,4,0,17,0,0,58,0,0,833,0,64,0,216,22,18,0,502,0,0,0,7,0,2,0,0,2,5,0,0,0,8,0
2009-08-08,29,0,6,0,7,0,0,0,0,0,316,0,75,0,182,38,2,0,469,0,0,0,8,1,0,0,0,0,0,0,0,1,4,0
2009-08-09,14,0,1,0,4,0,0,0,0,0,232,0,37,0,161,27,0,0,413,0,0,0,5,0,0,0,0,13,0,1,0,1,0,0
2009-08-10,15,0,6,0,0,0,0,0,0,0,422,0,42,0,139,36,26,0,414,0,0,0,4,3,0,0,0,140,0,14,0,0,3,0
2009-08-11,8,0,0,0,2,0,0,0,0,0,766,0,78,0,104,3,0,0,453,0,0,0,2,0,0,0,0,322,4,0,0,0,0,0
2009-08-12,11,0,1,0,0,0,0,0,0,0,1253,0,97,0,64,15,0,0,488,0,0,0,4,0,0,0,0,414,0,0,0,0,0,0
2009-08-13,12,0,6,0,15,0,0,0,0,0,1205,0,216,0,98,50,2,0,477,0,0,0,4,0,0,0,0,349,71,15,0,0,0,0
2009-08-14,10,0,0,0,92,0,0,0,0,0,1323,0,288,0,153,10,0,0,468,0,0,0,3,3,0,0,0,370,168,0,0,0,0,0
2009-08-15,15,0,3,0,45,0,0,0,0,0,1636,0,706,0,206,16,0,0,638,0,0,0,6,2,0,0,0,301,69,0,0,0,0,0
2009-08-16,27,0,3,0,54,1,3,49,0,0,1811,0,773,0,236,32,15,0,779,0,0,0,6,10,0,0,26,264,97,6,0,1,5,0
2009-08-17,26,10,10,0,39,0,24,10,0,0,2010,0,359,0,228,80,149,0,831,0,0,0,8,15,0,0,28,231,123,55,0,3,31,1
2009-08-18,33,0,28,0,90,0,0,0,0,0,1914,0,513,0,245,129,183,0,963,0,0,0,9,18,0,0,0,209,272,106,0,6,15,2
2009-08-19,59,0,35,6,189,9,0,17,0,0,1879,0,1500,0,350,114,10,0,1080,0,0,0,12,23,2,0,0,167,274,55,0,7,0,4
2009-08-20,58,0,16,61,92,25,0,839,0,0,1643,0,1207,0,374,84,1,0,1097,0,5,0,10,23,40,0,0,85,88,5,0,6,2,0
2009-08-21,43,7,11,0,35,0,11,0,0,0,1404,0,188,0,245,66,40,0,1030,0,0,0,9,20,0,0,0,82,50,31,0,8,17,2
2009-08-22,33,0,23,0,40,0,0,0,0,0,1660,0,152,0,184,81,106,0,926,0,0,0,8,16,0,0,0,221,117,79,0,1,0,3
2009-08-23,34,0,8,0,43,0,0,0,0,0,1932,0,203,0,207,24,0,0,693,0,0,0,10,16,0,0,0,174,72,1,0,0,0,0
2009-08-24,25,0,4,0,7,0,0,0,0,0,1110,0,166,0,121,11,0,0,522,0,0,0,6,0,0,0,0,7,18,0,0,0,0,0
2009-08-25,13,0,1,0,4,0,0,0,0,0,386,0,53,0,67,6,0,0,567,0,0,0,4,0,0,0,0,0,17,9,0,0,0,0
2009-08-26,14,0,17,0,17,0,1,0,0,0,435,0,38,0,108,44,102,0,687,0,0,0,4,3,0,0,0,3,83,105,0,0,7,0
2009-08-27,18,3,61,0,29,0,7,0,0,0,1114,0,123,0,150,120,191,0,694,0,0,0,6,9,0,0,0,92,171,157,0,2,18,1
2009-08-28,20,10,51,0,29,0,15,0,0,0,1250,0,95,0,141,138,250,0,737,0,0,0,6,10,0,0,6,104,121,114,0,7,34,0
2009-08-29,25,0,8,0,63,0,0,0,0,0,1141,0,23,0,156,20,21,0,635,0,0,0,6,13,0,0,0,218,181,93,0,0,0,2
2009-08-30,23,0,0,0,37,0,0,0,0,0,1301,0,11,0,190,3,0,0,244,0,0,0,5,3,0,0,0,390,54,0,0,0,0,0
2009-08-31,20,0,0,0,1,0,0,0,0,0,1396,0,70,0,175,1,0,0,228,0,0,0,4,0,0,0,0,190,0,0,0,0,0,0
2009-09-01,16,0,0,0,0,0,0,1,0,0,937,0,24,0,118,3,0,0,337,0,0,0,3,0,0,0,0,19,0,0,0,0,0,0
2009-09-02,10,0,0,0,0,0,0,0,0,0,520,0,21,0,83,5,0,0,471,0,0,0,1,1,0,0,0,0,0,0,0,0,0,0
2009-09-03,14,0,10,0,1,0,0,0,0,0,527,0,40,0,116,59,89,0,545,0,0,0,2,8,0,0,0,3,3,48,0,0,4,0
2009-09-04,24,0,37,0,123,0,0,0,0,0,702,0,14,0,200,62,33,0,671,0,0,0,5,22,0,0,0,27,127,174,0,0,0,3
2009-09-05,14,0,0,0,197,0,0,0,0,0,552,0,1,0,269,2,0,0,305,0,0,0,1,12,0,0,0,32,181,0,0,0,0,0
2009-09-06,2,0,0,0,0,0,0,0,0,0,695,0,0,0,108,0,0,0,105,0,0,0,0,0,0,0,0,86,0,0,0,0,0,0
2009-09-07,0,0,0,0,0,0,0,0,0,0,868,0,0,0,11,0,0,0,35,0,0,0,0,0,0,0,0,189,0,0,0,0,0,0
2009-09-08,0,0,0,0,0,0,0,0,0,0,816,0,48,0,1,0,0,0,14,0,0,0,0,0,0,0,0,270,0,0,0,0,0,0
2009-09-09,0,0,0,0,0,0,0,0,0,0,658,0,6,0,1,0,0,0,3,0,0,0,0,0,0,0,0,214,0,0,0,0,0,0
2009-09-10,0,0,0,0,0,0,0,0,0,0,477,0,7,0,2,0,0,0,6,0,0,0,0,0,0,0,0,99,0,0,0,0,0,0
2009-09-11,3,0,0,0,0,0,0,0,0,0,291,0,2,0,6,0,3,0,30,0,0,0,0,0,0,0,0,44,0,0,0,0,0,0
2009-09-12,1,0,0,0,0,0,0,0,0,0,85,0,0,0,4,0,0,0,15,0,0,0,0,0,0,0,0,5,0,0,0,0,0,0
2009-09-13,0,0,0,0,0,0,0,0,0,0,27,0,0,0,1,0,0,0,2,0,0,0,0,0,0,0,0,0,0,0,0,0,0,0
2009-09-14,0,0,0,0,0,0,0,0,0,0,4,0,0,0,9,0,0,0,2,0,0,0,0,0,0,0,0,0,0,0,0,0,0,0
2009-09-15,0,0,0,0,0,0,0,0,0,0,0,0,0,0,13,0,0,0,19,0,0,0,0,0,0,0,0,0,0,0,0,0,0,0
2009-09-16,0,0,0,0,0,0,0,0,0,0,0,0,0,0,10,0,0,0,16,0,0,0,0,0,0,0,0,0,0,15,0,0,0,0
2009-09-17,0,0,0,0,0,0,0,0,0,0,0,0,0,0,14,0,0,0,7,0,0,0,0,0,0,0,0,0,0,0,0,0,0,0
2009-09-18,0,0,0,0,0,0,0,0,0,0,0,0,0,0,12,0,0,0,5,0,0,0,0,0,0,0,0,0,0,0,0,0,0,0
2009-09-19,0,0,0,0,0,0,0,0,0,0,0,0,0,0,2,0,0,0,3,0,0,0,0,0,0,0,0,0,0,0,0,0,0,0
2009-09-20,0,0,0,0,0,0,0,0,0,0,0,0,0,0,0,0,0,0,0,0,0,0,0,0,0,0,0,0,0,0,0,0,0,0
2009-09-21,0,0,0,0,0,0,0,0,0,0,3,0,0,0,0,0,0,0,0,0,0,0,0,0,0,0,0,0,0,0,0,0,0,0
2009-09-22,0,0,0,0,0,0,0,0,0,0,9,0,0,0,0,0,0,0,0,0,0,0,0,0,0,0,0,0,0,0,0,0,0,0
2009-09-23,0,0,0,0,0,0,0,0,0,0,21,0,0,0,0,0,0,0,0,0,0,0,0,0,0,0,0,30,0,0,0,0,0,0
2009-09-24,0,0,0,0,0,0,0,0,0,0,37,0,0,0,0,0,0,0,0,0,0,0,0,0,0,0,0,61,0,0,0,0,0,0
2009-09-25,0,0,0,0,0,0,0,0,0,0,35,0,0,0,0,0,0,0,0,0,0,0,0,0,0,0,0,32,0,0,0,0,0,0
2009-09-26,0,0,0,0,0,0,0,0,0,0,2,0,0,0,0,0,0,0,0,0,0,0,0,0,0,0,0,1,0,0,0,0,0,0
2009-09-27,0,0,0,0,0,0,0,0,0,0,4,0,0,0,0,0,0,0,0,0,0,0,0,0,0,0,0,0,0,0,0,0,0,0
2009-09-28,0,0,0,0,0,0,0,0,0,0,3,0,0,0,0,0,0,0,0,0,0,0,0,0,0,0,0,7,0,0,0,0,0,0
2009-09-29,0,0,0,0,0,0,0,0,0,0,0,0,0,0,0,0,0,0,0,0,0,0,0,0,0,0,0,0,0,0,0,0,0,0
2009-09-30,0,0,0,0,0,0,0,0,0,0,0,0,0,0,0,0,0,0,0,0,0,0,0,0,0,0,0,0,0,0,0,0,0,0
2009-10-01,0,0,0,0,0,0,0,0,0,0,0,0,0,0,0,0,0,0,0,0,0,0,0,0,0,0,0,0,0,0,0,0,0,0
2009-10-02,0,0,0,0,0,0,0,0,0,0,8,0,0,0,0,0,0,0,0,0,0,0,0,0,0,0,0,0,0,0,0,0,0,0
2009-10-03,0,0,0,0,0,0,0,0,0,0,8,0,0,0,5,0,0,0,0,0,0,0,0,0,0,0,0,0,0,0,0,0,0,0
2009-10-04,0,0,0,0,0,0,0,0,0,0,13,0,0,0,0,0,0,0,0,0,0,0,0,0,0,0,0,0,0,0,0,0,0,0
2009-10-05,0,0,0,0,0,0,0,0,0,0,19,0,0,0,0,0,0,0,0,0,0,0,0,0,0,0,0,0,0,0,0,0,0,0
2009-10-06,0,0,0,0,0,0,0,0,0,0,38,0,38,0,0,0,0,0,0,0,0,0,0,0,0,0,0,0,0,0,0,0,0,0
2009-10-07,0,0,0,0,0,0,0,0,0,0,2,0,1,0,0,0,0,0,0,0,0,0,0,0,0,0,0,0,0,0,0,0,0,0
2009-10-08,0,0,0,0,0,0,0,0,0,0,5,0,0,0,0,0,0,0,0,0,0,0,0,0,0,0,0,0,0,0,0,0,0,0
2009-10-09,0,0,0,0,0,0,0,0,0,0,0,0,0,0,0,0,0,0,0,0,0,0,0,0,0,0,0,0,0,0,0,0,0,0
2009-10-10,0,0,0,0,0,0,0,0,0,0,13,0,0,0,0,0,0,0,0,0,0,0,0,0,0,0,0,0,0,0,0,0,0,0
2009-10-11,0,0,0,0,0,0,0,0,0,0,40,0,0,0,0,0,0,0,0,0,0,0,0,0,0,0,0,9,0,0,0,0,0,0
2009-10-12,0,0,0,0,0,0,0,0,0,0,39,0,0,0,0,0,0,0,0,0,0,0,0,0,0,0,0,51,0,0,0,0,0,0
2009-10-13,0,0,0,0,0,0,0,0,0,0,18,0,0,0,0,0,0,0,0,0,0,0,0,0,0,0,0,18,0,0,0,0,0,0
2009-10-14,0,0,0,0,0,0,0,0,0,0,3,0,0,0,0,0,0,0,0,0,0,0,0,0,0,0,0,0,0,0,0,0,0,0
2009-10-15,0,0,0,0,0,0,0,0,0,0,0,0,0,0,0,0,0,0,0,0,0,0,0,0,0,0,0,0,0,0,0,0,0,0
2009-10-16,0,0,0,0,0,0,0,0,0,0,0,0,0,0,2,0,0,0,0,0,0,0,0,0,0,0,0,0,0,0,0,0,0,0
2009-10-17,0,0,0,0,0,0,0,0,0,0,0,0,0,0,0,0,0,0,0,0,0,0,0,0,0,0,0,0,0,0,0,0,0,0
2009-10-18,0,0,0,0,0,0,0,0,0,0,0,0,0,0,0,0,0,0,0,0,0,0,0,0,0,0,0,0,0,0,0,0,0,0
2009-10-19,0,0,0,0,0,0,0,0,0,0,0,0,0,0,0,0,0,0,0,0,0,0,0,0,0,0,0,0,0,0,0,0,0,0
2009-10-20,0,0,0,0,0,0,0,0,0,0,0,0,0,0,0,0,0,0,0,0,0,0,0,0,0,0,0,0,0,0,0,0,0,0
2009-10-21,0,0,0,0,0,0,0,0,0,0,0,0,0,0,0,0,0,0,0,0,0,0,0,0,0,0,0,0,0,0,0,0,0,0
2009-10-22,0,0,0,0,0,0,0,0,0,0,0,0,0,0,0,0,0,0,0,0,0,0,0,0,0,0,0,0,0,0,0,0,0,0
2009-10-23,0,0,0,0,0,0,0,0,0,0,0,0,0,0,0,0,0,0,0,0,0,0,0,0,0,0,0,0,0,0,0,0,0,0
2009-10-24,0,0,0,0,0,0,0,0,0,0,0,0,0,0,0,0,0,0,0,0,0,0,0,0,0,0,0,0,0,0,0,0,0,0
2009-10-25,0,0,0,0,0,0,0,0,0,0,0,0,0,0,0,0,0,0,0,0,0,0,0,0,0,0,0,0,0,0,0,0,0,0
2009-10-26,0,0,0,0,0,0,0,0,0,0,0,0,0,0,0,0,0,0,0,0,0,0,0,0,0,0,0,0,0,0,0,0,0,0
2009-10-27,0,0,0,0,0,0,0,0,0,0,0,0,0,0,0,0,0,0,0,0,0,0,0,0,0,0,0,0,0,0,0,0,0,0
2009-10-28,0,0,0,0,0,0,0,0,0,0,0,0,0,0,0,0,0,0,0,0,0,0,0,0,0,0,0,0,0,0,0,0,0,0
2009-10-29,0,0,0,0,0,0,0,0,0,0,0,0,0,0,0,0,0,0,0,0,0,0,0,0,0,0,0,0,0,0,0,0,0,0
2009-10-30,0,0,0,0,0,0,0,0,0,0,0,0,0,0,0,0,0,0,0,0,0,0,0,0,0,0,0,0,0,0,0,0,0,0
2009-10-31,0,0,0,0,0,0,0,0,0,0,0,0,0,0,0,0,0,0,0,0,0,0,0,0,0,0,0,0,0,0,0,0,0,0
2009-11-01,0,0,0,0,0,0,0,0,0,0,0,0,0,0,0,0,0,0,0,0,0,0,0,0,0,0,0,0,0,0,0,0,0,0
2009-11-02,0,0,0,0,0,0,0,0,0,0,0,0,0,0,0,0,0,0,0,0,0,0,0,0,0,0,0,0,0,0,0,0,0,0
2009-11-03,0,0,0,0,0,0,0,0,0,0,0,0,0,0,0,0,0,0,0,0,0,0,0,0,0,0,0,0,0,0,0,0,0,0
2009-11-04,0,0,0,0,0,0,0,0,0,0,0,0,0,0,0,0,0,0,0,0,0,0,0,0,0,0,0,0,0,0,0,0,0,0
2009-11-05,0,0,0,0,0,0,0,0,0,0,0,0,0,0,0,0,0,0,0,0,0,0,0,0,0,0,0,0,0,0,0,0,0,0
2009-11-06,0,0,0,0,0,0,0,0,0,0,0,0,0,0,0,0,0,0,0,0,0,0,0,0,0,0,0,0,0,0,0,0,0,0
2009-11-07,0,0,0,0,0,0,0,0,0,0,0,0,0,0,0,0,0,0,0,0,0,0,0,0,0,0,0,0,0,0,0,0,0,0
2009-11-08,0,0,0,0,0,0,0,0,0,0,0,0,0,0,0,0,0,0,0,0,0,0,0,0,0,0,0,0,0,0,0,0,0,0
2009-11-09,0,0,0,0,0,0,0,0,0,0,0,0,0,0,0,0,0,0,0,0,0,0,0,0,0,0,0,0,0,0,0,0,0,0
2009-11-10,0,0,0,0,0,0,0,0,0,0,0,0,0,0,0,0,0,0,0,0,0,0,0,0,0,0,0,0,0,0,0,0,0,0
2009-11-11,0,0,0,0,0,0,0,0,0,0,0,0,0,0,0,0,0,0,0,0,0,0,0,0,0,0,0,0,0,0,0,0,0,0
2009-11-12,0,0,0,0,0,0,0,0,0,0,0,0,0,0,0,0,0,0,0,0,0,0,0,0,0,0,0,0,0,0,0,0,0,0
2009-11-13,0,0,0,0,0,0,0,0,0,0,0,0,0,0,0,0,0,0,0,0,0,0,0,0,0,0,0,0,0,0,0,0,0,0
2009-11-14,0,0,0,0,0,0,0,0,0,0,0,0,0,0,0,0,0,0,0,0,0,0,0,0,0,0,0,0,0,0,0,0,0,0
2009-11-15,0,0,0,0,0,0,0,0,0,0,0,0,0,0,0,0,0,0,0,0,0,0,0,0,0,0,0,0,0,0,0,0,0,0
2009-11-16,0,0,0,0,0,0,0,0,0,0,0,0,0,0,0,0,0,0,0,0,0,0,0,0,0,0,0,0,0,0,0,0,0,0
2009-11-17,0,0,0,0,0,0,0,0,0,0,0,0,0,0,0,0,0,0,0,0,0,0,0,0,0,0,0,0,0,0,0,0,0,0
2009-11-18,0,0,0,0,0,0,0,0,0,0,0,0,0,0,0,0,0,0,0,0,0,0,0,0,0,0,0,0,0,0,0,0,0,0
2009-11-19,0,0,0,0,0,0,0,0,0,0,0,0,0,0,0,0,0,0,0,0,0,0,0,0,0,0,0,0,0,0,0,0,0,0
2009-11-20,0,0,0,0,0,0,0,0,0,0,0,0,0,0,0,0,0,0,0,0,0,0,0,0,0,0,0,0,0,0,0,0,0,0
2009-11-21,0,0,0,0,0,0,0,0,0,0,0,0,0,0,0,0,0,0,0,0,0,0,0,0,0,0,0,0,0,0,0,0,0,0
2009-11-22,0,0,0,0,0,0,0,0,0,0,0,0,0,0,0,0,0,0,0,0,0,0,0,0,0,0,0,0,0,0,0,0,0,0
2009-11-23,0,0,0,0,0,0,0,0,0,0,0,0,0,0,0,0,0,0,0,0,0,0,0,0,0,0,0,0,0,0,0,0,0,0
2009-11-24,0,0,0,0,0,0,0,0,0,0,0,0,0,0,0,0,0,0,0,0,0,0,0,0,0,0,0,0,0,0,0,0,0,0
2009-11-25,0,0,0,0,0,0,0,0,0,0,0,0,0,0,0,0,0,0,0,0,0,0,0,0,0,0,0,0,0,0,0,0,0,0
2009-11-26,0,0,0,0,0,0,0,0,0,0,0,0,0,0,0,0,0,0,0,0,0,0,0,0,0,0,0,0,0,0,0,0,0,0
2009-11-27,0,0,0,0,0,0,0,0,0,0,0,0,0,0,0,0,0,0,0,0,0,0,0,0,0,0,0,0,0,0,0,0,0,0
2009-11-28,0,0,0,0,0,0,0,0,0,0,0,0,0,0,0,0,0,0,0,0,0,0,0,0,0,0,0,0,0,0,0,0,0,0
2009-11-29,0,0,0,0,0,0,0,0,0,0,0,0,0,0,0,0,0,0,0,0,0,0,0,0,0,0,0,0,0,0,0,0,0,0
2009-11-30,0,0,0,0,0,0,0,0,0,0,0,0,0,0,0,0,0,0,0,0,0,0,0,0,0,0,0,0,0,0,0,0,0,0
2009-12-01,0,0,0,0,0,0,0,0,0,0,0,0,0,0,0,0,0,0,0,0,0,0,0,0,0,0,0,0,0,0,0,0,0,0
2009-12-02,0,0,0,0,0,0,0,0,0,0,0,0,0,0,0,0,0,0,0,0,0,0,0,0,0,0,0,0,0,0,0,0,0,0
2009-12-03,0,0,0,0,0,0,0,0,0,0,0,0,0,0,0,0,0,0,0,0,0,0,0,0,0,0,0,0,0,0,0,0,0,0
2009-12-04,0,0,0,0,0,0,0,0,0,0,0,0,0,0,0,0,0,0,0,0,0,0,0,0,0,0,0,0,0,0,0,0,0,0
2009-12-05,0,0,0,0,0,0,0,0,0,0,0,0,0,0,0,0,0,0,0,0,0,0,0,0,0,0,0,0,0,0,0,0,0,0
2009-12-06,0,0,0,0,0,0,0,0,0,0,0,0,0,0,0,0,0,0,0,0,0,0,0,0,0,0,0,0,0,0,0,0,0,0
2009-12-07,0,0,0,0,0,0,0,0,0,0,0,0,0,0,0,0,0,0,0,0,0,0,0,0,0,0,0,0,0,0,0,0,0,0
2009-12-08,0,0,0,0,0,0,0,0,0,0,0,0,0,0,0,0,0,0,0,0,0,0,0,0,0,0,0,0,0,0,0,0,0,0
2009-12-09,0,0,0,0,0,0,0,0,0,0,0,0,0,0,0,0,0,0,0,0,0,0,0,0,0,0,0,0,0,0,0,0,0,0
2009-12-10,0,0,0,0,0,0,0,0,0,0,0,0,0,0,0,0,0,0,0,0,0,0,0,0,0,0,0,0,0,0,0,0,0,0
2009-12-11,0,0,0,0,0,0,0,0,0,0,0,0,0,0,0,0,0,0,0,0,0,0,0,0,0,0,0,0,0,0,0,0,0,0
2009-12-12,0,0,0,0,0,0,0,0,0,0,0,0,0,0,0,0,0,0,0,0,0,0,0,0,0,0,0,0,0,0,0,0,0,0
2009-12-13,0,0,0,0,0,0,0,0,0,0,0,0,0,0,0,0,0,0,0,0,0,0,0,0,0,0,0,0,0,0,0,0,0,0
2009-12-14,0,0,0,0,0,0,0,0,0,0,0,0,0,0,0,0,0,0,0,0,0,0,0,0,0,0,0,0,0,0,0,0,0,0
2009-12-15,0,0,0,0,0,0,0,0,0,0,0,0,0,0,0,0,0,0,0,0,0,0,0,0,0,0,0,0,0,0,0,0,0,0
2009-12-16,0,0,0,0,0,0,0,0,0,0,0,0,0,0,0,0,0,0,0,0,0,0,0,0,0,0,0,0,0,0,0,0,0,0
2009-12-17,0,0,0,0,0,0,0,0,0,0,0,0,0,0,0,0,0,0,0,0,0,0,0,0,0,0,0,0,0,0,0,0,0,0
2009-12-18,0,0,0,0,0,0,0,0,0,0,0,0,0,0,0,0,0,0,0,0,0,0,0,0,0,0,0,0,0,0,0,0,0,0
2009-12-19,0,0,0,0,0,0,0,0,0,0,0,0,0,0,0,0,0,0,0,0,0,0,0,0,0,0,0,0,0,0,0,0,0,0
2009-12-20,0,0,0,0,0,0,0,0,0,0,0,0,0,0,0,0,0,0,0,0,0,0,0,0,0,0,0,0,0,0,0,0,0,0
2009-12-21,0,0,0,0,0,0,0,0,0,0,0,0,0,0,0,0,0,0,0,0,0,0,0,0,0,0,0,0,0,0,0,0,0,0
2009-12-22,0,0,0,0,0,0,0,0,0,0,0,0,0,0,0,0,0,0,0,0,0,0,0,0,0,0,0,0,0,0,0,0,0,0
2009-12-23,0,0,0,0,0,0,0,0,0,0,0,0,0,0,0,0,0,0,0,0,0,0,0,0,0,0,0,0,0,0,0,0,0,0
2009-12-24,0,0,0,0,0,0,0,0,0,0,0,0,0,0,0,0,0,0,0,0,0,0,0,0,0,0,0,0,0,0,0,0,0,0
2009-12-25,0,0,0,0,0,0,0,0,0,0,0,0,0,0,0,0,0,0,0,0,0,0,0,0,0,0,0,0,0,0,0,0,0,0
2009-12-26,0,0,0,0,0,0,0,0,0,0,0,0,0,0,0,0,0,0,0,0,0,0,0,0,0,0,0,0,0,0,0,0,0,0
2009-12-27,0,0,0,0,0,0,0,0,0,0,0,0,0,0,0,0,0,0,0,0,0,0,0,0,0,0,0,0,0,0,0,0,0,0
2009-12-28,0,0,0,0,0,0,0,0,0,0,0,0,0,0,0,0,0,0,0,0,0,0,0,0,0,0,0,0,0,0,0,0,0,0
2009-12-29,0,0,0,0,0,0,0,0,0,0,0,0,0,0,0,0,0,0,0,0,0,0,0,0,0,0,0,0,0,0,0,0,0,0
2009-12-30,0,0,0,0,0,0,0,0,0,0,0,0,0,0,0,0,0,0,0,0,0,0,0,0,0,0,0,0,0,0,0,0,0,0
2009-12-31,0,0,0,0,0,0,0,0,0,0,0,0,0,0,0,0,0,0,0,0,0,0,0,0,0,0,0,0,0,0,0,0,0,0
2010-01-01,0,0,0,0,0,0,0,0,0,0,0,0,0,0,0,0,0,0,0,0,0,0,0,0,0,0,0,0,0,0,0,0,0,0
2010-01-02,0,0,0,0,0,0,0,0,0,0,0,0,0,0,0,0,0,0,0,0,0,0,0,0,0,0,0,0,0,0,0,0,0,0
2010-01-03,0,0,0,0,0,0,0,0,0,0,0,0,0,0,0,0,0,0,0,0,0,0,0,0,0,0,0,0,0,0,0,0,0,0
2010-01-04,0,0,0,0,0,0,0,0,0,0,0,0,0,0,0,0,0,0,0,0,0,0,0,0,0,0,0,0,0,0,0,0,0,0
2010-01-05,0,0,0,0,0,0,0,0,0,0,0,0,0,0,0,0,0,0,0,0,0,0,0,0,0,0,0,0,0,0,0,0,0,0
2010-01-06,0,0,0,0,0,0,0,0,0,0,0,0,0,0,0,0,0,0,0,0,0,0,0,0,0,0,0,0,0,0,0,0,0,0
2010-01-07,0,0,0,0,0,0,0,0,0,0,0,0,0,0,0,0,0,0,0,0,0,0,0,0,0,0,0,0,0,0,0,0,0,0
2010-01-08,0,0,0,0,0,0,0,0,0,0,0,0,0,0,0,0,0,0,0,0,0,0,0,0,0,0,0,0,0,0,0,0,0,0
2010-01-09,0,0,0,0,0,0,0,0,0,0,0,0,0,0,0,0,0,0,0,0,0,0,0,0,0,0,0,0,0,0,0,0,0,0
2010-01-10,0,0,0,0,0,0,0,0,0,0,0,0,0,0,0,0,0,0,0,0,0,0,0,0,0,0,0,0,0,0,0,0,0,0
2010-01-11,0,0,0,0,0,0,0,0,0,0,0,0,0,0,0,0,0,0,0,0,0,0,0,0,0,0,0,0,0,0,0,0,0,0
2010-01-12,0,0,0,0,0,0,0,0,0,0,0,0,0,0,0,0,0,0,0,0,0,0,0,0,0,0,0,0,0,0,0,0,0,0
2010-01-13,0,0,0,0,0,0,0,0,0,0,0,0,0,0,0,0,0,0,0,0,0,0,0,0,0,0,0,0,0,0,0,0,0,0
2010-01-14,0,0,0,0,0,0,0,0,0,0,0,0,0,0,0,0,0,0,0,0,0,0,0,0,0,0,0,0,0,0,0,0,0,0
2010-01-15,0,0,0,0,0,0,0,0,0,0,0,0,0,0,0,0,0,0,0,0,0,0,0,0,0,0,0,0,0,0,0,0,0,0
2010-01-16,0,0,0,0,0,0,0,0,0,0,0,0,0,0,0,0,0,0,0,0,0,0,0,0,0,0,0,0,0,0,0,0,0,0
2010-01-17,0,0,0,0,0,0,0,0,0,0,0,0,0,0,0,0,0,0,0,0,0,0,0,0,0,0,0,0,0,0,0,0,0,0
2010-01-18,0,0,0,0,0,0,0,0,0,0,0,0,0,0,0,0,0,0,0,0,0,0,0,0,0,0,0,0,0,0,0,0,0,0
2010-01-19,0,0,0,0,0,0,0,0,0,0,0,0,0,0,0,0,0,0,0,0,0,0,0,0,0,0,0,0,0,0,0,0,0,0
2010-01-20,0,0,0,0,0,0,0,0,0,0,0,0,0,0,0,0,0,0,0,0,0,0,0,0,0,0,0,0,0,0,0,0,0,0
2010-01-21,0,0,0,0,0,0,0,0,0,0,0,0,0,0,0,0,0,0,0,0,0,0,0,0,0,0,0,0,0,0,0,0,0,0
2010-01-22,0,0,0,0,0,0,0,0,0,0,0,0,0,0,0,0,0,0,0,0,0,0,0,0,0,0,0,0,0,0,0,0,0,0
2010-01-23,0,0,0,0,0,0,0,0,0,0,0,0,0,0,0,0,0,0,0,0,0,0,0,0,0,0,0,0,0,0,0,0,0,0
2010-01-24,0,0,0,0,0,0,0,0,0,0,0,0,0,0,0,0,0,0,0,0,0,0,0,0,0,0,0,0,0,0,0,0,0,0
2010-01-25,0,0,0,0,0,0,0,0,0,0,0,0,0,0,0,0,0,0,0,0,0,0,0,0,0,0,0,0,0,0,0,0,0,0
2010-01-26,0,0,0,0,0,0,0,0,0,0,0,0,0,0,0,0,0,0,0,0,0,0,0,0,0,0,0,0,0,0,0,0,0,0
2010-01-27,0,0,0,0,0,0,0,0,0,0,0,0,0,0,0,0,0,0,0,0,0,0,0,0,0,0,0,0,0,0,0,0,0,0
2010-01-28,0,0,0,0,0,0,0,0,0,0,0,0,0,0,0,0,0,0,0,0,0,0,0,0,0,0,0,0,0,0,0,0,0,0
2010-01-29,0,0,0,0,0,0,0,0,0,0,0,0,0,0,0,0,0,0,0,0,0,0,0,0,0,0,0,0,0,0,0,0,0,0
2010-01-30,0,0,0,0,0,0,0,0,0,0,0,0,0,0,0,0,0,0,0,0,0,0,0,0,0,0,0,0,0,0,0,0,0,0
2010-01-31,0,0,0,0,0,0,0,0,0,0,0,0,0,0,0,0,0,0,0,0,0,0,0,0,0,0,0,0,0,0,0,0,0,0
2010-02-01,0,0,0,0,0,0,0,0,0,0,0,0,0,0,0,0,0,0,0,0,0,0,0,0,0,0,0,0,0,0,0,0,0,0
2010-02-02,0,0,0,0,0,0,0,0,0,0,0,0,0,0,0,0,0,0,0,0,0,0,0,0,0,0,0,0,0,0,0,0,0,0
2010-02-03,0,0,0,0,0,0,0,0,0,0,0,0,0,0,0,0,0,0,0,0,0,0,0,0,0,0,0,0,0,0,0,0,0,0
2010-02-04,0,0,0,0,0,0,0,0,0,0,0,0,0,0,0,0,0,0,0,0,0,0,0,0,0,0,0,0,0,0,0,0,0,0
2010-02-05,0,0,0,0,0,0,0,0,0,0,0,0,0,0,0,0,0,0,0,0,0,0,0,0,0,0,0,0,0,0,0,0,0,0
2010-02-06,0,0,0,0,0,0,0,0,0,0,0,0,0,0,0,0,0,0,0,0,0,0,0,0,0,0,0,0,0,0,0,0,0,0
2010-02-07,0,0,0,0,0,0,0,0,0,0,0,0,0,0,0,0,0,0,0,0,0,0,0,0,0,0,0,0,0,0,0,0,0,0
2010-02-08,0,0,0,0,0,0,0,0,0,0,0,0,0,0,0,0,0,0,0,0,0,0,0,0,0,0,0,0,0,0,0,0,0,0
2010-02-09,0,0,0,0,0,0,0,0,0,0,0,0,0,0,0,0,0,0,0,0,0,0,0,0,0,0,0,0,0,0,0,0,0,0
2010-02-10,0,0,0,0,0,0,0,0,0,0,0,0,0,0,0,0,0,0,0,0,0,0,0,0,0,0,0,0,0,0,0,0,0,0
2010-02-11,0,0,0,0,0,0,0,0,0,0,0,0,0,0,0,0,0,0,0,0,0,0,0,0,0,0,0,0,0,0,0,0,0,0
2010-02-12,0,0,0,0,0,0,0,0,0,0,0,0,0,0,0,0,0,0,0,0,0,0,0,0,0,0,0,0,0,0,0,0,0,0
2010-02-13,0,0,0,0,0,0,0,0,0,0,0,0,0,0,0,0,0,0,0,0,0,0,0,0,0,0,0,0,0,0,0,0,0,0
2010-02-14,0,0,0,0,0,0,0,0,0,0,0,0,0,0,0,0,0,0,0,0,0,0,0,0,0,0,0,0,0,0,0,0,0,0
2010-02-15,0,0,0,0,0,0,0,0,0,0,0,0,0,0,0,0,0,0,0,0,0,0,0,0,0,0,0,0,0,0,0,0,0,0
2010-02-16,0,0,0,0,0,0,0,0,0,0,0,0,0,0,0,0,0,0,0,0,0,0,0,0,0,0,0,0,0,0,0,0,0,0
2010-02-17,0,0,0,0,0,0,0,0,0,0,0,0,0,0,0,0,0,0,0,0,0,0,0,0,0,0,0,0,0,0,0,0,0,0
2010-02-18,0,0,0,0,0,0,0,0,0,0,0,0,0,0,0,0,0,0,0,0,0,0,0,0,0,0,0,0,0,0,0,0,0,0
2010-02-19,0,0,0,0,0,0,0,0,0,0,0,0,0,0,0,0,0,0,0,0,0,0,0,0,0,0,0,0,0,0,0,0,0,0
2010-02-20,0,0,0,0,0,0,0,0,0,0,0,0,0,0,0,0,0,0,0,0,0,0,0,0,0,0,0,0,0,0,0,0,0,0
2010-02-21,0,0,0,0,0,0,0,0,0,0,0,0,0,0,0,0,0,0,0,0,0,0,0,0,0,0,0,0,0,0,0,0,0,0
2010-02-22,0,0,0,0,0,0,0,0,0,0,0,0,0,0,0,0,0,0,0,0,0,0,0,0,0,0,0,0,0,0,0,0,0,0
2010-02-23,0,0,0,0,0,0,0,0,0,0,0,0,0,0,0,0,0,0,0,0,0,0,0,0,0,0,0,0,0,0,0,0,0,0
2010-02-24,0,0,0,0,0,0,0,0,0,0,0,0,0,0,0,0,0,0,0,0,0,0,0,0,0,0,0,0,0,0,0,0,0,0
2010-02-25,0,0,0,0,0,0,0,0,0,0,0,0,0,0,0,0,0,0,0,0,0,0,0,0,0,0,0,0,0,0,0,0,0,0
2010-02-26,0,0,0,0,0,0,0,0,0,0,0,0,0,0,0,0,0,0,0,0,0,0,0,0,0,0,0,0,0,0,0,0,0,0
2010-02-27,0,0,0,0,0,0,0,0,0,0,0,0,0,0,0,0,0,0,0,0,0,0,0,0,0,0,0,0,0,0,0,0,0,0
2010-02-28,0,0,0,0,0,0,0,0,0,0,0,0,0,0,0,0,0,0,0,0,0,0,0,0,0,0,0,0,0,0,0,0,0,0
2010-03-01,0,0,0,0,0,0,0,0,0,0,0,0,0,0,0,0,0,0,0,0,0,0,0,0,0,0,0,0,0,0,0,0,0,0
2010-03-02,0,0,0,0,0,0,0,0,0,0,0,0,0,0,0,0,0,0,0,0,0,0,0,0,0,0,0,0,0,0,0,0,0,0
2010-03-03,0,0,0,0,0,0,0,0,0,0,0,0,0,0,0,0,0,0,0,0,0,0,0,0,0,0,0,0,0,0,0,0,0,0
2010-03-04,0,0,0,0,0,0,0,0,0,0,0,0,0,0,0,0,0,0,0,0,0,0,0,0,0,0,0,0,0,0,0,0,0,0
2010-03-05,0,0,0,0,0,0,0,0,0,0,0,0,0,0,0,0,0,0,0,0,0,0,0,0,0,0,0,0,0,0,0,0,0,0
2010-03-06,0,0,0,0,0,0,0,0,0,0,0,0,0,0,0,0,0,0,0,0,0,0,0,0,0,0,0,0,0,0,0,0,0,0
2010-03-07,0,0,0,0,0,0,0,0,0,0,0,0,0,0,0,0,0,0,0,0,0,0,0,0,0,0,0,0,0,0,0,0,0,0
2010-03-08,0,0,0,0,0,0,0,0,0,0,0,0,0,0,0,0,0,0,0,0,0,0,0,0,0,0,0,0,0,0,0,0,0,0
2010-03-09,0,0,0,0,0,0,0,0,0,0,0,0,0,0,0,0,0,0,0,0,0,0,0,0,0,0,0,0,0,0,0,0,0,0
2010-03-10,0,0,0,0,0,0,0,0,0,0,0,0,0,0,0,0,0,0,0,0,0,0,0,0,0,0,0,0,0,0,0,0,0,0
2010-03-11,0,0,0,0,0,0,0,0,0,0,0,0,0,0,0,0,0,0,0,0,0,0,0,0,0,0,0,0,0,0,0,0,0,0
2010-03-12,0,0,0,0,0,0,0,0,0,0,0,0,0,0,0,0,0,0,0,0,0,0,0,0,0,0,0,0,0,0,0,0,0,0
2010-03-13,0,0,0,0,0,0,0,0,0,0,0,0,0,0,0,0,0,0,0,0,0,0,0,0,0,0,0,0,0,0,0,0,0,0
2010-03-14,0,0,0,0,0,0,0,0,0,0,0,0,0,0,0,0,0,0,0,0,0,0,0,0,0,0,0,0,0,0,0,0,0,0
2010-03-15,0,0,0,0,0,0,0,0,0,0,0,0,0,0,0,0,0,0,0,0,0,0,0,0,0,0,0,0,0,0,0,0,0,0
2010-03-16,0,0,0,0,0,0,0,0,0,0,0,0,0,0,0,0,0,0,0,0,0,0,0,0,0,0,0,0,0,0,0,0,0,0
2010-03-17,0,0,0,0,0,0,0,0,0,0,0,0,0,0,0,0,0,0,0,0,0,0,0,0,0,0,0,0,0,0,0,0,0,0
2010-03-18,0,0,0,0,0,0,0,0,0,0,0,0,0,0,0,0,0,0,0,0,0,0,0,0,0,0,0,0,0,0,0,0,0,0
2010-03-19,0,0,0,0,0,0,0,0,0,0,0,0,0,0,0,0,0,0,0,0,0,0,0,0,0,0,0,0,0,0,0,0,0,0
2010-03-20,0,0,0,0,0,0,0,0,0,0,0,0,0,0,0,0,0,0,0,0,0,0,0,0,0,0,0,0,0,0,0,0,0,0
2010-03-21,0,0,0,0,0,0,0,0,0,0,0,0,0,0,0,0,0,0,0,0,0,0,0,0,0,0,0,0,0,0,0,0,0,0
2010-03-22,0,0,0,0,0,0,0,0,0,0,0,0,0,0,0,0,0,0,0,0,0,0,0,0,0,0,0,0,0,0,0,0,0,0
2010-03-23,0,0,0,0,0,0,0,0,0,0,0,0,0,0,0,0,0,0,0,0,0,0,0,0,0,0,0,0,0,0,0,0,0,0
2010-03-24,0,0,0,0,0,0,0,0,0,0,0,0,0,0,0,0,0,0,0,0,0,0,0,0,0,0,0,0,0,0,0,0,0,0
2010-03-25,0,0,0,0,0,0,0,0,0,0,0,0,0,0,0,0,0,0,0,0,0,0,0,0,0,0,0,0,0,0,0,0,0,0
2010-03-26,0,0,0,0,0,0,0,0,0,0,0,0,0,0,0,0,0,0,0,0,0,0,0,0,0,0,0,0,0,0,0,0,0,0
2010-03-27,0,0,0,0,0,0,0,0,0,0,0,0,0,0,0,0,0,0,0,0,0,0,0,0,0,0,0,0,0,0,0,0,0,0
2010-03-28,0,0,0,0,0,0,0,0,0,0,0,0,0,0,0,0,0,0,0,0,0,0,0,0,0,0,0,0,0,0,0,0,0,0
2010-03-29,0,0,0,0,0,0,0,0,0,0,0,0,0,0,0,0,0,0,0,0,0,0,0,0,0,0,0,0,0,0,0,0,0,0
2010-03-30,0,0,0,0,0,0,0,0,0,0,0,0,0,0,0,0,0,0,0,0,0,0,0,0,0,0,0,0,0,0,0,0,0,0
2010-03-31,0,0,0,0,0,0,0,0,0,0,0,0,0,0,0,0,0,0,0,0,0,0,0,0,0,0,0,0,0,0,0,0,0,0
2010-04-01,0,0,0,0,0,0,0,0,0,0,0,0,0,0,0,0,0,0,0,0,0,0,0,0,0,0,0,0,0,0,0,0,0,0
2010-04-02,0,0,0,0,0,0,0,0,0,0,0,0,0,0,0,0,0,0,0,0,0,0,0,0,0,0,0,0,0,0,0,0,0,0
2010-04-03,0,0,0,0,0,0,0,0,0,0,0,0,0,0,0,0,0,0,0,0,0,0,0,0,0,0,0,0,0,0,0,0,0,0
2010-04-04,0,0,0,0,0,0,0,0,0,0,0,0,0,0,0,0,0,0,0,0,0,0,0,0,0,0,0,0,0,0,0,0,0,0
2010-04-05,0,0,0,0,0,0,0,0,0,0,0,0,0,0,0,0,0,0,0,0,0,0,0,0,0,0,0,0,0,0,0,0,0,0
2010-04-06,0,0,0,0,0,0,0,0,0,0,0,0,0,0,0,0,0,0,0,0,0,0,0,0,0,0,0,0,0,0,0,0,0,0
2010-04-07,0,0,0,0,0,0,0,0,0,0,0,0,0,0,0,0,0,0,0,0,0,0,0,0,0,0,0,0,0,0,0,0,0,0
2010-04-08,0,0,0,0,0,0,0,0,0,0,0,0,0,0,0,0,0,0,0,0,0,0,0,0,0,0,0,0,0,0,0,0,0,0
2010-04-09,0,0,0,0,0,0,0,0,0,0,0,0,0,0,0,0,0,0,0,0,0,0,0,0,0,0,0,0,0,0,0,0,0,0
2010-04-10,0,0,0,0,0,0,0,0,0,0,0,0,0,0,0,0,0,0,0,0,0,0,0,0,0,0,0,0,0,0,0,0,0,0
2010-04-11,0,0,0,0,0,0,0,0,0,0,0,0,0,0,0,0,0,0,0,0,0,0,0,0,0,0,0,0,0,0,0,0,0,0
2010-04-12,0,0,0,0,0,0,0,0,0,0,0,0,0,0,0,0,0,0,0,0,0,0,0,0,0,0,0,0,0,0,0,0,0,0
2010-04-13,0,0,0,0,0,0,0,0,0,0,0,0,0,0,0,0,0,0,0,0,0,0,0,0,0,0,0,0,0,0,0,0,0,0
2010-04-14,0,0,0,0,0,0,0,0,0,0,0,0,0,0,0,0,0,0,0,0,0,0,0,0,0,0,0,0,0,0,0,0,0,0
2010-04-15,0,0,0,0,0,0,0,0,0,0,0,0,0,0,0,0,0,0,0,0,0,0,0,0,0,0,0,0,0,0,0,0,0,0
2010-04-16,0,0,0,0,0,0,0,0,0,0,0,0,0,0,0,0,0,0,0,0,0,0,0,0,0,0,0,0,0,0,0,0,0,0
2010-04-17,0,0,0,0,0,0,0,0,0,0,0,0,0,0,0,0,0,0,0,0,0,0,0,0,0,0,0,0,0,0,0,0,0,0
2010-04-18,0,0,0,0,0,0,0,0,0,0,0,0,0,0,0,0,0,0,0,0,0,0,0,0,0,0,0,0,0,0,0,0,0,0
2010-04-19,0,0,0,0,0,0,0,0,0,0,0,0,0,0,0,0,0,0,0,0,0,0,0,0,0,0,0,0,0,0,0,0,0,0
2010-04-20,0,0,0,0,0,0,0,0,0,0,0,0,0,0,0,0,0,0,0,0,0,0,0,0,0,0,0,0,0,0,0,0,0,0
2010-04-21,0,0,0,0,0,0,0,0,0,0,0,0,0,0,0,0,0,0,0,0,0,0,0,0,0,0,0,0,0,0,0,0,0,0
2010-04-22,0,0,0,0,0,0,0,0,0,0,0,0,0,0,0,0,0,0,0,0,0,0,0,0,0,0,0,0,0,0,0,0,0,0
2010-04-23,0,0,0,0,0,0,0,0,0,0,0,0,0,0,0,0,0,0,0,0,0,0,0,0,0,0,0,0,0,0,0,0,0,0
2010-04-24,0,0,0,0,0,0,0,0,0,0,0,0,0,0,0,0,0,0,0,0,0,0,0,0,0,0,0,0,0,0,0,0,0,0
2010-04-25,0,0,0,0,0,0,0,0,0,0,0,0,0,0,0,0,0,0,0,0,0,0,0,0,0,0,0,0,0,0,0,0,0,0
2010-04-26,0,0,0,0,0,0,0,0,0,0,0,0,0,0,0,0,0,0,0,0,0,0,0,0,0,0,0,0,0,0,0,0,0,0
2010-04-27,0,0,0,0,0,0,0,0,0,0,3,0,0,0,0,0,0,0,0,0,0,0,0,0,0,0,0,12,0,0,0,0,0,0
2010-04-28,0,0,0,0,0,0,0,0,0,0,8,0,0,0,0,0,0,0,0,0,0,0,0,0,0,0,0,8,0,0,0,0,0,0
2010-04-29,0,0,0,0,0,0,0,0,0,0,0,0,0,0,0,0,0,0,0,0,0,0,0,0,0,0,0,0,0,0,0,0,0,0
2010-04-30,0,0,0,0,0,0,0,0,0,0,0,0,0,0,0,0,0,0,0,0,0,0,0,0,0,0,0,0,0,0,0,0,0,0
2010-05-01,0,0,0,0,0,0,0,0,0,0,0,0,0,0,0,0,0,0,0,0,0,0,0,0,0,0,0,0,0,0,0,0,0,0
2010-05-02,0,0,0,0,0,0,0,0,0,0,0,0,0,0,0,0,0,0,0,0,0,0,0,0,0,0,0,0,0,0,0,0,0,0
2010-05-03,0,0,0,0,0,0,0,0,0,0,0,0,0,0,0,0,0,0,0,0,0,0,0,0,0,0,0,0,0,0,0,0,0,0
2010-05-04,0,0,0,0,0,0,0,0,0,0,0,0,0,0,0,0,0,0,0,0,0,0,0,0,0,0,0,0,0,0,0,0,0,0
2010-05-05,0,0,0,0,0,0,0,0,0,0,0,0,0,0,0,0,0,0,0,0,0,0,0,0,0,0,0,0,0,0,0,0,0,0
2010-05-06,0,0,0,0,0,0,0,0,0,0,0,0,0,0,0,0,0,0,0,0,0,0,0,0,0,0,0,0,0,0,0,0,0,0
2010-05-07,0,0,0,0,0,0,0,0,0,0,0,0,0,0,0,0,0,0,0,0,0,0,0,0,0,0,0,0,0,0,0,0,0,0
2010-05-08,0,0,0,0,0,0,0,0,0,0,0,0,0,0,0,0,0,0,0,0,0,0,0,0,0,0,0,0,0,0,0,0,0,0
2010-05-09,0,0,0,0,0,0,0,0,0,0,0,0,0,0,0,0,0,0,0,0,0,0,0,0,0,0,0,0,0,0,0,0,0,0
2010-05-10,0,0,0,0,0,0,0,0,0,0,0,0,0,0,0,0,0,0,0,0,0,0,0,0,0,0,0,0,0,0,0,0,0,0
2010-05-11,0,0,0,0,0,0,0,0,0,0,0,0,0,0,0,0,0,0,0,0,0,0,0,0,0,0,0,0,0,0,0,0,0,0
2010-05-12,0,0,0,0,0,0,0,0,0,0,0,0,0,0,2,0,0,0,0,0,0,0,0,0,0,0,0,0,0,0,0,0,0,0
2010-05-13,0,0,0,0,0,0,0,0,0,0,0,0,0,0,7,0,0,0,0,0,0,0,0,0,0,0,0,0,0,0,0,0,0,0
2010-05-14,0,0,0,0,0,0,0,0,0,0,0,0,0,0,25,0,0,0,0,0,0,0,0,0,0,0,0,0,0,0,0,0,0,0
2010-05-15,0,0,0,0,0,0,0,0,0,0,0,0,0,0,9,0,0,0,0,0,0,0,0,0,0,0,0,0,0,0,0,0,0,0
2010-05-16,0,0,0,0,0,0,0,0,0,0,0,0,0,0,0,0,0,0,0,0,0,0,0,0,0,0,0,0,0,0,0,0,0,0
2010-05-17,0,0,0,0,0,0,0,0,0,0,0,0,0,0,0,0,0,0,0,0,0,0,0,0,0,0,0,0,0,0,0,0,0,0
2010-05-18,0,0,0,0,0,0,0,0,0,0,0,0,0,0,0,0,0,0,0,0,0,0,0,0,0,0,0,0,0,0,0,0,0,0
2010-05-19,0,0,0,0,0,0,0,0,0,0,24,0,0,0,0,0,0,0,0,0,0,0,0,0,0,0,0,37,0,0,0,0,0,0
2010-05-20,0,0,0,0,0,0,0,0,0,0,30,0,0,0,0,0,0,0,0,0,0,0,0,0,0,0,0,65,0,0,0,0,0,0
2010-05-21,0,0,0,0,0,0,0,0,0,0,58,0,0,0,0,0,0,0,0,0,0,0,0,0,0,0,0,76,0,0,0,0,0,0
2010-05-22,0,0,0,0,0,0,0,0,0,0,31,0,0,0,0,0,0,0,0,0,0,0,0,0,0,0,0,25,0,0,0,0,0,0
2010-05-23,0,0,0,0,0,0,0,0,0,0,1,0,1,0,0,0,0,0,0,0,0,0,0,0,0,0,0,0,0,0,0,0,0,0
2010-05-24,0,0,0,0,0,0,0,0,0,0,2,0,13,0,0,0,0,0,0,0,0,0,0,0,0,0,0,0,0,0,0,0,0,0
2010-05-25,0,0,0,0,0,0,0,0,0,0,5,0,0,0,0,0,0,0,0,0,0,0,0,0,0,0,0,0,0,0,0,0,0,0
2010-05-26,0,0,0,0,2,0,0,0,0,0,0,0,0,0,0,0,0,0,0,0,0,0,0,0,0,0,0,0,4,0,0,0,0,0
2010-05-27,0,0,0,0,6,0,0,0,0,0,0,0,0,0,20,0,0,0,0,0,0,0,0,2,0,0,0,0,5,0,0,0,0,0
2010-05-28,0,0,0,0,0,0,0,0,0,0,0,0,0,0,24,0,0,0,1,0,0,0,0,0,0,0,0,0,2,0,0,0,0,0
2010-05-29,0,0,0,0,1,0,0,0,0,0,0,0,0,0,58,0,0,0,0,0,0,0,0,0,0,0,0,0,0,0,0,0,0,0
2010-05-30,0,0,0,0,0,0,0,0,0,0,67,0,0,0,58,0,0,0,0,0,0,0,0,0,0,0,0,3,0,0,0,0,0,0
2010-05-31,0,0,0,0,0,0,0,0,0,0,560,0,0,0,111,0,0,0,0,0,0,0,0,0,0,0,0,130,0,0,0,0,0,0
2010-06-01,0,0,0,0,0,0,0,0,0,0,763,0,0,0,5,0,0,0,0,0,0,0,0,0,0,0,0,180,0,0,0,0,0,0
2010-06-02,0,0,0,0,0,0,0,0,0,0,485,0,0,0,0,0,0,0,0,0,0,0,0,0,0,0,0,96,0,0,0,0,0,0
2010-06-03,0,0,0,0,0,0,0,0,0,0,357,0,0,0,0,0,0,0,0,0,0,0,0,0,0,0,0,15,0,0,0,0,0,0
2010-06-04,0,0,0,0,0,0,0,0,0,0,413,0,1,0,0,0,0,0,0,0,0,0,0,0,0,0,0,12,0,0,0,0,0,0
2010-06-05,0,0,0,0,0,0,0,0,0,0,496,0,24,0,0,0,0,0,6,0,0,0,0,0,0,0,0,2,0,0,0,0,0,0
2010-06-06,0,0,0,0,0,0,0,0,0,0,78,0,0,0,0,0,0,0,20,0,0,0,0,0,0,0,0,0,0,0,0,0,0,0
2010-06-07,0,0,0,0,0,0,0,0,0,0,61,0,0,0,0,0,0,0,10,0,0,0,0,0,0,0,0,0,0,0,0,0,0,0
2010-06-08,0,2,5,0,0,0,0,0,0,0,36,0,0,0,6,28,49,0,25,0,0,0,0,0,0,0,0,0,18,14,0,0,4,0
2010-06-09,0,15,17,0,2,0,14,4,0,0,3,0,1,0,19,56,185,0,74,0,0,0,0,3,0,0,43,0,119,68,0,4,31,0
2010-06-10,5,55,43,0,30,1,46,117,0,0,1,0,6,0,64,87,305,0,187,0,0,0,3,14,0,0,502,0,335,124,0,8,61,0
2010-06-11,16,82,84,0,104,0,75,39,0,0,0,0,0,0,168,152,447,0,318,40,0,0,4,37,0,0,759,0,556,221,0,21,87,14
2010-06-12,24,45,124,0,184,0,17,0,0,0,0,0,0,0,247,187,475,0,313,0,0,0,4,56,0,0,203,0,821,339,0,23,82,26
2010-06-13,40,0,87,0,263,0,0,0,0,0,0,0,0,0,307,127,267,0,248,0,0,0,7,58,0,0,0,0,788,337,0,6,5,32
2010-06-14,23,0,56,0,290,0,0,0,0,0,0,0,0,0,421,66,19,0,166,0,0,0,3,78,0,0,0,0,521,305,0,0,0,28
2010-06-15,34,0,10,0,297,0,0,0,0,0,0,0,0,0,494,14,1,0,203,0,0,0,5,62,0,0,0,0,435,140,0,0,0,16
2010-06-16,54,0,22,0,121,0,0,0,0,0,0,0,0,0,608,21,0,0,167,0,0,0,7,68,0,0,0,0,79,131,0,0,0,19
2010-06-17,30,0,5,0,50,0,0,0,0,0,2,0,0,0,492,11,0,0,155,0,0,0,7,69,0,0,0,0,8,11,0,0,0,11
2010-06-18,39,0,1,0,1,0,0,0,0,0,0,0,0,0,236,2,0,0,154,0,0,0,6,12,0,0,0,0,1,7,0,0,0,6
2010-06-19,5,0,0,0,7,0,0,0,0,0,3,0,0,0,142,0,0,0,33,0,0,0,0,0,0,0,0,0,8,0,0,0,0,0
2010-06-20,0,0,0,0,0,0,0,0,0,0,2,0,0,0,90,0,0,0,1,0,0,0,0,0,0,0,0,0,0,0,0,0,0,0
2010-06-21,0,0,0,0,0,0,0,0,0,0,3,0,0,0,50,0,0,0,0,0,0,0,0,0,0,0,0,3,14,0,0,0,0,0
2010-06-22,0,0,0,0,0,0,0,0,0,0,143,0,0,0,10,0,0,0,0,0,0,0,0,0,0,0,0,43,0,0,0,0,0,0
2010-06-23,0,0,0,0,0,0,0,0,0,0,427,0,0,0,3,0,0,0,0,0,0,0,0,0,0,0,0,63,0,0,0,0,0,0
2010-06-24,0,0,0,0,0,0,0,0,0,0,436,0,0,0,1,0,0,0,0,0,0,0,0,0,0,0,0,28,0,0,0,0,0,0
2010-06-25,0,0,0,0,0,0,0,0,0,0,178,0,22,0,0,0,0,0,3,0,0,0,0,0,0,0,0,10,0,0,0,0,0,0
2010-06-26,0,0,0,0,0,0,0,0,0,0,220,0,113,0,15,0,0,0,21,0,0,0,0,0,0,0,0,22,0,0,0,0,0,0
2010-06-27,0,0,0,0,0,0,0,0,0,0,207,0,268,0,1,0,0,0,66,0,0,0,0,0,0,0,0,36,0,0,0,0,0,0
2010-06-28,0,0,0,0,0,0,0,42,0,0,434,0,170,0,2,0,0,0,141,0,0,0,0,0,5,0,0,63,0,0,0,0,0,0
2010-06-29,0,0,0,0,0,0,0,30,0,0,690,0,124,0,36,9,20,0,163,0,0,0,0,0,0,0,7,162,0,1,0,0,4,0
2010-06-30,1,4,2,0,0,0,0,3,0,0,985,0,287,0,57,32,96,0,292,0,0,0,2,0,0,0,4,203,7,14,0,2,10,0
2010-07-01,3,7,8,20,19,0,0,47,0,0,1235,0,807,0,91,59,128,0,368,0,0,0,3,0,10,0,0,161,131,37,0,6,12,0
2010-07-02,5,14,23,133,24,7,16,794,5,0,866,0,1075,0,94,89,131,0,456,0,4,0,3,0,152,0,26,53,88,46,0,7,16,0
2010-07-03,10,27,32,0,7,3,25,1000,17,0,546,0,310,0,99,110,88,0,576,0,0,0,4,2,12,0,41,72,37,35,16,15,15,0
2010-07-04,10,2,6,0,1,0,10,96,0,0,1126,0,192,0,169,41,8,0,648,0,0,0,4,10,0,0,17,408,0,0,10,3,0,0
2010-07-05,13,2,3,0,4,0,0,11,0,0,1511,0,158,0,243,28,12,0,577,0,0,0,4,4,0,0,25,582,0,0,0,2,0,0
2010-07-06,12,0,5,0,15,0,0,0,0,8,1574,1,96,0,222,22,0,0,439,0,0,0,5,6,0,0,0,541,11,0,0,0,0,0
2010-07-07,16,0,1,0,17,0,0,0,0,0,1951,5,117,0,248,6,0,0,415,0,0,0,5,2,0,0,0,414,12,0,0,0,0,0
2010-07-08,0,0,0,24,0,0,0,157,0,0,1980,46,1055,0,54,0,0,0,312,0,0,0,0,0,28,0,0,150,0,0,0,0,0,0
2010-07-09,1,0,0,81,0,18,4,952,0,0,1651,0,1327,0,47,5,0,0,438,0,1,0,0,0,113,0,68,93,0,0,0,0,0,0
2010-07-10,6,17,1,69,10,21,85,1942,27,0,1706,0,769,0,118,20,58,0,661,19,9,1,2,3,107,0,600,159,32,4,38,6,10,0
2010-07-11,11,65,13,50,45,6,171,1525,8,46,1912,60,1038,0,168,82,270,0,754,126,4,100,4,8,33,0,1135,138,97,74,179,20,64,0
2010-07-12,9,105,25,0,69,0,252,1261,1,158,1617,571,311,0,250,131,344,0,714,189,0,220,4,14,0,0,1317,22,215,101,153,37,88,0
2010-07-13,12,63,53,0,170,0,52,56,0,222,1118,931,268,0,329,149,380,0,827,174,0,252,3,35,0,0,489,4,301,181,110,24,83,5
2010-07-14,22,132,92,0,271,25,156,916,0,171,904,481,320,0,472,234,465,0,1020,14,0,124,6,54,17,0,330,0,360,233,0,58,98,15
2010-07-15,55,101,161,0,173,0,112,89,0,138,739,197,159,0,572,314,541,0,1218,59,0,147,15,73,0,0,820,0,428,296,0,75,129,29
2010-07-16,96,127,161,0,223,3,255,501,0,47,983,109,231,0,509,316,563,0,1410,142,0,82,23,79,0,0,1334,11,631,316,0,87,160,28
2010-07-17,66,76,175,0,253,0,80,8,0,0,1192,0,125,0,454,333,573,0,1415,270,0,95,20,68,0,0,1409,80,700,319,2,85,160,28
2010-07-18,47,0,22,0,225,0,0,0,0,18,1590,1,92,0,437,56,119,0,919,102,0,49,12,56,0,0,166,179,576,203,0,1,9,21
2010-07-19,34,0,17,0,115,0,0,0,0,0,1889,0,168,0,362,34,55,0,645,0,0,0,12,23,0,0,0,97,278,13,0,0,0,0
2010-07-20,42,0,30,16,106,0,0,60,0,0,1401,0,463,0,388,74,147,0,678,0,0,0,12,29,32,0,7,15,277,110,0,0,16,4
2010-07-21,31,42,47,0,205,4,49,609,0,0,820,0,152,0,386,151,340,0,745,0,0,0,8,39,2,0,682,14,466,197,0,20,70,9
2010-07-22,25,114,93,0,201,0,161,146,0,110,732,87,63,0,369,217,433,0,968,228,0,177,9,29,0,0,1300,3,554,243,5,47,98,6
2010-07-23,53,29,146,0,213,0,14,0,0,13,872,0,49,0,580,267,491,0,1080,139,0,74,15,68,0,0,534,76,549,293,0,52,83,28
2010-07-24,53,0,10,0,232,0,0,0,0,28,1068,0,18,0,586,26,38,0,594,209,0,178,8,73,0,0,95,261,383,63,0,0,0,22
2010-07-25,7,0,0,0,27,0,0,0,0,117,1230,0,14,0,324,1,0,0,152,27,0,133,2,6,0,0,0,397,90,0,0,0,0,0
2010-07-26,0,0,0,0,3,0,0,0,0,62,1180,442,22,0,94,0,0,0,36,0,0,1,0,0,0,0,0,528,39,0,0,0,0,0
2010-07-27,0,0,0,0,0,0,0,0,0,59,1365,300,48,0,100,0,0,0,30,9,0,78,0,0,0,0,0,563,15,0,0,0,0,0
2010-07-28,0,0,0,0,0,0,0,0,0,90,1894,443,131,0,114,0,0,0,73,0,0,10,0,0,0,0,0,524,7,0,0,0,0,0
2010-07-29,0,0,0,0,2,0,0,0,0,3,1614,1190,52,0,132,1,0,0,107,0,0,0,0,0,0,0,0,406,9,4,0,0,0,0
2010-07-30,7,0,1,0,30,0,0,0,0,0,1225,4,12,0,176,2,14,0,111,0,0,0,3,12,0,0,0,260,95,55,0,0,0,2
2010-07-31,1,0,0,0,97,0,0,0,0,0,1614,0,60,0,206,0,24,0,46,0,0,0,0,19,0,0,1,185,268,4,0,0,0,0
2010-08-01,2,0,0,0,169,0,0,4,0,0,1553,0,8,0,305,1,56,0,117,0,0,0,1,11,0,0,1,88,375,2,0,0,3,0
2010-08-02,20,1,13,0,285,0,0,0,0,0,1070,0,7,0,445,28,110,0,276,0,0,0,5,31,0,0,64,38,575,89,0,0,11,3
2010-08-03,23,0,26,0,423,0,0,0,0,1,897,0,19,0,500,36,127,0,252,56,0,10,6,64,0,0,156,205,741,179,0,0,9,19
2010-08-04,9,0,3,0,274,0,0,0,0,3,1070,17,22,0,404,9,0,0,172,0,0,10,4,20,0,0,0,290,374,1,0,0,0,0
2010-08-05,20,0,4,0,197,0,0,0,0,0,1077,0,3,0,367,5,0,0,106,0,0,0,5,18,0,0,0,203,313,20,0,0,0,1
2010-08-06,10,0,0,0,317,0,0,0,0,0,1055,0,1,0,381,1,14,0,65,20,0,30,1,28,0,0,5,301,528,5,0,0,1,0
2010-08-07,2,0,0,0,310,0,0,0,0,168,1522,173,11,0,360,0,0,0,22,224,0,267,1,32,0,0,43,461,528,1,0,0,0,0
2010-08-08,3,0,1,0,234,0,0,0,0,158,1421,529,38,0,357,3,0,0,79,10,0,117,2,16,0,0,0,368,444,0,0,0,0,0
2010-08-09,17,0,5,0,221,0,0,0,0,0,1842,46,36,0,445,11,0,0,225,0,0,0,5,17,0,0,0,540,306,0,0,0,0,0
2010-08-10,28,0,8,0,291,0,0,0,0,0,1967,0,47,0,531,17,0,0,332,0,0,0,7,22,0,0,0,572,419,1,0,0,0,0
2010-08-11,30,0,8,0,369,0,0,0,0,0,1846,0,55,0,566,18,0,0,353,0,0,0,7,36,0,0,0,404,517,9,0,0,0,1
2010-08-12,32,0,13,0,461,0,0,0,0,0,1118,0,40,0,563,28,64,0,294,0,0,0,6,66,0,0,41,93,715,122,0,0,2,16
2010-08-13,48,0,32,0,521,0,0,0,0,42,403,0,13,0,577,43,159,0,296,110,0,52,10,83,0,0,217,88,943,274,0,0,11,33
2010-08-14,75,0,64,0,485,0,0,0,0,84,318,0,0,0,691,57,217,0,384,293,0,209,17,95,0,0,519,113,885,278,0,0,25,40
2010-08-15,84,3,55,0,463,0,1,0,0,9,529,0,0,0,743,91,217,0,449,265,0,142,14,100,0,0,453,128,874,284,0,0,21,36
2010-08-16,68,0,14,0,452,0,0,0,0,0,232,0,0,0,759,19,46,0,250,207,0,109,10,106,0,0,161,35,789,243,0,0,1,37
2010-08-17,17,0,2,0,317,0,0,0,0,0,88,0,0,0,658,4,0,0,176,1,0,14,5,72,0,0,0,4,301,32,0,0,0,10
2010-08-18,7,0,1,0,231,0,0,0,0,0,343,0,4,0,539,2,0,0,172,0,0,0,2,51,0,0,0,22,180,3,0,0,0,6
2010-08-19,8,0,3,0,250,0,0,0,0,0,279,0,27,0,583,7,0,0,339,0,0,0,3,53,0,0,0,37,177,9,0,0,0,6
2010-08-20,32,0,15,0,213,0,0,0,0,0,891,0,209,0,637,32,0,0,585,0,0,0,9,46,0,0,0,179,132,15,0,0,0,5
2010-08-21,53,0,16,0,35,0,0,0,0,0,1689,0,611,0,436,44,0,0,700,0,0,0,11,25,0,0,0,329,14,0,0,1,0,0
2010-08-22,38,0,9,0,2,0,0,12,0,0,1799,0,507,0,212,31,0,0,692,0,0,0,8,10,0,0,37,141,1,0,0,1,0,0
2010-08-23,16,4,6,0,3,0,0,0,0,0,1266,0,163,0,161,20,3,0,598,0,0,0,6,8,0,0,28,11,5,18,0,0,4,0
2010-08-24,16,0,38,0,17,0,0,0,0,0,934,0,84,0,208,57,38,0,570,0,0,0,4,23,0,0,0,74,98,98,0,0,0,9
2010-08-25,27,0,15,0,184,0,0,0,0,0,1564,0,88,0,401,35,0,0,603,0,0,0,7,57,0,0,0,271,282,15,0,0,0,12
2010-08-26,44,0,22,0,198,0,0,0,0,0,2267,0,746,0,575,35,0,0,656,0,0,0,13,51,0,0,0,238,157,7,0,0,0,9
2010-08-27,61,0,100,0,205,0,0,0,0,0,1858,0,170,0,519,118,94,0,681,0,0,0,15,59,0,0,0,124,318,231,0,1,0,26
2010-08-28,47,0,10,0,360,0,0,0,0,0,1202,0,17,0,470,20,0,0,564,0,0,0,6,75,0,0,0,138,442,73,0,0,0,26
2010-08-29,12,0,0,0,41,0,0,0,0,0,1011,0,0,0,403,0,0,0,162,0,0,0,1,1,0,0,0,298,0,0,0,0,0,0
2010-08-30,8,0,0,0,3,0,0,0,0,0,1133,0,0,0,224,0,0,0,67,0,0,0,0,0,0,0,0,476,0,0,0,0,0,0
2010-08-31,0,0,0,0,0,0,0,0,0,0,771,0,0,0,187,0,0,0,9,0,0,0,0,0,0,0,0,313,0,0,0,0,0,0
2010-09-01,0,0,0,0,0,0,0,0,0,0,355,0,0,0,44,0,0,0,4,0,0,0,0,0,0,0,0,45,0,0,0,0,0,0
2010-09-02,0,0,0,0,0,0,0,0,0,0,226,0,2,0,16,0,0,0,15,0,0,0,0,0,0,0,0,40,0,0,0,0,0,0
2010-09-03,0,0,0,0,0,0,0,0,0,0,475,0,0,0,21,0,0,0,5,0,0,0,0,0,0,0,0,95,0,0,0,0,0,0
2010-09-04,0,0,0,0,0,0,0,0,0,0,642,0,2,0,33,0,0,0,4,0,0,0,0,0,0,0,0,125,0,0,0,0,0,0
2010-09-05,0,0,0,0,0,0,0,0,0,0,783,0,12,0,42,0,0,0,3,0,0,0,0,0,0,0,0,83,0,0,0,0,0,0
2010-09-06,0,0,0,0,0,0,0,0,0,0,610,0,0,0,24,0,0,0,6,0,0,0,0,0,0,0,0,11,0,0,0,0,0,0
2010-09-07,0,0,0,0,0,0,0,0,0,0,167,0,1,0,32,0,0,0,55,0,0,0,0,0,0,0,0,0,0,0,0,0,0,0
2010-09-08,0,0,0,0,1,0,0,0,0,0,51,0,0,0,73,0,0,0,101,0,0,0,0,0,0,0,0,0,2,0,0,0,0,0
2010-09-09,0,0,0,0,1,0,0,0,0,0,67,0,0,0,105,0,0,0,12,0,0,0,0,3,0,0,0,1,0,0,0,0,0,0
2010-09-10,0,0,0,0,0,0,0,0,0,0,175,0,0,0,80,0,0,0,0,0,0,0,0,3,0,0,0,75,0,0,0,0,0,0
2010-09-11,0,0,0,0,0,0,0,0,0,0,235,0,0,0,11,0,0,0,0,0,0,0,0,0,0,0,0,83,0,0,0,0,0,0
2010-09-12,0,0,0,0,0,0,0,0,0,0,419,0,0,0,4,0,0,0,0,0,0,0,0,0,0,0,0,138,0,0,0,0,0,0
2010-09-13,0,0,0,0,0,0,0,0,0,0,571,0,0,0,3,0,0,0,0,0,0,0,0,0,0,0,0,187,0,0,0,0,0,0
2010-09-14,0,0,0,0,0,0,0,0,0,0,650,0,0,0,8,0,0,0,0,0,0,0,0,0,0,0,0,217,0,0,0,0,0,0
2010-09-15,0,0,0,0,0,0,0,0,0,0,615,0,0,0,14,0,0,0,0,0,0,0,0,0,0,0,0,40,0,0,0,0,0,0
2010-09-16,0,0,0,0,0,0,0,0,0,0,105,0,0,0,14,0,0,0,0,0,0,0,0,0,0,0,0,4,0,0,0,0,0,0
2010-09-17,0,0,0,0,0,0,0,0,0,0,14,0,0,0,33,0,0,0,3,0,0,0,0,0,0,0,0,0,0,0,0,0,0,0
2010-09-18,0,0,0,0,7,0,0,0,0,0,4,0,0,0,53,0,0,0,39,0,0,0,0,1,0,0,0,0,9,0,0,0,0,0
2010-09-19,0,0,0,0,5,0,0,0,0,0,17,0,0,0,74,0,0,0,43,0,0,0,0,5,0,0,0,0,0,0,0,0,0,0
2010-09-20,0,0,0,0,0,0,0,0,0,0,4,0,0,0,66,0,0,0,0,0,0,0,0,0,0,0,0,0,0,0,0,0,0,0
2010-09-21,0,0,0,0,0,0,0,0,0,0,2,0,0,0,29,0,0,0,0,0,0,0,0,0,0,0,0,0,0,0,0,0,0,0
2010-09-22,0,0,0,0,0,0,0,0,0,0,14,0,0,0,3,0,0,0,0,0,0,0,0,0,0,0,0,0,0,0,0,0,0,0
2010-09-23,0,0,0,0,0,0,0,0,0,0,1,0,0,0,0,0,0,0,0,0,0,0,0,0,0,0,0,0,0,0,0,0,0,0
2010-09-24,0,0,0,0,0,0,0,0,0,0,14,0,0,0,0,0,0,0,0,0,0,0,0,0,0,0,0,0,0,0,0,0,0,0
2010-09-25,0,0,0,0,0,0,0,0,0,0,2,0,0,0,13,0,0,0,0,0,0,0,0,0,0,0,0,0,0,0,0,0,0,0
2010-09-26,0,0,0,0,0,0,0,0,0,0,0,0,0,0,51,0,0,0,0,0,0,0,0,0,0,0,0,0,0,0,0,0,0,0
2010-09-27,0,0,0,0,0,0,0,0,0,0,0,0,0,0,15,0,0,0,0,0,0,0,0,0,0,0,0,0,0,0,0,0,0,0
2010-09-28,0,0,0,0,0,0,0,0,0,0,0,0,0,0,25,0,0,0,0,0,0,0,0,0,0,0,0,0,0,0,0,0,0,0
2010-09-29,0,0,0,0,0,0,0,0,0,0,0,0,0,0,54,0,0,0,0,0,0,0,0,0,0,0,0,0,0,0,0,0,0,0
2010-09-30,0,0,0,0,0,0,0,0,0,0,0,0,0,0,10,0,0,0,0,0,0,0,0,0,0,0,0,0,0,0,0,0,0,0
2010-10-01,0,0,0,0,0,0,0,0,0,0,0,0,0,0,0,0,0,0,0,0,0,0,0,0,0,0,0,0,0,0,0,0,0,0
2010-10-02,0,0,0,0,0,0,0,0,0,0,0,0,0,0,0,0,0,0,0,0,0,0,0,0,0,0,0,0,0,0,0,0,0,0
2010-10-03,0,0,0,0,0,0,0,0,0,0,3,0,0,0,0,0,0,0,0,0,0,0,0,0,0,0,0,0,0,0,0,0,0,0
2010-10-04,0,0,0,0,0,0,0,0,0,0,4,0,0,0,0,0,0,0,2,0,0,0,0,0,0,0,0,0,0,0,0,0,0,0
2010-10-05,0,0,0,0,0,0,0,0,0,0,0,0,0,0,0,0,0,0,7,0,0,0,0,0,0,0,0,0,0,0,0,0,0,0
2010-10-06,0,0,0,0,0,0,0,0,0,0,0,0,0,0,0,0,0,0,0,0,0,0,0,0,0,0,0,0,0,0,0,0,0,0
2010-10-07,0,0,0,0,0,0,0,0,0,0,3,0,0,0,0,0,0,0,0,0,0,0,0,0,0,0,0,0,0,0,0,0,0,0
2010-10-08,0,0,0,0,0,0,0,0,0,0,1,0,0,0,0,0,0,0,0,0,0,0,0,0,0,0,0,0,0,0,0,0,0,0
2010-10-09,0,0,0,0,0,0,0,0,0,0,0,0,0,0,0,0,0,0,0,0,0,0,0,0,0,0,0,0,0,0,0,0,0,0
2010-10-10,0,0,0,0,0,0,0,0,0,0,0,0,0,0,0,0,0,0,0,0,0,0,0,0,0,0,0,0,0,0,0,0,0,0
2010-10-11,0,0,0,0,0,0,0,0,0,0,0,0,0,0,0,0,0,0,0,0,0,0,0,0,0,0,0,0,0,0,0,0,0,0
2010-10-12,0,0,0,0,0,0,0,0,0,0,0,0,0,0,9,0,0,0,1,0,0,0,0,0,0,0,0,0,0,0,0,0,0,0
2010-10-13,0,0,0,0,0,0,0,0,0,0,0,0,0,0,24,0,0,0,0,0,0,0,0,0,0,0,0,0,0,0,0,0,0,0
2010-10-14,0,0,0,0,0,0,0,0,0,0,0,0,0,0,11,0,0,0,0,0,0,0,0,0,0,0,0,0,0,0,0,0,0,0
2010-10-15,0,0,0,0,0,0,0,0,0,0,0,0,0,0,0,0,0,0,0,0,0,0,0,0,0,0,0,0,0,0,0,0,0,0
2010-10-16,0,0,0,0,0,0,0,0,0,0,0,0,0,0,0,0,0,0,0,0,0,0,0,0,0,0,0,0,0,0,0,0,0,0
2010-10-17,0,0,0,0,0,0,0,0,0,0,0,0,0,0,0,0,0,0,0,0,0,0,0,0,0,0,0,0,0,0,0,0,0,0
2010-10-18,0,0,0,0,0,0,0,0,0,0,0,0,0,0,0,0,0,0,0,0,0,0,0,0,0,0,0,0,0,0,0,0,0,0
2010-10-19,0,0,0,0,0,0,0,0,0,0,0,0,0,0,0,0,0,0,0,0,0,0,0,0,0,0,0,0,0,0,0,0,0,0
2010-10-20,0,0,0,0,0,0,0,0,0,0,0,0,0,0,0,0,0,0,0,0,0,0,0,0,0,0,0,0,0,0,0,0,0,0
2010-10-21,0,0,0,0,0,0,0,0,0,0,0,0,0,0,0,0,0,0,0,0,0,0,0,0,0,0,0,0,0,0,0,0,0,0
2010-10-22,0,0,0,0,0,0,0,0,0,0,0,0,0,0,0,0,0,0,0,0,0,0,0,0,0,0,0,0,0,0,0,0,0,0
2010-10-23,0,0,0,0,0,0,0,0,0,0,0,0,0,0,0,0,0,0,0,0,0,0,0,0,0,0,0,0,0,0,0,0,0,0
2010-10-24,0,0,0,0,0,0,0,0,0,0,0,0,0,0,0,0,0,0,0,0,0,0,0,0,0,0,0,0,0,0,0,0,0,0
2010-10-25,0,0,0,0,0,0,0,0,0,0,0,0,0,0,0,0,0,0,0,0,0,0,0,0,0,0,0,0,0,0,0,0,0,0
2010-10-26,0,0,0,0,0,0,0,0,0,0,0,0,0,0,0,0,0,0,0,0,0,0,0,0,0,0,0,0,0,0,0,0,0,0
2010-10-27,0,0,0,0,0,0,0,0,0,0,0,0,0,0,0,0,0,0,0,0,0,0,0,0,0,0,0,0,0,0,0,0,0,0
2010-10-28,0,0,0,0,0,0,0,0,0,0,0,0,0,0,0,0,0,0,0,0,0,0,0,0,0,0,0,0,0,0,0,0,0,0
2010-10-29,0,0,0,0,0,0,0,0,0,0,0,0,0,0,0,0,0,0,0,0,0,0,0,0,0,0,0,0,0,0,0,0,0,0
2010-10-30,0,0,0,0,0,0,0,0,0,0,0,0,0,0,0,0,0,0,0,0,0,0,0,0,0,0,0,0,0,0,0,0,0,0
2010-10-31,0,0,0,0,0,0,0,0,0,0,0,0,0,0,0,0,0,0,0,0,0,0,0,0,0,0,0,0,0,0,0,0,0,0
2010-11-01,0,0,0,0,0,0,0,0,0,0,0,0,0,0,0,0,0,0,0,0,0,0,0,0,0,0,0,0,0,0,0,0,0,0
2010-11-02,0,0,0,0,0,0,0,0,0,0,0,0,0,0,0,0,0,0,0,0,0,0,0,0,0,0,0,0,0,0,0,0,0,0
2010-11-03,0,0,0,0,0,0,0,0,0,0,0,0,0,0,0,0,0,0,0,0,0,0,0,0,0,0,0,0,0,0,0,0,0,0
2010-11-04,0,0,0,0,0,0,0,0,0,0,0,0,0,0,0,0,0,0,0,0,0,0,0,0,0,0,0,0,0,0,0,0,0,0
2010-11-05,0,0,0,0,0,0,0,0,0,0,0,0,0,0,0,0,0,0,0,0,0,0,0,0,0,0,0,0,0,0,0,0,0,0
2010-11-06,0,0,0,0,0,0,0,0,0,0,0,0,0,0,0,0,0,0,0,0,0,0,0,0,0,0,0,0,0,0,0,0,0,0
2010-11-07,0,0,0,0,0,0,0,0,0,0,0,0,0,0,0,0,0,0,0,0,0,0,0,0,0,0,0,0,0,0,0,0,0,0
2010-11-08,0,0,0,0,0,0,0,0,0,0,0,0,0,0,0,0,0,0,0,0,0,0,0,0,0,0,0,0,0,0,0,0,0,0
2010-11-09,0,0,0,0,0,0,0,0,0,0,0,0,0,0,0,0,0,0,0,0,0,0,0,0,0,0,0,0,0,0,0,0,0,0
2010-11-10,0,0,0,0,0,0,0,0,0,0,0,0,0,0,0,0,0,0,0,0,0,0,0,0,0,0,0,0,0,0,0,0,0,0
2010-11-11,0,0,0,0,0,0,0,0,0,0,0,0,0,0,0,0,0,0,0,0,0,0,0,0,0,0,0,0,0,0,0,0,0,0
2010-11-12,0,0,0,0,0,0,0,0,0,0,0,0,0,0,0,0,0,0,0,0,0,0,0,0,0,0,0,0,0,0,0,0,0,0
2010-11-13,0,0,0,0,0,0,0,0,0,0,0,0,0,0,0,0,0,0,0,0,0,0,0,0,0,0,0,0,0,0,0,0,0,0
2010-11-14,0,0,0,0,0,0,0,0,0,0,0,0,0,0,0,0,0,0,0,0,0,0,0,0,0,0,0,0,0,0,0,0,0,0
2010-11-15,0,0,0,0,0,0,0,0,0,0,0,0,0,0,0,0,0,0,0,0,0,0,0,0,0,0,0,0,0,0,0,0,0,0
2010-11-16,0,0,0,0,0,0,0,0,0,0,0,0,0,0,0,0,0,0,0,0,0,0,0,0,0,0,0,0,0,0,0,0,0,0
2010-11-17,0,0,0,0,0,0,0,0,0,0,0,0,0,0,0,0,0,0,0,0,0,0,0,0,0,0,0,0,0,0,0,0,0,0
2010-11-18,0,0,0,0,0,0,0,0,0,0,0,0,0,0,0,0,0,0,0,0,0,0,0,0,0,0,0,0,0,0,0,0,0,0
2010-11-19,0,0,0,0,0,0,0,0,0,0,0,0,0,0,0,0,0,0,0,0,0,0,0,0,0,0,0,0,0,0,0,0,0,0
2010-11-20,0,0,0,0,0,0,0,0,0,0,0,0,0,0,0,0,0,0,0,0,0,0,0,0,0,0,0,0,0,0,0,0,0,0
2010-11-21,0,0,0,0,0,0,0,0,0,0,0,0,0,0,0,0,0,0,0,0,0,0,0,0,0,0,0,0,0,0,0,0,0,0
2010-11-22,0,0,0,0,0,0,0,0,0,0,0,0,0,0,0,0,0,0,0,0,0,0,0,0,0,0,0,0,0,0,0,0,0,0
2010-11-23,0,0,0,0,0,0,0,0,0,0,0,0,0,0,0,0,0,0,0,0,0,0,0,0,0,0,0,0,0,0,0,0,0,0
2010-11-24,0,0,0,0,0,0,0,0,0,0,0,0,0,0,0,0,0,0,0,0,0,0,0,0,0,0,0,0,0,0,0,0,0,0
2010-11-25,0,0,0,0,0,0,0,0,0,0,0,0,0,0,0,0,0,0,0,0,0,0,0,0,0,0,0,0,0,0,0,0,0,0
2010-11-26,0,0,0,0,0,0,0,0,0,0,0,0,0,0,0,0,0,0,0,0,0,0,0,0,0,0,0,0,0,0,0,0,0,0
2010-11-27,0,0,0,0,0,0,0,0,0,0,0,0,0,0,0,0,0,0,0,0,0,0,0,0,0,0,0,0,0,0,0,0,0,0
2010-11-28,0,0,0,0,0,0,0,0,0,0,0,0,0,0,0,0,0,0,0,0,0,0,0,0,0,0,0,0,0,0,0,0,0,0
2010-11-29,0,0,0,0,0,0,0,0,0,0,0,0,0,0,0,0,0,0,0,0,0,0,0,0,0,0,0,0,0,0,0,0,0,0
2010-11-30,0,0,0,0,0,0,0,0,0,0,0,0,0,0,0,0,0,0,0,0,0,0,0,0,0,0,0,0,0,0,0,0,0,0
2010-12-01,0,0,0,0,0,0,0,0,0,0,0,0,0,0,0,0,0,0,0,0,0,0,0,0,0,0,0,0,0,0,0,0,0,0
2010-12-02,0,0,0,0,0,0,0,0,0,0,0,0,0,0,0,0,0,0,0,0,0,0,0,0,0,0,0,0,0,0,0,0,0,0
2010-12-03,0,0,0,0,0,0,0,0,0,0,0,0,0,0,0,0,0,0,0,0,0,0,0,0,0,0,0,0,0,0,0,0,0,0
2010-12-04,0,0,0,0,0,0,0,0,0,0,0,0,0,0,0,0,0,0,0,0,0,0,0,0,0,0,0,0,0,0,0,0,0,0
2010-12-05,0,0,0,0,0,0,0,0,0,0,0,0,0,0,0,0,0,0,0,0,0,0,0,0,0,0,0,0,0,0,0,0,0,0
2010-12-06,0,0,0,0,0,0,0,0,0,0,0,0,0,0,0,0,0,0,0,0,0,0,0,0,0,0,0,0,0,0,0,0,0,0
2010-12-07,0,0,0,0,0,0,0,0,0,0,0,0,0,0,0,0,0,0,0,0,0,0,0,0,0,0,0,0,0,0,0,0,0,0
2010-12-08,0,0,0,0,0,0,0,0,0,0,0,0,0,0,0,0,0,0,0,0,0,0,0,0,0,0,0,0,0,0,0,0,0,0
2010-12-09,0,0,0,0,0,0,0,0,0,0,0,0,0,0,0,0,0,0,0,0,0,0,0,0,0,0,0,0,0,0,0,0,0,0
2010-12-10,0,0,0,0,0,0,0,0,0,0,0,0,0,0,0,0,0,0,0,0,0,0,0,0,0,0,0,0,0,0,0,0,0,0
2010-12-11,0,0,0,0,0,0,0,0,0,0,0,0,0,0,0,0,0,0,0,0,0,0,0,0,0,0,0,0,0,0,0,0,0,0
2010-12-12,0,0,0,0,0,0,0,0,0,0,0,0,0,0,0,0,0,0,0,0,0,0,0,0,0,0,0,0,0,0,0,0,0,0
2010-12-13,0,0,0,0,0,0,0,0,0,0,0,0,0,0,0,0,0,0,0,0,0,0,0,0,0,0,0,0,0,0,0,0,0,0
2010-12-14,0,0,0,0,0,0,0,0,0,0,0,0,0,0,0,0,0,0,0,0,0,0,0,0,0,0,0,0,0,0,0,0,0,0
2010-12-15,0,0,0,0,0,0,0,0,0,0,0,0,0,0,0,0,0,0,0,0,0,0,0,0,0,0,0,0,0,0,0,0,0,0
2010-12-16,0,0,0,0,0,0,0,0,0,0,0,0,0,0,0,0,0,0,0,0,0,0,0,0,0,0,0,0,0,0,0,0,0,0
2010-12-17,0,0,0,0,0,0,0,0,0,0,0,0,0,0,0,0,0,0,0,0,0,0,0,0,0,0,0,0,0,0,0,0,0,0
2010-12-18,0,0,0,0,0,0,0,0,0,0,0,0,0,0,0,0,0,0,0,0,0,0,0,0,0,0,0,0,0,0,0,0,0,0
2010-12-19,0,0,0,0,0,0,0,0,0,0,0,0,0,0,0,0,0,0,0,0,0,0,0,0,0,0,0,0,0,0,0,0,0,0
2010-12-20,0,0,0,0,0,0,0,0,0,0,0,0,0,0,0,0,0,0,0,0,0,0,0,0,0,0,0,0,0,0,0,0,0,0
2010-12-21,0,0,0,0,0,0,0,0,0,0,0,0,0,0,0,0,0,0,0,0,0,0,0,0,0,0,0,0,0,0,0,0,0,0
2010-12-22,0,0,0,0,0,0,0,0,0,0,0,0,0,0,0,0,0,0,0,0,0,0,0,0,0,0,0,0,0,0,0,0,0,0
2010-12-23,0,0,0,0,0,0,0,0,0,0,0,0,0,0,0,0,0,0,0,0,0,0,0,0,0,0,0,0,0,0,0,0,0,0
2010-12-24,0,0,0,0,0,0,0,0,0,0,0,0,0,0,0,0,0,0,0,0,0,0,0,0,0,0,0,0,0,0,0,0,0,0
2010-12-25,0,0,0,0,0,0,0,0,0,0,0,0,0,0,0,0,0,0,0,0,0,0,0,0,0,0,0,0,0,0,0,0,0,0
2010-12-26,0,0,0,0,0,0,0,0,0,0,0,0,0,0,0,0,0,0,0,0,0,0,0,0,0,0,0,0,0,0,0,0,0,0
2010-12-27,0,0,0,0,0,0,0,0,0,0,0,0,0,0,0,0,0,0,0,0,0,0,0,0,0,0,0,0,0,0,0,0,0,0
2010-12-28,0,0,0,0,0,0,0,0,0,0,0,0,0,0,0,0,0,0,0,0,0,0,0,0,0,0,0,0,0,0,0,0,0,0
2010-12-29,0,0,0,0,0,0,0,0,0,0,0,0,0,0,0,0,0,0,0,0,0,0,0,0,0,0,0,0,0,0,0,0,0,0
2010-12-30,0,0,0,0,0,0,0,0,0,0,0,0,0,0,0,0,0,0,0,0,0,0,0,0,0,0,0,0,0,0,0,0,0,0
2010-12-31,0,0,0,0,0,0,0,0,0,0,0,0,0,0,0,0,0,0,0,0,0,0,0,0,0,0,0,0,0,0,0,0,0,0
2011-01-01,0,0,0,0,0,0,0,0,0,0,0,0,0,0,0,0,0,0,0,0,0,0,0,0,0,0,0,0,0,0,0,0,0,0
2011-01-02,0,0,0,0,0,0,0,0,0,0,0,0,0,0,0,0,0,0,0,0,0,0,0,0,0,0,0,0,0,0,0,0,0,0
2011-01-03,0,0,0,0,0,0,0,0,0,0,0,0,0,0,0,0,0,0,0,0,0,0,0,0,0,0,0,0,0,0,0,0,0,0
2011-01-04,0,0,0,0,0,0,0,0,0,0,0,0,0,0,0,0,0,0,0,0,0,0,0,0,0,0,0,0,0,0,0,0,0,0
2011-01-05,0,0,0,0,0,0,0,0,0,0,0,0,0,0,0,0,0,0,0,0,0,0,0,0,0,0,0,0,0,0,0,0,0,0
2011-01-06,0,0,0,0,0,0,0,0,0,0,0,0,0,0,0,0,0,0,0,0,0,0,0,0,0,0,0,0,0,0,0,0,0,0
2011-01-07,0,0,0,0,0,0,0,0,0,0,0,0,0,0,0,0,0,0,0,0,0,0,0,0,0,0,0,0,0,0,0,0,0,0
2011-01-08,0,0,0,0,0,0,0,0,0,0,0,0,0,0,0,0,0,0,0,0,0,0,0,0,0,0,0,0,0,0,0,0,0,0
2011-01-09,0,0,0,0,0,0,0,0,0,0,0,0,0,0,0,0,0,0,0,0,0,0,0,0,0,0,0,0,0,0,0,0,0,0
2011-01-10,0,0,0,0,0,0,0,0,0,0,0,0,0,0,0,0,0,0,0,0,0,0,0,0,0,0,0,0,0,0,0,0,0,0
2011-01-11,0,0,0,0,0,0,0,0,0,0,0,0,0,0,0,0,0,0,0,0,0,0,0,0,0,0,0,0,0,0,0,0,0,0
2011-01-12,0,0,0,0,0,0,0,0,0,0,0,0,0,0,0,0,0,0,0,0,0,0,0,0,0,0,0,0,0,0,0,0,0,0
2011-01-13,0,0,0,0,0,0,0,0,0,0,0,0,0,0,0,0,0,0,0,0,0,0,0,0,0,0,0,0,0,0,0,0,0,0
2011-01-14,0,0,0,0,0,0,0,0,0,0,0,0,0,0,0,0,0,0,0,0,0,0,0,0,0,0,0,0,0,0,0,0,0,0
2011-01-15,0,0,0,0,0,0,0,0,0,0,0,0,0,0,0,0,0,0,0,0,0,0,0,0,0,0,0,0,0,0,0,0,0,0
2011-01-16,0,0,0,0,0,0,0,0,0,0,0,0,0,0,0,0,0,0,0,0,0,0,0,0,0,0,0,0,0,0,0,0,0,0
2011-01-17,0,0,0,0,0,0,0,0,0,0,0,0,0,0,0,0,0,0,0,0,0,0,0,0,0,0,0,0,0,0,0,0,0,0
2011-01-18,0,0,0,0,0,0,0,0,0,0,0,0,0,0,0,0,0,0,0,0,0,0,0,0,0,0,0,0,0,0,0,0,0,0
2011-01-19,0,0,0,0,0,0,0,0,0,0,0,0,0,0,0,0,0,0,0,0,0,0,0,0,0,0,0,0,0,0,0,0,0,0
2011-01-20,0,0,0,0,0,0,0,0,0,0,0,0,0,0,0,0,0,0,0,0,0,0,0,0,0,0,0,0,0,0,0,0,0,0
2011-01-21,0,0,0,0,0,0,0,0,0,0,0,0,0,0,0,0,0,0,0,0,0,0,0,0,0,0,0,0,0,0,0,0,0,0
2011-01-22,0,0,0,0,0,0,0,0,0,0,0,0,0,0,0,0,0,0,0,0,0,0,0,0,0,0,0,0,0,0,0,0,0,0
2011-01-23,0,0,0,0,0,0,0,0,0,0,0,0,0,0,0,0,0,0,0,0,0,0,0,0,0,0,0,0,0,0,0,0,0,0
2011-01-24,0,0,0,0,0,0,0,0,0,0,0,0,0,0,0,0,0,0,0,0,0,0,0,0,0,0,0,0,0,0,0,0,0,0
2011-01-25,0,0,0,0,0,0,0,0,0,0,0,0,0,0,0,0,0,0,0,0,0,0,0,0,0,0,0,0,0,0,0,0,0,0
2011-01-26,0,0,0,0,0,0,0,0,0,0,0,0,0,0,0,0,0,0,0,0,0,0,0,0,0,0,0,0,0,0,0,0,0,0
2011-01-27,0,0,0,0,0,0,0,0,0,0,0,0,0,0,0,0,0,0,0,0,0,0,0,0,0,0,0,0,0,0,0,0,0,0
2011-01-28,0,0,0,0,0,0,0,0,0,0,0,0,0,0,0,0,0,0,0,0,0,0,0,0,0,0,0,0,0,0,0,0,0,0
2011-01-29,0,0,0,0,0,0,0,0,0,0,0,0,0,0,0,0,0,0,0,0,0,0,0,0,0,0,0,0,0,0,0,0,0,0
2011-01-30,0,0,0,0,0,0,0,0,0,0,0,0,0,0,0,0,0,0,0,0,0,0,0,0,0,0,0,0,0,0,0,0,0,0
2011-01-31,0,0,0,0,0,0,0,0,0,0,0,0,0,0,0,0,0,0,0,0,0,0,0,0,0,0,0,0,0,0,0,0,0,0
2011-02-01,0,0,0,0,0,0,0,0,0,0,0,0,0,0,0,0,0,0,0,0,0,0,0,0,0,0,0,0,0,0,0,0,0,0
2011-02-02,0,0,0,0,0,0,0,0,0,0,0,0,0,0,0,0,0,0,0,0,0,0,0,0,0,0,0,0,0,0,0,0,0,0
2011-02-03,0,0,0,0,0,0,0,0,0,0,0,0,0,0,0,0,0,0,0,0,0,0,0,0,0,0,0,0,0,0,0,0,0,0
2011-02-04,0,0,0,0,0,0,0,0,0,0,0,0,0,0,0,0,0,0,0,0,0,0,0,0,0,0,0,0,0,0,0,0,0,0
2011-02-05,0,0,0,0,0,0,0,0,0,0,0,0,0,0,0,0,0,0,0,0,0,0,0,0,0,0,0,0,0,0,0,0,0,0
2011-02-06,0,0,0,0,0,0,0,0,0,0,0,0,0,0,0,0,0,0,0,0,0,0,0,0,0,0,0,0,0,0,0,0,0,0
2011-02-07,0,0,0,0,0,0,0,0,0,0,0,0,0,0,0,0,0,0,0,0,0,0,0,0,0,0,0,0,0,0,0,0,0,0
2011-02-08,0,0,0,0,0,0,0,0,0,0,0,0,0,0,0,0,0,0,0,0,0,0,0,0,0,0,0,0,0,0,0,0,0,0
2011-02-09,0,0,0,0,0,0,0,0,0,0,0,0,0,0,0,0,0,0,0,0,0,0,0,0,0,0,0,0,0,0,0,0,0,0
2011-02-10,0,0,0,0,0,0,0,0,0,0,0,0,0,0,0,0,0,0,0,0,0,0,0,0,0,0,0,0,0,0,0,0,0,0
2011-02-11,0,0,0,0,0,0,0,0,0,0,0,0,0,0,0,0,0,0,0,0,0,0,0,0,0,0,0,0,0,0,0,0,0,0
2011-02-12,0,0,0,0,0,0,0,0,0,0,0,0,0,0,0,0,0,0,0,0,0,0,0,0,0,0,0,0,0,0,0,0,0,0
2011-02-13,0,0,0,0,0,0,0,0,0,0,0,0,0,0,0,0,0,0,0,0,0,0,0,0,0,0,0,0,0,0,0,0,0,0
2011-02-14,0,0,0,0,0,0,0,0,0,0,0,0,0,0,0,0,0,0,0,0,0,0,0,0,0,0,0,0,0,0,0,0,0,0
2011-02-15,0,0,0,0,0,0,0,0,0,0,0,0,0,0,0,0,0,0,0,0,0,0,0,0,0,0,0,0,0,0,0,0,0,0
2011-02-16,0,0,0,0,0,0,0,0,0,0,0,0,0,0,0,0,0,0,0,0,0,0,0,0,0,0,0,0,0,0,0,0,0,0
2011-02-17,0,0,0,0,0,0,0,0,0,0,0,0,0,0,0,0,0,0,0,0,0,0,0,0,0,0,0,0,0,0,0,0,0,0
2011-02-18,0,0,0,0,0,0,0,0,0,0,0,0,0,0,0,0,0,0,0,0,0,0,0,0,0,0,0,0,0,0,0,0,0,0
2011-02-19,0,0,0,0,0,0,0,0,0,0,0,0,0,0,0,0,0,0,0,0,0,0,0,0,0,0,0,0,0,0,0,0,0,0
2011-02-20,0,0,0,0,0,0,0,0,0,0,0,0,0,0,0,0,0,0,0,0,0,0,0,0,0,0,0,0,0,0,0,0,0,0
2011-02-21,0,0,0,0,0,0,0,0,0,0,0,0,0,0,0,0,0,0,0,0,0,0,0,0,0,0,0,0,0,0,0,0,0,0
2011-02-22,0,0,0,0,0,0,0,0,0,0,0,0,0,0,0,0,0,0,0,0,0,0,0,0,0,0,0,0,0,0,0,0,0,0
2011-02-23,0,0,0,0,0,0,0,0,0,0,0,0,0,0,0,0,0,0,0,0,0,0,0,0,0,0,0,0,0,0,0,0,0,0
2011-02-24,0,0,0,0,0,0,0,0,0,0,0,0,0,0,0,0,0,0,0,0,0,0,0,0,0,0,0,0,0,0,0,0,0,0
2011-02-25,0,0,0,0,0,0,0,0,0,0,0,0,0,0,0,0,0,0,0,0,0,0,0,0,0,0,0,0,0,0,0,0,0,0
2011-02-26,0,0,0,0,0,0,0,0,0,0,0,0,0,0,0,0,0,0,0,0,0,0,0,0,0,0,0,0,0,0,0,0,0,0
2011-02-27,0,0,0,0,0,0,0,0,0,0,0,0,0,0,0,0,0,0,0,0,0,0,0,0,0,0,0,0,0,0,0,0,0,0
2011-02-28,0,0,0,0,0,0,0,0,0,0,0,0,0,0,0,0,0,0,0,0,0,0,0,0,0,0,0,0,0,0,0,0,0,0
2011-03-01,0,0,0,0,0,0,0,0,0,0,0,0,0,0,0,0,0,0,0,0,0,0,0,0,0,0,0,0,0,0,0,0,0,0
2011-03-02,0,0,0,0,0,0,0,0,0,0,0,0,0,0,0,0,0,0,0,0,0,0,0,0,0,0,0,0,0,0,0,0,0,0
2011-03-03,0,0,0,0,0,0,0,0,0,0,0,0,0,0,0,0,0,0,0,0,0,0,0,0,0,0,0,0,0,0,0,0,0,0
2011-03-04,0,0,0,0,0,0,0,0,0,0,0,0,0,0,0,0,0,0,0,0,0,0,0,0,0,0,0,0,0,0,0,0,0,0
2011-03-05,0,0,0,0,0,0,0,0,0,0,0,0,0,0,0,0,0,0,0,0,0,0,0,0,0,0,0,0,0,0,0,0,0,0
2011-03-06,0,0,0,0,0,0,0,0,0,0,0,0,0,0,0,0,0,0,0,0,0,0,0,0,0,0,0,0,0,0,0,0,0,0
2011-03-07,0,0,0,0,0,0,0,0,0,0,0,0,0,0,0,0,0,0,0,0,0,0,0,0,0,0,0,0,0,0,0,0,0,0
2011-03-08,0,0,0,0,0,0,0,0,0,0,0,0,0,0,0,0,0,0,0,0,0,0,0,0,0,0,0,0,0,0,0,0,0,0
2011-03-09,0,0,0,0,0,0,0,0,0,0,0,0,0,0,0,0,0,0,0,0,0,0,0,0,0,0,0,0,0,0,0,0,0,0
2011-03-10,0,0,0,0,0,0,0,0,0,0,0,0,0,0,0,0,0,0,0,0,0,0,0,0,0,0,0,0,0,0,0,0,0,0
2011-03-11,0,0,0,0,0,0,0,0,0,0,0,0,0,0,0,0,0,0,0,0,0,0,0,0,0,0,0,0,0,0,0,0,0,0
2011-03-12,0,0,0,0,0,0,0,0,0,0,0,0,0,0,0,0,0,0,0,0,0,0,0,0,0,0,0,0,0,0,0,0,0,0
2011-03-13,0,0,0,0,0,0,0,0,0,0,0,0,0,0,0,0,0,0,0,0,0,0,0,0,0,0,0,0,0,0,0,0,0,0
2011-03-14,0,0,0,0,0,0,0,0,0,0,0,0,0,0,0,0,0,0,0,0,0,0,0,0,0,0,0,0,0,0,0,0,0,0
2011-03-15,0,0,0,0,0,0,0,0,0,0,0,0,0,0,0,0,0,0,0,0,0,0,0,0,0,0,0,0,0,0,0,0,0,0
2011-03-16,0,0,0,0,0,0,0,0,0,0,0,0,0,0,0,0,0,0,0,0,0,0,0,0,0,0,0,0,0,0,0,0,0,0
2011-03-17,0,0,0,0,0,0,0,0,0,0,0,0,0,0,0,0,0,0,0,0,0,0,0,0,0,0,0,0,0,0,0,0,0,0
2011-03-18,0,0,0,0,0,0,0,0,0,0,0,0,0,0,0,0,0,0,0,0,0,0,0,0,0,0,0,0,0,0,0,0,0,0
2011-03-19,0,0,0,0,0,0,0,0,0,0,0,0,0,0,0,0,0,0,0,0,0,0,0,0,0,0,0,0,0,0,0,0,0,0
2011-03-20,0,0,0,0,0,0,0,0,0,0,0,0,0,0,0,0,0,0,0,0,0,0,0,0,0,0,0,0,0,0,0,0,0,0
2011-03-21,0,0,0,0,0,0,0,0,0,0,0,0,0,0,0,0,0,0,0,0,0,0,0,0,0,0,0,0,0,0,0,0,0,0
2011-03-22,0,0,0,0,0,0,0,0,0,0,0,0,0,0,0,0,0,0,0,0,0,0,0,0,0,0,0,0,0,0,0,0,0,0
2011-03-23,0,0,0,0,0,0,0,0,0,0,0,0,0,0,0,0,0,0,0,0,0,0,0,0,0,0,0,0,0,0,0,0,0,0
2011-03-24,0,0,0,0,0,0,0,0,0,0,0,0,0,0,0,0,0,0,0,0,0,0,0,0,0,0,0,0,0,0,0,0,0,0
2011-03-25,0,0,0,0,0,0,0,0,0,0,0,0,0,0,0,0,0,0,0,0,0,0,0,0,0,0,0,0,0,0,0,0,0,0
2011-03-26,0,0,0,0,0,0,0,0,0,0,0,0,0,0,0,0,0,0,0,0,0,0,0,0,0,0,0,0,0,0,0,0,0,0
2011-03-27,0,0,0,0,0,0,0,0,0,0,0,0,0,0,0,0,0,0,0,0,0,0,0,0,0,0,0,0,0,0,0,0,0,0
2011-03-28,0,0,0,0,0,0,0,0,0,0,0,0,0,0,0,0,0,0,0,0,0,0,0,0,0,0,0,0,0,0,0,0,0,0
2011-03-29,0,0,0,0,0,0,0,0,0,0,0,0,0,0,0,0,0,0,0,0,0,0,0,0,0,0,0,0,0,0,0,0,0,0
2011-03-30,0,0,0,0,0,0,0,0,0,0,0,0,0,0,0,0,0,0,0,0,0,0,0,0,0,0,0,0,0,0,0,0,0,0
2011-03-31,0,0,0,0,0,0,0,0,0,0,0,0,0,0,0,0,0,0,0,0,0,0,0,0,0,0,0,0,0,0,0,0,0,0
2011-04-01,0,0,0,0,0,0,0,0,0,0,0,0,0,0,0,0,0,0,0,0,0,0,0,0,0,0,0,0,0,0,0,0,0,0
2011-04-02,0,0,0,0,0,0,0,0,0,0,0,0,0,0,0,0,0,0,0,0,0,0,0,0,0,0,0,0,0,0,0,0,0,0
2011-04-03,0,0,0,0,0,0,0,0,0,0,0,0,0,0,0,0,0,0,0,0,0,0,0,0,0,0,0,0,0,0,0,0,0,0
2011-04-04,0,0,0,0,0,0,0,0,0,0,0,0,0,0,0,0,0,0,0,0,0,0,0,0,0,0,0,0,0,0,0,0,0,0
2011-04-05,0,0,0,0,0,0,0,0,0,0,0,0,0,0,0,0,0,0,0,0,0,0,0,0,0,0,0,0,0,0,0,0,0,0
2011-04-06,0,0,0,0,0,0,0,0,0,0,0,0,0,0,0,0,0,0,0,0,0,0,0,0,0,0,0,3,0,0,0,0,0,0
2011-04-07,0,0,0,0,0,0,0,0,0,0,0,0,0,0,0,0,0,0,0,0,0,0,0,0,0,0,0,0,0,0,0,0,0,0
2011-04-08,0,0,0,0,0,0,0,0,0,0,0,0,0,0,0,0,0,0,0,0,0,0,0,0,0,0,0,0,0,0,0,0,0,0
2011-04-09,0,0,0,0,0,0,0,0,0,0,1,0,0,0,0,0,0,0,0,0,0,0,0,0,0,0,0,0,0,0,0,0,0,0
2011-04-10,0,0,0,0,0,0,0,0,0,0,0,0,0,0,0,0,0,0,0,0,0,0,0,0,0,0,0,0,0,0,0,0,0,0
2011-04-11,0,0,0,0,0,0,0,0,0,0,0,0,0,0,0,0,0,0,0,0,0,0,0,0,0,0,0,0,0,0,0,0,0,0
2011-04-12,0,0,0,0,0,0,0,0,0,0,0,0,0,0,0,0,0,0,0,0,0,0,0,0,0,0,0,0,0,0,0,0,0,0
2011-04-13,0,0,0,0,0,0,0,0,0,0,0,0,0,0,0,0,0,0,0,0,0,0,0,0,0,0,0,0,0,0,0,0,0,0
2011-04-14,0,0,0,0,0,0,0,0,0,0,0,0,0,0,0,0,0,0,0,0,0,0,0,0,0,0,0,0,0,0,0,0,0,0
2011-04-15,0,0,0,0,0,0,0,0,0,0,0,0,0,0,0,0,0,0,0,0,0,0,0,0,0,0,0,0,0,0,0,0,0,0
2011-04-16,0,0,0,0,0,0,0,0,0,0,0,0,0,0,0,0,0,0,0,0,0,0,0,0,0,0,0,0,0,0,0,0,0,0
2011-04-17,0,0,0,0,0,0,0,0,0,0,0,0,0,0,0,0,0,0,0,0,0,0,0,0,0,0,0,0,0,0,0,0,0,0
2011-04-18,0,0,0,0,0,0,0,0,0,0,0,0,0,0,0,0,0,0,0,0,0,0,0,0,0,0,0,0,0,0,0,0,0,0
2011-04-19,0,0,0,0,0,0,0,0,0,0,0,0,0,0,0,0,0,0,0,0,0,0,0,0,0,0,0,0,0,0,0,0,0,0
2011-04-20,0,0,0,0,0,0,0,0,0,0,0,0,0,0,0,0,0,0,0,0,0,0,0,0,0,0,0,0,0,0,0,0,0,0
2011-04-21,0,0,0,0,0,0,0,0,0,0,0,0,0,0,0,0,0,0,0,0,0,0,0,0,0,0,0,0,0,0,0,0,0,0
2011-04-22,0,0,0,0,0,0,0,0,0,0,0,0,0,0,0,0,0,0,0,0,0,0,0,0,0,0,0,0,0,0,0,0,0,0
2011-04-23,0,0,0,0,0,0,0,0,0,0,0,0,0,0,0,0,0,0,0,0,0,0,0,0,0,0,0,0,0,0,0,0,0,0
2011-04-24,0,0,0,0,0,0,0,0,0,0,0,0,0,0,0,0,0,0,0,0,0,0,0,0,0,0,0,0,0,0,0,0,0,0
2011-04-25,0,0,0,0,0,0,0,0,0,0,0,0,0,0,0,0,0,0,0,0,0,0,0,0,0,0,0,0,0,0,0,0,0,0
2011-04-26,0,0,0,0,0,0,0,0,0,0,0,0,0,0,0,0,0,0,0,0,0,0,0,0,0,0,0,0,0,0,0,0,0,0
2011-04-27,0,0,0,0,0,0,0,0,0,0,0,0,0,0,0,0,0,0,0,0,0,0,0,0,0,0,0,0,0,0,0,0,0,0
2011-04-28,0,0,0,0,0,0,0,0,0,0,0,0,0,0,0,0,0,0,0,0,0,0,0,0,0,0,0,0,0,0,0,0,0,0
2011-04-29,0,0,0,0,0,0,0,0,0,0,0,0,0,0,0,0,0,0,0,0,0,0,0,0,0,0,0,0,0,0,0,0,0,0
2011-04-30,0,0,0,0,0,0,0,0,0,0,0,0,0,0,0,0,0,0,0,0,0,0,0,0,0,0,0,0,0,0,0,0,0,0
2011-05-01,0,0,0,0,0,0,0,0,0,0,0,0,0,0,0,0,0,0,0,0,0,0,0,0,0,0,0,0,0,0,0,0,0,0
2011-05-02,0,0,0,0,0,0,0,0,0,0,0,0,0,0,0,0,0,0,0,0,0,0,0,0,0,0,0,0,0,0,0,0,0,0
2011-05-03,0,0,0,0,0,0,0,0,0,0,0,0,0,0,0,0,0,0,0,0,0,0,0,0,0,0,0,0,0,0,0,0,0,0
2011-05-04,0,0,0,0,0,0,0,0,0,0,0,0,0,0,0,0,0,0,0,0,0,0,0,0,0,0,0,0,0,0,0,0,0,0
2011-05-05,0,0,0,0,0,0,0,0,0,0,0,0,0,0,0,0,0,0,0,0,0,0,0,0,0,0,0,0,0,0,0,0,0,0
2011-05-06,0,0,0,0,0,0,0,0,0,0,0,0,0,0,0,0,0,0,0,0,0,0,0,0,0,0,0,0,0,0,0,0,0,0
2011-05-07,0,0,0,0,0,0,0,0,0,0,0,0,0,0,0,0,0,0,0,0,0,0,0,0,0,0,0,0,0,0,0,0,0,0
2011-05-08,0,0,0,0,0,0,0,0,0,0,0,0,0,0,0,0,0,0,0,0,0,0,0,0,0,0,0,0,0,0,0,0,0,0
2011-05-09,0,0,0,0,0,0,0,0,0,0,0,0,0,0,0,0,0,0,0,0,0,0,0,0,0,0,0,0,0,0,0,0,0,0
2011-05-10,0,0,0,0,0,0,0,0,0,0,7,0,0,0,0,0,0,0,0,0,0,0,0,0,0,0,0,1,0,0,0,0,0,0
2011-05-11,0,0,0,0,0,0,0,0,0,0,0,0,0,0,0,0,0,0,0,0,0,0,0,0,0,0,0,3,0,0,0,0,0,0
2011-05-12,0,0,0,0,0,0,0,0,0,0,11,0,0,0,0,0,0,0,0,0,0,0,0,0,0,0,0,10,0,0,0,0,0,0
2011-05-13,0,0,0,0,0,0,0,0,0,0,24,0,0,0,0,0,0,0,0,0,0,0,0,0,0,0,0,23,0,0,0,0,0,0
2011-05-14,0,0,0,0,0,0,0,0,0,0,31,0,0,0,0,0,0,0,0,0,0,0,0,0,0,0,0,18,0,0,0,0,0,0
2011-05-15,0,0,0,0,0,0,0,0,0,0,18,0,0,0,0,0,0,0,0,0,0,0,0,0,0,0,0,7,0,0,0,0,0,0
2011-05-16,0,0,0,0,0,0,0,0,0,0,0,0,0,0,0,0,0,0,0,0,0,0,0,0,0,0,0,0,0,0,0,0,0,0
2011-05-17,0,0,0,0,0,0,0,0,0,0,0,0,0,0,0,0,0,0,0,0,0,0,0,0,0,0,0,0,0,0,0,0,0,0
2011-05-18,0,0,0,0,0,0,0,0,0,0,0,0,0,0,0,0,0,0,0,0,0,0,0,0,0,0,0,0,0,0,0,0,0,0
2011-05-19,0,0,0,0,0,0,0,0,0,0,0,0,0,0,0,0,0,0,0,0,0,0,0,0,0,0,0,0,0,0,0,0,0,0
2011-05-20,0,0,0,0,0,0,0,0,0,0,0,0,0,0,0,0,0,0,0,0,0,0,0,0,0,0,0,0,0,0,0,0,0,0
2011-05-21,0,0,0,0,0,0,0,0,0,0,0,0,0,0,0,0,0,0,0,0,0,0,0,0,0,0,0,0,0,0,0,0,0,0
2011-05-22,0,0,0,0,0,0,0,0,0,0,18,0,0,0,0,0,0,0,6,0,0,0,0,0,0,0,0,2,0,0,0,0,0,0
2011-05-23,0,0,0,0,0,0,0,0,0,0,74,0,13,0,0,0,0,0,43,0,0,0,0,0,0,0,0,21,0,0,0,0,0,0
2011-05-24,0,0,0,0,0,0,0,0,0,0,194,0,32,0,0,0,1,0,83,0,0,0,0,0,0,0,0,84,0,0,0,0,0,0
2011-05-25,0,0,0,0,0,0,0,0,0,0,268,0,11,0,0,0,0,0,85,0,0,0,0,0,0,0,0,56,0,0,0,0,0,0
2011-05-26,0,0,0,0,0,0,0,0,0,0,69,0,7,0,3,0,0,0,55,0,0,0,0,0,0,0,0,0,0,0,0,0,0,0
2011-05-27,0,0,0,0,0,0,0,0,0,0,45,0,0,0,0,1,0,0,18,0,0,0,0,0,0,0,0,0,0,7,0,0,0,0
2011-05-28,0,0,0,0,0,0,0,0,0,0,40,0,0,0,0,0,0,0,0,0,0,0,0,0,0,0,0,0,0,0,0,0,0,0
2011-05-29,0,0,0,0,0,0,0,0,0,0,4,0,0,0,0,0,0,0,0,0,0,0,0,0,0,0,0,0,0,0,0,0,0,0
2011-05-30,0,0,0,0,0,0,0,0,0,0,0,0,0,0,0,0,0,0,0,0,0,0,0,0,0,0,0,0,0,0,0,0,0,0
2011-05-31,0,0,0,0,0,0,0,1,0,0,2,0,0,0,0,0,5,0,0,0,0,0,0,0,0,0,53,0,0,0,0,0,0,0
2011-06-01,0,0,0,0,0,0,0,0,0,0,26,0,0,0,0,0,0,0,0,0,0,1,0,0,0,0,0,0,0,0,0,0,0,0
2011-06-02,0,0,0,0,0,0,0,0,0,0,6,0,0,0,0,0,6,0,0,0,0,0,0,0,0,0,0,0,0,0,0,0,0,0
2011-06-03,0,0,0,0,0,0,0,0,0,0,7,0,0,0,1,0,21,0,0,0,0,0,0,0,0,0,0,0,6,0,0,0,0,0
2011-06-04,0,0,0,3,1,0,0,0,0,0,15,0,0,0,2,0,62,0,7,0,0,0,0,0,0,0,1,0,57,10,0,0,0,0
2011-06-05,0,0,0,0,1,0,0,69,0,0,10,0,0,0,12,3,32,0,1,0,0,0,0,0,0,0,90,0,19,33,0,0,0,0
2011-06-06,3,0,0,0,2,0,0,19,0,0,0,0,0,0,36,6,30,0,10,3,0,3,1,1,0,0,188,0,34,46,0,0,0,0
2011-06-07,8,0,7,0,5,0,0,0,0,19,0,10,0,0,31,26,69,0,21,12,0,35,2,1,0,0,0,0,67,109,0,0,0,0
2011-06-08,11,0,0,0,36,0,0,0,0,6,0,65,0,0,71,1,16,0,23,46,0,34,2,6,0,0,20,0,78,78,0,0,0,0
2011-06-09,0,0,0,0,1,0,0,0,0,0,0,116,0,0,122,0,0,0,3,36,0,18,0,4,0,0,0,0,0,0,3,0,0,0
2011-06-10,0,0,0,0,0,0,0,0,0,0,3,265,0,0,73,0,0,0,0,0,0,0,0,0,0,0,0,0,0,0,67,0,0,0
2011-06-11,0,0,0,0,0,0,0,0,0,0,23,85,0,0,19,0,0,0,0,0,0,0,0,0,0,0,0,0,0,0,28,0,0,0
2011-06-12,0,0,0,0,0,0,0,0,0,0,159,0,0,0,0,0,0,0,0,0,0,0,0,0,0,0,0,2,0,0,0,0,0,0
2011-06-13,0,0,0,0,0,0,0,0,0,0,230,0,0,0,0,0,0,0,0,0,0,0,0,0,0,0,0,0,0,0,0,0,0,0
2011-06-14,0,0,0,0,0,0,0,0,0,0,197,0,10,0,0,0,0,0,0,0,0,0,0,0,0,0,0,0,0,0,0,0,0,0
2011-06-15,0,0,0,0,0,0,0,0,0,0,395,0,22,0,0,0,0,0,13,0,0,0,0,0,0,0,0,1,0,0,0,0,0,0
2011-06-16,0,0,0,0,0,0,0,0,0,0,385,0,1,0,0,6,5,0,46,0,0,0,0,0,0,0,0,0,1,4,0,0,0,0
2011-06-17,1,0,8,0,8,0,0,0,0,0,386,0,0,0,25,32,43,0,53,0,0,0,0,0,0,0,0,0,62,60,0,0,0,0
2011-06-18,5,0,25,0,38,0,0,0,0,0,300,0,1,0,71,76,163,0,130,0,0,0,1,10,0,0,0,0,236,135,0,0,3,0
2011-06-19,7,0,0,0,95,0,0,0,0,0,323,0,0,0,121,2,0,0,67,0,0,0,1,21,0,0,0,14,223,3,0,0,0,0
2011-06-20,4,0,0,0,1,0,0,0,0,0,864,0,0,0,153,0,0,0,30,0,0,0,1,0,0,0,0,85,0,0,0,0,0,0
2011-06-21,11,0,1,0,0,0,0,0,0,0,1090,0,27,0,116,3,0,0,79,0,0,0,3,0,0,0,0,74,0,0,0,0,0,0
2011-06-22,15,13,41,0,7,0,2,0,0,0,886,0,0,0,82,102,231,0,210,0,0,0,6,8,0,0,0,35,123,123,0,4,25,0
2011-06-23,20,0,56,0,96,0,0,0,0,0,472,0,0,0,146,115,181,0,270,0,0,0,7,25,0,0,0,1,425,211,0,1,2,12
2011-06-24,29,0,8,0,161,0,0,0,0,0,660,0,1,0,241,19,0,0,227,0,0,0,7,50,0,0,0,93,343,48,0,0,0,12
2011-06-25,12,0,0,0,0,0,0,0,0,0,1432,0,23,0,202,1,0,0,94,0,0,0,1,0,0,0,0,372,0,0,0,0,0,0
2011-06-26,0,0,0,0,0,0,0,0,0,0,2255,0,870,0,10,0,0,0,100,0,0,0,0,0,0,0,0,448,0,0,0,0,0,0
2011-06-27,0,0,0,73,0,4,0,54,0,0,2030,0,1965,21,0,2,0,0,222,0,2,0,0,0,38,0,0,179,0,0,0,0,0,0
2011-06-28,0,0,0,77,0,19,0,376,0,0,1525,0,874,0,0,4,0,0,413,0,8,0,0,0,92,0,0,31,0,0,0,0,0,0
2011-06-29,0,0,1,0,0,0,0,4,0,0,1012,0,31,0,0,19,0,0,405,0,0,0,0,0,0,0,0,29,0,0,6,0,0,0
2011-06-30,1,0,0,0,0,0,0,0,0,0,936,1,17,0,34,0,0,0,171,0,0,0,0,0,0,0,0,94,0,0,2,0,0,0
2011-07-01,0,0,0,0,0,0,0,0,0,48,969,100,9,0,59,0,0,0,51,0,0,12,0,0,0,0,0,139,0,0,0,0,0,0
2011-07-02,1,0,0,0,0,0,0,0,0,73,1548,192,6,0,50,0,0,0,18,0,0,11,0,0,0,0,0,91,0,0,0,0,0,0
2011-07-03,0,0,0,0,0,0,0,0,0,0,443,0,49,0,62,0,0,0,20,0,0,0,0,0,0,0,0,0,0,0,0,0,0,0
2011-07-04,0,0,0,0,0,0,0,0,0,0,234,0,23,0,51,0,0,0,127,0,0,0,0,0,0,0,0,0,0,0,0,0,0,0
2011-07-05,0,0,0,0,2,0,0,0,0,0,926,0,91,0,112,0,0,0,121,0,0,0,0,1,0,0,0,19,0,0,0,0,0,0
2011-07-06,0,0,0,0,0,0,0,0,0,0,969,0,44,0,161,2,0,0,146,0,0,0,0,1,0,0,0,6,3,0,0,0,0,0
2011-07-07,5,14,35,0,25,0,2,0,0,0,467,0,12,0,179,106,138,0,306,0,0,0,2,8,0,0,0,0,61,65,0,8,8,0
2011-07-08,17,6,100,0,136,0,0,0,0,0,303,26,29,0,279,213,337,0,513,0,0,0,6,30,0,0,0,0,345,217,0,21,19,3
2011-07-09,50,36,157,0,271,0,11,0,0,0,682,133,39,0,369,272,508,0,695,0,0,0,14,60,0,4,0,2,726,338,0,39,61,19
2011-07-10,60,46,171,0,338,0,13,0,0,0,841,10,42,0,453,290,616,0,790,0,0,0,15,82,0,0,0,0,767,404,0,46,101,29
2011-07-11,57,3,117,0,301,0,0,0,0,3,1006,5,258,0,469,209,342,0,905,0,0,0,16,81,0,0,0,3,589,339,0,18,18,25
2011-07-12,83,0,93,0,229,0,0,0,0,0,805,0,147,0,513,190,126,0,1114,0,0,0,20,72,0,0,0,0,299,173,0,16,1,15
2011-07-13,86,70,160,0,175,0,21,0,0,0,258,0,34,0,497,283,346,0,1173,0,0,0,19,69,0,0,0,1,293,225,0,61,57,17
2011-07-14,86,1,250,0,243,0,0,0,0,0,335,0,3,0,463,350,511,0,841,0,0,0,23,81,0,0,120,52,627,362,0,57,63,34
2011-07-15,94,0,104,0,333,0,0,0,0,0,655,0,0,0,546,83,247,0,427,0,0,0,22,102,0,0,1,89,815,402,0,0,8,49
2011-07-16,53,0,20,0,378,0,0,0,0,0,1159,0,1,0,577,37,7,0,274,0,0,0,10,99,0,0,0,43,526,69,0,0,0,24
2011-07-17,23,5,52,0,169,0,2,0,0,0,644,0,2,0,475,102,197,0,309,0,0,0,5,51,0,0,8,0,327,112,0,3,16,8
2011-07-18,24,0,87,0,136,0,0,0,0,0,175,0,0,0,446,130,207,0,424,0,0,0,6,56,0,0,5,0,413,236,0,0,5,18
2011-07-19,55,0,98,0,330,0,0,0,0,0,217,0,0,0,542,81,232,0,357,0,0,0,13,84,0,0,0,0,803,386,0,0,4,35
2011-07-20,29,0,0,0,317,0,0,0,0,0,453,0,0,0,598,0,2,0,166,0,0,0,4,52,0,0,6,56,480,42,0,0,0,1
2011-07-21,5,0,0,0,55,0,0,0,0,151,831,41,0,0,361,0,0,0,88,74,0,165,0,11,0,0,0,59,16,0,0,0,0,0
2011-07-22,6,0,0,0,42,0,0,0,0,167,485,163,0,0,261,0,0,0,153,0,0,54,0,7,0,0,0,27,12,0,0,0,0,0
2011-07-23,6,0,0,0,70,0,0,0,0,2,364,44,0,0,313,0,0,0,153,0,0,0,0,2,0,0,0,12,53,0,0,0,0,0
2011-07-24,13,0,0,0,92,0,0,0,0,0,395,0,0,0,313,0,0,0,60,0,0,0,0,15,0,0,0,78,22,0,0,0,0,0
2011-07-25,0,0,0,0,71,0,0,0,0,0,688,0,0,0,267,0,0,0,7,0,0,0,0,15,0,0,0,173,62,0,0,0,0,0
2011-07-26,0,0,0,0,63,0,0,0,0,0,1231,0,0,0,217,0,0,0,7,0,0,0,0,6,0,0,0,191,92,0,0,0,0,0
2011-07-27,2,0,0,0,102,0,0,0,0,25,1079,9,0,0,245,0,0,0,40,0,0,31,0,18,0,0,0,233,130,0,0,0,0,0
2011-07-28,16,0,0,0,208,0,0,0,0,3,1029,13,0,0,367,0,0,0,87,0,0,0,3,40,0,0,0,272,152,24,0,0,0,2
2011-07-29,2,0,0,0,118,0,0,0,0,0,1220,0,1,0,374,0,0,0,40,0,0,0,0,9,0,0,0,113,157,0,0,0,0,0
2011-07-30,0,0,0,0,41,0,0,0,0,0,909,0,6,0,315,0,0,0,52,0,0,0,0,1,0,0,0,17,44,0,0,0,0,0
2011-07-31,1,0,0,0,53,0,0,0,0,0,831,0,2,0,247,0,0,0,54,0,0,0,0,5,0,0,0,25,37,0,0,0,0,0
2011-08-01,2,0,0,0,43,0,0,0,0,0,718,0,18,0,191,2,0,0,75,0,0,0,1,1,0,0,0,0,30,0,0,0,0,0
2011-08-02,6,0,0,0,36,0,0,0,0,0,310,0,27,0,185,5,0,0,168,0,0,0,2,1,0,0,0,0,51,0,0,0,0,0
2011-08-03,11,0,4,0,48,0,0,0,0,0,603,0,14,0,226,19,0,0,326,0,0,0,4,4,0,0,0,0,54,3,0,0,0,0
2011-08-04,14,0,1,0,54,0,0,0,0,0,1109,0,71,0,277,12,0,0,372,0,0,0,3,15,0,0,0,38,20,0,0,0,0,0
2011-08-05,18,0,2,0,4,0,0,0,0,0,1046,0,50,0,225,13,0,0,329,0,0,0,4,7,0,0,0,25,0,0,0,0,0,0
2011-08-06,22,0,4,0,3,0,0,0,0,0,1106,0,34,0,166,19,4,0,366,0,0,0,6,7,0,0,0,9,11,20,0,0,0,1
2011-08-07,34,0,63,0,40,0,0,0,0,0,1158,0,9,0,236,134,184,0,474,0,0,0,7,34,0,0,3,38,135,196,0,9,2,19
2011-08-08,45,0,83,0,115,0,0,0,0,0,1119,0,8,0,346,115,123,0,596,0,0,0,9,62,0,0,0,77,349,313,0,0,0,30
2011-08-09,50,0,4,0,158,0,0,0,0,0,1064,0,0,0,420,8,0,0,290,0,0,0,7,65,0,0,0,238,188,1,0,0,0,3
2011-08-10,14,0,0,0,2,0,0,0,0,0,1062,0,1,0,284,0,0,0,102,0,0,0,1,0,0,0,0,308,1,0,0,0,0,0
2011-08-11,1,0,0,0,0,0,0,0,0,0,1487,0,0,0,70,0,0,0,44,0,0,0,0,0,0,0,0,295,0,0,0,0,0,0
2011-08-12,1,0,0,0,0,0,0,0,0,0,1110,0,5,0,51,0,0,0,62,0,0,0,0,0,0,0,0,152,0,0,0,0,0,0
2011-08-13,1,0,0,0,2,0,0,0,0,0,889,0,34,0,92,2,0,0,149,0,0,0,1,2,0,0,0,98,22,0,0,0,0,0
2011-08-14,5,0,4,0,44,0,0,0,0,0,1276,0,7,0,177,20,2,0,309,0,0,0,3,14,0,0,0,65,117,22,0,0,0,0
2011-08-15,11,0,24,0,83,0,0,0,0,0,1457,0,60,0,237,65,106,0,329,0,0,0,4,25,0,0,0,91,153,96,0,0,2,4
2011-08-16,17,0,5,0,153,0,0,0,0,0,1739,0,112,0,296,24,3,0,467,0,0,0,6,42,0,0,0,67,235,54,0,0,0,9
2011-08-17,36,0,11,0,168,0,0,0,0,0,1632,0,222,0,375,32,0,0,595,0,0,0,10,38,0,0,0,23,195,39,0,0,0,6
2011-08-18,42,3,21,0,49,0,0,12,0,0,1479,0,200,0,396,73,21,0,822,0,0,0,11,44,0,0,0,40,39,52,0,9,4,8
2011-08-19,47,1,69,0,40,0,0,1,0,0,2244,0,325,0,298,127,185,0,972,0,0,0,11,50,0,0,0,294,78,152,0,6,9,17
2011-08-20,77,0,70,0,112,1,0,0,0,0,2695,0,999,0,345,149,57,0,1134,0,0,0,17,54,0,0,0,475,226,136,0,17,0,16
2011-08-21,74,1,54,0,87,12,0,41,0,0,1476,0,1661,0,407,151,4,0,1254,0,0,0,15,43,0,0,0,25,94,33,0,27,0,8
2011-08-22,58,85,64,0,67,28,38,232,0,0,725,0,1174,0,301,206,155,0,1278,0,0,0,13,40,0,0,9,2,61,66,0,59,33,5
2011-08-23,50,144,126,0,116,19,110,319,0,0,778,0,582,0,273,233,425,0,1195,0,0,0,16,49,0,0,0,0,311,197,0,68,99,17
2011-08-24,64,111,172,0,243,1,144,94,0,0,698,0,98,0,350,247,524,0,1132,0,0,0,18,76,0,0,18,0,546,384,0,51,115,40
2011-08-25,83,70,187,0,218,0,32,8,0,0,707,0,116,0,424,236,552,0,1162,0,0,0,22,98,0,0,0,0,466,430,0,39,109,48
2011-08-26,96,147,177,0,61,0,215,367,0,0,353,0,41,0,283,258,589,0,1180,0,0,0,24,76,0,0,269,0,283,348,0,43,159,44
2011-08-27,61,0,151,0,11,0,2,0,0,0,193,0,3,0,127,212,309,0,788,0,0,0,15,34,0,0,381,1,110,201,0,15,45,25
2011-08-28,39,0,12,0,0,0,0,0,0,0,515,0,0,0,69,23,25,0,282,0,0,0,12,12,0,0,0,10,11,11,0,0,0,1
2011-08-29,16,0,9,0,0,0,0,0,0,0,468,0,1,0,63,13,18,0,204,0,0,0,7,1,0,0,0,2,4,2,0,0,0,0
2011-08-30,11,0,5,0,1,0,0,0,0,0,422,0,2,0,100,11,29,0,199,0,0,0,4,6,0,0,0,0,8,18,0,0,0,0
2011-08-31,13,0,3,0,58,0,0,0,0,0,211,0,9,0,137,10,0,0,253,0,0,0,4,16,0,0,0,0,121,9,0,0,0,0
2011-09-01,11,0,9,0,70,0,0,0,0,0,245,0,91,0,202,26,0,0,371,0,0,0,3,17,0,0,0,0,83,39,0,0,0,0
2011-09-02,16,0,9,0,29,0,0,0,0,0,60,0,160,0,254,23,0,0,653,0,0,0,4,12,0,0,0,0,9,4,0,0,0,0
2011-09-03,22,0,12,0,14,0,0,0,0,0,14,0,31,0,269,37,1,0,752,0,0,0,7,9,0,0,0,0,4,15,0,0,0,0
2011-09-04,33,17,45,0,20,0,6,0,0,0,67,0,0,0,181,103,95,0,480,0,0,0,9,9,0,0,0,0,40,94,0,5,23,1
2011-09-05,42,1,40,0,38,0,1,0,0,0,91,0,2,0,187,73,176,0,314,0,0,0,8,23,0,0,0,0,129,190,0,0,19,13
2011-09-06,26,0,3,0,17,0,0,0,0,0,286,0,0,0,200,11,0,0,172,0,0,0,6,3,0,0,0,42,30,0,0,0,0,0
2011-09-07,16,0,0,0,7,0,0,0,0,0,596,0,1,0,70,2,0,0,114,0,0,0,4,0,0,0,0,102,8,0,0,0,0,0
2011-09-08,9,0,0,0,14,0,0,0,0,0,712,0,16,0,109,1,0,0,125,0,0,0,2,8,0,0,0,84,12,0,0,0,0,0
2011-09-09,8,0,0,0,22,0,0,0,0,0,832,0,49,0,187,6,0,0,195,0,0,0,2,10,0,0,0,78,0,0,0,0,0,0
2011-09-10,28,0,5,0,0,0,0,0,0,0,523,0,219,0,171,16,0,0,289,0,0,0,6,3,0,0,0,0,0,0,0,0,0,0
2011-09-11,25,0,34,0,7,0,0,0,0,0,311,0,6,0,152,70,65,0,337,0,0,0,6,12,0,0,0,0,36,95,0,2,6,4
2011-09-12,27,0,21,0,21,0,0,0,0,0,486,0,16,0,151,42,58,0,272,0,0,0,6,16,0,0,0,37,94,110,0,0,1,5
2011-09-13,30,0,12,0,60,0,0,0,0,0,727,0,25,0,194,27,3,0,275,0,0,0,9,24,0,0,0,105,176,27,0,0,0,4
2011-09-14,23,0,19,0,89,0,0,0,0,0,712,0,14,0,192,36,13,0,287,0,0,0,7,23,0,0,0,132,173,95,0,0,0,4
2011-09-15,20,0,3,0,96,0,0,0,0,0,600,0,7,0,205,15,0,0,273,0,0,0,6,26,0,0,0,60,147,3,0,0,0,0
2011-09-16,21,0,4,0,35,0,0,0,0,0,465,0,37,0,207,13,0,0,287,0,0,0,7,16,0,0,0,15,19,0,0,0,0,0
2011-09-17,20,0,2,0,21,0,0,0,0,0,262,0,2,0,196,11,0,0,241,0,0,0,6,12,0,0,0,1,16,0,0,0,0,0
2011-09-18,21,0,1,0,15,0,0,0,0,0,112,0,0,0,140,10,3,0,168,0,0,0,5,4,0,0,0,0,45,68,0,0,0,0
2011-09-19,6,0,0,0,6,0,0,0,0,0,30,0,0,0,67,0,56,0,24,0,0,0,0,1,0,0,0,0,50,55,0,0,0,0
2011-09-20,0,0,0,0,0,0,0,0,0,0,104,0,0,0,29,0,0,0,0,0,0,0,0,0,0,0,0,29,0,0,0,0,0,0
2011-09-21,0,0,0,0,0,0,0,0,0,0,51,0,0,0,2,0,0,0,0,0,0,0,0,0,0,0,0,0,0,0,0,0,0,0
2011-09-22,0,0,0,0,0,0,0,0,0,0,23,0,0,0,2,0,0,0,5,0,0,0,0,0,0,0,0,0,0,0,0,0,0,0
2011-09-23,0,0,0,0,0,0,0,0,0,0,6,0,0,0,7,0,0,0,2,0,0,0,0,0,0,0,0,0,0,0,0,0,0,0
2011-09-24,0,0,0,0,0,0,0,0,0,0,3,0,0,0,7,0,0,0,0,0,0,0,0,0,0,0,0,0,0,0,0,0,0,0
2011-09-25,1,0,0,0,0,0,0,0,0,0,6,0,0,0,13,0,0,0,3,0,0,0,0,0,0,0,0,0,0,0,0,0,0,0
2011-09-26,1,0,0,0,0,0,0,0,0,0,66,0,0,0,9,0,0,0,2,0,0,0,0,0,0,0,0,0,0,0,0,0,0,0
2011-09-27,2,0,0,0,0,0,0,0,0,0,137,0,0,0,0,0,0,0,3,0,0,0,0,0,0,0,0,17,0,0,0,0,0,0
2011-09-28,0,0,0,0,0,0,0,0,0,0,80,0,9,0,0,0,0,0,6,0,0,0,0,0,0,0,0,32,0,0,0,0,0,0
2011-09-29,0,0,0,0,0,0,0,0,0,0,113,0,0,0,0,0,0,0,5,0,0,0,0,0,0,0,0,30,0,0,0,0,0,0
2011-09-30,0,0,0,0,0,0,0,0,0,0,79,0,1,0,1,0,0,0,3,0,0,0,0,0,0,0,0,25,0,0,0,0,0,0
2011-10-01,0,0,0,0,0,0,0,0,0,0,75,0,0,0,0,0,0,0,2,0,0,0,0,0,0,0,0,40,0,0,0,0,0,0
2011-10-02,0,0,0,0,0,0,0,0,0,0,65,0,0,0,0,0,0,0,0,0,0,0,0,0,0,0,0,45,0,0,0,0,0,0
2011-10-03,0,0,0,0,0,0,0,0,0,0,59,0,0,0,0,0,0,0,1,0,0,0,0,0,0,0,0,33,0,0,0,0,0,0
2011-10-04,0,0,0,0,0,0,0,0,0,0,88,0,0,0,0,0,0,0,0,0,0,0,0,0,0,0,0,68,0,0,0,0,0,0
2011-10-05,0,0,0,0,0,0,0,0,0,0,55,0,0,0,0,0,0,0,0,0,0,0,0,0,0,0,0,36,0,0,0,0,0,0
2011-10-06,0,0,0,0,0,0,0,0,0,0,80,0,0,0,0,0,0,0,0,0,0,0,0,0,0,0,0,45,0,0,0,0,0,0
2011-10-07,0,0,0,0,0,0,0,0,0,0,24,0,0,0,0,0,0,0,0,0,0,0,0,0,0,0,0,1,0,0,0,0,0,0
2011-10-08,0,0,0,0,0,0,0,0,0,0,8,0,0,0,0,0,0,0,0,0,0,0,0,0,0,0,0,0,0,0,0,0,0,0
2011-10-09,0,0,0,0,0,0,0,0,0,0,0,0,0,0,0,0,0,0,0,0,0,0,0,0,0,0,0,0,0,0,0,0,0,0
2011-10-10,0,0,0,0,0,0,0,0,0,0,3,0,0,0,0,0,0,0,0,0,0,0,0,0,0,0,0,0,0,0,0,0,0,0
2011-10-11,0,0,0,0,0,0,0,0,0,0,9,0,0,0,0,0,0,0,0,0,0,0,0,0,0,0,0,0,0,0,0,0,0,0
2011-10-12,0,0,0,0,0,0,0,0,0,0,18,0,0,0,0,0,0,0,0,0,0,0,0,0,0,0,0,6,0,0,0,0,0,0
2011-10-13,0,0,0,0,0,0,0,0,0,0,66,0,0,0,0,0,0,0,0,0,0,0,0,0,0,0,0,51,0,0,0,0,0,0
2011-10-14,0,0,0,0,0,0,0,0,0,0,32,0,0,0,0,0,0,0,0,0,0,0,0,0,0,0,0,20,0,0,0,0,0,0
2011-10-15,0,0,0,0,0,0,0,0,0,0,0,0,0,0,0,0,0,0,0,0,0,0,0,0,0,0,0,0,0,0,0,0,0,0
2011-10-16,0,0,0,0,0,0,0,0,0,0,3,0,0,0,0,0,0,0,0,0,0,0,0,0,0,0,0,0,0,0,0,0,0,0
2011-10-17,0,0,0,0,0,0,0,0,0,0,0,0,0,0,0,0,0,0,0,0,0,0,0,0,0,0,0,0,0,0,0,0,0,0
2011-10-18,0,0,0,0,0,0,0,0,0,0,0,0,0,0,0,0,0,0,0,0,0,0,0,0,0,0,0,0,0,0,0,0,0,0
2011-10-19,0,0,0,0,0,0,0,0,0,0,0,0,0,0,0,0,0,0,0,0,0,0,0,0,0,0,0,0,0,0,0,0,0,0
2011-10-20,0,0,0,0,0,0,0,0,0,0,0,0,0,0,0,0,0,0,0,0,0,0,0,0,0,0,0,0,0,0,0,0,0,0
2011-10-21,0,0,0,0,0,0,0,0,0,0,0,0,0,0,0,0,0,0,0,0,0,0,0,0,0,0,0,0,0,0,0,0,0,0
2011-10-22,0,0,0,0,0,0,0,0,0,0,0,0,0,0,0,0,0,0,0,0,0,0,0,0,0,0,0,0,0,0,0,0,0,0
2011-10-23,0,0,0,0,0,0,0,0,0,0,0,0,0,0,0,0,0,0,0,0,0,0,0,0,0,0,0,0,0,0,0,0,0,0
2011-10-24,0,0,0,0,0,0,0,0,0,0,0,0,0,0,0,0,0,0,0,0,0,0,0,0,0,0,0,0,0,0,0,0,0,0
2011-10-25,0,0,0,0,0,0,0,0,0,0,0,0,0,0,0,0,0,0,0,0,0,0,0,0,0,0,0,0,0,0,0,0,0,0
2011-10-26,0,0,0,0,0,0,0,0,0,0,0,0,0,0,0,0,0,0,0,0,0,0,0,0,0,0,0,0,0,0,0,0,0,0
2011-10-27,0,0,0,0,0,0,0,0,0,0,0,0,0,0,0,0,0,0,0,0,0,0,0,0,0,0,0,0,0,0,0,0,0,0
2011-10-28,0,0,0,0,0,0,0,0,0,0,0,0,0,0,0,0,0,0,0,0,0,0,0,0,0,0,0,0,0,0,0,0,0,0
2011-10-29,0,0,0,0,0,0,0,0,0,0,0,0,0,0,0,0,0,0,0,0,0,0,0,0,0,0,0,0,0,0,0,0,0,0
2011-10-30,0,0,0,0,0,0,0,0,0,0,0,0,0,0,0,0,0,0,0,0,0,0,0,0,0,0,0,0,0,0,0,0,0,0
2011-10-31,0,0,0,0,0,0,0,0,0,0,0,0,0,0,0,0,0,0,0,0,0,0,0,0,0,0,0,0,0,0,0,0,0,0
2011-11-01,0,0,0,0,0,0,0,0,0,0,0,0,0,0,0,0,0,0,0,0,0,0,0,0,0,0,0,0,0,0,0,0,0,0
2011-11-02,0,0,0,0,0,0,0,0,0,0,0,0,0,0,0,0,0,0,0,0,0,0,0,0,0,0,0,0,0,0,0,0,0,0
2011-11-03,0,0,0,0,0,0,0,0,0,0,0,0,0,0,0,0,0,0,0,0,0,0,0,0,0,0,0,0,0,0,0,0,0,0
2011-11-04,0,0,0,0,0,0,0,0,0,0,0,0,0,0,0,0,0,0,0,0,0,0,0,0,0,0,0,0,0,0,0,0,0,0
2011-11-05,0,0,0,0,0,0,0,0,0,0,0,0,0,0,0,0,0,0,0,0,0,0,0,0,0,0,0,0,0,0,0,0,0,0
2011-11-06,0,0,0,0,0,0,0,0,0,0,0,0,0,0,0,0,0,0,0,0,0,0,0,0,0,0,0,0,0,0,0,0,0,0
2011-11-07,0,0,0,0,0,0,0,0,0,0,0,0,0,0,0,0,0,0,0,0,0,0,0,0,0,0,0,0,0,0,0,0,0,0
2011-11-08,0,0,0,0,0,0,0,0,0,0,0,0,0,0,0,0,0,0,0,0,0,0,0,0,0,0,0,0,0,0,0,0,0,0
2011-11-09,0,0,0,0,0,0,0,0,0,0,0,0,0,0,0,0,0,0,0,0,0,0,0,0,0,0,0,0,0,0,0,0,0,0
2011-11-10,0,0,0,0,0,0,0,0,0,0,0,0,0,0,0,0,0,0,0,0,0,0,0,0,0,0,0,0,0,0,0,0,0,0
2011-11-11,0,0,0,0,0,0,0,0,0,0,0,0,0,0,0,0,0,0,0,0,0,0,0,0,0,0,0,0,0,0,0,0,0,0
2011-11-12,0,0,0,0,0,0,0,0,0,0,0,0,0,0,0,0,0,0,0,0,0,0,0,0,0,0,0,0,0,0,0,0,0,0
2011-11-13,0,0,0,0,0,0,0,0,0,0,0,0,0,0,0,0,0,0,0,0,0,0,0,0,0,0,0,0,0,0,0,0,0,0
2011-11-14,0,0,0,0,0,0,0,0,0,0,0,0,0,0,0,0,0,0,0,0,0,0,0,0,0,0,0,0,0,0,0,0,0,0
2011-11-15,0,0,0,0,0,0,0,0,0,0,0,0,0,0,0,0,0,0,0,0,0,0,0,0,0,0,0,0,0,0,0,0,0,0
2011-11-16,0,0,0,0,0,0,0,0,0,0,0,0,0,0,0,0,0,0,0,0,0,0,0,0,0,0,0,0,0,0,0,0,0,0
2011-11-17,0,0,0,0,0,0,0,0,0,0,0,0,0,0,0,0,0,0,0,0,0,0,0,0,0,0,0,0,0,0,0,0,0,0
2011-11-18,0,0,0,0,0,0,0,0,0,0,0,0,0,0,0,0,0,0,0,0,0,0,0,0,0,0,0,0,0,0,0,0,0,0
2011-11-19,0,0,0,0,0,0,0,0,0,0,0,0,0,0,0,0,0,0,0,0,0,0,0,0,0,0,0,0,0,0,0,0,0,0
2011-11-20,0,0,0,0,0,0,0,0,0,0,0,0,0,0,0,0,0,0,0,0,0,0,0,0,0,0,0,0,0,0,0,0,0,0
2011-11-21,0,0,0,0,0,0,0,0,0,0,0,0,0,0,0,0,0,0,0,0,0,0,0,0,0,0,0,0,0,0,0,0,0,0
2011-11-22,0,0,0,0,0,0,0,0,0,0,0,0,0,0,0,0,0,0,0,0,0,0,0,0,0,0,0,0,0,0,0,0,0,0
2011-11-23,0,0,0,0,0,0,0,0,0,0,0,0,0,0,0,0,0,0,0,0,0,0,0,0,0,0,0,0,0,0,0,0,0,0
2011-11-24,0,0,0,0,0,0,0,0,0,0,0,0,0,0,0,0,0,0,0,0,0,0,0,0,0,0,0,0,0,0,0,0,0,0
2011-11-25,0,0,0,0,0,0,0,0,0,0,0,0,0,0,0,0,0,0,0,0,0,0,0,0,0,0,0,0,0,0,0,0,0,0
2011-11-26,0,0,0,0,0,0,0,0,0,0,0,0,0,0,0,0,0,0,0,0,0,0,0,0,0,0,0,0,0,0,0,0,0,0
2011-11-27,0,0,0,0,0,0,0,0,0,0,0,0,0,0,0,0,0,0,0,0,0,0,0,0,0,0,0,0,0,0,0,0,0,0
2011-11-28,0,0,0,0,0,0,0,0,0,0,0,0,0,0,0,0,0,0,0,0,0,0,0,0,0,0,0,0,0,0,0,0,0,0
2011-11-29,0,0,0,0,0,0,0,0,0,0,0,0,0,0,0,0,0,0,0,0,0,0,0,0,0,0,0,0,0,0,0,0,0,0
2011-11-30,0,0,0,0,0,0,0,0,0,0,0,0,0,0,0,0,0,0,0,0,0,0,0,0,0,0,0,0,0,0,0,0,0,0
2011-12-01,0,0,0,0,0,0,0,0,0,0,0,0,0,0,0,0,0,0,0,0,0,0,0,0,0,0,0,0,0,0,0,0,0,0
2011-12-02,0,0,0,0,0,0,0,0,0,0,0,0,0,0,0,0,0,0,0,0,0,0,0,0,0,0,0,0,0,0,0,0,0,0
2011-12-03,0,0,0,0,0,0,0,0,0,0,0,0,0,0,0,0,0,0,0,0,0,0,0,0,0,0,0,0,0,0,0,0,0,0
2011-12-04,0,0,0,0,0,0,0,0,0,0,0,0,0,0,0,0,0,0,0,0,0,0,0,0,0,0,0,0,0,0,0,0,0,0
2011-12-05,0,0,0,0,0,0,0,0,0,0,0,0,0,0,0,0,0,0,0,0,0,0,0,0,0,0,0,0,0,0,0,0,0,0
2011-12-06,0,0,0,0,0,0,0,0,0,0,0,0,0,0,0,0,0,0,0,0,0,0,0,0,0,0,0,0,0,0,0,0,0,0
2011-12-07,0,0,0,0,0,0,0,0,0,0,0,0,0,0,0,0,0,0,0,0,0,0,0,0,0,0,0,0,0,0,0,0,0,0
2011-12-08,0,0,0,0,0,0,0,0,0,0,0,0,0,0,0,0,0,0,0,0,0,0,0,0,0,0,0,0,0,0,0,0,0,0
2011-12-09,0,0,0,0,0,0,0,0,0,0,0,0,0,0,0,0,0,0,0,0,0,0,0,0,0,0,0,0,0,0,0,0,0,0
2011-12-10,0,0,0,0,0,0,0,0,0,0,0,0,0,0,0,0,0,0,0,0,0,0,0,0,0,0,0,0,0,0,0,0,0,0
2011-12-11,0,0,0,0,0,0,0,0,0,0,0,0,0,0,0,0,0,0,0,0,0,0,0,0,0,0,0,0,0,0,0,0,0,0
2011-12-12,0,0,0,0,0,0,0,0,0,0,0,0,0,0,0,0,0,0,0,0,0,0,0,0,0,0,0,0,0,0,0,0,0,0
2011-12-13,0,0,0,0,0,0,0,0,0,0,0,0,0,0,0,0,0,0,0,0,0,0,0,0,0,0,0,0,0,0,0,0,0,0
2011-12-14,0,0,0,0,0,0,0,0,0,0,0,0,0,0,0,0,0,0,0,0,0,0,0,0,0,0,0,0,0,0,0,0,0,0
2011-12-15,0,0,0,0,0,0,0,0,0,0,0,0,0,0,0,0,0,0,0,0,0,0,0,0,0,0,0,0,0,0,0,0,0,0
2011-12-16,0,0,0,0,0,0,0,0,0,0,0,0,0,0,0,0,0,0,0,0,0,0,0,0,0,0,0,0,0,0,0,0,0,0
2011-12-17,0,0,0,0,0,0,0,0,0,0,0,0,0,0,0,0,0,0,0,0,0,0,0,0,0,0,0,0,0,0,0,0,0,0
2011-12-18,0,0,0,0,0,0,0,0,0,0,0,0,0,0,0,0,0,0,0,0,0,0,0,0,0,0,0,0,0,0,0,0,0,0
2011-12-19,0,0,0,0,0,0,0,0,0,0,0,0,0,0,0,0,0,0,0,0,0,0,0,0,0,0,0,0,0,0,0,0,0,0
2011-12-20,0,0,0,0,0,0,0,0,0,0,0,0,0,0,0,0,0,0,0,0,0,0,0,0,0,0,0,0,0,0,0,0,0,0
2011-12-21,0,0,0,0,0,0,0,0,0,0,0,0,0,0,0,0,0,0,0,0,0,0,0,0,0,0,0,0,0,0,0,0,0,0
2011-12-22,0,0,0,0,0,0,0,0,0,0,0,0,0,0,0,0,0,0,0,0,0,0,0,0,0,0,0,0,0,0,0,0,0,0
2011-12-23,0,0,0,0,0,0,0,0,0,0,0,0,0,0,0,0,0,0,0,0,0,0,0,0,0,0,0,0,0,0,0,0,0,0
2011-12-24,0,0,0,0,0,0,0,0,0,0,0,0,0,0,0,0,0,0,0,0,0,0,0,0,0,0,0,0,0,0,0,0,0,0
2011-12-25,0,0,0,0,0,0,0,0,0,0,0,0,0,0,0,0,0,0,0,0,0,0,0,0,0,0,0,0,0,0,0,0,0,0
2011-12-26,0,0,0,0,0,0,0,0,0,0,0,0,0,0,0,0,0,0,0,0,0,0,0,0,0,0,0,0,0,0,0,0,0,0
2011-12-27,0,0,0,0,0,0,0,0,0,0,0,0,0,0,0,0,0,0,0,0,0,0,0,0,0,0,0,0,0,0,0,0,0,0
2011-12-28,0,0,0,0,0,0,0,0,0,0,0,0,0,0,0,0,0,0,0,0,0,0,0,0,0,0,0,0,0,0,0,0,0,0
2011-12-29,0,0,0,0,0,0,0,0,0,0,0,0,0,0,0,0,0,0,0,0,0,0,0,0,0,0,0,0,0,0,0,0,0,0
2011-12-30,0,0,0,0,0,0,0,0,0,0,0,0,0,0,0,0,0,0,0,0,0,0,0,0,0,0,0,0,0,0,0,0,0,0
2011-12-31,0,0,0,0,0,0,0,0,0,0,0,0,0,0,0,0,0,0,0,0,0,0,0,0,0,0,0,0,0,0,0,0,0,0
2012-01-01,0,0,0,0,0,0,0,0,0,0,0,0,0,0,0,0,0,0,0,0,0,0,0,0,0,0,0,0,0,0,0,0,0,0
2012-01-02,0,0,0,0,0,0,0,0,0,0,0,0,0,0,0,0,0,0,0,0,0,0,0,0,0,0,0,0,0,0,0,0,0,0
2012-01-03,0,0,0,0,0,0,0,0,0,0,0,0,0,0,0,0,0,0,0,0,0,0,0,0,0,0,0,0,0,0,0,0,0,0
2012-01-04,0,0,0,0,0,0,0,0,0,0,0,0,0,0,0,0,0,0,0,0,0,0,0,0,0,0,0,0,0,0,0,0,0,0
2012-01-05,0,0,0,0,0,0,0,0,0,0,0,0,0,0,0,0,0,0,0,0,0,0,0,0,0,0,0,0,0,0,0,0,0,0
2012-01-06,0,0,0,0,0,0,0,0,0,0,0,0,0,0,0,0,0,0,0,0,0,0,0,0,0,0,0,0,0,0,0,0,0,0
2012-01-07,0,0,0,0,0,0,0,0,0,0,0,0,0,0,0,0,0,0,0,0,0,0,0,0,0,0,0,0,0,0,0,0,0,0
2012-01-08,0,0,0,0,0,0,0,0,0,0,0,0,0,0,0,0,0,0,0,0,0,0,0,0,0,0,0,0,0,0,0,0,0,0
2012-01-09,0,0,0,0,0,0,0,0,0,0,0,0,0,0,0,0,0,0,0,0,0,0,0,0,0,0,0,0,0,0,0,0,0,0
2012-01-10,0,0,0,0,0,0,0,0,0,0,0,0,0,0,0,0,0,0,0,0,0,0,0,0,0,0,0,0,0,0,0,0,0,0
2012-01-11,0,0,0,0,0,0,0,0,0,0,0,0,0,0,0,0,0,0,0,0,0,0,0,0,0,0,0,0,0,0,0,0,0,0
2012-01-12,0,0,0,0,0,0,0,0,0,0,0,0,0,0,0,0,0,0,0,0,0,0,0,0,0,0,0,0,0,0,0,0,0,0
2012-01-13,0,0,0,0,0,0,0,0,0,0,0,0,0,0,0,0,0,0,0,0,0,0,0,0,0,0,0,0,0,0,0,0,0,0
2012-01-14,0,0,0,0,0,0,0,0,0,0,0,0,0,0,0,0,0,0,0,0,0,0,0,0,0,0,0,0,0,0,0,0,0,0
2012-01-15,0,0,0,0,0,0,0,0,0,0,0,0,0,0,0,0,0,0,0,0,0,0,0,0,0,0,0,0,0,0,0,0,0,0
2012-01-16,0,0,0,0,0,0,0,0,0,0,0,0,0,0,0,0,0,0,0,0,0,0,0,0,0,0,0,0,0,0,0,0,0,0
2012-01-17,0,0,0,0,0,0,0,0,0,0,0,0,0,0,0,0,0,0,0,0,0,0,0,0,0,0,0,0,0,0,0,0,0,0
2012-01-18,0,0,0,0,0,0,0,0,0,0,0,0,0,0,0,0,0,0,0,0,0,0,0,0,0,0,0,0,0,0,0,0,0,0
2012-01-19,0,0,0,0,0,0,0,0,0,0,0,0,0,0,0,0,0,0,0,0,0,0,0,0,0,0,0,0,0,0,0,0,0,0
2012-01-20,0,0,0,0,0,0,0,0,0,0,0,0,0,0,0,0,0,0,0,0,0,0,0,0,0,0,0,0,0,0,0,0,0,0
2012-01-21,0,0,0,0,0,0,0,0,0,0,0,0,0,0,0,0,0,0,0,0,0,0,0,0,0,0,0,0,0,0,0,0,0,0
2012-01-22,0,0,0,0,0,0,0,0,0,0,0,0,0,0,0,0,0,0,0,0,0,0,0,0,0,0,0,0,0,0,0,0,0,0
2012-01-23,0,0,0,0,0,0,0,0,0,0,0,0,0,0,0,0,0,0,0,0,0,0,0,0,0,0,0,0,0,0,0,0,0,0
2012-01-24,0,0,0,0,0,0,0,0,0,0,0,0,0,0,0,0,0,0,0,0,0,0,0,0,0,0,0,0,0,0,0,0,0,0
2012-01-25,0,0,0,0,0,0,0,0,0,0,0,0,0,0,0,0,0,0,0,0,0,0,0,0,0,0,0,0,0,0,0,0,0,0
2012-01-26,0,0,0,0,0,0,0,0,0,0,0,0,0,0,0,0,0,0,0,0,0,0,0,0,0,0,0,0,0,0,0,0,0,0
2012-01-27,0,0,0,0,0,0,0,0,0,0,0,0,0,0,0,0,0,0,0,0,0,0,0,0,0,0,0,0,0,0,0,0,0,0
2012-01-28,0,0,0,0,0,0,0,0,0,0,0,0,0,0,0,0,0,0,0,0,0,0,0,0,0,0,0,0,0,0,0,0,0,0
2012-01-29,0,0,0,0,0,0,0,0,0,0,0,0,0,0,0,0,0,0,0,0,0,0,0,0,0,0,0,0,0,0,0,0,0,0
2012-01-30,0,0,0,0,0,0,0,0,0,0,0,0,0,0,0,0,0,0,0,0,0,0,0,0,0,0,0,0,0,0,0,0,0,0
2012-01-31,0,0,0,0,0,0,0,0,0,0,0,0,0,0,0,0,0,0,0,0,0,0,0,0,0,0,0,0,0,0,0,0,0,0
2012-02-01,0,0,0,0,0,0,0,0,0,0,0,0,0,0,0,0,0,0,0,0,0,0,0,0,0,0,0,0,0,0,0,0,0,0
2012-02-02,0,0,0,0,0,0,0,0,0,0,0,0,0,0,0,0,0,0,0,0,0,0,0,0,0,0,0,0,0,0,0,0,0,0
2012-02-03,0,0,0,0,0,0,0,0,0,0,0,0,0,0,0,0,0,0,0,0,0,0,0,0,0,0,0,0,0,0,0,0,0,0
2012-02-04,0,0,0,0,0,0,0,0,0,0,0,0,0,0,0,0,0,0,0,0,0,0,0,0,0,0,0,0,0,0,0,0,0,0
2012-02-05,0,0,0,0,0,0,0,0,0,0,0,0,0,0,0,0,0,0,0,0,0,0,0,0,0,0,0,0,0,0,0,0,0,0
2012-02-06,0,0,0,0,0,0,0,0,0,0,0,0,0,0,0,0,0,0,0,0,0,0,0,0,0,0,0,0,0,0,0,0,0,0
2012-02-07,0,0,0,0,0,0,0,0,0,0,0,0,0,0,0,0,0,0,0,0,0,0,0,0,0,0,0,0,0,0,0,0,0,0
2012-02-08,0,0,0,0,0,0,0,0,0,0,0,0,0,0,0,0,0,0,0,0,0,0,0,0,0,0,0,0,0,0,0,0,0,0
2012-02-09,0,0,0,0,0,0,0,0,0,0,0,0,0,0,0,0,0,0,0,0,0,0,0,0,0,0,0,0,0,0,0,0,0,0
2012-02-10,0,0,0,0,0,0,0,0,0,0,0,0,0,0,0,0,0,0,0,0,0,0,0,0,0,0,0,0,0,0,0,0,0,0
2012-02-11,0,0,0,0,0,0,0,0,0,0,0,0,0,0,0,0,0,0,0,0,0,0,0,0,0,0,0,0,0,0,0,0,0,0
2012-02-12,0,0,0,0,0,0,0,0,0,0,0,0,0,0,0,0,0,0,0,0,0,0,0,0,0,0,0,0,0,0,0,0,0,0
2012-02-13,0,0,0,0,0,0,0,0,0,0,0,0,0,0,0,0,0,0,0,0,0,0,0,0,0,0,0,0,0,0,0,0,0,0
2012-02-14,0,0,0,0,0,0,0,0,0,0,0,0,0,0,0,0,0,0,0,0,0,0,0,0,0,0,0,0,0,0,0,0,0,0
2012-02-15,0,0,0,0,0,0,0,0,0,0,0,0,0,0,0,0,0,0,0,0,0,0,0,0,0,0,0,0,0,0,0,0,0,0
2012-02-16,0,0,0,0,0,0,0,0,0,0,0,0,0,0,0,0,0,0,0,0,0,0,0,0,0,0,0,0,0,0,0,0,0,0
2012-02-17,0,0,0,0,0,0,0,0,0,0,0,0,0,0,0,0,0,0,0,0,0,0,0,0,0,0,0,0,0,0,0,0,0,0
2012-02-18,0,0,0,0,0,0,0,0,0,0,0,0,0,0,0,0,0,0,0,0,0,0,0,0,0,0,0,0,0,0,0,0,0,0
2012-02-19,0,0,0,0,0,0,0,0,0,0,0,0,0,0,0,0,0,0,0,0,0,0,0,0,0,0,0,0,0,0,0,0,0,0
2012-02-20,0,0,0,0,0,0,0,0,0,0,0,0,0,0,0,0,0,0,0,0,0,0,0,0,0,0,0,0,0,0,0,0,0,0
2012-02-21,0,0,0,0,0,0,0,0,0,0,0,0,0,0,0,0,0,0,0,0,0,0,0,0,0,0,0,0,0,0,0,0,0,0
2012-02-22,0,0,0,0,0,0,0,0,0,0,0,0,0,0,0,0,0,0,0,0,0,0,0,0,0,0,0,0,0,0,0,0,0,0
2012-02-23,0,0,0,0,0,0,0,0,0,0,0,0,0,0,0,0,0,0,0,0,0,0,0,0,0,0,0,0,0,0,0,0,0,0
2012-02-24,0,0,0,0,0,0,0,0,0,0,0,0,0,0,0,0,0,0,0,0,0,0,0,0,0,0,0,0,0,0,0,0,0,0
2012-02-25,0,0,0,0,0,0,0,0,0,0,0,0,0,0,0,0,0,0,0,0,0,0,0,0,0,0,0,0,0,0,0,0,0,0
2012-02-26,0,0,0,0,0,0,0,0,0,0,0,0,0,0,0,0,0,0,0,0,0,0,0,0,0,0,0,0,0,0,0,0,0,0
2012-02-27,0,0,0,0,0,0,0,0,0,0,0,0,0,0,0,0,0,0,0,0,0,0,0,0,0,0,0,0,0,0,0,0,0,0
2012-02-28,0,0,0,0,0,0,0,0,0,0,0,0,0,0,0,0,0,0,0,0,0,0,0,0,0,0,0,0,0,0,0,0,0,0
2012-02-29,0,0,0,0,0,0,0,0,0,0,0,0,0,0,0,0,0,0,0,0,0,0,0,0,0,0,0,0,0,0,0,0,0,0
2012-03-01,0,0,0,0,0,0,0,0,0,0,0,0,0,0,0,0,0,0,0,0,0,0,0,0,0,0,0,0,0,0,0,0,0,0
2012-03-02,0,0,0,0,0,0,0,0,0,0,0,0,0,0,0,0,0,0,0,0,0,0,0,0,0,0,0,0,0,0,0,0,0,0
2012-03-03,0,0,0,0,0,0,0,0,0,0,0,0,0,0,0,0,0,0,0,0,0,0,0,0,0,0,0,0,0,0,0,0,0,0
2012-03-04,0,0,0,0,0,0,0,0,0,0,0,0,0,0,0,0,0,0,0,0,0,0,0,0,0,0,0,0,0,0,0,0,0,0
2012-03-05,0,0,0,0,0,0,0,0,0,0,0,0,0,0,0,0,0,0,0,0,0,0,0,0,0,0,0,0,0,0,0,0,0,0
2012-03-06,0,0,0,0,0,0,0,0,0,0,0,0,0,0,0,0,0,0,0,0,0,0,0,0,0,0,0,0,0,0,0,0,0,0
2012-03-07,0,0,0,0,0,0,0,0,0,0,0,0,0,0,0,0,0,0,0,0,0,0,0,0,0,0,0,0,0,0,0,0,0,0
2012-03-08,0,0,0,0,0,0,0,0,0,0,0,0,0,0,0,0,0,0,0,0,0,0,0,0,0,0,0,0,0,0,0,0,0,0
2012-03-09,0,0,0,0,0,0,0,0,0,0,0,0,0,0,0,0,0,0,0,0,0,0,0,0,0,0,0,0,0,0,0,0,0,0
2012-03-10,0,0,0,0,0,0,0,0,0,0,0,0,0,0,0,0,0,0,0,0,0,0,0,0,0,0,0,0,0,0,0,0,0,0
2012-03-11,0,0,0,0,0,0,0,0,0,0,0,0,0,0,0,0,0,0,0,0,0,0,0,0,0,0,0,0,0,0,0,0,0,0
2012-03-12,0,0,0,0,0,0,0,0,0,0,0,0,0,0,0,0,0,0,0,0,0,0,0,0,0,0,0,0,0,0,0,0,0,0
2012-03-13,0,0,0,0,0,0,0,0,0,0,0,0,0,0,0,0,0,0,0,0,0,0,0,0,0,0,0,0,0,0,0,0,0,0
2012-03-14,0,0,0,0,0,0,0,0,0,0,0,0,0,0,0,0,0,0,0,0,0,0,0,0,0,0,0,0,0,0,0,0,0,0
2012-03-15,0,0,0,0,0,0,0,0,0,0,0,0,0,0,0,0,0,0,0,0,0,0,0,0,0,0,0,0,0,0,0,0,0,0
2012-03-16,0,0,0,0,0,0,0,0,0,0,0,0,0,0,0,0,0,0,0,0,0,0,0,0,0,0,0,0,0,0,0,0,0,0
2012-03-17,0,0,0,0,0,0,0,0,0,0,0,0,0,0,0,0,0,0,0,0,0,0,0,0,0,0,0,0,0,0,0,0,0,0
2012-03-18,0,0,0,0,0,0,0,0,0,0,0,0,0,0,0,0,0,0,0,0,0,0,0,0,0,0,0,0,0,0,0,0,0,0
2012-03-19,0,0,0,0,0,0,0,0,0,0,0,0,0,0,0,0,0,0,0,0,0,0,0,0,0,0,0,0,0,0,0,0,0,0
2012-03-20,0,0,0,0,0,0,0,0,0,0,0,0,0,0,0,0,0,0,0,0,0,0,0,0,0,0,0,0,0,0,0,0,0,0
2012-03-21,0,0,0,0,0,0,0,0,0,0,0,0,0,0,0,0,0,0,0,0,0,0,0,0,0,0,0,0,0,0,0,0,0,0
2012-03-22,0,0,0,0,0,0,0,0,0,0,0,0,0,0,0,0,0,0,0,0,0,0,0,0,0,0,0,0,0,0,0,0,0,0
2012-03-23,0,0,0,0,0,0,0,0,0,0,0,0,0,0,0,0,0,0,0,0,0,0,0,0,0,0,0,0,0,0,0,0,0,0
2012-03-24,0,0,0,0,0,0,0,0,0,0,0,0,0,0,0,0,0,0,0,0,0,0,0,0,0,0,0,0,0,0,0,0,0,0
2012-03-25,0,0,0,0,0,0,0,0,0,0,0,0,0,0,0,0,0,0,0,0,0,0,0,0,0,0,0,0,0,0,0,0,0,0
2012-03-26,0,0,0,0,0,0,0,0,0,0,0,0,0,0,0,0,0,0,0,0,0,0,0,0,0,0,0,0,0,0,0,0,0,0
2012-03-27,0,0,0,0,0,0,0,0,0,0,0,0,0,0,0,0,0,0,0,0,0,0,0,0,0,0,0,0,0,0,0,0,0,0
2012-03-28,0,0,0,0,0,0,0,0,0,0,0,0,0,0,0,0,0,0,0,0,0,0,0,0,0,0,0,0,0,0,0,0,0,0
2012-03-29,0,0,0,0,0,0,0,0,0,0,0,0,0,0,0,0,0,0,0,0,0,0,0,0,0,0,0,0,0,0,0,0,0,0
2012-03-30,0,0,0,0,0,0,0,0,0,0,0,0,0,0,0,0,0,0,0,0,0,0,0,0,0,0,0,0,0,0,0,0,0,0
2012-03-31,0,0,0,0,0,0,0,0,0,0,0,0,0,0,0,0,0,0,0,0,0,0,0,0,0,0,0,0,0,0,0,0,0,0
2012-04-01,0,0,0,0,0,0,0,0,0,0,0,0,0,0,0,0,0,0,0,0,0,0,0,0,0,0,0,0,0,0,0,0,0,0
2012-04-02,0,0,0,0,0,0,0,0,0,0,0,0,0,0,0,0,0,0,0,0,0,0,0,0,0,0,0,0,0,0,0,0,0,0
2012-04-03,0,0,0,0,0,0,0,0,0,0,0,0,0,0,0,0,0,0,0,0,0,0,0,0,0,0,0,0,0,0,0,0,0,0
2012-04-04,0,0,0,0,0,0,0,0,0,0,0,0,0,0,0,0,0,0,0,0,0,0,0,0,0,0,0,0,0,0,0,0,0,0
2012-04-05,0,0,0,0,0,0,0,0,0,0,0,0,0,0,0,0,0,0,0,0,0,0,0,0,0,0,0,0,0,0,0,0,0,0
2012-04-06,0,0,0,0,0,0,0,0,0,0,0,0,0,0,0,0,0,0,0,0,0,0,0,0,0,0,0,0,0,0,0,0,0,0
2012-04-07,0,0,0,0,0,0,0,0,0,0,0,0,0,0,0,0,0,0,0,0,0,0,0,0,0,0,0,0,0,0,0,0,0,0
2012-04-08,0,0,0,0,0,0,0,0,0,0,0,0,0,0,0,0,0,0,0,0,0,0,0,0,0,0,0,0,0,0,0,0,0,0
2012-04-09,0,0,0,0,0,0,0,0,0,0,0,0,0,0,0,0,0,0,0,0,0,0,0,0,0,0,0,0,0,0,0,0,0,0
2012-04-10,0,0,0,0,0,0,0,0,0,0,0,0,0,0,0,0,0,0,0,0,0,0,0,0,0,0,0,0,0,0,0,0,0,0
2012-04-11,0,0,0,0,0,0,0,0,0,0,0,0,0,0,0,0,0,0,0,0,0,0,0,0,0,0,0,0,0,0,0,0,0,0
2012-04-12,0,0,0,0,0,0,0,0,0,0,0,0,0,0,0,0,0,0,0,0,0,0,0,0,0,0,0,0,0,0,0,0,0,0
2012-04-13,0,0,0,0,0,0,0,0,0,0,0,0,0,0,0,0,0,0,0,0,0,0,0,0,0,0,0,0,0,0,0,0,0,0
2012-04-14,0,0,0,0,0,0,0,0,0,0,0,0,0,0,0,0,0,0,0,0,0,0,0,0,0,0,0,0,0,0,0,0,0,0
2012-04-15,0,0,0,0,0,0,0,0,0,0,0,0,0,0,0,0,0,0,0,0,0,0,0,0,0,0,0,0,0,0,0,0,0,0
2012-04-16,0,0,0,0,0,0,0,0,0,0,0,0,0,0,0,0,0,0,0,0,0,0,0,0,0,0,0,0,0,0,0,0,0,0
2012-04-17,0,0,0,0,0,0,0,0,0,0,0,0,0,0,0,0,0,0,0,0,0,0,0,0,0,0,0,0,0,0,0,0,0,0
2012-04-18,0,0,0,0,0,0,0,0,0,0,0,0,0,0,0,0,0,0,0,0,0,0,0,0,0,0,0,0,0,0,0,0,0,0
2012-04-19,0,0,0,0,0,0,0,0,0,0,0,0,0,0,0,0,0,0,0,0,0,0,0,0,0,0,0,0,0,0,0,0,0,0
2012-04-20,0,0,0,0,0,0,0,0,0,0,0,0,0,0,0,0,0,0,0,0,0,0,0,0,0,0,0,0,0,0,0,0,0,0
2012-04-21,0,0,0,0,0,0,0,0,0,0,0,0,0,0,0,0,0,0,0,0,0,0,0,0,0,0,0,0,0,0,0,0,0,0
2012-04-22,0,0,0,0,0,0,0,0,0,0,0,0,0,0,0,0,0,0,0,0,0,0,0,0,0,0,0,0,0,0,0,0,0,0
2012-04-23,0,0,0,0,0,0,0,0,0,0,0,0,0,0,0,0,0,0,0,0,0,0,0,0,0,0,0,0,0,0,0,0,0,0
2012-04-24,0,0,0,0,0,0,0,0,0,0,0,0,0,0,0,0,0,0,0,0,0,0,0,0,0,0,0,0,0,0,0,0,0,0
2012-04-25,0,0,0,0,0,0,0,0,0,0,0,0,0,0,0,0,0,0,0,0,0,0,0,0,0,0,0,0,0,0,0,0,0,0
2012-04-26,0,0,0,0,0,0,0,0,0,0,0,0,0,0,0,0,0,0,0,0,0,0,0,0,0,0,0,0,0,0,0,0,0,0
2012-04-27,0,0,0,0,0,0,0,0,0,0,0,0,0,0,0,0,0,0,0,0,0,0,0,0,0,0,0,0,0,0,0,0,0,0
2012-04-28,0,0,0,0,0,0,0,0,0,0,0,0,0,0,0,0,0,0,0,0,0,0,0,0,0,0,0,0,0,0,0,0,0,0
2012-04-29,0,1,0,0,0,0,4,0,0,0,0,0,0,0,0,0,0,0,0,0,0,0,0,0,0,0,12,0,0,0,0,0,2,0
2012-04-30,0,0,0,0,0,0,0,0,0,0,0,0,0,0,0,0,0,0,0,0,0,0,0,0,0,0,0,0,1,0,0,0,2,0
2012-05-01,0,0,0,0,0,0,1,0,0,0,0,0,0,0,0,0,22,0,0,0,0,0,0,0,0,0,0,0,9,0,0,0,1,0
2012-05-02,0,0,0,0,0,0,0,0,0,0,0,0,0,0,0,0,46,0,0,0,0,0,0,0,0,0,0,0,32,2,0,0,1,0
2012-05-03,0,0,0,0,0,0,0,0,0,0,0,0,0,0,0,0,4,0,0,0,0,0,0,0,0,0,0,0,42,0,0,0,0,0
2012-05-04,0,0,0,0,0,0,0,0,0,0,0,0,0,0,0,0,0,0,0,0,0,0,0,0,0,0,0,0,8,0,0,0,0,0
2012-05-05,0,0,0,0,0,0,0,0,0,0,0,0,0,0,0,0,0,0,0,0,0,0,0,0,0,0,0,0,0,0,0,0,0,0
2012-05-06,0,0,0,0,0,0,0,0,0,0,0,0,0,0,0,0,0,0,0,0,0,0,0,0,0,0,0,0,0,0,0,0,0,0
2012-05-07,0,0,0,0,0,0,0,0,0,0,0,0,0,0,0,0,0,0,0,0,0,0,0,0,0,0,0,0,0,0,0,0,0,0
2012-05-08,0,0,0,0,0,0,0,0,0,0,0,0,0,0,0,0,0,0,0,0,0,0,0,0,0,0,0,0,0,0,0,0,0,0
2012-05-09,0,0,0,0,0,0,0,0,0,0,34,0,0,0,0,0,0,0,0,0,0,0,0,0,0,0,0,1,0,0,0,0,0,0
2012-05-10,0,0,0,0,0,0,0,0,0,0,238,0,48,0,0,0,0,0,0,0,0,0,0,0,0,0,0,53,0,0,0,0,0,0
2012-05-11,0,0,0,0,0,0,0,0,0,0,372,0,7,0,0,0,0,0,15,0,0,0,0,0,0,0,33,66,17,0,0,0,0,0
2012-05-12,0,0,0,0,0,0,0,0,0,0,548,0,0,0,1,0,0,0,49,0,0,0,0,0,0,0,0,132,37,5,0,0,0,0
2012-05-13,0,0,0,0,0,0,0,0,0,0,521,0,0,0,0,0,0,0,0,0,0,0,0,0,0,0,0,92,0,0,0,0,0,0
2012-05-14,0,0,0,0,0,0,0,0,0,0,408,0,0,0,0,0,0,0,0,0,0,0,0,0,0,0,0,90,0,0,0,0,0,0
2012-05-15,0,0,0,0,0,0,0,0,0,0,214,0,0,0,0,0,0,0,0,0,0,0,0,0,0,0,0,66,0,0,0,0,0,0
2012-05-16,0,0,0,0,0,0,0,0,0,0,285,0,0,0,0,0,0,0,0,0,0,0,0,0,0,0,0,130,0,0,0,0,0,0
2012-05-17,0,0,0,0,0,0,0,0,0,0,147,0,0,0,0,0,0,0,0,0,0,0,0,0,0,0,0,0,0,0,0,0,0,0
2012-05-18,0,0,0,0,0,0,0,0,0,0,10,0,0,0,0,0,0,0,0,0,0,0,0,0,0,0,0,0,0,0,0,0,0,0
2012-05-19,0,0,0,0,0,0,0,0,0,0,0,0,0,0,0,0,0,0,0,0,0,0,0,0,0,0,0,0,0,0,0,0,0,0
2012-05-20,0,0,0,0,0,0,0,0,0,0,0,0,0,0,0,0,0,0,0,0,0,0,0,0,0,0,0,0,0,0,0,0,0,0
2012-05-21,0,0,0,0,0,0,0,0,0,0,0,0,0,0,0,0,0,0,0,0,0,0,0,0,0,0,8,0,0,0,0,0,0,0
2012-05-22,0,0,0,0,0,0,0,26,0,0,0,0,0,0,0,0,1,0,0,0,0,0,0,0,0,0,45,0,0,0,0,0,0,0
2012-05-23,0,0,0,0,0,0,0,3,0,0,26,0,0,0,0,0,0,0,0,0,0,0,0,0,0,0,13,1,0,0,0,0,0,0
2012-05-24,0,0,0,0,0,0,0,0,0,0,149,0,0,0,0,0,0,0,9,0,0,0,0,0,0,0,0,35,0,0,0,0,0,0
2012-05-25,0,0,0,0,0,0,0,0,0,0,80,0,39,0,0,0,0,0,0,0,0,0,0,0,0,0,0,0,0,0,0,0,0,0
2012-05-26,0,0,0,0,0,0,0,0,0,0,21,0,0,0,0,0,0,0,0,0,0,0,0,0,0,0,0,0,0,0,0,0,0,0
2012-05-27,0,0,0,0,0,0,0,0,0,0,15,0,0,0,0,0,0,0,0,0,0,0,0,0,0,0,0,0,0,0,0,0,0,0
2012-05-28,0,0,0,0,0,0,0,0,0,0,72,0,0,0,0,0,0,0,0,0,0,0,0,0,0,0,0,0,0,0,0,0,0,0
2012-05-29,0,0,0,0,0,0,0,0,0,0,87,0,0,0,0,0,0,0,0,0,0,0,0,0,0,0,0,0,0,0,0,0,0,0
2012-05-30,0,0,0,0,0,0,0,0,0,0,287,0,1,0,0,0,0,0,7,0,0,0,0,0,0,0,0,18,0,0,0,0,0,0
2012-05-31,0,0,0,0,0,0,0,0,0,0,781,0,10,0,0,0,0,0,0,0,0,0,0,0,0,0,0,179,0,0,0,0,0,0
2012-06-01,0,0,0,0,0,0,0,0,0,0,794,0,30,0,0,0,0,0,15,0,0,0,0,0,0,0,0,116,0,0,0,0,0,0
2012-06-02,0,0,0,0,0,0,0,0,0,0,328,0,42,0,0,0,0,0,29,0,0,0,0,0,0,0,0,0,0,0,0,0,0,0
2012-06-03,0,0,1,0,8,0,0,0,0,0,71,0,0,0,6,5,5,0,51,0,0,0,0,0,0,0,0,0,8,28,0,0,0,0
2012-06-04,0,0,0,0,45,0,0,0,0,0,97,0,0,0,33,0,43,0,4,0,0,0,0,2,0,0,0,1,211,52,0,0,0,0
2012-06-05,0,0,0,0,0,0,0,0,0,0,302,0,0,0,18,0,0,0,0,0,0,0,0,0,0,0,0,2,5,0,0,0,0,0
2012-06-06,0,0,0,0,0,0,0,0,0,0,504,0,0,0,2,0,0,0,2,0,0,0,0,0,0,0,0,0,0,0,0,0,0,0
2012-06-07,0,0,0,0,0,0,0,0,0,0,425,0,0,0,4,0,0,0,24,0,0,0,0,0,0,0,0,0,0,0,0,0,0,0
2012-06-08,2,0,21,0,6,0,0,0,0,0,79,0,0,0,28,47,85,0,143,0,0,0,0,5,0,0,0,0,25,79,0,3,7,1
2012-06-09,16,0,31,0,84,0,0,0,0,0,16,0,0,0,141,35,125,0,156,0,0,0,4,33,0,0,0,0,327,240,0,0,1,20
2012-06-10,18,0,1,0,56,0,0,0,0,0,295,0,0,0,146,2,6,0,83,0,0,0,3,21,0,0,0,0,143,122,0,0,0,14
2012-06-11,4,0,0,0,20,0,0,0,0,0,188,0,0,0,143,0,0,0,54,0,0,0,0,17,0,0,0,0,24,4,0,0,0,2
2012-06-12,8,0,0,0,167,0,0,0,0,0,12,0,0,0,203,0,0,0,122,0,0,0,0,32,0,0,0,0,238,37,0,0,0,2
2012-06-13,2,0,0,0,282,0,0,0,0,0,45,0,0,0,343,0,0,0,27,0,0,0,0,38,0,0,0,0,355,3,0,0,0,0
2012-06-14,0,0,0,0,90,0,0,0,0,0,131,0,0,0,305,0,0,0,4,0,0,0,0,8,0,0,0,0,71,0,0,0,0,0
2012-06-15,0,0,0,0,43,0,0,0,0,0,356,0,0,0,251,0,0,0,33,0,0,0,1,8,0,0,0,0,38,0,0,0,0,0
2012-06-16,14,6,3,0,12,0,1,0,0,0,528,0,0,0,245,13,18,0,156,0,0,0,4,15,0,0,0,0,30,17,0,0,11,1
2012-06-17,19,12,16,0,23,0,6,0,0,0,602,0,7,0,154,56,189,0,395,0,0,0,6,28,0,0,26,5,185,102,0,4,43,11
2012-06-18,28,58,41,0,42,0,56,26,0,0,415,0,17,0,148,120,352,0,604,0,0,0,10,40,0,0,146,0,413,155,0,20,78,19
2012-06-19,35,39,65,0,111,0,15,0,0,0,139,0,19,0,233,164,432,0,803,0,0,0,11,52,0,0,79,0,540,199,0,35,104,22
2012-06-20,43,57,94,0,223,0,31,0,0,0,202,0,64,0,383,221,527,0,934,0,0,0,12,63,0,0,33,0,708,262,0,49,132,29
2012-06-21,52,14,134,0,256,0,4,0,0,0,371,0,49,0,374,260,567,0,894,0,0,0,13,68,0,0,72,1,845,331,0,49,95,38
2012-06-22,51,0,55,0,341,0,0,0,0,0,504,0,39,0,416,123,121,0,804,0,0,0,13,77,0,0,0,2,846,228,0,3,3,33
2012-06-23,62,0,40,0,369,0,0,0,0,0,838,0,25,0,530,82,63,0,728,0,0,0,17,75,0,0,0,24,480,175,0,0,0,21
2012-06-24,47,0,36,0,80,0,0,0,0,0,1660,0,50,0,437,96,87,0,622,0,0,0,13,30,0,0,0,183,89,133,0,4,7,15
2012-06-25,33,0,10,0,162,0,0,0,0,0,2141,0,98,0,363,28,0,0,592,0,0,0,7,37,0,0,0,404,253,111,0,0,0,21
2012-06-26,34,0,3,0,40,0,0,0,0,0,2627,0,158,0,370,13,0,0,502,0,0,0,7,13,0,0,0,593,21,0,0,0,0,0
2012-06-27,25,0,1,0,2,0,0,0,0,0,2675,0,533,0,221,10,0,0,585,0,0,0,4,0,0,0,0,355,0,0,0,0,0,0
2012-06-28,14,0,5,8,1,0,0,0,0,0,2095,0,650,0,131,49,13,0,666,0,0,0,3,1,2,0,0,38,3,10,0,4,0,0
2012-06-29,12,34,55,0,33,17,21,202,0,0,1094,0,226,0,169,168,219,0,859,0,0,0,5,20,0,0,9,0,90,157,0,27,27,7
2012-06-30,39,167,158,0,93,7,243,213,0,0,450,0,162,0,265,283,577,0,1141,0,0,0,13,46,0,0,374,0,313,308,0,60,142,30
2012-07-01,61,132,204,0,117,0,155,0,0,0,115,0,35,0,238,334,738,0,1317,0,0,0,23,54,0,0,644,0,543,407,0,74,232,44
2012-07-02,69,78,187,0,74,0,35,0,0,0,258,0,5,0,190,327,736,0,1078,0,0,0,20,50,0,0,113,25,557,401,0,70,197,43
2012-07-03,51,57,132,0,61,0,45,0,0,0,768,0,1,0,154,284,715,0,661,0,0,0,14,40,0,0,344,50,623,328,0,47,211,36
2012-07-04,41,20,103,0,237,0,6,0,0,0,666,0,7,0,210,239,595,0,547,0,0,0,9,48,0,0,141,2,838,313,0,36,80,30
2012-07-05,40,33,79,0,370,0,52,0,0,0,309,0,1,0,367,229,637,0,610,2,0,0,9,76,0,0,444,0,984,373,0,22,131,31
2012-07-06,44,27,59,0,316,0,50,0,0,0,236,0,11,0,456,171,596,0,545,173,0,29,9,74,0,0,882,0,829,339,0,4,128,26
2012-07-07,45,22,89,0,303,0,20,0,0,0,567,0,17,0,442,199,559,0,628,156,0,41,12,71,0,0,559,0,808,320,0,16,115,30
2012-07-08,59,36,140,0,405,0,12,0,0,0,586,0,44,0,621,228,639,0,915,23,0,12,19,104,0,0,187,0,998,434,0,25,135,48
2012-07-09,82,8,186,0,510,0,1,0,0,0,593,0,61,0,679,255,402,0,1071,0,0,0,23,117,0,0,34,0,1076,468,0,25,45,53
2012-07-10,104,4,113,0,470,0,1,0,0,0,560,0,56,0,711,187,228,0,1049,0,0,0,21,119,0,0,4,0,740,335,0,6,33,51
2012-07-11,88,1,133,0,429,0,0,0,0,0,413,0,60,0,675,195,246,0,1054,0,0,0,20,97,0,0,1,0,577,358,0,5,18,45
2012-07-12,86,0,31,0,489,0,0,0,0,0,646,0,22,0,738,69,0,0,905,0,0,0,14,107,0,0,0,13,458,188,0,0,0,38
2012-07-13,52,0,36,0,330,0,0,0,0,0,1319,0,19,0,665,52,13,0,640,0,0,0,10,70,0,0,0,15,377,159,0,0,0,18
2012-07-14,72,0,106,0,474,0,0,0,0,0,908,0,29,0,680,128,88,0,855,0,0,0,15,107,0,0,0,5,823,376,0,0,0,44
2012-07-15,120,0,36,0,707,0,0,0,0,0,587,0,4,0,802,51,0,0,865,0,0,0,21,146,0,0,0,27,955,293,0,0,0,60
2012-07-16,70,0,3,0,421,0,0,0,0,0,982,0,1,0,846,11,0,0,356,0,0,0,10,70,0,0,0,290,307,2,0,0,0,0
2012-07-17,39,0,2,0,78,0,0,0,0,0,1713,0,49,0,497,10,0,0,298,0,0,0,6,10,0,0,0,597,49,0,0,0,0,0
2012-07-18,44,0,5,0,81,0,0,0,0,0,2215,0,206,0,372,25,0,0,520,0,0,0,7,10,0,0,0,457,88,0,0,0,0,0
2012-07-19,35,0,44,0,103,0,0,0,0,0,1956,0,60,0,337,140,161,0,693,0,0,0,7,21,0,0,0,217,220,87,0,6,2,3
2012-07-20,43,0,96,0,269,0,0,0,0,0,1344,0,39,0,399,166,93,0,743,0,0,0,12,76,0,0,0,60,569,276,0,6,0,36
2012-07-21,70,0,22,0,396,0,0,0,0,0,1165,0,13,0,541,43,5,0,569,0,0,0,13,103,0,0,0,93,676,270,0,0,0,47
2012-07-22,63,0,5,0,319,0,0,0,0,0,1189,0,3,0,518,7,0,0,273,0,0,0,11,58,0,0,0,167,427,7,0,0,0,4
2012-07-23,51,0,7,0,312,0,0,0,0,0,979,0,4,0,519,10,0,0,54,0,0,0,11,37,0,0,0,141,361,20,0,0,0,1
2012-07-24,10,0,0,0,326,0,0,0,0,0,926,0,61,0,445,5,54,0,105,0,0,0,2,45,0,0,0,101,471,8,0,0,3,1
2012-07-25,8,0,0,0,520,0,0,141,0,0,1184,0,557,0,447,1,44,0,193,0,0,0,1,61,0,0,13,104,978,31,0,0,5,5
2012-07-26,9,0,3,0,445,0,2,237,0,0,942,0,1184,0,551,13,0,0,401,0,0,0,3,66,0,0,101,45,814,23,0,0,0,8
2012-07-27,28,19,18,0,372,13,44,482,0,0,488,0,503,0,598,90,112,0,800,34,0,0,9,40,0,0,418,2,667,37,0,10,19,4
2012-07-28,58,24,82,0,451,0,49,18,0,14,472,0,85,0,672,208,379,0,1080,295,0,143,14,56,0,0,1003,2,902,170,0,30,68,17
2012-07-29,114,0,103,0,592,0,0,0,0,171,794,1,82,0,828,165,256,0,1092,285,0,272,22,121,0,0,217,31,1135,282,0,4,19,45
2012-07-30,118,0,38,0,436,0,0,0,0,2,1347,59,69,0,801,88,21,0,896,0,0,8,23,108,0,0,0,60,587,89,0,1,0,27
2012-07-31,81,0,30,0,276,0,0,0,0,0,1676,0,112,0,675,69,73,0,754,0,0,0,17,73,0,0,0,40,325,97,0,1,0,16
2012-08-01,44,1,34,0,122,0,0,1,0,0,1585,0,129,0,287,90,127,0,829,0,0,0,12,13,0,0,0,14,290,98,0,2,6,1
2012-08-02,29,15,46,0,219,0,31,9,0,0,1472,0,104,0,270,141,289,0,888,0,0,0,9,17,0,0,266,35,492,153,0,18,32,2
2012-08-03,30,0,79,0,222,0,0,0,0,0,1205,0,119,0,378,185,337,0,914,5,0,0,7,43,0,0,133,28,530,229,0,18,25,14
2012-08-04,55,10,110,0,373,0,4,0,0,0,1112,0,88,0,462,212,408,0,1017,0,0,0,12,76,0,0,0,20,725,299,0,27,39,31
2012-08-05,82,29,184,0,526,0,9,0,0,0,495,0,61,0,610,299,604,0,1136,0,0,0,20,106,0,0,28,0,1017,445,0,46,83,44
2012-08-06,99,55,250,0,665,0,55,0,0,0,250,0,27,0,743,359,814,0,1307,0,0,0,31,134,0,0,569,0,1374,537,0,55,191,58
2012-08-07,150,0,155,0,781,0,0,0,0,0,745,0,36,0,894,190,237,0,1262,0,0,0,47,165,0,0,0,80,1309,363,0,8,7,70
2012-08-08,112,0,60,0,544,0,0,0,0,0,1459,0,123,0,902,122,91,0,995,0,0,0,23,130,0,0,0,165,655,176,0,4,0,36
2012-08-09,89,0,36,0,336,0,0,0,0,0,2636,0,417,0,658,76,27,0,878,0,0,0,21,76,0,0,0,306,376,93,0,1,0,22
2012-08-10,49,0,15,0,91,0,0,0,0,0,3402,0,545,0,380,39,0,0,677,0,0,0,12,10,0,0,0,363,86,16,0,0,0,0
2012-08-11,17,0,6,0,5,0,0,0,0,0,2782,0,201,0,181,15,0,0,480,0,0,0,5,0,0,0,0,125,1,0,0,0,0,0
2012-08-12,10,0,0,0,0,0,0,0,0,0,1167,0,61,0,121,2,0,0,370,0,0,0,2,0,0,0,0,6,0,0,0,0,0,0
2012-08-13,4,0,0,0,0,0,0,0,0,0,640,0,62,0,146,2,0,0,454,0,0,0,0,0,0,0,0,0,0,0,0,0,0,0
2012-08-14,13,0,1,0,8,0,0,0,0,0,818,0,270,0,199,7,0,0,519,0,0,0,3,2,0,0,0,4,0,0,0,0,0,0
2012-08-15,15,0,6,1,38,0,0,52,0,0,623,0,189,0,276,23,0,0,697,0,0,0,4,18,2,0,0,0,8,0,0,0,0,0
2012-08-16,22,0,28,0,40,0,0,0,0,0,1056,0,90,0,381,72,7,0,813,0,0,0,5,35,0,0,0,20,25,48,0,1,0,10
2012-08-17,48,0,37,0,41,0,0,0,0,0,2182,0,779,0,385,95,22,0,901,0,0,0,13,33,0,0,0,80,26,46,0,4,2,5
2012-08-18,52,0,27,96,47,0,0,170,0,0,2373,0,1840,11,312,81,6,0,1087,0,2,0,12,18,79,0,0,84,42,26,0,4,0,0
2012-08-19,44,6,22,143,55,13,30,1276,2,0,2380,0,2076,0,257,79,28,0,1175,0,9,0,10,19,135,0,120,141,61,20,0,12,9,0
2012-08-20,39,82,36,2,81,18,267,970,0,0,2729,0,1209,0,241,128,307,0,1178,0,0,0,10,26,4,0,614,281,253,98,0,28,70,5
2012-08-21,39,40,107,0,320,9,69,310,0,0,2754,0,1270,0,312,186,445,0,1241,0,0,0,12,45,0,0,62,290,696,265,0,33,56,23
2012-08-22,66,44,168,0,445,2,11,23,0,0,2291,0,421,0,514,263,575,0,1306,0,0,0,17,87,0,0,39,92,738,388,0,54,79,39
2012-08-23,80,24,161,0,484,0,10,0,0,0,1536,0,356,0,615,246,490,0,1228,0,0,0,21,100,0,0,0,12,973,433,0,32,54,44
2012-08-24,99,53,211,0,554,0,24,0,0,0,936,0,206,0,667,329,649,0,1212,0,0,0,22,111,0,0,2,0,1195,492,0,59,101,46
2012-08-25,86,12,168,0,550,0,0,0,0,0,817,0,94,0,627,284,572,0,1087,0,0,0,19,104,0,0,0,16,1437,447,0,42,51,43
2012-08-26,66,0,44,0,498,0,0,0,0,0,603,0,22,0,575,40,157,0,597,0,0,0,13,102,0,0,0,8,1194,335,0,0,3,40
2012-08-27,21,0,1,0,13,0,0,0,0,0,773,0,25,0,409,4,0,0,271,0,0,0,5,1,0,0,0,2,31,0,0,0,0,0
2012-08-28,7,0,0,0,1,0,0,0,0,0,848,0,39,0,155,1,0,0,220,0,0,0,1,0,0,0,0,13,5,0,0,0,0,0
2012-08-29,2,0,0,0,0,0,0,0,0,0,906,0,21,0,88,6,0,0,355,0,0,0,2,0,0,0,0,4,0,0,0,0,0,0
2012-08-30,3,3,1,0,0,0,1,0,0,0,441,0,11,0,115,16,16,0,483,0,0,0,2,1,0,0,0,3,5,6,0,0,3,0
2012-08-31,13,0,20,0,17,0,0,0,0,0,212,0,0,0,148,34,111,0,293,0,0,0,4,9,0,0,0,72,67,118,0,0,0,2
2012-09-01,24,0,6,0,17,0,0,0,0,0,176,0,0,0,128,8,96,0,102,0,0,0,6,12,0,0,0,112,104,138,0,0,2,13
2012-09-02,17,0,4,0,3,0,0,0,0,0,126,0,0,0,85,5,63,0,57,0,0,0,6,8,0,0,0,133,41,66,0,0,0,5
2012-09-03,13,0,5,0,0,0,0,0,0,0,105,0,0,0,64,18,130,0,59,0,0,0,4,7,0,0,0,84,33,51,0,0,2,2
2012-09-04,13,0,7,0,0,0,0,0,0,0,187,0,0,0,84,15,88,0,32,0,0,0,4,12,0,0,0,117,23,48,0,0,1,4
2012-09-05,11,0,0,0,5,0,0,0,0,0,317,0,4,0,113,2,75,0,30,0,0,0,2,19,0,0,0,139,32,27,0,0,3,2
2012-09-06,4,0,0,0,7,0,0,0,0,0,541,0,11,0,135,0,0,0,34,0,0,0,0,8,0,0,0,181,15,0,0,0,0,0
2012-09-07,15,0,0,0,9,0,0,0,0,0,516,0,23,0,189,2,0,0,52,0,0,0,4,3,0,0,0,106,6,0,0,0,0,0
2012-09-08,11,0,0,0,1,0,0,0,0,0,314,0,38,0,84,0,0,0,51,0,0,0,3,0,0,0,0,22,4,0,0,0,0,0
2012-09-09,8,0,0,0,3,0,0,0,0,0,115,0,17,0,93,2,0,0,47,0,0,0,4,0,0,0,0,0,8,0,0,0,0,0
2012-09-10,7,0,0,0,0,0,0,0,0,0,83,0,15,0,60,2,0,0,60,0,0,0,3,0,0,0,0,0,1,1,0,0,0,0
2012-09-11,3,0,0,0,0,0,0,0,0,0,224,0,31,0,22,1,0,0,51,0,0,0,0,0,0,0,0,22,0,12,0,0,1,0
2012-09-12,2,0,0,0,0,0,0,0,0,0,553,0,0,0,9,0,0,0,58,0,0,0,0,0,0,0,0,106,0,0,0,0,0,0
2012-09-13,2,0,0,0,0,0,0,0,0,0,222,0,0,0,28,0,0,0,16,0,0,0,0,0,0,0,0,69,0,0,0,0,0,0
2012-09-14,0,0,0,0,15,0,0,0,0,0,137,0,0,0,43,0,0,0,0,0,0,0,0,0,0,0,0,115,18,0,0,0,0,0
2012-09-15,0,0,0,0,47,0,0,0,0,0,290,0,0,0,33,0,0,0,0,0,0,0,0,0,0,0,0,92,56,0,0,0,0,0
2012-09-16,0,0,0,0,0,0,0,0,0,0,247,0,0,0,14,0,0,0,0,0,0,0,0,0,0,0,0,23,0,0,0,0,0,0
2012-09-17,0,0,0,0,0,0,0,0,0,0,181,0,0,0,7,0,0,0,0,0,0,0,0,0,0,0,0,7,0,0,0,0,0,0
2012-09-18,0,0,0,0,0,0,0,0,0,0,251,0,0,0,5,0,0,0,0,0,0,0,0,0,0,0,0,76,0,0,0,0,0,0
2012-09-19,0,0,0,0,0,0,0,0,0,0,234,0,0,0,4,0,0,0,2,0,0,0,0,0,0,0,0,34,0,0,0,0,0,0
2012-09-20,0,0,0,0,0,0,0,0,0,0,189,0,0,0,21,0,0,0,2,0,0,0,0,0,0,0,0,19,0,0,0,0,0,0
2012-09-21,0,0,0,0,0,0,0,0,0,0,137,0,0,0,4,0,0,0,0,0,0,0,0,0,0,0,0,2,0,0,0,0,0,0
2012-09-22,0,0,0,0,0,0,0,0,0,0,156,0,0,0,0,0,0,0,21,0,0,0,0,0,0,0,0,6,0,0,0,0,0,0
2012-09-23,0,0,0,0,0,0,0,0,0,0,130,0,37,0,1,0,0,0,80,0,0,0,0,0,0,0,0,0,0,0,0,0,0,0
2012-09-24,0,0,0,0,0,0,0,0,0,0,50,0,0,0,6,0,0,0,198,0,0,0,0,0,0,0,0,0,0,0,0,0,0,0
2012-09-25,0,0,0,0,2,0,0,0,0,0,8,0,0,0,47,0,0,0,87,0,0,0,0,2,0,0,0,0,3,0,0,0,0,0
2012-09-26,1,0,0,0,11,0,0,0,0,0,3,0,0,0,148,0,0,0,124,0,0,0,0,2,0,0,0,0,2,0,0,0,0,0
2012-09-27,3,0,14,0,10,0,0,0,0,0,0,0,0,0,109,15,40,0,169,0,0,0,0,2,0,0,0,0,43,71,0,0,0,0
2012-09-28,4,0,0,0,25,0,0,0,0,0,0,0,0,0,98,1,0,0,212,0,0,0,2,3,0,0,0,0,36,0,0,0,0,0
2012-09-29,7,0,0,0,16,0,0,0,0,0,0,0,0,0,118,3,0,0,232,0,0,0,4,2,0,0,0,0,20,2,0,0,0,0
2012-09-30,6,0,0,0,28,0,0,0,0,0,0,0,0,0,83,1,0,0,90,0,0,0,4,5,0,0,0,0,43,35,0,0,0,0
2012-10-01,4,0,0,0,13,0,0,0,0,0,0,0,0,0,50,0,0,0,76,0,0,0,2,2,0,0,0,0,29,18,0,0,0,0
2012-10-02,0,0,0,0,1,0,0,0,0,0,0,0,0,0,16,0,0,0,10,0,0,0,0,0,0,0,0,0,5,0,0,0,0,0
2012-10-03,0,0,0,0,0,0,0,0,0,0,0,0,0,0,32,0,0,0,0,0,0,0,0,0,0,0,0,0,0,0,0,0,0,0
2012-10-04,0,0,0,0,0,0,0,0,0,0,0,0,0,0,7,0,0,0,0,0,0,0,0,0,0,0,0,0,0,0,0,0,0,0
2012-10-05,0,0,0,0,0,0,0,0,0,0,0,0,0,0,5,0,0,0,0,0,0,0,0,0,0,0,0,0,0,0,0,0,0,0
2012-10-06,0,0,0,0,0,0,0,0,0,0,0,0,0,0,6,0,0,0,0,0,0,0,0,0,0,0,0,0,0,0,0,0,0,0
2012-10-07,0,0,0,0,0,0,0,0,0,0,1,0,0,0,2,0,0,0,0,0,0,0,0,0,0,0,0,0,0,0,0,0,0,0
2012-10-08,0,0,0,0,0,0,0,0,0,0,12,0,0,0,4,0,0,0,1,0,0,0,0,0,0,0,0,2,0,0,0,0,0,0
2012-10-09,0,0,0,0,0,0,0,0,0,0,45,0,0,0,0,0,0,0,0,0,0,0,0,0,0,0,0,6,0,0,0,0,0,0
2012-10-10,0,0,0,0,0,0,0,0,0,0,16,0,0,0,0,0,0,0,1,0,0,0,0,0,0,0,0,1,0,0,0,0,0,0
2012-10-11,0,0,0,0,0,0,0,0,0,0,12,0,0,0,0,0,0,0,0,0,0,0,0,0,0,0,0,0,0,0,0,0,0,0
2012-10-12,0,0,0,0,0,0,0,0,0,0,0,0,0,0,0,0,0,0,0,0,0,0,0,0,0,0,0,0,0,0,0,0,0,0
2012-10-13,0,0,0,0,0,0,0,0,0,0,0,0,0,0,0,0,0,0,0,0,0,0,0,0,0,0,0,0,0,0,0,0,0,0
2012-10-14,0,0,0,0,0,0,0,0,0,0,0,0,0,0,0,0,0,0,0,0,0,0,0,0,0,0,0,0,0,0,0,0,0,0
2012-10-15,0,0,0,0,0,0,0,0,0,0,0,0,0,0,5,0,0,0,0,0,0,0,0,0,0,0,0,0,0,0,0,0,0,0
2012-10-16,0,0,0,0,0,0,0,0,0,0,0,0,0,0,10,0,0,0,0,0,0,0,0,0,0,0,0,0,0,0,0,0,0,0
2012-10-17,0,0,0,0,0,0,0,0,0,0,0,0,0,0,19,0,0,0,0,0,0,0,0,0,0,0,0,0,0,0,0,0,0,0
2012-10-18,0,0,0,0,0,0,0,0,0,0,3,0,0,0,9,0,0,0,0,0,0,0,0,0,0,0,0,0,0,0,0,0,0,0
2012-10-19,0,0,0,0,0,0,0,0,0,0,4,0,0,0,0,0,0,0,0,0,0,0,0,0,0,0,0,0,0,0,0,0,0,0
2012-10-20,0,0,0,0,0,0,0,0,0,0,0,0,0,0,0,0,0,0,1,0,0,0,0,0,0,0,0,0,0,0,0,0,0,0
2012-10-21,0,0,0,0,0,0,0,0,0,0,0,0,0,0,0,0,0,0,0,0,0,0,0,0,0,0,0,0,0,0,0,0,0,0
2012-10-22,0,0,0,0,0,0,0,0,0,0,0,0,0,0,0,0,0,0,0,0,0,0,0,0,0,0,0,0,0,0,0,0,0,0
2012-10-23,0,0,0,0,0,0,0,0,0,0,0,0,0,0,0,0,0,0,0,0,0,0,0,0,0,0,0,0,0,0,0,0,0,0
2012-10-24,0,0,0,0,0,0,0,0,0,0,0,0,0,0,0,0,0,0,0,0,0,0,0,0,0,0,0,0,0,0,0,0,0,0
2012-10-25,0,0,0,0,0,0,0,0,0,0,0,0,0,0,0,0,0,0,0,0,0,0,0,0,0,0,0,0,0,0,0,0,0,0
2012-10-26,0,0,0,0,0,0,0,0,0,0,0,0,0,0,0,0,0,0,0,0,0,0,0,0,0,0,0,0,0,0,0,0,0,0
2012-10-27,0,0,0,0,0,0,0,0,0,0,0,0,0,0,0,0,0,0,0,0,0,0,0,0,0,0,0,0,0,0,0,0,0,0
2012-10-28,0,0,0,0,0,0,0,0,0,0,0,0,0,0,9,0,0,0,0,0,0,0,0,0,0,0,0,0,0,0,0,0,0,0
2012-10-29,0,0,0,0,0,0,0,0,0,0,0,0,0,0,2,0,0,0,0,0,0,0,0,0,0,0,0,0,0,0,0,0,0,0
2012-10-30,0,0,0,0,0,0,0,0,0,0,0,0,0,0,0,0,0,0,0,0,0,0,0,0,0,0,0,0,0,0,0,0,0,0
2012-10-31,0,0,0,0,0,0,0,0,0,0,0,0,0,0,0,0,0,0,0,0,0,0,0,0,0,0,0,0,0,0,0,0,0,0
2012-11-01,0,0,0,0,0,0,0,0,0,0,0,0,0,0,0,0,0,0,0,0,0,0,0,0,0,0,0,0,0,0,0,0,0,0
2012-11-02,0,0,0,0,0,0,0,0,0,0,0,0,0,0,3,0,0,0,0,0,0,0,0,0,0,0,0,0,0,0,0,0,0,0
2012-11-03,0,0,0,0,0,0,0,0,0,0,0,0,0,0,0,0,0,0,0,0,0,0,0,0,0,0,0,0,0,0,0,0,0,0
2012-11-04,0,0,0,0,0,0,0,0,0,0,0,0,0,0,0,0,0,0,0,0,0,0,0,0,0,0,0,0,0,0,0,0,0,0
2012-11-05,0,0,0,0,0,0,0,0,0,0,0,0,0,0,0,0,0,0,0,0,0,0,0,0,0,0,0,0,0,0,0,0,0,0
2012-11-06,0,0,0,0,0,0,0,0,0,0,0,0,0,0,0,0,0,0,0,0,0,0,0,0,0,0,0,0,0,0,0,0,0,0
2012-11-07,0,0,0,0,0,0,0,0,0,0,0,0,0,0,0,0,0,0,0,0,0,0,0,0,0,0,0,0,0,0,0,0,0,0
2012-11-08,0,0,0,0,0,0,0,0,0,0,0,0,0,0,0,0,0,0,0,0,0,0,0,0,0,0,0,0,0,0,0,0,0,0
2012-11-09,0,0,0,0,0,0,0,0,0,0,0,0,0,0,0,0,0,0,0,0,0,0,0,0,0,0,0,0,0,0,0,0,0,0
2012-11-10,0,0,0,0,0,0,0,0,0,0,0,0,0,0,0,0,0,0,0,0,0,0,0,0,0,0,0,0,0,0,0,0,0,0
2012-11-11,0,0,0,0,0,0,0,0,0,0,0,0,0,0,0,0,0,0,0,0,0,0,0,0,0,0,0,0,0,0,0,0,0,0
2012-11-12,0,0,0,0,0,0,0,0,0,0,0,0,0,0,0,0,0,0,0,0,0,0,0,0,0,0,0,0,0,0,0,0,0,0
2012-11-13,0,0,0,0,0,0,0,0,0,0,0,0,0,0,0,0,0,0,0,0,0,0,0,0,0,0,0,0,0,0,0,0,0,0
2012-11-14,0,0,0,0,0,0,0,0,0,0,0,0,0,0,0,0,0,0,0,0,0,0,0,0,0,0,0,0,0,0,0,0,0,0
2012-11-15,0,0,0,0,0,0,0,0,0,0,0,0,0,0,0,0,0,0,0,0,0,0,0,0,0,0,0,0,0,0,0,0,0,0
2012-11-16,0,0,0,0,0,0,0,0,0,0,0,0,0,0,0,0,0,0,0,0,0,0,0,0,0,0,0,0,0,0,0,0,0,0
2012-11-17,0,0,0,0,0,0,0,0,0,0,0,0,0,0,0,0,0,0,0,0,0,0,0,0,0,0,0,0,0,0,0,0,0,0
2012-11-18,0,0,0,0,0,0,0,0,0,0,0,0,0,0,0,0,0,0,0,0,0,0,0,0,0,0,0,0,0,0,0,0,0,0
2012-11-19,0,0,0,0,0,0,0,0,0,0,0,0,0,0,0,0,0,0,0,0,0,0,0,0,0,0,0,0,0,0,0,0,0,0
2012-11-20,0,0,0,0,0,0,0,0,0,0,0,0,0,0,0,0,0,0,0,0,0,0,0,0,0,0,0,0,0,0,0,0,0,0
2012-11-21,0,0,0,0,0,0,0,0,0,0,0,0,0,0,0,0,0,0,0,0,0,0,0,0,0,0,0,0,0,0,0,0,0,0
2012-11-22,0,0,0,0,0,0,0,0,0,0,0,0,0,0,0,0,0,0,0,0,0,0,0,0,0,0,0,0,0,0,0,0,0,0
2012-11-23,0,0,0,0,0,0,0,0,0,0,0,0,0,0,0,0,0,0,0,0,0,0,0,0,0,0,0,0,0,0,0,0,0,0
2012-11-24,0,0,0,0,0,0,0,0,0,0,0,0,0,0,0,0,0,0,0,0,0,0,0,0,0,0,0,0,0,0,0,0,0,0
2012-11-25,0,0,0,0,0,0,0,0,0,0,0,0,0,0,0,0,0,0,0,0,0,0,0,0,0,0,0,0,0,0,0,0,0,0
2012-11-26,0,0,0,0,0,0,0,0,0,0,0,0,0,0,0,0,0,0,0,0,0,0,0,0,0,0,0,0,0,0,0,0,0,0
2012-11-27,0,0,0,0,0,0,0,0,0,0,0,0,0,0,0,0,0,0,0,0,0,0,0,0,0,0,0,0,0,0,0,0,0,0
2012-11-28,0,0,0,0,0,0,0,0,0,0,0,0,0,0,0,0,0,0,0,0,0,0,0,0,0,0,0,0,0,0,0,0,0,0
2012-11-29,0,0,0,0,0,0,0,0,0,0,0,0,0,0,0,0,0,0,0,0,0,0,0,0,0,0,0,0,0,0,0,0,0,0
2012-11-30,0,0,0,0,0,0,0,0,0,0,0,0,0,0,0,0,0,0,0,0,0,0,0,0,0,0,0,0,0,0,0,0,0,0
2012-12-01,0,0,0,0,0,0,0,0,0,0,0,0,0,0,0,0,0,0,0,0,0,0,0,0,0,0,0,0,0,0,0,0,0,0
2012-12-02,0,0,0,0,0,0,0,0,0,0,0,0,0,0,0,0,0,0,0,0,0,0,0,0,0,0,0,0,0,0,0,0,0,0
2012-12-03,0,0,0,0,0,0,0,0,0,0,0,0,0,0,0,0,0,0,0,0,0,0,0,0,0,0,0,0,0,0,0,0,0,0
2012-12-04,0,0,0,0,0,0,0,0,0,0,0,0,0,0,0,0,0,0,0,0,0,0,0,0,0,0,0,0,0,0,0,0,0,0
2012-12-05,0,0,0,0,0,0,0,0,0,0,0,0,0,0,0,0,0,0,0,0,0,0,0,0,0,0,0,0,0,0,0,0,0,0
2012-12-06,0,0,0,0,0,0,0,0,0,0,0,0,0,0,0,0,0,0,0,0,0,0,0,0,0,0,0,0,0,0,0,0,0,0
2012-12-07,0,0,0,0,0,0,0,0,0,0,0,0,0,0,0,0,0,0,0,0,0,0,0,0,0,0,0,0,0,0,0,0,0,0
2012-12-08,0,0,0,0,0,0,0,0,0,0,0,0,0,0,0,0,0,0,0,0,0,0,0,0,0,0,0,0,0,0,0,0,0,0
2012-12-09,0,0,0,0,0,0,0,0,0,0,0,0,0,0,0,0,0,0,0,0,0,0,0,0,0,0,0,0,0,0,0,0,0,0
2012-12-10,0,0,0,0,0,0,0,0,0,0,0,0,0,0,0,0,0,0,0,0,0,0,0,0,0,0,0,0,0,0,0,0,0,0
2012-12-11,0,0,0,0,0,0,0,0,0,0,0,0,0,0,0,0,0,0,0,0,0,0,0,0,0,0,0,0,0,0,0,0,0,0
2012-12-12,0,0,0,0,0,0,0,0,0,0,0,0,0,0,0,0,0,0,0,0,0,0,0,0,0,0,0,0,0,0,0,0,0,0
2012-12-13,0,0,0,0,0,0,0,0,0,0,0,0,0,0,0,0,0,0,0,0,0,0,0,0,0,0,0,0,0,0,0,0,0,0
2012-12-14,0,0,0,0,0,0,0,0,0,0,0,0,0,0,0,0,0,0,0,0,0,0,0,0,0,0,0,0,0,0,0,0,0,0
2012-12-15,0,0,0,0,0,0,0,0,0,0,0,0,0,0,0,0,0,0,0,0,0,0,0,0,0,0,0,0,0,0,0,0,0,0
2012-12-16,0,0,0,0,0,0,0,0,0,0,0,0,0,0,0,0,0,0,0,0,0,0,0,0,0,0,0,0,0,0,0,0,0,0
2012-12-17,0,0,0,0,0,0,0,0,0,0,0,0,0,0,0,0,0,0,0,0,0,0,0,0,0,0,0,0,0,0,0,0,0,0
2012-12-18,0,0,0,0,0,0,0,0,0,0,0,0,0,0,0,0,0,0,0,0,0,0,0,0,0,0,0,0,0,0,0,0,0,0
2012-12-19,0,0,0,0,0,0,0,0,0,0,0,0,0,0,0,0,0,0,0,0,0,0,0,0,0,0,0,0,0,0,0,0,0,0
2012-12-20,0,0,0,0,0,0,0,0,0,0,0,0,0,0,0,0,0,0,0,0,0,0,0,0,0,0,0,0,0,0,0,0,0,0
2012-12-21,0,0,0,0,0,0,0,0,0,0,0,0,0,0,0,0,0,0,0,0,0,0,0,0,0,0,0,0,0,0,0,0,0,0
2012-12-22,0,0,0,0,0,0,0,0,0,0,0,0,0,0,0,0,0,0,0,0,0,0,0,0,0,0,0,0,0,0,0,0,0,0
2012-12-23,0,0,0,0,0,0,0,0,0,0,0,0,0,0,0,0,0,0,0,0,0,0,0,0,0,0,0,0,0,0,0,0,0,0
2012-12-24,0,0,0,0,0,0,0,0,0,0,0,0,0,0,0,0,0,0,0,0,0,0,0,0,0,0,0,0,0,0,0,0,0,0
2012-12-25,0,0,0,0,0,0,0,0,0,0,0,0,0,0,0,0,0,0,0,0,0,0,0,0,0,0,0,0,0,0,0,0,0,0
2012-12-26,0,0,0,0,0,0,0,0,0,0,0,0,0,0,0,0,0,0,0,0,0,0,0,0,0,0,0,0,0,0,0,0,0,0
2012-12-27,0,0,0,0,0,0,0,0,0,0,0,0,0,0,0,0,0,0,0,0,0,0,0,0,0,0,0,0,0,0,0,0,0,0
2012-12-28,0,0,0,0,0,0,0,0,0,0,0,0,0,0,0,0,0,0,0,0,0,0,0,0,0,0,0,0,0,0,0,0,0,0
2012-12-29,0,0,0,0,0,0,0,0,0,0,0,0,0,0,0,0,0,0,0,0,0,0,0,0,0,0,0,0,0,0,0,0,0,0
2012-12-30,0,0,0,0,0,0,0,0,0,0,0,0,0,0,0,0,0,0,0,0,0,0,0,0,0,0,0,0,0,0,0,0,0,0
2012-12-31,0,0,0,0,0,0,0,0,0,0,0,0,0,0,0,0,0,0,0,0,0,0,0,0,0,0,0,0,0,0,0,0,0,0
2013-01-01,0,0,0,0,0,0,0,0,0,0,0,0,0,0,0,0,0,0,0,0,0,0,0,0,0,0,0,0,0,0,0,0,0,0
2013-01-02,0,0,0,0,0,0,0,0,0,0,0,0,0,0,0,0,0,0,0,0,0,0,0,0,0,0,0,0,0,0,0,0,0,0
2013-01-03,0,0,0,0,0,0,0,0,0,0,0,0,0,0,0,0,0,0,0,0,0,0,0,0,0,0,0,0,0,0,0,0,0,0
2013-01-04,0,0,0,0,0,0,0,0,0,0,0,0,0,0,0,0,0,0,0,0,0,0,0,0,0,0,0,0,0,0,0,0,0,0
2013-01-05,0,0,0,0,0,0,0,0,0,0,0,0,0,0,0,0,0,0,0,0,0,0,0,0,0,0,0,0,0,0,0,0,0,0
2013-01-06,0,0,0,0,0,0,0,0,0,0,0,0,0,0,0,0,0,0,0,0,0,0,0,0,0,0,0,0,0,0,0,0,0,0
2013-01-07,0,0,0,0,0,0,0,0,0,0,0,0,0,0,0,0,0,0,0,0,0,0,0,0,0,0,0,0,0,0,0,0,0,0
2013-01-08,0,0,0,0,0,0,0,0,0,0,0,0,0,0,0,0,0,0,0,0,0,0,0,0,0,0,0,0,0,0,0,0,0,0
2013-01-09,0,0,0,0,0,0,0,0,0,0,0,0,0,0,0,0,0,0,0,0,0,0,0,0,0,0,0,0,0,0,0,0,0,0
2013-01-10,0,0,0,0,0,0,0,0,0,0,0,0,0,0,0,0,0,0,0,0,0,0,0,0,0,0,0,0,0,0,0,0,0,0
2013-01-11,0,0,0,0,0,0,0,0,0,0,0,0,0,0,0,0,0,0,0,0,0,0,0,0,0,0,0,0,0,0,0,0,0,0
2013-01-12,0,0,0,0,0,0,0,0,0,0,0,0,0,0,0,0,0,0,0,0,0,0,0,0,0,0,0,0,0,0,0,0,0,0
2013-01-13,0,0,0,0,0,0,0,0,0,0,0,0,0,0,0,0,0,0,0,0,0,0,0,0,0,0,0,0,0,0,0,0,0,0
2013-01-14,0,0,0,0,0,0,0,0,0,0,0,0,0,0,0,0,0,0,0,0,0,0,0,0,0,0,0,0,0,0,0,0,0,0
2013-01-15,0,0,0,0,0,0,0,0,0,0,0,0,0,0,0,0,0,0,0,0,0,0,0,0,0,0,0,0,0,0,0,0,0,0
2013-01-16,0,0,0,0,0,0,0,0,0,0,0,0,0,0,0,0,0,0,0,0,0,0,0,0,0,0,0,0,0,0,0,0,0,0
2013-01-17,0,0,0,0,0,0,0,0,0,0,0,0,0,0,0,0,0,0,0,0,0,0,0,0,0,0,0,0,0,0,0,0,0,0
2013-01-18,0,0,0,0,0,0,0,0,0,0,0,0,0,0,0,0,0,0,0,0,0,0,0,0,0,0,0,0,0,0,0,0,0,0
2013-01-19,0,0,0,0,0,0,0,0,0,0,0,0,0,0,0,0,0,0,0,0,0,0,0,0,0,0,0,0,0,0,0,0,0,0
2013-01-20,0,0,0,0,0,0,0,0,0,0,0,0,0,0,0,0,0,0,0,0,0,0,0,0,0,0,0,0,0,0,0,0,0,0
2013-01-21,0,0,0,0,0,0,0,0,0,0,0,0,0,0,0,0,0,0,0,0,0,0,0,0,0,0,0,0,0,0,0,0,0,0
2013-01-22,0,0,0,0,0,0,0,0,0,0,0,0,0,0,0,0,0,0,0,0,0,0,0,0,0,0,0,0,0,0,0,0,0,0
2013-01-23,0,0,0,0,0,0,0,0,0,0,0,0,0,0,0,0,0,0,0,0,0,0,0,0,0,0,0,0,0,0,0,0,0,0
2013-01-24,0,0,0,0,0,0,0,0,0,0,0,0,0,0,0,0,0,0,0,0,0,0,0,0,0,0,0,0,0,0,0,0,0,0
2013-01-25,0,0,0,0,0,0,0,0,0,0,0,0,0,0,0,0,0,0,0,0,0,0,0,0,0,0,0,0,0,0,0,0,0,0
2013-01-26,0,0,0,0,0,0,0,0,0,0,0,0,0,0,0,0,0,0,0,0,0,0,0,0,0,0,0,0,0,0,0,0,0,0
2013-01-27,0,0,0,0,0,0,0,0,0,0,0,0,0,0,0,0,0,0,0,0,0,0,0,0,0,0,0,0,0,0,0,0,0,0
2013-01-28,0,0,0,0,0,0,0,0,0,0,0,0,0,0,0,0,0,0,0,0,0,0,0,0,0,0,0,0,0,0,0,0,0,0
2013-01-29,0,0,0,0,0,0,0,0,0,0,0,0,0,0,0,0,0,0,0,0,0,0,0,0,0,0,0,0,0,0,0,0,0,0
2013-01-30,0,0,0,0,0,0,0,0,0,0,0,0,0,0,0,0,0,0,0,0,0,0,0,0,0,0,0,0,0,0,0,0,0,0
2013-01-31,0,0,0,0,0,0,0,0,0,0,0,0,0,0,0,0,0,0,0,0,0,0,0,0,0,0,0,0,0,0,0,0,0,0
2013-02-01,0,0,0,0,0,0,0,0,0,0,0,0,0,0,0,0,0,0,0,0,0,0,0,0,0,0,0,0,0,0,0,0,0,0
2013-02-02,0,0,0,0,0,0,0,0,0,0,0,0,0,0,0,0,0,0,0,0,0,0,0,0,0,0,0,0,0,0,0,0,0,0
2013-02-03,0,0,0,0,0,0,0,0,0,0,0,0,0,0,0,0,0,0,0,0,0,0,0,0,0,0,0,0,0,0,0,0,0,0
2013-02-04,0,0,0,0,0,0,0,0,0,0,0,0,0,0,0,0,0,0,0,0,0,0,0,0,0,0,0,0,0,0,0,0,0,0
2013-02-05,0,0,0,0,0,0,0,0,0,0,0,0,0,0,0,0,0,0,0,0,0,0,0,0,0,0,0,0,0,0,0,0,0,0
2013-02-06,0,0,0,0,0,0,0,0,0,0,0,0,0,0,0,0,0,0,0,0,0,0,0,0,0,0,0,0,0,0,0,0,0,0
2013-02-07,0,0,0,0,0,0,0,0,0,0,0,0,0,0,0,0,0,0,0,0,0,0,0,0,0,0,0,0,0,0,0,0,0,0
2013-02-08,0,0,0,0,0,0,0,0,0,0,0,0,0,0,0,0,0,0,0,0,0,0,0,0,0,0,0,0,0,0,0,0,0,0
2013-02-09,0,0,0,0,0,0,0,0,0,0,0,0,0,0,0,0,0,0,0,0,0,0,0,0,0,0,0,0,0,0,0,0,0,0
2013-02-10,0,0,0,0,0,0,0,0,0,0,0,0,0,0,0,0,0,0,0,0,0,0,0,0,0,0,0,0,0,0,0,0,0,0
2013-02-11,0,0,0,0,0,0,0,0,0,0,0,0,0,0,0,0,0,0,0,0,0,0,0,0,0,0,0,0,0,0,0,0,0,0
2013-02-12,0,0,0,0,0,0,0,0,0,0,0,0,0,0,0,0,0,0,0,0,0,0,0,0,0,0,0,0,0,0,0,0,0,0
2013-02-13,0,0,0,0,0,0,0,0,0,0,0,0,0,0,0,0,0,0,0,0,0,0,0,0,0,0,0,0,0,0,0,0,0,0
2013-02-14,0,0,0,0,0,0,0,0,0,0,0,0,0,0,0,0,0,0,0,0,0,0,0,0,0,0,0,0,0,0,0,0,0,0
2013-02-15,0,0,0,0,0,0,0,0,0,0,0,0,0,0,0,0,0,0,0,0,0,0,0,0,0,0,0,0,0,0,0,0,0,0
2013-02-16,0,0,0,0,0,0,0,0,0,0,0,0,0,0,0,0,0,0,0,0,0,0,0,0,0,0,0,0,0,0,0,0,0,0
2013-02-17,0,0,0,0,0,0,0,0,0,0,0,0,0,0,0,0,0,0,0,0,0,0,0,0,0,0,0,0,0,0,0,0,0,0
2013-02-18,0,0,0,0,0,0,0,0,0,0,0,0,0,0,0,0,0,0,0,0,0,0,0,0,0,0,0,0,0,0,0,0,0,0
2013-02-19,0,0,0,0,0,0,0,0,0,0,0,0,0,0,0,0,0,0,0,0,0,0,0,0,0,0,0,0,0,0,0,0,0,0
2013-02-20,0,0,0,0,0,0,0,0,0,0,0,0,0,0,0,0,0,0,0,0,0,0,0,0,0,0,0,0,0,0,0,0,0,0
2013-02-21,0,0,0,0,0,0,0,0,0,0,0,0,0,0,0,0,0,0,0,0,0,0,0,0,0,0,0,0,0,0,0,0,0,0
2013-02-22,0,0,0,0,0,0,0,0,0,0,0,0,0,0,0,0,0,0,0,0,0,0,0,0,0,0,0,0,0,0,0,0,0,0
2013-02-23,0,0,0,0,0,0,0,0,0,0,0,0,0,0,0,0,0,0,0,0,0,0,0,0,0,0,0,0,0,0,0,0,0,0
2013-02-24,0,0,0,0,0,0,0,0,0,0,0,0,0,0,0,0,0,0,0,0,0,0,0,0,0,0,0,0,0,0,0,0,0,0
2013-02-25,0,0,0,0,0,0,0,0,0,0,0,0,0,0,0,0,0,0,0,0,0,0,0,0,0,0,0,0,0,0,0,0,0,0
2013-02-26,0,0,0,0,0,0,0,0,0,0,0,0,0,0,0,0,0,0,0,0,0,0,0,0,0,0,0,0,0,0,0,0,0,0
2013-02-27,0,0,0,0,0,0,0,0,0,0,0,0,0,0,0,0,0,0,0,0,0,0,0,0,0,0,0,0,0,0,0,0,0,0
2013-02-28,0,0,0,0,0,0,0,0,0,0,0,0,0,0,0,0,0,0,0,0,0,0,0,0,0,0,0,0,0,0,0,0,0,0
2013-03-01,0,0,0,0,0,0,0,0,0,0,0,0,0,0,0,0,0,0,0,0,0,0,0,0,0,0,0,0,0,0,0,0,0,0
2013-03-02,0,0,0,0,0,0,0,0,0,0,0,0,0,0,0,0,0,0,0,0,0,0,0,0,0,0,0,0,0,0,0,0,0,0
2013-03-03,0,0,0,0,0,0,0,0,0,0,0,0,0,0,0,0,0,0,0,0,0,0,0,0,0,0,0,0,0,0,0,0,0,0
2013-03-04,0,0,0,0,0,0,0,0,0,0,0,0,0,0,0,0,0,0,0,0,0,0,0,0,0,0,0,0,0,0,0,0,0,0
2013-03-05,0,0,0,0,0,0,0,0,0,0,0,0,0,0,0,0,0,0,0,0,0,0,0,0,0,0,0,0,0,0,0,0,0,0
2013-03-06,0,0,0,0,0,0,0,0,0,0,0,0,0,0,0,0,0,0,0,0,0,0,0,0,0,0,0,0,0,0,0,0,0,0
2013-03-07,0,0,0,0,0,0,0,0,0,0,0,0,0,0,0,0,0,0,0,0,0,0,0,0,0,0,0,0,0,0,0,0,0,0
2013-03-08,0,0,0,0,0,0,0,0,0,0,0,0,0,0,0,0,0,0,0,0,0,0,0,0,0,0,0,0,0,0,0,0,0,0
2013-03-09,0,0,0,0,0,0,0,0,0,0,0,0,0,0,0,0,0,0,0,0,0,0,0,0,0,0,0,0,0,0,0,0,0,0
2013-03-10,0,0,0,0,0,0,0,0,0,0,0,0,0,0,0,0,0,0,0,0,0,0,0,0,0,0,0,0,0,0,0,0,0,0
2013-03-11,0,0,0,0,0,0,0,0,0,0,0,0,0,0,0,0,0,0,0,0,0,0,0,0,0,0,0,0,0,0,0,0,0,0
2013-03-12,0,0,0,0,0,0,0,0,0,0,0,0,0,0,0,0,0,0,0,0,0,0,0,0,0,0,0,0,0,0,0,0,0,0
2013-03-13,0,0,0,0,0,0,0,0,0,0,0,0,0,0,0,0,0,0,0,0,0,0,0,0,0,0,0,0,0,0,0,0,0,0
2013-03-14,0,0,0,0,0,0,0,0,0,0,0,0,0,0,0,0,0,0,0,0,0,0,0,0,0,0,0,0,0,0,0,0,0,0
2013-03-15,0,0,0,0,0,0,0,0,0,0,0,0,0,0,0,0,0,0,0,0,0,0,0,0,0,0,0,0,0,0,0,0,0,0
2013-03-16,0,0,0,0,0,0,0,0,0,0,0,0,0,0,0,0,0,0,0,0,0,0,0,0,0,0,0,0,0,0,0,0,0,0
2013-03-17,0,0,0,0,0,0,0,0,0,0,0,0,0,0,0,0,0,0,0,0,0,0,0,0,0,0,0,0,0,0,0,0,0,0
2013-03-18,0,0,0,0,0,0,0,0,0,0,0,0,0,0,0,0,0,0,0,0,0,0,0,0,0,0,0,0,0,0,0,0,0,0
2013-03-19,0,0,0,0,0,0,0,0,0,0,0,0,0,0,0,0,0,0,0,0,0,0,0,0,0,0,0,0,0,0,0,0,0,0
2013-03-20,0,0,0,0,0,0,0,0,0,0,0,0,0,0,0,0,0,0,0,0,0,0,0,0,0,0,0,0,0,0,0,0,0,0
2013-03-21,0,0,0,0,0,0,0,0,0,0,0,0,0,0,0,0,0,0,0,0,0,0,0,0,0,0,0,0,0,0,0,0,0,0
2013-03-22,0,0,0,0,0,0,0,0,0,0,0,0,0,0,0,0,0,0,0,0,0,0,0,0,0,0,0,0,0,0,0,0,0,0
2013-03-23,0,0,0,0,0,0,0,0,0,0,0,0,0,0,0,0,0,0,0,0,0,0,0,0,0,0,0,0,0,0,0,0,0,0
2013-03-24,0,0,0,0,0,0,0,0,0,0,0,0,0,0,0,0,0,0,0,0,0,0,0,0,0,0,0,0,0,0,0,0,0,0
2013-03-25,0,0,0,0,0,0,0,0,0,0,0,0,0,0,0,0,0,0,0,0,0,0,0,0,0,0,0,0,0,0,0,0,0,0
2013-03-26,0,0,0,0,0,0,0,0,0,0,0,0,0,0,0,0,0,0,0,0,0,0,0,0,0,0,0,0,0,0,0,0,0,0
2013-03-27,0,0,0,0,0,0,0,0,0,0,0,0,0,0,0,0,0,0,0,0,0,0,0,0,0,0,0,0,0,0,0,0,0,0
2013-03-28,0,0,0,0,0,0,0,0,0,0,0,0,0,0,0,0,0,0,0,0,0,0,0,0,0,0,0,0,0,0,0,0,0,0
2013-03-29,0,0,0,0,0,0,0,0,0,0,0,0,0,0,0,0,0,0,0,0,0,0,0,0,0,0,0,0,0,0,0,0,0,0
2013-03-30,0,0,0,0,0,0,0,0,0,0,0,0,0,0,0,0,0,0,0,0,0,0,0,0,0,0,0,0,0,0,0,0,0,0
2013-03-31,0,0,0,0,0,0,0,0,0,0,0,0,0,0,0,0,0,0,0,0,0,0,0,0,0,0,0,0,0,0,0,0,0,0
2013-04-01,0,0,0,0,0,0,0,0,0,0,0,0,0,0,0,0,0,0,0,0,0,0,0,0,0,0,0,0,0,0,0,0,0,0
2013-04-02,0,0,0,0,0,0,0,0,0,0,0,0,0,0,0,0,0,0,0,0,0,0,0,0,0,0,0,0,0,0,0,0,0,0
2013-04-03,0,0,0,0,0,0,0,0,0,0,0,0,0,0,0,0,0,0,0,0,0,0,0,0,0,0,0,0,0,0,0,0,0,0
2013-04-04,0,0,0,0,0,0,0,0,0,0,0,0,0,0,0,0,0,0,0,0,0,0,0,0,0,0,0,0,0,0,0,0,0,0
2013-04-05,0,0,0,0,0,0,0,0,0,0,0,0,0,0,0,0,0,0,0,0,0,0,0,0,0,0,0,0,0,0,0,0,0,0
2013-04-06,0,0,0,0,0,0,0,0,0,0,0,0,0,0,0,0,0,0,0,0,0,0,0,0,0,0,0,0,0,0,0,0,0,0
2013-04-07,0,0,0,0,0,0,0,0,0,0,0,0,0,0,0,0,0,0,0,0,0,0,0,0,0,0,0,0,0,0,0,0,0,0
2013-04-08,0,0,0,0,0,0,0,0,0,0,0,0,0,0,0,0,0,0,0,0,0,0,0,0,0,0,0,0,0,0,0,0,0,0
2013-04-09,0,0,0,0,0,0,0,0,0,0,0,0,0,0,0,0,0,0,0,0,0,0,0,0,0,0,0,0,0,0,0,0,0,0
2013-04-10,0,0,0,0,0,0,0,0,0,0,0,0,0,0,0,0,0,0,0,0,0,0,0,0,0,0,0,0,0,0,0,0,0,0
2013-04-11,0,0,0,0,0,0,0,0,0,0,0,0,0,0,0,0,0,0,0,0,0,0,0,0,0,0,0,0,0,0,0,0,0,0
2013-04-12,0,0,0,0,0,0,0,0,0,0,0,0,0,0,0,0,0,0,0,0,0,0,0,0,0,0,0,0,0,0,0,0,0,0
2013-04-13,0,0,0,0,0,0,0,0,0,0,0,0,0,0,0,0,0,0,0,0,0,0,0,0,0,0,0,0,0,0,0,0,0,0
2013-04-14,0,0,0,0,0,0,0,0,0,0,0,0,0,0,0,0,0,0,0,0,0,0,0,0,0,0,0,0,0,0,0,0,0,0
2013-04-15,0,0,0,0,0,0,0,0,0,0,0,0,0,0,0,0,0,0,0,0,0,0,0,0,0,0,0,0,0,0,0,0,0,0
2013-04-16,0,0,0,0,0,0,0,0,0,0,0,0,0,0,0,0,0,0,0,0,0,0,0,0,0,0,0,0,0,0,0,0,0,0
2013-04-17,0,0,0,0,0,0,0,0,0,0,0,0,0,0,0,0,0,0,0,0,0,0,0,0,0,0,0,0,0,0,0,0,0,0
2013-04-18,0,0,0,0,0,0,0,0,0,0,0,0,0,0,0,0,0,0,0,0,0,0,0,0,0,0,0,0,0,0,0,0,0,0
2013-04-19,0,0,0,0,0,0,0,0,0,0,0,0,0,0,0,0,0,0,0,0,0,0,0,0,0,0,0,0,0,0,0,0,0,0
2013-04-20,0,0,0,0,0,0,0,0,0,0,0,0,0,0,0,0,0,0,0,0,0,0,0,0,0,0,0,0,0,0,0,0,0,0
2013-04-21,0,0,0,0,0,0,0,0,0,0,0,0,0,0,0,0,0,0,0,0,0,0,0,0,0,0,0,0,0,0,0,0,0,0
2013-04-22,0,0,0,0,0,0,0,0,0,0,0,0,0,0,0,0,0,0,0,0,0,0,0,0,0,0,0,0,0,0,0,0,0,0
2013-04-23,0,0,0,0,0,0,0,0,0,0,0,0,0,0,0,0,0,0,0,0,0,0,0,0,0,0,0,0,0,0,0,0,0,0
2013-04-24,0,0,0,0,0,0,0,0,0,0,0,0,0,0,0,0,0,0,0,0,0,0,0,0,0,0,0,0,0,0,0,0,0,0
2013-04-25,0,0,0,0,0,0,0,0,0,0,0,0,0,0,0,0,0,0,0,0,0,0,0,0,0,0,0,0,0,0,0,0,0,0
2013-04-26,0,0,0,0,0,0,0,0,0,0,0,0,0,0,0,0,0,0,0,0,0,0,0,0,0,0,0,0,0,0,0,0,0,0
2013-04-27,0,0,0,0,0,0,0,0,0,0,0,0,0,0,0,0,0,0,0,0,0,0,0,0,0,0,0,0,0,5,0,0,0,0
2013-04-28,0,0,0,0,0,0,0,0,0,0,0,0,0,0,0,0,0,0,0,0,0,0,0,0,0,0,0,0,1,0,0,0,0,0
2013-04-29,0,0,0,0,0,0,0,0,0,0,0,0,0,0,0,0,0,0,0,0,0,0,0,0,0,0,0,0,0,0,0,0,0,0
2013-04-30,0,0,0,0,0,0,0,0,0,0,0,0,0,0,1,0,15,0,0,0,0,0,0,1,0,0,0,0,29,33,0,0,0,0
2013-05-01,0,0,0,0,0,0,0,0,0,0,0,0,0,0,3,2,8,0,3,0,0,0,0,1,0,0,0,0,15,42,0,0,0,0
2013-05-02,0,0,0,0,0,0,0,0,0,0,0,0,0,0,1,0,0,0,0,0,0,0,0,0,0,0,0,0,6,31,0,0,0,0
2013-05-03,0,0,0,0,0,0,0,0,0,0,0,0,0,0,0,0,0,0,0,0,0,0,0,0,0,0,0,0,1,1,0,0,0,0
2013-05-04,0,0,0,0,0,0,0,0,0,0,0,0,0,0,0,0,0,0,0,0,0,0,0,0,0,0,0,0,0,0,0,0,0,0
2013-05-05,0,0,0,0,0,0,0,0,0,0,0,0,0,0,2,0,0,0,0,0,0,0,0,0,0,0,0,0,0,0,0,0,0,0
2013-05-06,0,0,0,0,0,0,0,0,0,0,0,0,0,0,5,0,0,0,0,0,0,0,0,0,0,0,0,0,0,0,0,0,0,0
2013-05-07,0,0,0,0,0,0,0,0,0,0,3,0,0,0,0,0,0,0,0,0,0,0,0,0,0,0,0,0,0,0,0,0,0,0
2013-05-08,0,0,0,0,0,0,0,0,0,0,3,0,0,0,0,0,0,0,0,0,0,0,0,0,0,0,0,0,0,0,0,0,0,0
2013-05-09,0,0,0,0,0,0,0,0,0,0,18,0,0,0,0,0,0,0,0,0,0,0,0,0,0,0,0,0,0,0,0,0,0,0
2013-05-10,0,0,0,0,0,0,0,0,0,0,1,0,0,0,0,0,0,0,0,0,0,0,0,0,0,0,0,0,0,0,0,0,0,0
2013-05-11,0,0,0,0,0,0,0,0,0,0,0,0,0,0,0,0,0,0,0,0,0,0,0,0,0,0,0,0,0,0,0,0,0,0
2013-05-12,0,0,0,0,0,0,0,0,0,0,0,0,0,0,0,0,0,0,0,0,0,0,0,0,0,0,0,0,0,0,0,0,0,0
2013-05-13,0,0,0,0,0,0,0,0,0,0,2,0,0,0,0,0,0,0,0,0,0,0,0,0,0,0,0,0,0,0,0,0,0,0
2013-05-14,0,0,0,0,0,0,0,0,0,0,0,0,0,0,0,0,0,0,0,0,0,0,0,0,0,0,0,0,0,0,0,0,0,0
2013-05-15,0,0,0,0,0,0,0,0,0,0,0,0,0,0,0,0,0,0,0,0,0,0,0,0,0,0,0,0,0,0,0,0,0,0
2013-05-16,0,0,0,0,0,0,0,0,0,0,0,0,0,0,0,0,0,0,0,0,0,0,0,0,0,0,0,0,0,0,0,0,0,0
2013-05-17,0,0,0,0,0,0,0,0,0,0,0,0,0,0,0,0,0,0,0,0,0,0,0,0,0,0,0,0,0,0,0,0,0,0
2013-05-18,0,0,0,0,0,0,0,0,0,0,0,0,0,0,12,0,0,0,0,0,0,0,0,0,0,0,0,0,0,0,0,0,0,0
2013-05-19,0,0,0,0,5,0,0,0,0,0,0,0,0,0,40,0,0,0,0,0,0,0,0,1,0,0,0,0,11,3,0,0,0,0
2013-05-20,0,0,0,0,18,0,0,0,0,0,0,0,0,0,59,0,0,0,0,0,0,0,0,3,0,0,0,0,46,0,0,0,0,0
2013-05-21,0,0,0,0,1,0,0,0,0,0,0,0,0,0,35,0,0,0,0,0,0,0,0,0,0,0,0,0,4,0,0,0,0,0
2013-05-22,0,0,0,0,0,0,0,0,0,0,0,0,0,0,42,0,0,0,0,0,0,0,0,0,0,0,0,0,0,0,0,0,0,0
2013-05-23,0,0,0,0,1,0,0,0,0,0,0,0,0,0,32,0,0,0,0,0,0,0,0,0,0,0,0,0,0,0,0,0,0,0
2013-05-24,0,0,0,0,0,0,0,0,0,0,0,0,0,0,0,0,0,0,0,0,0,0,0,0,0,0,0,0,0,0,0,0,0,0
2013-05-25,0,0,0,0,0,0,0,0,0,0,0,0,0,0,0,0,0,0,0,0,0,0,0,0,0,0,0,0,0,0,0,0,0,0
2013-05-26,0,0,0,0,0,0,0,0,0,0,0,0,0,0,3,0,0,0,0,0,0,0,0,0,0,0,0,0,0,0,0,0,0,0
2013-05-27,0,0,0,0,0,0,0,0,0,0,0,0,0,0,0,0,0,0,0,0,0,0,0,0,0,0,0,0,0,0,0,0,0,0
2013-05-28,0,0,0,0,0,0,0,0,0,0,0,0,0,0,2,0,0,0,0,0,0,0,0,0,0,0,0,0,0,0,0,0,0,0
2013-05-29,0,0,0,0,0,0,0,0,0,0,0,0,0,0,9,0,0,0,0,0,0,0,0,0,0,0,0,0,0,0,0,0,0,0
2013-05-30,0,0,0,0,0,0,0,0,0,0,0,0,0,0,37,0,0,0,0,0,0,0,0,0,0,0,0,0,0,0,0,0,0,0
2013-05-31,0,0,0,0,0,0,0,0,0,0,0,0,0,0,1,0,0,0,0,0,0,0,0,0,0,0,0,0,0,0,0,0,0,0
2013-06-01,0,0,0,0,0,0,0,0,0,0,0,0,0,0,0,0,0,0,0,0,0,0,0,0,0,0,0,0,0,0,0,0,0,0
2013-06-02,0,0,0,0,0,0,0,0,0,0,15,0,0,0,0,0,0,0,0,0,0,0,0,0,0,0,0,5,0,0,0,0,0,0
2013-06-03,0,0,0,0,0,0,0,0,0,0,25,0,0,0,0,0,0,0,0,0,0,0,0,0,0,0,0,25,0,0,0,0,0,0
2013-06-04,0,0,0,0,0,0,0,0,0,0,56,0,0,0,0,0,0,0,0,0,0,0,0,0,0,0,0,17,0,0,0,0,0,0
2013-06-05,0,0,0,0,0,0,0,0,0,0,6,0,0,0,1,0,0,0,0,0,0,0,0,0,0,0,0,0,0,0,0,0,0,0
2013-06-06,0,0,0,0,0,0,0,0,0,0,0,0,0,0,0,0,0,0,0,0,0,0,0,0,0,0,0,0,0,0,0,0,0,0
2013-06-07,0,0,0,0,0,0,0,0,0,0,0,0,0,0,1,0,0,0,0,0,0,0,0,0,0,0,0,0,0,0,0,0,0,0
2013-06-08,0,0,0,0,0,0,0,0,0,0,0,0,0,0,0,0,0,0,0,0,0,0,0,0,0,0,0,0,0,0,0,0,0,0
2013-06-09,0,0,0,0,0,0,0,0,0,0,0,0,0,0,5,0,0,0,3,0,0,0,0,0,0,0,0,0,0,0,0,0,0,0
2013-06-10,0,0,0,0,1,0,0,0,0,0,1,0,0,0,36,0,0,0,0,0,0,0,0,0,0,0,0,0,9,0,0,0,0,0
2013-06-11,0,0,0,0,0,0,0,0,0,0,32,0,0,0,24,0,0,0,0,0,0,0,0,0,0,0,0,0,0,0,0,0,0,0
2013-06-12,0,0,0,0,0,0,0,0,0,0,332,0,3,0,0,0,0,0,0,0,0,0,0,0,0,0,0,3,0,0,0,0,0,0
2013-06-13,0,0,0,0,0,0,0,0,0,0,691,0,1,0,0,0,0,0,5,0,0,0,0,0,0,0,0,17,0,0,0,0,0,0
2013-06-14,0,0,0,0,0,0,0,0,0,0,662,0,0,0,9,0,0,0,41,0,0,0,0,0,0,0,0,10,0,0,0,0,0,0
2013-06-15,1,0,2,0,4,0,0,0,0,0,671,0,0,0,50,12,31,0,119,0,0,0,0,1,0,0,0,3,38,12,0,0,0,0
2013-06-16,3,0,13,0,103,0,0,0,0,0,669,0,3,0,159,75,152,0,229,0,0,0,1,12,0,0,0,0,272,82,0,6,3,0
2013-06-17,16,52,43,0,214,19,15,148,0,0,96,0,216,0,264,143,343,0,500,0,0,0,5,33,0,0,0,0,446,168,0,27,43,4
2013-06-18,34,117,87,30,240,43,214,701,0,0,4,0,496,0,359,201,494,0,717,0,5,0,8,56,20,0,75,0,505,245,0,45,112,13
2013-06-19,62,163,125,11,260,24,259,1308,0,0,0,0,167,0,432,249,568,0,754,0,5,0,14,80,13,0,190,0,484,333,0,62,115,27
2013-06-20,83,200,151,0,125,0,294,323,0,0,2,0,0,0,406,270,634,0,681,5,0,0,19,84,0,0,537,0,393,335,0,59,152,35
2013-06-21,72,43,141,0,83,0,41,0,0,0,23,0,0,0,314,251,635,0,483,127,0,33,19,70,0,0,369,0,414,362,0,40,150,37
2013-06-22,54,3,91,0,171,0,0,0,0,0,221,0,1,0,352,159,366,0,332,0,0,0,12,65,0,0,37,36,545,338,0,11,48,31
2013-06-23,30,0,22,0,211,0,0,0,0,0,589,0,0,0,382,45,35,0,199,0,0,0,6,44,0,0,0,121,395,123,0,0,7,11
2013-06-24,15,0,0,0,161,0,0,0,0,0,513,0,0,0,353,0,7,0,53,0,0,0,2,32,0,0,0,210,226,11,0,0,0,1
2013-06-25,0,0,0,0,155,0,0,0,0,4,612,0,0,0,307,0,0,0,2,1,0,2,0,27,0,0,0,304,147,0,0,0,0,0
2013-06-26,0,0,0,0,18,0,0,0,0,43,543,263,0,0,192,0,0,0,3,2,0,32,0,0,0,0,0,250,33,0,0,0,0,0
2013-06-27,0,0,0,0,4,0,0,0,0,0,416,21,0,0,109,0,0,0,1,0,0,0,0,0,0,0,0,170,33,0,0,0,0,0
2013-06-28,0,0,0,0,6,0,0,0,0,0,437,0,0,0,92,0,0,0,0,0,0,0,0,0,0,0,0,186,32,0,0,0,0,0
2013-06-29,0,0,0,0,24,0,0,0,0,0,538,0,0,0,82,0,0,0,0,0,0,0,0,0,0,0,0,314,52,0,0,0,0,0
2013-06-30,0,0,0,0,0,0,0,0,0,0,739,0,0,0,23,0,0,0,0,0,0,0,0,0,0,0,0,396,0,0,0,0,0,0
2013-07-01,0,0,0,0,0,0,0,0,0,0,688,0,0,0,41,0,0,0,2,0,0,0,0,0,0,0,0,157,0,0,0,0,0,0
2013-07-02,0,0,0,0,0,0,0,0,0,0,518,0,0,0,54,0,0,0,30,0,0,0,0,0,0,0,0,7,0,0,0,0,0,0
2013-07-03,0,0,0,0,0,0,0,0,0,0,994,0,0,0,71,1,0,0,68,0,0,0,0,0,0,0,0,181,0,0,0,0,0,0
2013-07-04,0,0,1,0,4,0,0,0,0,0,1468,0,10,0,91,23,31,0,63,0,0,0,0,3,0,0,2,541,4,12,0,0,2,0
2013-07-05,10,0,6,0,0,0,0,0,0,0,1729,0,48,0,121,59,55,0,238,0,0,0,4,1,0,0,0,666,16,17,0,1,5,0
2013-07-06,16,0,3,0,17,0,0,0,0,0,1841,0,134,0,181,21,110,0,345,0,0,0,4,1,0,0,0,708,57,21,0,0,4,0
2013-07-07,17,1,3,0,21,0,0,0,0,0,1947,0,279,0,225,25,140,0,286,0,0,0,4,1,0,0,0,713,87,15,0,1,10,0
2013-07-08,14,0,3,0,58,0,0,0,0,0,1925,0,418,0,260,30,115,0,215,0,0,0,4,2,0,0,0,612,129,10,0,2,6,0
2013-07-09,11,0,0,0,31,0,0,0,0,0,1880,0,413,0,257,28,75,0,221,0,0,0,3,1,0,0,0,519,56,0,0,2,8,0
2013-07-10,7,2,1,0,22,0,0,0,0,0,1548,0,291,0,180,22,95,0,214,0,0,0,2,0,0,0,0,300,51,6,0,1,7,0
2013-07-11,6,0,0,0,35,0,0,0,0,0,1197,0,194,0,202,11,0,0,227,0,0,0,1,3,0,0,0,69,73,0,0,0,0,0
2013-07-12,6,0,1,0,31,0,0,0,0,0,1055,0,247,0,200,8,0,0,193,0,0,0,2,1,0,0,0,29,62,0,0,0,0,0
2013-07-13,10,0,2,0,46,0,0,0,0,0,694,0,221,0,235,8,0,0,241,0,0,0,3,1,0,0,0,0,39,0,0,0,0,0
2013-07-14,10,0,0,0,23,0,0,0,0,0,516,0,141,0,274,10,0,0,251,0,0,0,3,1,0,0,0,7,14,0,0,0,0,0
2013-07-15,14,0,1,0,11,0,0,0,0,0,745,0,277,0,236,11,0,0,327,0,0,0,4,2,0,0,0,14,5,0,0,0,0,0
2013-07-16,13,0,0,0,0,0,0,0,0,0,1004,0,264,0,179,9,0,0,361,0,0,0,3,0,0,0,0,50,0,0,0,0,0,0
2013-07-17,10,0,0,0,1,0,0,0,0,0,1119,0,225,0,77,5,0,0,304,0,0,0,2,0,0,0,0,82,2,0,0,0,0,0
2013-07-18,14,5,3,2,9,0,3,13,0,0,1016,0,166,0,139,20,47,0,238,0,0,0,4,7,1,0,0,50,26,30,0,1,8,0
2013-07-19,10,12,7,0,25,0,7,12,0,0,1205,0,224,0,142,43,140,0,239,0,0,0,4,13,0,0,0,41,114,61,0,3,24,0
2013-07-20,10,4,8,0,86,0,0,4,0,0,1107,0,583,0,187,74,93,0,338,0,0,0,4,15,0,0,0,26,209,89,0,13,3,0
2013-07-21,20,0,6,6,9,1,0,40,0,0,771,0,1217,0,271,40,0,0,403,0,0,0,7,16,4,0,0,10,4,0,0,4,0,0
2013-07-22,22,0,3,70,4,6,0,346,0,0,1095,0,1468,0,89,21,0,0,509,0,2,0,5,8,74,0,6,29,30,0,0,3,0,0
2013-07-23,16,17,4,29,51,0,7,224,0,0,1181,0,475,0,131,50,144,0,566,0,0,0,5,14,54,0,0,26,119,39,0,8,18,0
2013-07-24,16,18,17,0,124,0,4,10,0,0,1379,0,277,0,291,86,136,0,591,0,0,0,4,31,0,0,0,59,161,125,0,3,15,2
2013-07-25,21,16,12,0,204,0,0,13,0,0,1617,0,858,0,392,78,61,0,695,0,0,0,6,46,0,0,1,27,216,145,0,13,3,11
2013-07-26,39,63,47,0,148,22,30,323,0,0,1263,0,1142,0,504,188,246,0,949,0,0,0,10,49,0,0,122,0,210,152,0,51,34,9
2013-07-27,62,174,105,2,136,63,294,1213,0,0,571,0,1143,0,457,267,439,0,1186,0,3,0,14,51,0,0,422,0,231,219,0,72,83,14
2013-07-28,70,285,189,0,205,10,482,760,0,0,408,0,179,0,412,336,683,0,1424,0,0,0,19,62,0,0,1265,0,526,318,0,105,201,28
2013-07-29,96,107,241,0,387,0,145,0,0,0,335,0,39,0,508,336,823,0,990,28,0,0,28,91,0,0,1313,3,994,501,0,65,256,49
2013-07-30,82,0,17,0,381,0,0,0,0,0,926,0,56,0,653,42,53,0,526,0,0,0,18,102,0,0,0,168,401,83,0,1,2,27
2013-07-31,62,3,9,0,84,0,0,0,0,0,1769,0,309,0,560,45,45,0,560,0,0,0,9,26,0,0,0,261,50,10,0,2,6,0
2013-08-01,66,10,23,51,86,0,2,95,0,0,2073,0,1518,38,419,93,131,0,694,0,0,0,9,31,60,0,0,125,184,73,0,12,18,3
2013-08-02,55,98,43,121,132,26,134,1482,21,0,1667,0,1441,0,377,155,291,0,850,0,7,0,11,40,155,0,160,11,249,154,0,53,47,9
2013-08-03,53,212,120,0,238,8,324,607,0,0,1131,0,208,0,445,248,521,0,1067,0,0,0,13,54,0,0,447,2,464,272,0,84,125,20
2013-08-04,76,108,154,0,185,0,54,8,0,0,1139,0,258,0,565,329,506,0,1245,0,0,0,18,67,0,0,19,34,345,332,0,105,115,26
2013-08-05,99,34,142,0,129,6,9,118,0,0,1395,0,414,0,390,280,397,0,1337,0,0,0,23,75,4,0,99,34,364,265,0,77,63,34
2013-08-06,86,183,159,0,174,1,181,143,0,0,1102,0,130,0,378,309,575,0,1358,0,0,0,21,65,0,0,758,12,516,302,0,101,147,29
2013-08-07,86,173,193,0,225,0,161,10,0,1,624,0,64,0,408,324,646,0,1398,81,0,24,22,81,0,0,848,0,614,369,0,98,209,37
2013-08-08,98,208,246,0,287,0,255,0,0,86,390,0,33,0,422,368,763,0,1319,257,0,164,29,86,0,0,1464,24,794,445,0,112,293,45
2013-08-09,82,24,158,0,266,0,7,0,0,0,794,0,18,0,438,255,660,0,649,0,0,0,19,88,0,0,229,284,931,466,0,24,152,44
2013-08-10,16,0,6,0,208,0,0,0,0,0,1381,0,50,0,318,27,115,0,392,0,0,0,6,29,0,0,0,475,598,184,0,0,1,10
2013-08-11,33,0,9,0,117,0,0,0,0,0,1804,0,57,0,353,24,4,0,455,0,0,0,9,19,0,0,0,421,233,24,0,0,0,2
2013-08-12,38,0,14,0,176,0,0,0,0,0,1486,0,104,0,377,42,43,0,523,0,0,0,9,30,0,0,0,154,286,75,0,1,1,5
2013-08-13,37,0,31,0,275,0,0,0,0,0,1110,0,62,0,432,68,120,0,579,0,0,0,8,56,0,0,0,151,454,238,0,0,1,21
2013-08-14,50,0,7,0,321,0,0,0,0,0,1229,0,25,0,472,19,0,0,336,0,0,0,10,74,0,0,0,282,426,60,0,0,0,14
2013-08-15,45,0,7,0,210,0,0,0,0,0,1515,0,22,0,463,14,0,0,256,0,0,0,9,33,0,0,0,230,165,0,0,0,0,0
2013-08-16,37,0,5,0,107,0,0,0,0,0,1294,0,47,0,365,11,0,0,299,0,0,0,7,8,0,0,0,66,72,0,0,0,0,0
2013-08-17,24,0,5,0,88,0,0,0,0,0,980,0,35,0,345,13,0,0,370,0,0,0,7,18,0,0,0,104,109,49,0,0,0,1
2013-08-18,20,12,32,0,99,0,8,1,0,0,1387,0,61,0,344,56,97,0,485,0,0,0,7,28,0,0,9,182,184,136,0,0,9,7
2013-08-19,31,8,60,0,169,0,3,0,0,0,1768,0,36,0,348,120,260,0,472,0,0,0,8,36,0,0,30,339,274,218,0,8,31,15
2013-08-20,27,0,4,0,157,0,0,0,0,0,1626,0,27,0,349,11,113,0,183,0,0,0,7,44,0,0,4,411,333,153,0,0,4,11
2013-08-21,28,0,5,0,88,0,0,0,0,0,1741,0,13,0,252,10,0,0,109,0,0,0,8,34,0,0,0,249,170,4,0,0,0,0
2013-08-22,28,0,5,0,57,0,0,0,0,0,1407,0,52,0,200,10,0,0,152,0,0,0,7,18,0,0,0,132,133,7,0,0,0,0
2013-08-23,14,0,2,0,60,0,0,0,0,0,1133,0,30,0,198,5,0,0,181,0,0,0,5,14,0,0,0,67,110,24,0,0,0,0
2013-08-24,8,0,0,0,68,0,0,0,0,0,898,0,17,0,216,1,0,0,193,0,0,0,1,3,0,0,0,80,65,0,0,0,0,0
2013-08-25,11,0,0,0,83,0,0,0,0,0,718,0,2,0,217,0,0,0,150,0,0,0,1,7,0,0,0,109,39,0,0,0,0,0
2013-08-26,17,0,0,0,176,0,0,0,0,0,423,0,0,0,277,0,0,0,209,0,0,0,1,29,0,0,0,45,121,8,0,0,0,0
2013-08-27,7,0,0,0,77,0,0,0,0,0,359,0,0,0,318,0,0,0,196,0,0,0,0,7,0,0,0,53,1,0,0,0,0,0
2013-08-28,4,0,0,0,108,0,0,0,0,0,221,0,0,0,368,0,0,0,121,0,0,0,0,4,0,0,0,48,7,0,0,0,0,0
2013-08-29,2,0,0,0,55,0,0,0,0,0,52,0,0,0,352,0,0,0,78,0,0,0,0,2,0,0,0,41,0,0,0,0,0,0
2013-08-30,1,0,0,0,10,0,0,0,0,0,138,0,6,0,250,0,0,0,56,0,0,0,0,0,0,0,0,86,0,0,0,0,0,0
2013-08-31,4,0,0,0,0,0,0,0,0,0,276,0,11,0,109,0,0,0,44,0,0,0,1,0,0,0,0,157,0,0,0,0,0,0
2013-09-01,2,0,0,0,0,0,0,0,0,0,359,0,12,0,73,0,0,0,31,0,0,0,1,0,0,0,0,149,0,0,0,0,0,0
2013-09-02,4,0,0,0,0,0,0,0,0,0,434,0,3,0,65,0,0,0,40,0,0,0,1,0,0,0,0,177,0,0,0,0,0,0
2013-09-03,1,0,0,0,1,0,0,0,0,0,497,0,8,0,107,0,0,0,73,0,0,0,0,0,0,0,0,224,0,0,0,0,0,0
2013-09-04,5,0,0,0,0,0,0,0,0,0,433,0,84,0,98,1,0,0,111,0,0,0,1,0,0,0,0,153,0,0,0,0,0,0
2013-09-05,0,0,0,10,0,0,0,14,0,0,134,0,121,0,22,0,0,0,85,0,0,0,0,0,6,0,0,11,0,0,0,0,0,0
2013-09-06,0,0,0,0,0,0,0,13,0,0,94,0,6,0,39,0,0,0,59,0,0,0,0,0,0,0,0,5,0,0,0,0,0,0
2013-09-07,0,0,0,0,0,0,0,0,0,0,11,0,2,0,60,0,0,0,128,0,0,0,0,0,0,0,0,0,0,0,0,0,0,0
2013-09-08,1,0,0,0,0,0,0,0,0,0,32,0,3,0,66,1,0,0,205,0,0,0,0,0,0,0,0,0,0,0,0,0,0,0
2013-09-09,3,0,0,0,0,0,0,0,0,0,68,0,0,0,38,0,0,0,193,0,0,0,0,0,0,0,0,0,0,0,0,0,0,0
2013-09-10,8,0,0,0,7,0,0,0,0,0,161,0,0,0,99,0,0,0,109,0,0,0,0,9,0,0,0,10,0,0,0,0,0,0
2013-09-11,4,0,0,0,5,0,0,0,0,0,183,0,0,0,158,0,0,0,96,0,0,0,0,0,0,0,0,58,0,0,0,0,0,0
2013-09-12,0,0,0,0,23,0,0,0,0,0,196,0,0,0,187,0,0,0,24,0,0,0,0,0,0,0,0,128,9,0,0,0,0,0
2013-09-13,0,0,0,0,4,0,0,0,0,0,249,0,0,0,153,0,0,0,3,0,0,0,0,0,0,0,0,130,0,0,0,0,0,0
2013-09-14,0,0,0,0,0,0,0,0,0,0,200,0,0,0,31,0,0,0,0,0,0,0,0,0,0,0,0,43,0,0,0,0,0,0
2013-09-15,0,0,0,0,0,0,0,0,0,0,181,0,0,0,11,0,0,0,6,0,0,0,0,0,0,0,0,7,0,0,0,0,0,0
2013-09-16,0,0,0,0,0,0,0,0,0,0,179,0,0,0,11,0,0,0,6,0,0,0,0,0,0,0,0,8,0,0,0,0,0,0
2013-09-17,0,0,0,0,0,0,0,0,0,0,93,0,0,0,19,0,0,0,8,0,0,0,0,0,0,0,0,0,0,0,0,0,0,0
2013-09-18,0,0,0,0,0,0,0,0,0,0,40,0,0,0,43,0,0,0,0,0,0,0,0,0,0,0,0,0,0,0,0,0,0,0
2013-09-19,0,0,0,0,0,0,0,0,0,0,48,0,0,0,24,0,0,0,2,0,0,0,0,0,0,0,0,2,0,0,0,0,0,0
2013-09-20,0,0,0,0,0,0,0,0,0,0,160,0,0,0,19,0,0,0,0,0,0,0,0,0,0,0,0,94,0,0,0,0,0,0
2013-09-21,0,0,0,0,0,0,0,0,0,0,234,0,0,0,4,0,0,0,0,0,0,0,0,0,0,0,0,153,0,0,0,0,0,0
2013-09-22,0,0,0,0,0,0,0,0,0,0,250,0,0,0,0,0,0,0,0,0,0,0,0,0,0,0,0,152,0,0,0,0,0,0
2013-09-23,0,0,0,0,0,0,0,0,0,0,185,0,0,0,0,0,0,0,0,0,0,0,0,0,0,0,0,49,0,0,0,0,0,0
2013-09-24,0,0,0,0,0,0,0,0,0,0,66,0,0,0,0,0,0,0,0,0,0,0,0,0,0,0,0,4,0,0,0,0,0,0
2013-09-25,0,0,0,0,0,0,0,0,0,0,48,0,0,0,1,0,0,0,0,0,0,0,0,0,0,0,0,0,0,0,0,0,0,0
2013-09-26,0,0,0,0,0,0,0,0,0,0,77,0,9,0,3,0,0,0,4,0,0,0,0,0,0,0,0,0,0,0,0,0,0,0
2013-09-27,0,0,0,0,0,0,0,0,0,0,44,0,24,0,6,0,0,0,1,0,0,0,0,0,0,0,0,0,0,0,0,0,0,0
2013-09-28,0,0,0,0,0,0,0,0,0,0,36,0,0,0,4,0,0,0,4,0,0,0,0,0,0,0,0,0,0,0,0,0,0,0
2013-09-29,0,0,0,0,0,0,0,0,0,0,30,0,0,0,8,0,0,0,33,0,0,0,0,0,0,0,0,0,0,0,0,0,0,0
2013-09-30,0,0,0,0,0,0,0,0,0,0,57,0,0,0,28,0,0,0,7,0,0,0,0,0,0,0,0,0,0,0,0,0,0,0
2013-10-01,0,0,0,0,0,0,0,0,0,0,150,0,0,0,9,0,0,0,5,0,0,0,0,0,0,0,0,0,0,0,0,0,0,0
2013-10-02,0,0,0,0,0,0,0,0,0,0,99,0,0,0,0,0,0,0,5,0,0,0,0,0,0,0,0,0,0,0,0,0,0,0
2013-10-03,0,0,0,0,0,0,0,0,0,0,49,0,3,0,0,0,0,0,4,0,0,0,0,0,0,0,0,0,0,0,0,0,0,0
2013-10-04,0,0,0,0,0,0,0,0,0,0,45,0,0,0,0,0,0,0,16,0,0,0,0,0,0,0,0,0,0,0,0,0,0,0
2013-10-05,0,0,0,0,0,0,0,0,0,0,12,0,0,0,0,0,0,0,10,0,0,0,0,0,0,0,0,0,0,0,0,0,0,0
2013-10-06,0,0,0,0,0,0,0,0,0,0,0,0,0,0,0,0,0,0,0,0,0,0,0,0,0,0,0,0,0,0,0,0,0,0
2013-10-07,0,0,0,0,0,0,0,0,0,0,2,0,0,0,0,0,0,0,0,0,0,0,0,0,0,0,0,0,0,0,0,0,0,0
2013-10-08,0,0,0,0,0,0,0,0,0,0,9,0,0,0,0,0,0,0,0,0,0,0,0,0,0,0,0,0,0,0,0,0,0,0
2013-10-09,0,0,0,0,0,0,0,0,0,0,6,0,0,0,0,0,0,0,0,0,0,0,0,0,0,0,0,2,0,0,0,0,0,0
2013-10-10,0,0,0,0,0,0,0,0,0,0,2,0,0,0,0,0,0,0,0,0,0,0,0,0,0,0,0,0,0,0,0,0,0,0
2013-10-11,0,0,0,0,0,0,0,0,0,0,0,0,0,0,0,0,0,0,0,0,0,0,0,0,0,0,0,0,0,0,0,0,0,0
2013-10-12,0,0,0,0,0,0,0,0,0,0,0,0,0,0,8,0,0,0,7,0,0,0,0,0,0,0,0,0,0,0,0,0,0,0
2013-10-13,0,0,0,0,0,0,0,0,0,0,0,0,0,0,0,0,0,0,6,0,0,0,0,0,0,0,0,0,0,0,0,0,0,0
2013-10-14,0,0,0,0,0,0,0,0,0,0,0,0,0,0,0,0,0,0,1,0,0,0,0,0,0,0,0,0,0,0,0,0,0,0
2013-10-15,0,0,0,0,0,0,0,0,0,0,0,0,0,0,0,0,0,0,0,0,0,0,0,0,0,0,0,0,0,0,0,0,0,0
2013-10-16,0,0,0,0,0,0,0,0,0,0,13,0,0,0,0,0,0,0,0,0,0,0,0,0,0,0,0,0,0,0,0,0,0,0
2013-10-17,0,0,0,0,0,0,0,0,0,0,0,0,0,0,0,0,0,0,0,0,0,0,0,0,0,0,0,0,0,0,0,0,0,0
2013-10-18,0,0,0,0,0,0,0,0,0,0,0,0,0,0,0,0,0,0,0,0,0,0,0,0,0,0,0,0,0,0,0,0,0,0
2013-10-19,0,0,0,0,0,0,0,0,0,0,0,0,0,0,0,0,0,0,0,0,0,0,0,0,0,0,0,0,0,0,0,0,0,0
2013-10-20,0,0,0,0,0,0,0,0,0,0,0,0,0,0,0,0,0,0,0,0,0,0,0,0,0,0,0,0,0,0,0,0,0,0
2013-10-21,0,0,0,0,0,0,0,0,0,0,0,0,0,0,0,0,0,0,0,0,0,0,0,0,0,0,0,0,0,0,0,0,0,0
2013-10-22,0,0,0,0,0,0,0,0,0,0,0,0,0,0,0,0,0,0,0,0,0,0,0,0,0,0,0,0,0,0,0,0,0,0
2013-10-23,0,0,0,0,0,0,0,0,0,0,0,0,0,0,0,0,0,0,0,0,0,0,0,0,0,0,0,0,0,0,0,0,0,0
2013-10-24,0,0,0,0,0,0,0,0,0,0,0,0,0,0,0,0,0,0,0,0,0,0,0,0,0,0,0,0,0,0,0,0,0,0
2013-10-25,0,0,0,0,0,0,0,0,0,0,0,0,0,0,0,0,0,0,0,0,0,0,0,0,0,0,0,0,0,0,0,0,0,0
2013-10-26,0,0,0,0,0,0,0,0,0,0,3,0,0,0,0,0,0,0,0,0,0,0,0,0,0,0,0,0,0,0,0,0,0,0
2013-10-27,0,0,0,0,0,0,0,0,0,0,0,0,0,0,0,0,0,0,0,0,0,0,0,0,0,0,0,0,0,0,0,0,0,0
2013-10-28,0,0,0,0,0,0,0,0,0,0,0,0,0,0,0,0,0,0,0,0,0,0,0,0,0,0,0,0,0,0,0,0,0,0
2013-10-29,0,0,0,0,0,0,0,0,0,0,0,0,0,0,0,0,0,0,0,0,0,0,0,0,0,0,0,0,0,0,0,0,0,0
2013-10-30,0,0,0,0,0,0,0,0,0,0,0,0,0,0,0,0,0,0,0,0,0,0,0,0,0,0,0,0,0,0,0,0,0,0
2013-10-31,0,0,0,0,0,0,0,0,0,0,0,0,0,0,0,0,0,0,0,0,0,0,0,0,0,0,0,0,0,0,0,0,0,0
2013-11-01,0,0,0,0,0,0,0,0,0,0,0,0,0,0,0,0,0,0,0,0,0,0,0,0,0,0,0,0,0,0,0,0,0,0
2013-11-02,0,0,0,0,0,0,0,0,0,0,0,0,0,0,0,0,0,0,0,0,0,0,0,0,0,0,0,0,0,0,0,0,0,0
2013-11-03,0,0,0,0,0,0,0,0,0,0,0,0,0,0,0,0,0,0,0,0,0,0,0,0,0,0,0,0,0,0,0,0,0,0
2013-11-04,0,0,0,0,0,0,0,0,0,0,0,0,0,0,0,0,0,0,0,0,0,0,0,0,0,0,0,0,0,0,0,0,0,0
2013-11-05,0,0,0,0,0,0,0,0,0,0,0,0,0,0,0,0,0,0,0,0,0,0,0,0,0,0,0,0,0,0,0,0,0,0
2013-11-06,0,0,0,0,0,0,0,0,0,0,0,0,0,0,0,0,0,0,0,0,0,0,0,0,0,0,0,0,0,0,0,0,0,0
2013-11-07,0,0,0,0,0,0,0,0,0,0,0,0,0,0,0,0,0,0,0,0,0,0,0,0,0,0,0,0,0,0,0,0,0,0
2013-11-08,0,0,0,0,0,0,0,0,0,0,0,0,0,0,0,0,0,0,0,0,0,0,0,0,0,0,0,0,0,0,0,0,0,0
2013-11-09,0,0,0,0,0,0,0,0,0,0,0,0,0,0,0,0,0,0,0,0,0,0,0,0,0,0,0,0,0,0,0,0,0,0
2013-11-10,0,0,0,0,0,0,0,0,0,0,0,0,0,0,0,0,0,0,0,0,0,0,0,0,0,0,0,0,0,0,0,0,0,0
2013-11-11,0,0,0,0,0,0,0,0,0,0,0,0,0,0,0,0,0,0,0,0,0,0,0,0,0,0,0,0,0,0,0,0,0,0
2013-11-12,0,0,0,0,0,0,0,0,0,0,0,0,0,0,0,0,0,0,0,0,0,0,0,0,0,0,0,0,0,0,0,0,0,0
2013-11-13,0,0,0,0,0,0,0,0,0,0,0,0,0,0,0,0,0,0,0,0,0,0,0,0,0,0,0,0,0,0,0,0,0,0
2013-11-14,0,0,0,0,0,0,0,0,0,0,0,0,0,0,0,0,0,0,0,0,0,0,0,0,0,0,0,0,0,0,0,0,0,0
2013-11-15,0,0,0,0,0,0,0,0,0,0,0,0,0,0,0,0,0,0,0,0,0,0,0,0,0,0,0,0,0,0,0,0,0,0
2013-11-16,0,0,0,0,0,0,0,0,0,0,0,0,0,0,0,0,0,0,0,0,0,0,0,0,0,0,0,0,0,0,0,0,0,0
2013-11-17,0,0,0,0,0,0,0,0,0,0,0,0,0,0,0,0,0,0,0,0,0,0,0,0,0,0,0,0,0,0,0,0,0,0
2013-11-18,0,0,0,0,0,0,0,0,0,0,0,0,0,0,0,0,0,0,0,0,0,0,0,0,0,0,0,0,0,0,0,0,0,0
2013-11-19,0,0,0,0,0,0,0,0,0,0,0,0,0,0,0,0,0,0,0,0,0,0,0,0,0,0,0,0,0,0,0,0,0,0
2013-11-20,0,0,0,0,0,0,0,0,0,0,0,0,0,0,0,0,0,0,0,0,0,0,0,0,0,0,0,0,0,0,0,0,0,0
2013-11-21,0,0,0,0,0,0,0,0,0,0,0,0,0,0,0,0,0,0,0,0,0,0,0,0,0,0,0,0,0,0,0,0,0,0
2013-11-22,0,0,0,0,0,0,0,0,0,0,0,0,0,0,0,0,0,0,0,0,0,0,0,0,0,0,0,0,0,0,0,0,0,0
2013-11-23,0,0,0,0,0,0,0,0,0,0,0,0,0,0,0,0,0,0,0,0,0,0,0,0,0,0,0,0,0,0,0,0,0,0
2013-11-24,0,0,0,0,0,0,0,0,0,0,0,0,0,0,0,0,0,0,0,0,0,0,0,0,0,0,0,0,0,0,0,0,0,0
2013-11-25,0,0,0,0,0,0,0,0,0,0,0,0,0,0,0,0,0,0,0,0,0,0,0,0,0,0,0,0,0,0,0,0,0,0
2013-11-26,0,0,0,0,0,0,0,0,0,0,0,0,0,0,0,0,0,0,0,0,0,0,0,0,0,0,0,0,0,0,0,0,0,0
2013-11-27,0,0,0,0,0,0,0,0,0,0,0,0,0,0,0,0,0,0,0,0,0,0,0,0,0,0,0,0,0,0,0,0,0,0
2013-11-28,0,0,0,0,0,0,0,0,0,0,0,0,0,0,0,0,0,0,0,0,0,0,0,0,0,0,0,0,0,0,0,0,0,0
2013-11-29,0,0,0,0,0,0,0,0,0,0,0,0,0,0,0,0,0,0,0,0,0,0,0,0,0,0,0,0,0,0,0,0,0,0
2013-11-30,0,0,0,0,0,0,0,0,0,0,0,0,0,0,0,0,0,0,0,0,0,0,0,0,0,0,0,0,0,0,0,0,0,0
2013-12-01,0,0,0,0,0,0,0,0,0,0,0,0,0,0,0,0,0,0,0,0,0,0,0,0,0,0,0,0,0,0,0,0,0,0
2013-12-02,0,0,0,0,0,0,0,0,0,0,0,0,0,0,0,0,0,0,0,0,0,0,0,0,0,0,0,0,0,0,0,0,0,0
2013-12-03,0,0,0,0,0,0,0,0,0,0,0,0,0,0,0,0,0,0,0,0,0,0,0,0,0,0,0,0,0,0,0,0,0,0
2013-12-04,0,0,0,0,0,0,0,0,0,0,0,0,0,0,0,0,0,0,0,0,0,0,0,0,0,0,0,0,0,0,0,0,0,0
2013-12-05,0,0,0,0,0,0,0,0,0,0,0,0,0,0,0,0,0,0,0,0,0,0,0,0,0,0,0,0,0,0,0,0,0,0
2013-12-06,0,0,0,0,0,0,0,0,0,0,0,0,0,0,0,0,0,0,0,0,0,0,0,0,0,0,0,0,0,0,0,0,0,0
2013-12-07,0,0,0,0,0,0,0,0,0,0,0,0,0,0,0,0,0,0,0,0,0,0,0,0,0,0,0,0,0,0,0,0,0,0
2013-12-08,0,0,0,0,0,0,0,0,0,0,0,0,0,0,0,0,0,0,0,0,0,0,0,0,0,0,0,0,0,0,0,0,0,0
2013-12-09,0,0,0,0,0,0,0,0,0,0,0,0,0,0,0,0,0,0,0,0,0,0,0,0,0,0,0,0,0,0,0,0,0,0
2013-12-10,0,0,0,0,0,0,0,0,0,0,0,0,0,0,0,0,0,0,0,0,0,0,0,0,0,0,0,0,0,0,0,0,0,0
2013-12-11,0,0,0,0,0,0,0,0,0,0,0,0,0,0,0,0,0,0,0,0,0,0,0,0,0,0,0,0,0,0,0,0,0,0
2013-12-12,0,0,0,0,0,0,0,0,0,0,0,0,0,0,0,0,0,0,0,0,0,0,0,0,0,0,0,0,0,0,0,0,0,0
2013-12-13,0,0,0,0,0,0,0,0,0,0,0,0,0,0,0,0,0,0,0,0,0,0,0,0,0,0,0,0,0,0,0,0,0,0
2013-12-14,0,0,0,0,0,0,0,0,0,0,0,0,0,0,0,0,0,0,0,0,0,0,0,0,0,0,0,0,0,0,0,0,0,0
2013-12-15,0,0,0,0,0,0,0,0,0,0,0,0,0,0,0,0,0,0,0,0,0,0,0,0,0,0,0,0,0,0,0,0,0,0
2013-12-16,0,0,0,0,0,0,0,0,0,0,0,0,0,0,0,0,0,0,0,0,0,0,0,0,0,0,0,0,0,0,0,0,0,0
2013-12-17,0,0,0,0,0,0,0,0,0,0,0,0,0,0,0,0,0,0,0,0,0,0,0,0,0,0,0,0,0,0,0,0,0,0
2013-12-18,0,0,0,0,0,0,0,0,0,0,0,0,0,0,0,0,0,0,0,0,0,0,0,0,0,0,0,0,0,0,0,0,0,0
2013-12-19,0,0,0,0,0,0,0,0,0,0,0,0,0,0,0,0,0,0,0,0,0,0,0,0,0,0,0,0,0,0,0,0,0,0
2013-12-20,0,0,0,0,0,0,0,0,0,0,0,0,0,0,0,0,0,0,0,0,0,0,0,0,0,0,0,0,0,0,0,0,0,0
2013-12-21,0,0,0,0,0,0,0,0,0,0,0,0,0,0,0,0,0,0,0,0,0,0,0,0,0,0,0,0,0,0,0,0,0,0
2013-12-22,0,0,0,0,0,0,0,0,0,0,0,0,0,0,0,0,0,0,0,0,0,0,0,0,0,0,0,0,0,0,0,0,0,0
2013-12-23,0,0,0,0,0,0,0,0,0,0,0,0,0,0,0,0,0,0,0,0,0,0,0,0,0,0,0,0,0,0,0,0,0,0
2013-12-24,0,0,0,0,0,0,0,0,0,0,0,0,0,0,0,0,0,0,0,0,0,0,0,0,0,0,0,0,0,0,0,0,0,0
2013-12-25,0,0,0,0,0,0,0,0,0,0,0,0,0,0,0,0,0,0,0,0,0,0,0,0,0,0,0,0,0,0,0,0,0,0
2013-12-26,0,0,0,0,0,0,0,0,0,0,0,0,0,0,0,0,0,0,0,0,0,0,0,0,0,0,0,0,0,0,0,0,0,0
2013-12-27,0,0,0,0,0,0,0,0,0,0,0,0,0,0,0,0,0,0,0,0,0,0,0,0,0,0,0,0,0,0,0,0,0,0
2013-12-28,0,0,0,0,0,0,0,0,0,0,0,0,0,0,0,0,0,0,0,0,0,0,0,0,0,0,0,0,0,0,0,0,0,0
2013-12-29,0,0,0,0,0,0,0,0,0,0,0,0,0,0,0,0,0,0,0,0,0,0,0,0,0,0,0,0,0,0,0,0,0,0
2013-12-30,0,0,0,0,0,0,0,0,0,0,0,0,0,0,0,0,0,0,0,0,0,0,0,0,0,0,0,0,0,0,0,0,0,0
2013-12-31,0,0,0,0,0,0,0,0,0,0,0,0,0,0,0,0,0,0,0,0,0,0,0,0,0,0,0,0,0,0,0,0,0,0
2014-01-01,0,0,0,0,0,0,0,0,0,0,0,0,0,0,0,0,0,0,0,0,0,0,0,0,0,0,0,0,0,0,0,0,0,0
2014-01-02,0,0,0,0,0,0,0,0,0,0,0,0,0,0,0,0,0,0,0,0,0,0,0,0,0,0,0,0,0,0,0,0,0,0
2014-01-03,0,0,0,0,0,0,0,0,0,0,0,0,0,0,0,0,0,0,0,0,0,0,0,0,0,0,0,0,0,0,0,0,0,0
2014-01-04,0,0,0,0,0,0,0,0,0,0,0,0,0,0,0,0,0,0,0,0,0,0,0,0,0,0,0,0,0,0,0,0,0,0
2014-01-05,0,0,0,0,0,0,0,0,0,0,0,0,0,0,0,0,0,0,0,0,0,0,0,0,0,0,0,0,0,0,0,0,0,0
2014-01-06,0,0,0,0,0,0,0,0,0,0,0,0,0,0,0,0,0,0,0,0,0,0,0,0,0,0,0,0,0,0,0,0,0,0
2014-01-07,0,0,0,0,0,0,0,0,0,0,0,0,0,0,0,0,0,0,0,0,0,0,0,0,0,0,0,0,0,0,0,0,0,0
2014-01-08,0,0,0,0,0,0,0,0,0,0,0,0,0,0,0,0,0,0,0,0,0,0,0,0,0,0,0,0,0,0,0,0,0,0
2014-01-09,0,0,0,0,0,0,0,0,0,0,0,0,0,0,0,0,0,0,0,0,0,0,0,0,0,0,0,0,0,0,0,0,0,0
2014-01-10,0,0,0,0,0,0,0,0,0,0,0,0,0,0,0,0,0,0,0,0,0,0,0,0,0,0,0,0,0,0,0,0,0,0
2014-01-11,0,0,0,0,0,0,0,0,0,0,0,0,0,0,0,0,0,0,0,0,0,0,0,0,0,0,0,0,0,0,0,0,0,0
2014-01-12,0,0,0,0,0,0,0,0,0,0,0,0,0,0,0,0,0,0,0,0,0,0,0,0,0,0,0,0,0,0,0,0,0,0
2014-01-13,0,0,0,0,0,0,0,0,0,0,0,0,0,0,0,0,0,0,0,0,0,0,0,0,0,0,0,0,0,0,0,0,0,0
2014-01-14,0,0,0,0,0,0,0,0,0,0,0,0,0,0,0,0,0,0,0,0,0,0,0,0,0,0,0,0,0,0,0,0,0,0
2014-01-15,0,0,0,0,0,0,0,0,0,0,0,0,0,0,0,0,0,0,0,0,0,0,0,0,0,0,0,0,0,0,0,0,0,0
2014-01-16,0,0,0,0,0,0,0,0,0,0,0,0,0,0,0,0,0,0,0,0,0,0,0,0,0,0,0,0,0,0,0,0,0,0
2014-01-17,0,0,0,0,0,0,0,0,0,0,0,0,0,0,0,0,0,0,0,0,0,0,0,0,0,0,0,0,0,0,0,0,0,0
2014-01-18,0,0,0,0,0,0,0,0,0,0,0,0,0,0,0,0,0,0,0,0,0,0,0,0,0,0,0,0,0,0,0,0,0,0
2014-01-19,0,0,0,0,0,0,0,0,0,0,0,0,0,0,0,0,0,0,0,0,0,0,0,0,0,0,0,0,0,0,0,0,0,0
2014-01-20,0,0,0,0,0,0,0,0,0,0,0,0,0,0,0,0,0,0,0,0,0,0,0,0,0,0,0,0,0,0,0,0,0,0
2014-01-21,0,0,0,0,0,0,0,0,0,0,0,0,0,0,0,0,0,0,0,0,0,0,0,0,0,0,0,0,0,0,0,0,0,0
2014-01-22,0,0,0,0,0,0,0,0,0,0,0,0,0,0,0,0,0,0,0,0,0,0,0,0,0,0,0,0,0,0,0,0,0,0
2014-01-23,0,0,0,0,0,0,0,0,0,0,0,0,0,0,0,0,0,0,0,0,0,0,0,0,0,0,0,0,0,0,0,0,0,0
2014-01-24,0,0,0,0,0,0,0,0,0,0,0,0,0,0,0,0,0,0,0,0,0,0,0,0,0,0,0,0,0,0,0,0,0,0
2014-01-25,0,0,0,0,0,0,0,0,0,0,0,0,0,0,0,0,0,0,0,0,0,0,0,0,0,0,0,0,0,0,0,0,0,0
2014-01-26,0,0,0,0,0,0,0,0,0,0,0,0,0,0,0,0,0,0,0,0,0,0,0,0,0,0,0,0,0,0,0,0,0,0
2014-01-27,0,0,0,0,0,0,0,0,0,0,0,0,0,0,0,0,0,0,0,0,0,0,0,0,0,0,0,0,0,0,0,0,0,0
2014-01-28,0,0,0,0,0,0,0,0,0,0,0,0,0,0,0,0,0,0,0,0,0,0,0,0,0,0,0,0,0,0,0,0,0,0
2014-01-29,0,0,0,0,0,0,0,0,0,0,0,0,0,0,0,0,0,0,0,0,0,0,0,0,0,0,0,0,0,0,0,0,0,0
2014-01-30,0,0,0,0,0,0,0,0,0,0,0,0,0,0,0,0,0,0,0,0,0,0,0,0,0,0,0,0,0,0,0,0,0,0
2014-01-31,0,0,0,0,0,0,0,0,0,0,0,0,0,0,0,0,0,0,0,0,0,0,0,0,0,0,0,0,0,0,0,0,0,0
2014-02-01,0,0,0,0,0,0,0,0,0,0,0,0,0,0,0,0,0,0,0,0,0,0,0,0,0,0,0,0,0,0,0,0,0,0
2014-02-02,0,0,0,0,0,0,0,0,0,0,0,0,0,0,0,0,0,0,0,0,0,0,0,0,0,0,0,0,0,0,0,0,0,0
2014-02-03,0,0,0,0,0,0,0,0,0,0,0,0,0,0,0,0,0,0,0,0,0,0,0,0,0,0,0,0,0,0,0,0,0,0
2014-02-04,0,0,0,0,0,0,0,0,0,0,0,0,0,0,0,0,0,0,0,0,0,0,0,0,0,0,0,0,0,0,0,0,0,0
2014-02-05,0,0,0,0,0,0,0,0,0,0,0,0,0,0,0,0,0,0,0,0,0,0,0,0,0,0,0,0,0,0,0,0,0,0
2014-02-06,0,0,0,0,0,0,0,0,0,0,0,0,0,0,0,0,0,0,0,0,0,0,0,0,0,0,0,0,0,0,0,0,0,0
2014-02-07,0,0,0,0,0,0,0,0,0,0,0,0,0,0,0,0,0,0,0,0,0,0,0,0,0,0,0,0,0,0,0,0,0,0
2014-02-08,0,0,0,0,0,0,0,0,0,0,0,0,0,0,0,0,0,0,0,0,0,0,0,0,0,0,0,0,0,0,0,0,0,0
2014-02-09,0,0,0,0,0,0,0,0,0,0,0,0,0,0,0,0,0,0,0,0,0,0,0,0,0,0,0,0,0,0,0,0,0,0
2014-02-10,0,0,0,0,0,0,0,0,0,0,0,0,0,0,0,0,0,0,0,0,0,0,0,0,0,0,0,0,0,0,0,0,0,0
2014-02-11,0,0,0,0,0,0,0,0,0,0,0,0,0,0,0,0,0,0,0,0,0,0,0,0,0,0,0,0,0,0,0,0,0,0
2014-02-12,0,0,0,0,0,0,0,0,0,0,0,0,0,0,0,0,0,0,0,0,0,0,0,0,0,0,0,0,0,0,0,0,0,0
2014-02-13,0,0,0,0,0,0,0,0,0,0,0,0,0,0,0,0,0,0,0,0,0,0,0,0,0,0,0,0,0,0,0,0,0,0
2014-02-14,0,0,0,0,0,0,0,0,0,0,0,0,0,0,0,0,0,0,0,0,0,0,0,0,0,0,0,0,0,0,0,0,0,0
2014-02-15,0,0,0,0,0,0,0,0,0,0,0,0,0,0,0,0,0,0,0,0,0,0,0,0,0,0,0,0,0,0,0,0,0,0
2014-02-16,0,0,0,0,0,0,0,0,0,0,0,0,0,0,0,0,0,0,0,0,0,0,0,0,0,0,0,0,0,0,0,0,0,0
2014-02-17,0,0,0,0,0,0,0,0,0,0,0,0,0,0,0,0,0,0,0,0,0,0,0,0,0,0,0,0,0,0,0,0,0,0
2014-02-18,0,0,0,0,0,0,0,0,0,0,0,0,0,0,0,0,0,0,0,0,0,0,0,0,0,0,0,0,0,0,0,0,0,0
2014-02-19,0,0,0,0,0,0,0,0,0,0,0,0,0,0,0,0,0,0,0,0,0,0,0,0,0,0,0,0,0,0,0,0,0,0
2014-02-20,0,0,0,0,0,0,0,0,0,0,0,0,0,0,0,0,0,0,0,0,0,0,0,0,0,0,0,0,0,0,0,0,0,0
2014-02-21,0,0,0,0,0,0,0,0,0,0,0,0,0,0,0,0,0,0,0,0,0,0,0,0,0,0,0,0,0,0,0,0,0,0
2014-02-22,0,0,0,0,0,0,0,0,0,0,0,0,0,0,0,0,0,0,0,0,0,0,0,0,0,0,0,0,0,0,0,0,0,0
2014-02-23,0,0,0,0,0,0,0,0,0,0,0,0,0,0,0,0,0,0,0,0,0,0,0,0,0,0,0,0,0,0,0,0,0,0
2014-02-24,0,0,0,0,0,0,0,0,0,0,0,0,0,0,0,0,0,0,0,0,0,0,0,0,0,0,0,0,0,0,0,0,0,0
2014-02-25,0,0,0,0,0,0,0,0,0,0,0,0,0,0,0,0,0,0,0,0,0,0,0,0,0,0,0,0,0,0,0,0,0,0
2014-02-26,0,0,0,0,0,0,0,0,0,0,0,0,0,0,0,0,0,0,0,0,0,0,0,0,0,0,0,0,0,0,0,0,0,0
2014-02-27,0,0,0,0,0,0,0,0,0,0,0,0,0,0,0,0,0,0,0,0,0,0,0,0,0,0,0,0,0,0,0,0,0,0
2014-02-28,0,0,0,0,0,0,0,0,0,0,0,0,0,0,0,0,0,0,0,0,0,0,0,0,0,0,0,0,0,0,0,0,0,0
2014-03-01,0,0,0,0,0,0,0,0,0,0,0,0,0,0,0,0,0,0,0,0,0,0,0,0,0,0,0,0,0,0,0,0,0,0
2014-03-02,0,0,0,0,0,0,0,0,0,0,0,0,0,0,0,0,0,0,0,0,0,0,0,0,0,0,0,0,0,0,0,0,0,0
2014-03-03,0,0,0,0,0,0,0,0,0,0,0,0,0,0,0,0,0,0,0,0,0,0,0,0,0,0,0,0,0,0,0,0,0,0
2014-03-04,0,0,0,0,0,0,0,0,0,0,0,0,0,0,0,0,0,0,0,0,0,0,0,0,0,0,0,0,0,0,0,0,0,0
2014-03-05,0,0,0,0,0,0,0,0,0,0,0,0,0,0,0,0,0,0,0,0,0,0,0,0,0,0,0,0,0,0,0,0,0,0
2014-03-06,0,0,0,0,0,0,0,0,0,0,0,0,0,0,0,0,0,0,0,0,0,0,0,0,0,0,0,0,0,0,0,0,0,0
2014-03-07,0,0,0,0,0,0,0,0,0,0,0,0,0,0,0,0,0,0,0,0,0,0,0,0,0,0,0,0,0,0,0,0,0,0
2014-03-08,0,0,0,0,0,0,0,0,0,0,0,0,0,0,0,0,0,0,0,0,0,0,0,0,0,0,0,0,0,0,0,0,0,0
2014-03-09,0,0,0,0,0,0,0,0,0,0,0,0,0,0,0,0,0,0,0,0,0,0,0,0,0,0,0,0,0,0,0,0,0,0
2014-03-10,0,0,0,0,0,0,0,0,0,0,0,0,0,0,0,0,0,0,0,0,0,0,0,0,0,0,0,0,0,0,0,0,0,0
2014-03-11,0,0,0,0,0,0,0,0,0,0,0,0,0,0,0,0,0,0,0,0,0,0,0,0,0,0,0,0,0,0,0,0,0,0
2014-03-12,0,0,0,0,0,0,0,0,0,0,0,0,0,0,0,0,0,0,0,0,0,0,0,0,0,0,0,0,0,0,0,0,0,0
2014-03-13,0,0,0,0,0,0,0,0,0,0,0,0,0,0,0,0,0,0,0,0,0,0,0,0,0,0,0,0,0,0,0,0,0,0
2014-03-14,0,0,0,0,0,0,0,0,0,0,0,0,0,0,0,0,0,0,0,0,0,0,0,0,0,0,0,0,0,0,0,0,0,0
2014-03-15,0,0,0,0,0,0,0,0,0,0,0,0,0,0,0,0,0,0,0,0,0,0,0,0,0,0,0,0,0,0,0,0,0,0
2014-03-16,0,0,0,0,0,0,0,0,0,0,0,0,0,0,0,0,0,0,0,0,0,0,0,0,0,0,0,0,0,0,0,0,0,0
2014-03-17,0,0,0,0,0,0,0,0,0,0,0,0,0,0,0,0,0,0,0,0,0,0,0,0,0,0,0,0,0,0,0,0,0,0
2014-03-18,0,0,0,0,0,0,0,0,0,0,0,0,0,0,0,0,0,0,0,0,0,0,0,0,0,0,0,0,0,0,0,0,0,0
2014-03-19,0,0,0,0,0,0,0,0,0,0,0,0,0,0,0,0,0,0,0,0,0,0,0,0,0,0,0,0,0,0,0,0,0,0
2014-03-20,0,0,0,0,0,0,0,0,0,0,0,0,0,0,0,0,0,0,0,0,0,0,0,0,0,0,0,0,0,0,0,0,0,0
2014-03-21,0,0,0,0,0,0,0,0,0,0,0,0,0,0,0,0,0,0,0,0,0,0,0,0,0,0,0,0,0,0,0,0,0,0
2014-03-22,0,0,0,0,0,0,0,0,0,0,0,0,0,0,0,0,0,0,0,0,0,0,0,0,0,0,0,0,0,0,0,0,0,0
2014-03-23,0,0,0,0,0,0,0,0,0,0,0,0,0,0,0,0,0,0,0,0,0,0,0,0,0,0,0,0,0,0,0,0,0,0
2014-03-24,0,0,0,0,0,0,0,0,0,0,0,0,0,0,0,0,0,0,0,0,0,0,0,0,0,0,0,0,0,0,0,0,0,0
2014-03-25,0,0,0,0,0,0,0,0,0,0,0,0,0,0,0,0,0,0,0,0,0,0,0,0,0,0,0,0,0,0,0,0,0,0
2014-03-26,0,0,0,0,0,0,0,0,0,0,0,0,0,0,0,0,0,0,0,0,0,0,0,0,0,0,0,0,0,0,0,0,0,0
2014-03-27,0,0,0,0,0,0,0,0,0,0,0,0,0,0,0,0,0,0,0,0,0,0,0,0,0,0,0,0,0,0,0,0,0,0
2014-03-28,0,0,0,0,0,0,0,0,0,0,0,0,0,0,0,0,0,0,0,0,0,0,0,0,0,0,0,0,0,0,0,0,0,0
2014-03-29,0,0,0,0,0,0,0,0,0,0,0,0,0,0,0,0,0,0,0,0,0,0,0,0,0,0,0,0,0,0,0,0,0,0
2014-03-30,0,0,0,0,0,0,0,0,0,0,0,0,0,0,0,0,0,0,0,0,0,0,0,0,0,0,0,0,0,0,0,0,0,0
2014-03-31,0,0,0,0,0,0,0,0,0,0,0,0,0,0,0,0,0,0,0,0,0,0,0,0,0,0,0,0,0,0,0,0,0,0
2014-04-01,0,0,0,0,0,0,0,0,0,0,0,0,0,0,0,0,0,0,0,0,0,0,0,0,0,0,0,0,0,0,0,0,0,0
2014-04-02,0,0,0,0,0,0,0,0,0,0,0,0,0,0,0,0,0,0,0,0,0,0,0,0,0,0,0,0,0,0,0,0,0,0
2014-04-03,0,0,0,0,0,0,0,0,0,0,0,0,0,0,0,0,0,0,0,0,0,0,0,0,0,0,0,0,0,0,0,0,0,0
2014-04-04,0,0,0,0,0,0,0,0,0,0,0,0,0,0,0,0,0,0,0,0,0,0,0,0,0,0,0,0,0,0,0,0,0,0
2014-04-05,0,0,0,0,0,0,0,0,0,0,0,0,0,0,0,0,0,0,0,0,0,0,0,0,0,0,0,0,0,0,0,0,0,0
2014-04-06,0,0,0,0,0,0,0,0,0,0,0,0,0,0,0,0,0,0,0,0,0,0,0,0,0,0,0,0,0,0,0,0,0,0
2014-04-07,0,0,0,0,0,0,0,0,0,0,0,0,0,0,0,0,0,0,0,0,0,0,0,0,0,0,0,0,0,0,0,0,0,0
2014-04-08,0,0,0,0,0,0,0,0,0,0,0,0,0,0,0,0,0,0,0,0,0,0,0,0,0,0,0,0,0,0,0,0,0,0
2014-04-09,0,0,0,0,0,0,0,0,0,0,0,0,0,0,0,0,0,0,0,0,0,0,0,0,0,0,0,0,0,0,0,0,0,0
2014-04-10,0,0,0,0,0,0,0,0,0,0,0,0,0,0,0,0,0,0,0,0,0,0,0,0,0,0,0,0,0,0,0,0,0,0
2014-04-11,0,0,0,0,0,0,0,0,0,0,0,0,0,0,0,0,0,0,0,0,0,0,0,0,0,0,0,0,0,0,0,0,0,0
2014-04-12,0,0,0,0,0,0,0,0,0,0,0,0,0,0,0,0,0,0,0,0,0,0,0,0,0,0,0,0,0,0,0,0,0,0
2014-04-13,0,0,0,0,0,0,0,0,0,0,0,0,0,0,0,0,0,0,0,0,0,0,0,0,0,0,0,0,0,0,0,0,0,0
2014-04-14,0,0,0,0,0,0,0,0,0,0,0,0,0,0,0,0,0,0,0,0,0,0,0,0,0,0,0,0,0,0,0,0,0,0
2014-04-15,0,0,0,0,0,0,0,0,0,0,0,0,0,0,0,0,0,0,0,0,0,0,0,0,0,0,0,0,0,0,0,0,0,0
2014-04-16,0,0,0,0,0,0,0,0,0,0,0,0,0,0,0,0,0,0,0,0,0,0,0,0,0,0,0,0,0,0,0,0,0,0
2014-04-17,0,0,0,0,0,0,0,0,0,0,0,0,0,0,0,0,0,0,0,0,0,0,0,0,0,0,0,0,0,0,0,0,0,0
2014-04-18,0,0,0,0,0,0,0,0,0,0,0,0,0,0,0,0,0,0,0,0,0,0,0,0,0,0,0,0,0,0,0,0,0,0
2014-04-19,0,0,0,0,0,0,0,0,0,0,0,0,0,0,0,0,0,0,0,0,0,0,0,0,0,0,0,0,0,0,0,0,0,0
2014-04-20,0,0,0,0,0,0,0,0,0,0,0,0,0,0,0,0,0,0,0,0,0,0,0,0,0,0,0,0,0,0,0,0,0,0
2014-04-21,0,0,0,0,0,0,0,0,0,0,0,0,0,0,0,0,0,0,0,0,0,0,0,0,0,0,0,0,0,0,0,0,0,0
2014-04-22,0,0,0,0,0,0,0,0,0,0,0,0,0,0,0,0,0,0,0,0,0,0,0,0,0,0,0,0,0,0,0,0,0,0
2014-04-23,0,0,0,0,0,0,0,0,0,0,0,0,0,0,0,0,0,0,0,0,0,0,0,0,0,0,0,0,0,0,0,0,0,0
2014-04-24,0,0,0,0,0,0,0,0,0,0,0,0,0,0,0,0,0,0,0,0,0,0,0,0,0,0,0,0,0,0,0,0,0,0
2014-04-25,0,0,0,0,0,0,0,0,0,0,0,0,0,0,0,0,0,0,0,0,0,0,0,0,0,0,0,0,0,0,0,0,0,0
2014-04-26,0,0,0,0,0,0,0,0,0,0,0,0,0,0,0,0,0,0,0,0,0,0,0,0,0,0,0,0,0,0,0,0,0,0
2014-04-27,0,0,0,0,0,0,0,0,0,0,0,0,0,0,0,0,0,0,0,0,0,0,0,0,0,0,0,0,0,0,0,0,0,0
2014-04-28,0,0,0,0,0,0,0,0,0,0,0,0,0,0,0,0,0,0,0,0,0,0,0,0,0,0,0,0,0,0,0,0,0,0
2014-04-29,0,0,0,0,0,0,0,0,0,0,0,0,0,0,0,0,0,0,0,0,0,0,0,0,0,0,0,0,0,0,0,0,0,0
2014-04-30,0,0,0,0,0,0,0,0,0,0,0,0,0,0,0,0,0,0,0,0,0,0,0,0,0,0,0,0,0,0,0,0,0,0
2014-05-01,0,0,0,0,0,0,0,0,0,0,0,0,0,0,0,0,0,0,0,0,0,0,0,0,0,0,0,0,0,0,0,0,0,0
2014-05-02,0,0,0,0,0,0,0,0,0,0,21,0,0,0,0,0,0,0,0,0,0,0,0,0,0,0,0,0,0,0,0,0,0,0
2014-05-03,0,0,0,0,0,0,0,0,0,0,4,0,0,0,0,0,0,0,0,0,0,0,0,0,0,0,0,0,0,0,0,0,0,0
2014-05-04,0,0,0,0,0,0,0,0,0,0,0,0,0,0,0,0,0,0,0,0,0,0,0,0,0,0,0,0,0,0,0,0,0,0
2014-05-05,0,0,0,0,0,0,0,0,0,0,3,0,0,0,0,0,0,0,0,0,0,0,0,0,0,0,0,0,0,0,0,0,0,0
2014-05-06,0,0,0,0,0,0,0,0,0,0,10,0,0,0,0,0,0,0,0,0,0,0,0,0,0,0,0,0,0,0,0,0,0,0
2014-05-07,0,0,0,0,0,0,0,0,0,0,7,0,0,0,0,0,0,0,0,0,0,0,0,0,0,0,0,0,0,0,0,0,0,0
2014-05-08,0,0,0,0,0,0,0,0,0,0,13,0,0,0,0,0,0,0,0,0,0,0,0,0,0,0,0,0,0,0,0,0,0,0
2014-05-09,0,0,0,0,0,0,0,0,0,0,32,0,0,0,0,0,0,0,0,0,0,0,0,0,0,0,0,0,0,0,0,0,0,0
2014-05-10,0,0,0,0,0,0,0,0,0,0,118,0,0,0,0,0,0,0,0,0,0,0,0,0,0,0,0,1,0,0,0,0,0,0
2014-05-11,0,0,0,0,0,0,0,0,0,0,100,0,0,0,0,0,0,0,0,0,0,0,0,0,0,0,0,0,0,0,0,0,0,0
2014-05-12,0,0,0,0,0,0,0,0,0,0,72,0,0,0,0,0,0,0,0,0,0,0,0,0,0,0,0,0,0,0,0,0,0,0
2014-05-13,0,0,0,0,0,0,0,0,0,0,51,0,0,0,0,0,0,0,0,0,0,0,0,0,0,0,0,0,0,0,0,0,0,0
2014-05-14,0,0,0,0,0,0,0,0,0,0,28,0,0,0,0,0,0,0,0,0,0,0,0,0,0,0,0,7,0,0,0,0,0,0
2014-05-15,0,0,0,0,0,0,0,0,0,0,22,0,0,0,0,0,0,0,0,0,0,0,0,0,0,0,0,17,0,0,0,0,0,0
2014-05-16,0,0,0,0,0,0,0,0,0,0,0,0,0,0,0,0,0,0,0,0,0,0,0,0,0,0,0,0,0,0,0,0,0,0
2014-05-17,0,0,0,0,0,0,0,0,0,0,0,0,0,0,0,0,0,0,0,0,0,0,0,0,0,0,0,0,0,0,0,0,0,0
2014-05-18,0,0,0,0,0,0,0,0,0,0,0,0,0,0,0,0,0,0,0,0,0,0,0,0,0,0,0,0,0,0,0,0,0,0
2014-05-19,0,0,0,0,0,0,0,0,0,1,0,0,0,0,0,0,0,0,0,0,0,5,0,0,0,0,0,0,0,0,0,0,0,0
2014-05-20,0,0,0,0,0,0,0,0,0,0,0,1,0,0,0,0,0,0,0,0,0,0,0,0,0,0,0,0,0,0,0,0,0,0
2014-05-21,0,0,0,0,0,0,0,0,0,0,0,0,0,0,0,0,0,0,0,0,0,0,0,0,0,0,0,0,0,0,0,0,0,0
2014-05-22,0,0,0,0,0,0,0,3,0,0,0,0,0,0,1,0,0,0,0,0,0,0,0,0,0,0,6,0,0,0,0,0,0,0
2014-05-23,0,0,0,0,0,0,2,0,0,0,0,0,0,0,0,0,14,0,0,0,0,0,0,0,0,0,43,0,3,0,0,0,5,0
2014-05-24,0,0,0,0,0,0,0,0,0,4,0,30,0,0,1,0,6,0,0,2,0,2,0,0,0,0,0,0,1,0,0,0,0,0
2014-05-25,0,0,0,0,0,0,0,0,0,0,0,0,0,0,5,0,0,0,0,0,0,0,0,0,0,0,0,0,0,0,0,0,0,0
2014-05-26,0,0,0,0,0,0,0,0,0,0,0,0,0,0,11,0,0,0,0,0,0,0,0,0,0,0,0,0,6,0,0,0,0,0
2014-05-27,0,0,0,0,0,0,0,0,0,0,0,0,0,0,15,0,0,0,0,0,0,0,0,0,0,0,0,0,0,0,0,0,0,0
2014-05-28,0,0,0,0,0,0,0,0,0,0,0,0,0,0,42,0,0,0,0,0,0,0,0,0,0,0,0,0,0,0,0,0,0,0
2014-05-29,0,0,0,0,0,0,0,0,0,0,0,0,0,0,3,0,0,0,0,0,0,0,0,0,0,0,0,0,0,0,0,0,0,0
2014-05-30,0,0,0,0,0,0,0,0,0,0,0,0,0,0,0,0,0,0,0,0,0,0,0,0,0,0,0,0,0,0,0,0,0,0
2014-05-31,0,0,0,0,0,0,0,0,0,0,3,0,0,0,0,0,0,0,0,0,0,0,0,0,0,0,0,0,0,0,0,0,0,0
2014-06-01,0,0,0,0,0,0,0,0,0,0,0,0,0,0,0,0,0,0,0,0,0,0,0,0,0,0,0,0,0,0,0,0,0,0
2014-06-02,0,0,0,0,0,0,0,0,0,0,2,0,0,0,0,0,0,0,0,0,0,0,0,0,0,0,0,0,0,0,0,0,0,0
2014-06-03,0,0,0,0,0,0,0,0,0,0,20,0,0,0,0,0,0,0,0,0,0,0,0,0,0,0,0,0,0,0,0,0,0,0
2014-06-04,0,0,0,0,0,0,0,0,0,0,41,0,0,0,0,0,0,0,0,0,0,0,0,0,0,0,0,0,0,0,0,0,0,0
2014-06-05,0,0,0,0,0,0,0,0,0,0,10,0,0,0,0,0,0,0,0,0,0,0,0,0,0,0,0,0,0,0,0,0,0,0
2014-06-06,0,0,0,0,0,0,0,0,0,0,133,1,13,0,4,0,0,0,4,0,0,0,0,0,0,0,0,0,1,0,0,0,0,0
2014-06-07,0,0,0,0,6,0,0,4,0,0,81,0,72,0,42,0,39,0,70,0,0,0,0,0,0,0,0,0,55,11,0,0,0,0
2014-06-08,5,3,7,0,3,3,15,378,0,0,125,0,283,0,19,42,139,0,257,0,1,0,3,2,0,0,81,0,104,57,0,2,15,0
2014-06-09,7,31,23,0,25,14,91,500,0,0,140,0,506,0,35,94,266,0,391,0,1,0,4,2,0,0,185,0,148,86,0,16,50,0
2014-06-10,6,63,31,0,46,11,139,415,0,0,78,0,217,0,74,124,371,0,398,0,0,0,3,8,0,0,66,0,202,143,0,27,73,0
2014-06-11,4,55,28,0,23,0,55,42,0,0,270,0,103,0,92,150,355,0,517,0,0,0,3,5,0,0,31,20,129,117,0,45,66,0
2014-06-12,15,10,24,0,22,0,3,0,0,0,820,0,270,0,77,94,180,0,557,0,0,0,5,11,0,0,0,202,92,97,0,2,20,1
2014-06-13,6,0,1,0,26,0,0,0,0,0,1087,0,240,0,102,13,13,0,336,0,0,0,2,9,0,0,0,271,41,26,0,0,0,0
2014-06-14,4,0,0,0,0,0,0,0,0,0,1126,0,54,0,96,0,0,0,45,0,0,0,0,4,0,0,0,360,0,0,0,0,0,0
2014-06-15,0,0,0,0,0,0,0,0,0,0,415,0,0,0,22,0,0,0,15,0,0,0,0,0,0,0,0,252,0,0,0,0,0,0
2014-06-16,0,0,0,0,0,0,0,0,0,0,109,0,2,0,19,0,0,0,16,0,0,0,0,0,0,0,0,109,0,0,0,0,0,0
2014-06-17,0,0,0,0,0,0,0,0,0,0,66,0,0,0,55,0,0,0,5,0,0,0,0,0,0,0,0,20,0,0,0,0,0,0
2014-06-18,0,0,0,0,0,0,0,0,0,0,119,0,0,0,124,0,0,0,0,0,0,0,0,0,0,0,0,1,0,0,0,0,0,0
2014-06-19,0,0,0,0,0,0,0,0,0,0,136,0,0,0,61,0,0,0,0,0,0,0,0,0,0,0,0,0,0,0,0,0,0,0
2014-06-20,0,0,0,0,0,0,0,0,0,0,165,0,68,0,18,0,0,0,22,0,0,0,0,0,0,0,0,0,0,0,0,0,0,0
2014-06-21,0,0,0,0,0,0,0,0,0,0,209,0,162,0,19,0,0,0,15,0,0,0,0,0,0,0,0,0,0,0,0,0,0,0
2014-06-22,0,0,0,0,0,0,0,0,0,0,122,0,110,0,21,0,0,0,98,0,0,0,0,0,0,0,0,0,0,0,0,0,0,0
2014-06-23,4,0,1,0,0,0,0,0,0,0,78,0,12,0,58,6,0,0,235,0,0,0,0,3,0,0,0,0,1,19,0,0,0,0
2014-06-24,19,0,1,0,1,0,0,0,0,0,4,0,23,0,166,7,0,0,387,0,0,0,3,14,0,0,0,0,1,2,0,0,0,1
2014-06-25,13,0,0,0,10,0,0,0,0,0,5,0,2,0,300,0,0,0,287,0,0,0,0,15,0,0,0,0,0,0,0,0,0,0
2014-06-26,11,0,0,0,36,0,0,0,0,0,50,0,18,0,507,0,0,0,78,0,0,0,0,34,0,0,0,0,0,0,0,0,0,0
2014-06-27,2,0,0,0,0,0,0,0,0,0,212,0,10,0,364,0,0,0,47,0,0,0,0,4,0,0,0,0,0,0,0,0,0,0
2014-06-28,3,0,0,0,0,0,0,0,0,0,437,0,14,0,113,0,0,0,90,0,0,0,1,2,0,0,0,0,0,0,0,0,0,0
2014-06-29,9,0,17,0,0,0,0,0,0,0,169,0,0,0,91,52,93,0,187,0,0,0,3,9,0,0,0,0,18,78,0,1,2,1
2014-06-30,7,0,0,0,0,0,0,0,0,0,75,0,0,0,127,0,1,0,85,0,0,0,0,11,0,0,0,0,3,0,0,0,0,0
2014-07-01,1,0,0,0,1,0,0,0,0,0,116,0,0,0,199,0,0,0,16,0,0,0,0,0,0,0,0,0,1,0,0,0,0,0
2014-07-02,4,0,0,0,1,0,0,0,0,0,34,0,2,0,191,0,0,0,75,0,0,0,1,4,0,0,0,0,0,0,0,0,0,0
2014-07-03,6,0,0,0,1,0,0,0,0,0,18,0,31,0,254,0,0,0,197,0,0,0,2,7,0,0,0,0,0,0,0,0,0,0
2014-07-04,6,0,0,0,0,0,0,5,0,0,118,0,11,0,136,0,0,0,264,0,0,0,0,0,0,0,8,0,0,0,0,0,0,0
2014-07-05,9,0,1,0,0,0,0,0,0,0,430,0,5,0,83,9,5,0,239,0,0,0,2,3,0,0,7,0,2,17,0,0,0,0
2014-07-06,8,12,13,0,30,0,7,112,0,0,216,0,10,0,153,54,172,0,288,0,0,0,3,24,0,1,94,0,96,84,0,2,15,5
2014-07-07,18,33,43,0,61,0,45,5,0,0,152,0,0,0,267,125,345,0,361,2,0,0,4,48,0,3,260,0,233,179,0,15,60,11
2014-07-08,29,10,11,0,113,0,5,0,0,1,298,1,0,0,356,15,81,0,231,28,0,12,3,58,0,0,327,3,189,112,2,0,7,18
2014-07-09,6,0,0,0,98,0,0,5,12,0,527,2,0,0,318,0,0,0,82,5,0,0,0,33,0,60,131,79,81,14,38,0,0,0
2014-07-10,1,0,0,0,59,0,0,0,0,0,430,0,0,0,287,0,0,0,21,0,0,0,0,13,0,28,0,144,60,0,0,0,0,0
2014-07-11,0,0,0,0,7,0,0,0,0,0,445,0,0,0,167,0,0,0,0,0,0,0,0,0,0,3,0,162,5,0,0,0,0,0
2014-07-12,0,0,0,0,0,0,0,0,0,0,548,0,0,0,129,0,0,0,14,0,0,0,0,0,0,0,0,138,5,0,0,0,0,0
2014-07-13,0,0,0,0,17,0,0,0,0,0,658,0,0,0,150,0,0,0,16,0,0,0,0,7,0,4,0,62,23,0,0,0,0,0
2014-07-14,0,0,0,0,4,0,0,0,0,0,1126,0,4,0,160,0,0,0,12,0,0,0,0,4,0,0,0,94,53,0,0,0,0,0
2014-07-15,0,5,0,0,9,0,1,0,0,0,1485,0,9,0,43,1,68,0,49,0,0,0,0,0,0,0,0,167,38,1,0,0,8,0
2014-07-16,6,14,2,0,1,0,5,0,0,0,2023,0,183,0,32,34,152,0,255,0,0,0,3,0,0,0,3,231,53,8,0,3,23,0
2014-07-17,9,11,1,0,2,0,5,2,0,0,2208,0,1007,0,87,30,34,0,375,0,0,0,4,0,0,0,23,91,17,7,0,2,10,0
2014-07-18,10,12,2,101,3,0,8,240,0,0,1399,0,1205,0,139,33,40,0,467,0,5,0,5,0,74,0,89,1,34,16,0,2,6,0
2014-07-19,21,34,12,90,3,1,66,849,0,0,436,0,554,0,164,79,208,0,659,0,5,0,6,6,163,0,255,0,59,55,0,12,36,0
2014-07-20,28,81,42,0,56,0,192,578,0,0,273,0,22,0,250,135,313,0,702,0,0,0,7,20,11,0,432,0,204,125,0,27,69,3
2014-07-21,22,14,7,0,145,0,19,61,0,0,430,0,1,0,332,25,313,0,208,0,0,0,5,47,0,13,153,27,335,137,0,2,49,6
2014-07-22,5,0,0,0,34,0,4,48,0,0,973,1,14,0,240,0,0,0,41,0,0,0,1,0,0,10,101,105,116,3,45,0,0,0
2014-07-23,0,0,0,1,3,0,0,2,1,0,1227,7,67,0,133,2,0,0,90,0,0,0,0,0,2,36,0,28,25,0,44,0,0,0
2014-07-24,2,0,0,0,3,0,0,0,3,1,1070,8,210,0,162,4,0,0,78,0,0,0,0,1,0,11,0,2,7,0,59,0,0,0
2014-07-25,5,0,0,0,51,0,0,0,6,4,865,103,10,0,228,6,5,0,161,7,0,3,1,8,0,13,0,8,103,9,104,0,0,0
2014-07-26,12,0,6,0,123,0,0,0,0,17,1159,244,30,0,295,20,93,0,220,41,0,12,3,18,0,10,100,51,243,73,92,0,8,0
2014-07-27,19,0,0,0,155,0,5,20,0,38,1391,135,70,0,355,0,16,0,125,101,0,42,0,16,0,0,364,76,206,1,0,0,1,0
2014-07-28,2,0,0,0,125,0,0,3,0,43,1104,43,10,0,309,0,5,0,160,78,0,22,0,16,0,0,327,43,154,0,0,0,0,0
2014-07-29,12,0,3,0,72,0,0,2,0,1,561,0,0,0,332,7,0,0,180,129,0,8,1,30,0,0,436,66,79,16,5,0,0,1
2014-07-30,17,0,4,0,137,0,0,0,0,29,708,0,11,0,394,8,82,0,101,161,0,87,1,26,0,0,201,133,264,85,0,0,2,2
2014-07-31,1,0,0,0,119,0,0,0,0,5,976,18,35,0,346,0,9,0,68,3,0,0,0,1,0,0,45,27,204,0,0,0,0,0
2014-08-01,0,0,0,0,86,0,0,0,0,0,409,0,14,0,198,6,96,0,136,0,0,0,0,0,0,0,23,0,230,0,0,0,4,0
2014-08-02,3,7,0,0,58,0,15,18,0,0,199,0,3,0,164,17,141,0,237,67,0,1,2,0,0,0,358,0,308,26,0,0,26,0
2014-08-03,15,0,1,0,187,0,0,0,0,64,293,0,4,0,366,12,132,0,250,330,0,213,3,14,0,0,667,0,483,61,50,0,10,1
2014-08-04,19,0,5,0,201,0,0,0,0,120,577,147,17,0,462,11,42,0,243,314,0,233,4,18,0,0,314,0,467,9,157,0,4,0
2014-08-05,13,0,0,0,186,0,0,0,0,59,767,138,24,0,441,6,28,0,222,71,0,59,4,11,0,0,5,11,260,1,28,0,0,0
2014-08-06,3,0,0,0,70,0,0,0,0,34,1030,63,28,0,213,3,7,0,172,0,0,3,0,0,0,0,0,20,108,0,0,0,0,0
2014-08-07,5,0,0,0,46,0,0,0,0,0,1306,0,51,0,89,7,0,0,190,0,0,0,3,0,0,0,0,44,162,0,0,0,0,0
2014-08-08,8,0,1,0,53,0,0,0,0,0,1270,0,43,0,153,9,0,0,251,0,0,0,3,0,0,0,0,26,178,0,0,0,1,0
2014-08-09,12,1,8,0,116,0,0,0,0,0,1037,0,28,0,247,39,23,0,370,0,0,0,3,5,0,0,20,20,241,30,0,0,3,0
2014-08-10,17,4,22,0,186,0,10,0,0,0,1163,0,138,0,355,83,131,0,547,0,0,0,6,21,0,0,27,4,304,82,0,6,7,1
2014-08-11,32,0,59,0,219,0,0,0,0,0,1024,0,66,0,442,141,224,0,653,14,0,0,8,41,0,0,53,14,405,186,0,14,18,7
2014-08-12,58,0,25,0,301,0,0,0,0,0,946,0,30,0,515,52,38,0,664,0,0,0,12,65,0,0,0,6,558,179,0,0,0,20
2014-08-13,78,0,56,0,382,0,0,0,0,0,666,0,9,0,582,87,148,0,650,0,0,0,15,81,0,0,0,7,802,294,0,0,1,31
2014-08-14,70,0,10,0,336,0,0,0,0,0,330,0,0,0,542,18,16,0,399,0,0,0,11,82,0,0,0,1,849,153,0,0,0,25
2014-08-15,24,0,3,0,294,0,0,0,0,0,580,0,0,0,510,5,0,0,172,0,0,0,4,60,0,0,0,24,326,1,0,0,0,2
2014-08-16,13,0,0,0,178,0,0,0,0,0,572,0,0,0,448,1,0,0,102,0,0,0,1,29,0,0,0,72,188,0,0,0,0,0
2014-08-17,1,0,0,0,0,0,0,0,0,0,768,0,0,0,238,0,0,0,46,0,0,0,0,0,0,0,0,179,0,0,0,0,0,0
2014-08-18,1,0,0,0,0,0,0,0,0,0,806,0,0,0,81,0,0,0,33,0,0,0,0,0,0,0,0,76,0,0,0,0,0,0
2014-08-19,3,0,0,0,0,0,0,0,0,0,521,0,3,0,94,0,0,0,148,0,0,0,0,1,0,0,0,0,0,0,0,0,0,0
2014-08-20,8,0,0,0,13,0,0,0,0,0,401,0,2,0,168,4,0,0,281,0,0,0,1,12,0,0,0,1,32,12,0,0,0,0
2014-08-21,22,0,0,0,114,0,0,0,0,0,373,0,2,0,341,0,0,0,357,0,0,0,2,32,0,0,0,0,120,0,0,0,0,0
2014-08-22,22,0,0,0,81,0,0,0,0,0,296,0,0,0,450,1,0,0,256,0,0,0,3,27,0,0,0,0,25,0,0,0,0,0
2014-08-23,20,0,0,0,72,0,0,0,0,0,293,0,0,0,415,0,0,0,260,0,0,0,3,42,0,0,0,0,6,1,0,0,0,2
2014-08-24,16,0,0,0,82,0,0,0,0,0,635,0,0,0,460,0,0,0,165,0,0,0,1,31,0,0,0,27,29,0,0,0,0,0
2014-08-25,10,0,0,0,3,0,0,0,0,0,1062,0,0,0,296,0,0,0,71,0,0,0,2,2,0,0,0,56,0,0,0,0,0,0
2014-08-26,8,0,0,0,5,0,0,0,0,0,1327,0,7,0,218,0,0,0,124,0,0,0,1,7,0,0,0,73,0,0,0,0,0,0
2014-08-27,22,0,0,0,115,0,0,0,0,0,1488,0,30,0,301,2,0,0,323,0,0,0,3,32,0,0,0,109,107,0,0,0,0,1
2014-08-28,32,0,0,0,28,0,0,0,0,0,1313,0,20,0,405,2,0,0,272,0,0,0,5,7,0,0,0,44,0,0,0,0,0,0
2014-08-29,26,0,0,0,0,0,0,0,0,0,920,0,12,0,238,0,0,0,189,0,0,0,3,0,0,0,0,19,0,0,0,0,0,0
2014-08-30,15,0,0,0,0,0,0,0,0,0,717,0,9,0,123,1,0,0,186,0,0,0,3,4,0,0,0,13,0,0,0,0,0,0
2014-08-31,10,0,0,0,0,0,0,0,0,0,1005,0,10,0,97,0,0,0,173,0,0,0,2,5,0,0,0,57,0,0,0,0,0,0
2014-09-01,7,0,0,0,0,0,0,0,0,0,1439,0,2,0,114,0,0,0,65,0,0,0,0,2,0,0,0,223,0,0,0,0,0,0
2014-09-02,0,0,0,0,1,0,0,0,0,0,1517,0,1,0,62,0,0,0,10,0,0,0,0,0,0,0,0,130,21,0,0,0,0,0
2014-09-03,0,0,0,0,0,0,0,0,0,0,1069,0,0,0,57,0,3,0,6,0,0,0,0,0,0,0,0,3,48,0,0,0,0,0
2014-09-04,0,0,0,0,0,0,0,0,0,0,635,0,0,0,57,0,9,0,3,0,0,0,0,0,0,0,0,2,49,0,0,0,0,0
2014-09-05,0,0,0,0,0,0,0,0,0,0,624,0,1,0,50,0,0,0,9,0,0,0,0,0,0,0,0,6,11,0,0,0,0,0
2014-09-06,0,0,0,0,0,0,0,0,0,0,486,0,5,0,36,0,0,0,17,0,0,0,0,0,0,0,0,0,1,0,0,0,0,0
2014-09-07,0,0,0,0,0,0,0,0,0,0,319,0,38,0,20,0,0,0,24,0,0,0,0,0,0,0,0,2,0,0,0,0,0,0
2014-09-08,0,0,0,0,0,0,0,0,0,0,234,0,5,0,21,0,0,0,37,0,0,0,0,0,0,0,0,4,0,0,0,0,0,0
2014-09-09,0,0,0,0,0,0,0,0,0,0,296,0,1,0,19,0,0,0,53,0,0,0,0,0,0,0,0,1,0,0,0,0,0,0
2014-09-10,0,0,0,0,0,0,0,0,0,0,294,0,14,0,23,0,0,0,44,0,0,0,0,0,0,0,0,0,0,0,0,0,0,0
2014-09-11,0,0,0,0,0,0,0,0,0,0,334,0,3,0,32,0,0,0,49,0,0,0,0,0,0,0,0,0,0,0,0,0,0,0
2014-09-12,0,0,0,0,0,0,0,0,0,0,337,0,0,0,48,0,0,0,58,0,0,0,0,0,0,0,0,0,0,0,0,0,0,0
2014-09-13,0,0,0,0,0,0,0,0,0,0,291,0,0,0,58,0,0,0,29,0,0,0,0,0,0,0,0,0,0,0,0,0,0,0
2014-09-14,0,0,0,0,0,0,0,0,0,0,176,0,0,0,47,0,0,0,12,0,0,0,0,0,0,0,0,0,0,0,0,0,0,0
2014-09-15,0,0,0,0,0,0,0,0,0,0,89,0,0,0,30,0,0,0,13,0,0,0,0,0,0,0,0,0,0,0,0,0,0,0
2014-09-16,0,0,0,0,0,0,0,0,0,0,41,0,1,0,20,0,0,0,31,0,0,0,0,0,0,0,0,0,0,0,0,0,0,0
2014-09-17,0,0,0,0,0,0,0,0,0,0,69,0,50,0,7,0,0,0,34,0,0,0,0,0,0,0,0,0,0,0,0,0,0,0
2014-09-18,0,0,0,0,0,0,0,0,0,0,66,0,6,0,2,0,0,0,80,0,0,0,0,0,0,0,0,0,0,0,0,0,0,0
2014-09-19,0,0,0,0,0,0,0,0,0,0,62,0,53,0,3,0,0,0,188,0,0,0,0,0,0,0,0,0,0,0,0,0,0,0
2014-09-20,0,0,0,0,0,0,0,0,0,0,75,0,9,0,5,0,0,0,253,0,0,0,0,0,0,0,0,0,0,0,0,0,0,0
2014-09-21,0,0,0,0,0,0,0,0,0,0,72,0,2,0,46,0,0,0,241,0,0,0,0,0,0,0,0,0,0,0,0,0,0,0
2014-09-22,2,0,0,0,0,0,0,0,0,0,6,0,0,0,127,0,0,0,220,0,0,0,0,0,0,0,0,0,0,0,0,0,0,0
2014-09-23,0,0,0,0,0,0,0,0,0,0,0,0,0,0,112,0,0,0,64,0,0,0,0,0,0,0,0,0,0,0,0,0,0,0
2014-09-24,0,0,0,0,0,0,0,0,0,0,1,0,0,0,8,0,0,0,16,0,0,0,0,0,0,0,0,0,0,0,0,0,0,0
2014-09-25,0,0,0,0,0,0,0,0,0,0,0,0,0,0,7,0,0,0,4,0,0,0,0,0,0,0,0,0,0,0,0,0,0,0
2014-09-26,0,0,0,0,0,0,0,0,0,0,0,0,0,0,14,0,0,0,0,0,0,0,0,0,0,0,0,0,0,0,0,0,0,0
2014-09-27,0,0,0,0,0,0,0,0,0,0,0,0,0,0,0,0,0,0,0,0,0,0,0,0,0,0,0,0,0,0,0,0,0,0
2014-09-28,0,0,0,0,0,0,0,0,0,0,1,0,0,0,0,0,0,0,0,0,0,0,0,0,0,0,0,0,0,0,0,0,0,0
2014-09-29,0,0,0,0,0,0,0,0,0,0,1,0,0,0,0,0,0,0,0,0,0,0,0,0,0,0,0,0,0,0,0,0,0,0
2014-09-30,0,0,0,0,0,0,0,0,0,0,1,0,0,0,0,0,0,0,3,0,0,0,0,0,0,0,0,0,0,0,0,0,0,0
2014-10-01,0,0,0,0,0,0,0,0,0,0,38,0,0,0,0,0,0,0,3,0,0,0,0,0,0,0,0,4,0,0,0,0,0,0
2014-10-02,0,0,0,0,0,0,0,0,0,0,48,0,0,0,0,0,0,0,1,0,0,0,0,0,0,0,0,33,0,0,0,0,0,0
2014-10-03,0,0,0,0,0,0,0,0,0,0,28,0,0,0,0,0,0,0,0,0,0,0,0,0,0,0,0,8,0,0,0,0,0,0
2014-10-04,0,0,0,0,0,0,0,0,0,0,4,0,0,0,0,0,0,0,0,0,0,0,0,0,0,0,0,0,0,0,0,0,0,0
2014-10-05,0,0,0,0,0,0,0,0,0,0,0,0,0,0,0,0,0,0,0,0,0,0,0,0,0,0,0,0,0,0,0,0,0,0
2014-10-06,0,0,0,0,0,0,0,0,0,0,0,0,0,0,0,0,0,0,0,0,0,0,0,0,0,0,0,0,0,0,0,0,0,0
2014-10-07,0,0,0,0,0,0,0,0,0,0,2,0,0,0,0,0,0,0,0,0,0,0,0,0,0,0,0,0,0,0,0,0,0,0
2014-10-08,0,0,0,0,0,0,0,0,0,0,0,0,0,0,0,0,0,0,3,0,0,0,0,0,0,0,0,0,0,0,0,0,0,0
2014-10-09,0,0,0,0,0,0,0,0,0,0,2,0,0,0,0,0,0,0,13,0,0,0,0,0,0,0,0,0,0,0,0,0,0,0
2014-10-10,0,0,0,0,0,0,0,0,0,0,2,0,0,0,0,0,0,0,5,0,0,0,0,0,0,0,0,0,0,0,0,0,0,0
2014-10-11,0,0,0,0,0,0,0,0,0,0,1,0,0,0,0,0,0,0,3,0,0,0,0,0,0,0,0,0,0,0,0,0,0,0
2014-10-12,0,0,0,0,0,0,0,0,0,0,5,0,0,0,0,0,0,0,7,0,0,0,0,0,0,0,0,0,0,0,0,0,0,0
2014-10-13,0,0,0,0,0,0,0,0,0,0,0,0,0,0,0,0,0,0,13,0,0,0,0,0,0,0,0,0,0,0,0,0,0,0
2014-10-14,0,0,0,0,0,0,0,0,0,0,0,0,0,0,0,0,0,0,25,0,0,0,0,0,0,0,0,0,0,0,0,0,0,0
2014-10-15,0,0,0,0,0,0,0,0,0,0,0,0,0,0,0,0,0,0,44,0,0,0,0,0,0,0,0,0,0,0,0,0,0,0
2014-10-16,0,0,0,0,0,0,0,0,0,0,0,0,0,0,14,0,0,0,5,0,0,0,0,0,0,0,0,0,0,0,0,0,0,0
2014-10-17,0,0,0,0,0,0,0,0,0,0,0,0,0,0,30,0,0,0,0,0,0,0,0,0,0,0,0,0,0,0,0,0,0,0
2014-10-18,0,0,0,0,0,0,0,0,0,0,0,0,0,0,6,0,0,0,0,0,0,0,0,0,0,0,0,0,0,0,0,0,0,0
2014-10-19,0,0,0,0,0,0,0,0,0,0,2,0,0,0,0,0,0,0,0,0,0,0,0,0,0,0,0,0,0,0,0,0,0,0
2014-10-20,0,0,0,0,0,0,0,0,0,0,21,0,0,0,0,0,0,0,0,0,0,0,0,0,0,0,0,3,0,0,0,0,0,0
2014-10-21,0,0,0,0,0,0,0,0,0,0,10,0,0,0,0,0,0,0,0,0,0,0,0,0,0,0,0,3,0,0,0,0,0,0
2014-10-22,0,0,0,0,0,0,0,0,0,0,27,0,0,0,0,0,0,0,0,0,0,0,0,0,0,0,0,21,0,0,0,0,0,0
2014-10-23,0,0,0,0,0,0,0,0,0,0,0,0,0,0,0,0,0,0,0,0,0,0,0,0,0,0,0,0,0,0,0,0,0,0
2014-10-24,0,0,0,0,0,0,0,0,0,0,0,0,0,0,0,0,0,0,0,0,0,0,0,0,0,0,0,0,0,0,0,0,0,0
2014-10-25,0,0,0,0,0,0,0,0,0,0,0,0,0,0,0,0,0,0,0,0,0,0,0,0,0,0,0,0,0,0,0,0,0,0
2014-10-26,0,0,0,0,0,0,0,0,0,0,0,0,0,0,0,0,0,0,0,0,0,0,0,0,0,0,0,0,0,0,0,0,0,0
2014-10-27,0,0,0,0,0,0,0,0,0,0,0,0,0,0,0,0,0,0,0,0,0,0,0,0,0,0,0,0,0,0,0,0,0,0
2014-10-28,0,0,0,0,0,0,0,0,0,0,0,0,0,0,0,0,0,0,0,0,0,0,0,0,0,0,0,0,0,0,0,0,0,0
2014-10-29,0,0,0,0,0,0,0,0,0,0,0,0,0,0,0,0,0,0,0,0,0,0,0,0,0,0,0,0,0,0,0,0,0,0
2014-10-30,0,0,0,0,0,0,0,0,0,0,0,0,0,0,0,0,0,0,0,0,0,0,0,0,0,0,0,0,0,0,0,0,0,0
2014-10-31,0,0,0,0,0,0,0,0,0,0,0,0,0,0,0,0,0,0,0,0,0,0,0,0,0,0,0,0,0,0,0,0,0,0
2014-11-01,0,0,0,0,0,0,0,0,0,0,0,0,0,0,0,0,0,0,0,0,0,0,0,0,0,0,0,0,0,0,0,0,0,0
2014-11-02,0,0,0,0,0,0,0,0,0,0,0,0,0,0,0,0,0,0,0,0,0,0,0,0,0,0,0,0,0,0,0,0,0,0
2014-11-03,0,0,0,0,0,0,0,0,0,0,0,0,0,0,0,0,0,0,0,0,0,0,0,0,0,0,0,0,0,0,0,0,0,0
2014-11-04,0,0,0,0,0,0,0,0,0,0,0,0,0,0,0,0,0,0,0,0,0,0,0,0,0,0,0,0,0,0,0,0,0,0
2014-11-05,0,0,0,0,0,0,0,0,0,0,0,0,0,0,0,0,0,0,0,0,0,0,0,0,0,0,0,0,0,0,0,0,0,0
2014-11-06,0,0,0,0,0,0,0,0,0,0,0,0,0,0,0,0,0,0,0,0,0,0,0,0,0,0,0,0,0,0,0,0,0,0
2014-11-07,0,0,0,0,0,0,0,0,0,0,0,0,0,0,0,0,0,0,0,0,0,0,0,0,0,0,0,0,0,0,0,0,0,0
2014-11-08,0,0,0,0,0,0,0,0,0,0,0,0,0,0,0,0,0,0,0,0,0,0,0,0,0,0,0,0,0,0,0,0,0,0
2014-11-09,0,0,0,0,0,0,0,0,0,0,0,0,0,0,0,0,0,0,0,0,0,0,0,0,0,0,0,0,0,0,0,0,0,0
2014-11-10,0,0,0,0,0,0,0,0,0,0,0,0,0,0,0,0,0,0,0,0,0,0,0,0,0,0,0,0,0,0,0,0,0,0
2014-11-11,0,0,0,0,0,0,0,0,0,0,0,0,0,0,0,0,0,0,0,0,0,0,0,0,0,0,0,0,0,0,0,0,0,0
2014-11-12,0,0,0,0,0,0,0,0,0,0,0,0,0,0,0,0,0,0,0,0,0,0,0,0,0,0,0,0,0,0,0,0,0,0
2014-11-13,0,0,0,0,0,0,0,0,0,0,0,0,0,0,0,0,0,0,0,0,0,0,0,0,0,0,0,0,0,0,0,0,0,0
2014-11-14,0,0,0,0,0,0,0,0,0,0,0,0,0,0,0,0,0,0,0,0,0,0,0,0,0,0,0,0,0,0,0,0,0,0
2014-11-15,0,0,0,0,0,0,0,0,0,0,0,0,0,0,0,0,0,0,0,0,0,0,0,0,0,0,0,0,0,0,0,0,0,0
2014-11-16,0,0,0,0,0,0,0,0,0,0,0,0,0,0,0,0,0,0,0,0,0,0,0,0,0,0,0,0,0,0,0,0,0,0
2014-11-17,0,0,0,0,0,0,0,0,0,0,0,0,0,0,0,0,0,0,0,0,0,0,0,0,0,0,0,0,0,0,0,0,0,0
2014-11-18,0,0,0,0,0,0,0,0,0,0,0,0,0,0,0,0,0,0,0,0,0,0,0,0,0,0,0,0,0,0,0,0,0,0
2014-11-19,0,0,0,0,0,0,0,0,0,0,0,0,0,0,0,0,0,0,0,0,0,0,0,0,0,0,0,0,0,0,0,0,0,0
2014-11-20,0,0,0,0,0,0,0,0,0,0,0,0,0,0,0,0,0,0,0,0,0,0,0,0,0,0,0,0,0,0,0,0,0,0
2014-11-21,0,0,0,0,0,0,0,0,0,0,0,0,0,0,0,0,0,0,0,0,0,0,0,0,0,0,0,0,0,0,0,0,0,0
2014-11-22,0,0,0,0,0,0,0,0,0,0,0,0,0,0,0,0,0,0,0,0,0,0,0,0,0,0,0,0,0,0,0,0,0,0
2014-11-23,0,0,0,0,0,0,0,0,0,0,0,0,0,0,0,0,0,0,0,0,0,0,0,0,0,0,0,0,0,0,0,0,0,0
2014-11-24,0,0,0,0,0,0,0,0,0,0,0,0,0,0,0,0,0,0,0,0,0,0,0,0,0,0,0,0,0,0,0,0,0,0
2014-11-25,0,0,0,0,0,0,0,0,0,0,0,0,0,0,0,0,0,0,0,0,0,0,0,0,0,0,0,0,0,0,0,0,0,0
2014-11-26,0,0,0,0,0,0,0,0,0,0,0,0,0,0,0,0,0,0,0,0,0,0,0,0,0,0,0,0,0,0,0,0,0,0
2014-11-27,0,0,0,0,0,0,0,0,0,0,0,0,0,0,0,0,0,0,0,0,0,0,0,0,0,0,0,0,0,0,0,0,0,0
2014-11-28,0,0,0,0,0,0,0,0,0,0,0,0,0,0,0,0,0,0,0,0,0,0,0,0,0,0,0,0,0,0,0,0,0,0
2014-11-29,0,0,0,0,0,0,0,0,0,0,0,0,0,0,0,0,0,0,0,0,0,0,0,0,0,0,0,0,0,0,0,0,0,0
2014-11-30,0,0,0,0,0,0,0,0,0,0,0,0,0,0,0,0,0,0,0,0,0,0,0,0,0,0,0,0,0,0,0,0,0,0
2014-12-01,0,0,0,0,0,0,0,0,0,0,0,0,0,0,0,0,0,0,0,0,0,0,0,0,0,0,0,0,0,0,0,0,0,0
2014-12-02,0,0,0,0,0,0,0,0,0,0,0,0,0,0,0,0,0,0,0,0,0,0,0,0,0,0,0,0,0,0,0,0,0,0
2014-12-03,0,0,0,0,0,0,0,0,0,0,0,0,0,0,0,0,0,0,0,0,0,0,0,0,0,0,0,0,0,0,0,0,0,0
2014-12-04,0,0,0,0,0,0,0,0,0,0,0,0,0,0,0,0,0,0,0,0,0,0,0,0,0,0,0,0,0,0,0,0,0,0
2014-12-05,0,0,0,0,0,0,0,0,0,0,0,0,0,0,0,0,0,0,0,0,0,0,0,0,0,0,0,0,0,0,0,0,0,0
2014-12-06,0,0,0,0,0,0,0,0,0,0,0,0,0,0,0,0,0,0,0,0,0,0,0,0,0,0,0,0,0,0,0,0,0,0
2014-12-07,0,0,0,0,0,0,0,0,0,0,0,0,0,0,0,0,0,0,0,0,0,0,0,0,0,0,0,0,0,0,0,0,0,0
2014-12-08,0,0,0,0,0,0,0,0,0,0,0,0,0,0,0,0,0,0,0,0,0,0,0,0,0,0,0,0,0,0,0,0,0,0
2014-12-09,0,0,0,0,0,0,0,0,0,0,0,0,0,0,0,0,0,0,0,0,0,0,0,0,0,0,0,0,0,0,0,0,0,0
2014-12-10,0,0,0,0,0,0,0,0,0,0,0,0,0,0,0,0,0,0,0,0,0,0,0,0,0,0,0,0,0,0,0,0,0,0
2014-12-11,0,0,0,0,0,0,0,0,0,0,0,0,0,0,0,0,0,0,0,0,0,0,0,0,0,0,0,0,0,0,0,0,0,0
2014-12-12,0,0,0,0,0,0,0,0,0,0,0,0,0,0,0,0,0,0,0,0,0,0,0,0,0,0,0,0,0,0,0,0,0,0
2014-12-13,0,0,0,0,0,0,0,0,0,0,0,0,0,0,0,0,0,0,0,0,0,0,0,0,0,0,0,0,0,0,0,0,0,0
2014-12-14,0,0,0,0,0,0,0,0,0,0,0,0,0,0,0,0,0,0,0,0,0,0,0,0,0,0,0,0,0,0,0,0,0,0
2014-12-15,0,0,0,0,0,0,0,0,0,0,0,0,0,0,0,0,0,0,0,0,0,0,0,0,0,0,0,0,0,0,0,0,0,0
2014-12-16,0,0,0,0,0,0,0,0,0,0,0,0,0,0,0,0,0,0,0,0,0,0,0,0,0,0,0,0,0,0,0,0,0,0
2014-12-17,0,0,0,0,0,0,0,0,0,0,0,0,0,0,0,0,0,0,0,0,0,0,0,0,0,0,0,0,0,0,0,0,0,0
2014-12-18,0,0,0,0,0,0,0,0,0,0,0,0,0,0,0,0,0,0,0,0,0,0,0,0,0,0,0,0,0,0,0,0,0,0
2014-12-19,0,0,0,0,0,0,0,0,0,0,0,0,0,0,0,0,0,0,0,0,0,0,0,0,0,0,0,0,0,0,0,0,0,0
2014-12-20,0,0,0,0,0,0,0,0,0,0,0,0,0,0,0,0,0,0,0,0,0,0,0,0,0,0,0,0,0,0,0,0,0,0
2014-12-21,0,0,0,0,0,0,0,0,0,0,0,0,0,0,0,0,0,0,0,0,0,0,0,0,0,0,0,0,0,0,0,0,0,0
2014-12-22,0,0,0,0,0,0,0,0,0,0,0,0,0,0,0,0,0,0,0,0,0,0,0,0,0,0,0,0,0,0,0,0,0,0
2014-12-23,0,0,0,0,0,0,0,0,0,0,0,0,0,0,0,0,0,0,0,0,0,0,0,0,0,0,0,0,0,0,0,0,0,0
2014-12-24,0,0,0,0,0,0,0,0,0,0,0,0,0,0,0,0,0,0,0,0,0,0,0,0,0,0,0,0,0,0,0,0,0,0
2014-12-25,0,0,0,0,0,0,0,0,0,0,0,0,0,0,0,0,0,0,0,0,0,0,0,0,0,0,0,0,0,0,0,0,0,0
2014-12-26,0,0,0,0,0,0,0,0,0,0,0,0,0,0,0,0,0,0,0,0,0,0,0,0,0,0,0,0,0,0,0,0,0,0
2014-12-27,0,0,0,0,0,0,0,0,0,0,0,0,0,0,0,0,0,0,0,0,0,0,0,0,0,0,0,0,0,0,0,0,0,0
2014-12-28,0,0,0,0,0,0,0,0,0,0,0,0,0,0,0,0,0,0,0,0,0,0,0,0,0,0,0,0,0,0,0,0,0,0
2014-12-29,0,0,0,0,0,0,0,0,0,0,0,0,0,0,0,0,0,0,0,0,0,0,0,0,0,0,0,0,0,0,0,0,0,0
2014-12-30,0,0,0,0,0,0,0,0,0,0,0,0,0,0,0,0,0,0,0,0,0,0,0,0,0,0,0,0,0,0,0,0,0,0
2014-12-31,0,0,0,0,0,0,0,0,0,0,0,0,0,0,0,0,0,0,0,0,0,0,0,0,0,0,0,0,0,0,0,0,0,0
2015-01-01,0,0,0,0,0,0,0,0,0,0,0,0,0,0,0,0,0,0,0,0,0,0,0,0,0,0,0,0,0,0,0,0,0,0
2015-01-02,0,0,0,0,0,0,0,0,0,0,0,0,0,0,0,0,0,0,0,0,0,0,0,0,0,0,0,0,0,0,0,0,0,0
2015-01-03,0,0,0,0,0,0,0,0,0,0,0,0,0,0,0,0,0,0,0,0,0,0,0,0,0,0,0,0,0,0,0,0,0,0
2015-01-04,0,0,0,0,0,0,0,0,0,0,0,0,0,0,0,0,0,0,0,0,0,0,0,0,0,0,0,0,0,0,0,0,0,0
2015-01-05,0,0,0,0,0,0,0,0,0,0,0,0,0,0,0,0,0,0,0,0,0,0,0,0,0,0,0,0,0,0,0,0,0,0
2015-01-06,0,0,0,0,0,0,0,0,0,0,0,0,0,0,0,0,0,0,0,0,0,0,0,0,0,0,0,0,0,0,0,0,0,0
2015-01-07,0,0,0,0,0,0,0,0,0,0,0,0,0,0,0,0,0,0,0,0,0,0,0,0,0,0,0,0,0,0,0,0,0,0
2015-01-08,0,0,0,0,0,0,0,0,0,0,0,0,0,0,0,0,0,0,0,0,0,0,0,0,0,0,0,0,0,0,0,0,0,0
2015-01-09,0,0,0,0,0,0,0,0,0,0,0,0,0,0,0,0,0,0,0,0,0,0,0,0,0,0,0,0,0,0,0,0,0,0
2015-01-10,0,0,0,0,0,0,0,0,0,0,0,0,0,0,0,0,0,0,0,0,0,0,0,0,0,0,0,0,0,0,0,0,0,0
2015-01-11,0,0,0,0,0,0,0,0,0,0,0,0,0,0,0,0,0,0,0,0,0,0,0,0,0,0,0,0,0,0,0,0,0,0
2015-01-12,0,0,0,0,0,0,0,0,0,0,0,0,0,0,0,0,0,0,0,0,0,0,0,0,0,0,0,0,0,0,0,0,0,0
2015-01-13,0,0,0,0,0,0,0,0,0,0,0,0,0,0,0,0,0,0,0,0,0,0,0,0,0,0,0,0,0,0,0,0,0,0
2015-01-14,0,0,0,0,0,0,0,0,0,0,0,0,0,0,0,0,0,0,0,0,0,0,0,0,0,0,0,0,0,0,0,0,0,0
2015-01-15,0,0,0,0,0,0,0,0,0,0,0,0,0,0,0,0,0,0,0,0,0,0,0,0,0,0,0,0,0,0,0,0,0,0
2015-01-16,0,0,0,0,0,0,0,0,0,0,0,0,0,0,0,0,0,0,0,0,0,0,0,0,0,0,0,0,0,0,0,0,0,0
2015-01-17,0,0,0,0,0,0,0,0,0,0,0,0,0,0,0,0,0,0,0,0,0,0,0,0,0,0,0,0,0,0,0,0,0,0
2015-01-18,0,0,0,0,0,0,0,0,0,0,0,0,0,0,0,0,0,0,0,0,0,0,0,0,0,0,0,0,0,0,0,0,0,0
2015-01-19,0,0,0,0,0,0,0,0,0,0,0,0,0,0,0,0,0,0,0,0,0,0,0,0,0,0,0,0,0,0,0,0,0,0
2015-01-20,0,0,0,0,0,0,0,0,0,0,0,0,0,0,0,0,0,0,0,0,0,0,0,0,0,0,0,0,0,0,0,0,0,0
2015-01-21,0,0,0,0,0,0,0,0,0,0,0,0,0,0,0,0,0,0,0,0,0,0,0,0,0,0,0,0,0,0,0,0,0,0
2015-01-22,0,0,0,0,0,0,0,0,0,0,0,0,0,0,0,0,0,0,0,0,0,0,0,0,0,0,0,0,0,0,0,0,0,0
2015-01-23,0,0,0,0,0,0,0,0,0,0,0,0,0,0,0,0,0,0,0,0,0,0,0,0,0,0,0,0,0,0,0,0,0,0
2015-01-24,0,0,0,0,0,0,0,0,0,0,0,0,0,0,0,0,0,0,0,0,0,0,0,0,0,0,0,0,0,0,0,0,0,0
2015-01-25,0,0,0,0,0,0,0,0,0,0,0,0,0,0,0,0,0,0,0,0,0,0,0,0,0,0,0,0,0,0,0,0,0,0
2015-01-26,0,0,0,0,0,0,0,0,0,0,0,0,0,0,0,0,0,0,0,0,0,0,0,0,0,0,0,0,0,0,0,0,0,0
2015-01-27,0,0,0,0,0,0,0,0,0,0,0,0,0,0,0,0,0,0,0,0,0,0,0,0,0,0,0,0,0,0,0,0,0,0
2015-01-28,0,0,0,0,0,0,0,0,0,0,0,0,0,0,0,0,0,0,0,0,0,0,0,0,0,0,0,0,0,0,0,0,0,0
2015-01-29,0,0,0,0,0,0,0,0,0,0,0,0,0,0,0,0,0,0,0,0,0,0,0,0,0,0,0,0,0,0,0,0,0,0
2015-01-30,0,0,0,0,0,0,0,0,0,0,0,0,0,0,0,0,0,0,0,0,0,0,0,0,0,0,0,0,0,0,0,0,0,0
2015-01-31,0,0,0,0,0,0,0,0,0,0,0,0,0,0,0,0,0,0,0,0,0,0,0,0,0,0,0,0,0,0,0,0,0,0
2015-02-01,0,0,0,0,0,0,0,0,0,0,0,0,0,0,0,0,0,0,0,0,0,0,0,0,0,0,0,0,0,0,0,0,0,0
2015-02-02,0,0,0,0,0,0,0,0,0,0,0,0,0,0,0,0,0,0,0,0,0,0,0,0,0,0,0,0,0,0,0,0,0,0
2015-02-03,0,0,0,0,0,0,0,0,0,0,0,0,0,0,0,0,0,0,0,0,0,0,0,0,0,0,0,0,0,0,0,0,0,0
2015-02-04,0,0,0,0,0,0,0,0,0,0,0,0,0,0,0,0,0,0,0,0,0,0,0,0,0,0,0,0,0,0,0,0,0,0
2015-02-05,0,0,0,0,0,0,0,0,0,0,0,0,0,0,0,0,0,0,0,0,0,0,0,0,0,0,0,0,0,0,0,0,0,0
2015-02-06,0,0,0,0,0,0,0,0,0,0,0,0,0,0,0,0,0,0,0,0,0,0,0,0,0,0,0,0,0,0,0,0,0,0
2015-02-07,0,0,0,0,0,0,0,0,0,0,0,0,0,0,0,0,0,0,0,0,0,0,0,0,0,0,0,0,0,0,0,0,0,0
2015-02-08,0,0,0,0,0,0,0,0,0,0,0,0,0,0,0,0,0,0,0,0,0,0,0,0,0,0,0,0,0,0,0,0,0,0
2015-02-09,0,0,0,0,0,0,0,0,0,0,0,0,0,0,0,0,0,0,0,0,0,0,0,0,0,0,0,0,0,0,0,0,0,0
2015-02-10,0,0,0,0,0,0,0,0,0,0,0,0,0,0,0,0,0,0,0,0,0,0,0,0,0,0,0,0,0,0,0,0,0,0
2015-02-11,0,0,0,0,0,0,0,0,0,0,0,0,0,0,0,0,0,0,0,0,0,0,0,0,0,0,0,0,0,0,0,0,0,0
2015-02-12,0,0,0,0,0,0,0,0,0,0,0,0,0,0,0,0,0,0,0,0,0,0,0,0,0,0,0,0,0,0,0,0,0,0
2015-02-13,0,0,0,0,0,0,0,0,0,0,0,0,0,0,0,0,0,0,0,0,0,0,0,0,0,0,0,0,0,0,0,0,0,0
2015-02-14,0,0,0,0,0,0,0,0,0,0,0,0,0,0,0,0,0,0,0,0,0,0,0,0,0,0,0,0,0,0,0,0,0,0
2015-02-15,0,0,0,0,0,0,0,0,0,0,0,0,0,0,0,0,0,0,0,0,0,0,0,0,0,0,0,0,0,0,0,0,0,0
2015-02-16,0,0,0,0,0,0,0,0,0,0,0,0,0,0,0,0,0,0,0,0,0,0,0,0,0,0,0,0,0,0,0,0,0,0
2015-02-17,0,0,0,0,0,0,0,0,0,0,0,0,0,0,0,0,0,0,0,0,0,0,0,0,0,0,0,0,0,0,0,0,0,0
2015-02-18,0,0,0,0,0,0,0,0,0,0,0,0,0,0,0,0,0,0,0,0,0,0,0,0,0,0,0,0,0,0,0,0,0,0
2015-02-19,0,0,0,0,0,0,0,0,0,0,0,0,0,0,0,0,0,0,0,0,0,0,0,0,0,0,0,0,0,0,0,0,0,0
2015-02-20,0,0,0,0,0,0,0,0,0,0,0,0,0,0,0,0,0,0,0,0,0,0,0,0,0,0,0,0,0,0,0,0,0,0
2015-02-21,0,0,0,0,0,0,0,0,0,0,0,0,0,0,0,0,0,0,0,0,0,0,0,0,0,0,0,0,0,0,0,0,0,0
2015-02-22,0,0,0,0,0,0,0,0,0,0,0,0,0,0,0,0,0,0,0,0,0,0,0,0,0,0,0,0,0,0,0,0,0,0
2015-02-23,0,0,0,0,0,0,0,0,0,0,0,0,0,0,0,0,0,0,0,0,0,0,0,0,0,0,0,0,0,0,0,0,0,0
2015-02-24,0,0,0,0,0,0,0,0,0,0,0,0,0,0,0,0,0,0,0,0,0,0,0,0,0,0,0,0,0,0,0,0,0,0
2015-02-25,0,0,0,0,0,0,0,0,0,0,0,0,0,0,0,0,0,0,0,0,0,0,0,0,0,0,0,0,0,0,0,0,0,0
2015-02-26,0,0,0,0,0,0,0,0,0,0,0,0,0,0,0,0,0,0,0,0,0,0,0,0,0,0,0,0,0,0,0,0,0,0
2015-02-27,0,0,0,0,0,0,0,0,0,0,0,0,0,0,0,0,0,0,0,0,0,0,0,0,0,0,0,0,0,0,0,0,0,0
2015-02-28,0,0,0,0,0,0,0,0,0,0,0,0,0,0,0,0,0,0,0,0,0,0,0,0,0,0,0,0,0,0,0,0,0,0
2015-03-01,0,0,0,0,0,0,0,0,0,0,0,0,0,0,0,0,0,0,0,0,0,0,0,0,0,0,0,0,0,0,0,0,0,0
2015-03-02,0,0,0,0,0,0,0,0,0,0,0,0,0,0,0,0,0,0,0,0,0,0,0,0,0,0,0,0,0,0,0,0,0,0
2015-03-03,0,0,0,0,0,0,0,0,0,0,0,0,0,0,0,0,0,0,0,0,0,0,0,0,0,0,0,0,0,0,0,0,0,0
2015-03-04,0,0,0,0,0,0,0,0,0,0,0,0,0,0,0,0,0,0,0,0,0,0,0,0,0,0,0,0,0,0,0,0,0,0
2015-03-05,0,0,0,0,0,0,0,0,0,0,0,0,0,0,0,0,0,0,0,0,0,0,0,0,0,0,0,0,0,0,0,0,0,0
2015-03-06,0,0,0,0,0,0,0,0,0,0,0,0,0,0,0,0,0,0,0,0,0,0,0,0,0,0,0,0,0,0,0,0,0,0
2015-03-07,0,0,0,0,0,0,0,0,0,0,0,0,0,0,0,0,0,0,0,0,0,0,0,0,0,0,0,0,0,0,0,0,0,0
2015-03-08,0,0,0,0,0,0,0,0,0,0,0,0,0,0,0,0,0,0,0,0,0,0,0,0,0,0,0,0,0,0,0,0,0,0
2015-03-09,0,0,0,0,0,0,0,0,0,0,0,0,0,0,0,0,0,0,0,0,0,0,0,0,0,0,0,0,0,0,0,0,0,0
2015-03-10,0,0,0,0,0,0,0,0,0,0,0,0,0,0,0,0,0,0,0,0,0,0,0,0,0,0,0,0,0,0,0,0,0,0
2015-03-11,0,0,0,0,0,0,0,0,0,0,0,0,0,0,0,0,0,0,0,0,0,0,0,0,0,0,0,0,0,0,0,0,0,0
2015-03-12,0,0,0,0,0,0,0,0,0,0,0,0,0,0,0,0,0,0,0,0,0,0,0,0,0,0,0,0,0,0,0,0,0,0
2015-03-13,0,0,0,0,0,0,0,0,0,0,0,0,0,0,0,0,0,0,0,0,0,0,0,0,0,0,0,0,0,0,0,0,0,0
2015-03-14,0,0,0,0,0,0,0,0,0,0,0,0,0,0,0,0,0,0,0,0,0,0,0,0,0,0,0,0,0,0,0,0,0,0
2015-03-15,0,0,0,0,0,0,0,0,0,0,0,0,0,0,0,0,0,0,0,0,0,0,0,0,0,0,0,0,0,0,0,0,0,0
2015-03-16,0,0,0,0,0,0,0,0,0,0,0,0,0,0,0,0,0,0,0,0,0,0,0,0,0,0,0,0,0,0,0,0,0,0
2015-03-17,0,0,0,0,0,0,0,0,0,0,0,0,0,0,0,0,0,0,0,0,0,0,0,0,0,0,0,0,0,0,0,0,0,0
2015-03-18,0,0,0,0,0,0,0,0,0,0,0,0,0,0,0,0,0,0,0,0,0,0,0,0,0,0,0,0,0,0,0,0,0,0
2015-03-19,0,0,0,0,0,0,0,0,0,0,0,0,0,0,0,0,0,0,0,0,0,0,0,0,0,0,0,0,0,0,0,0,0,0
2015-03-20,0,0,0,0,0,0,0,0,0,0,0,0,0,0,0,0,0,0,0,0,0,0,0,0,0,0,0,0,0,0,0,0,0,0
2015-03-21,0,0,0,0,0,0,0,0,0,0,0,0,0,0,0,0,0,0,0,0,0,0,0,0,0,0,0,0,0,0,0,0,0,0
2015-03-22,0,0,0,0,0,0,0,0,0,0,0,0,0,0,0,0,0,0,0,0,0,0,0,0,0,0,0,0,0,0,0,0,0,0
2015-03-23,0,0,0,0,0,0,0,0,0,0,0,0,0,0,0,0,0,0,0,0,0,0,0,0,0,0,0,0,0,0,0,0,0,0
2015-03-24,0,0,0,0,0,0,0,0,0,0,0,0,0,0,0,0,0,0,0,0,0,0,0,0,0,0,0,0,0,0,0,0,0,0
2015-03-25,0,0,0,0,0,0,0,0,0,0,0,0,0,0,0,0,0,0,0,0,0,0,0,0,0,0,0,0,0,0,0,0,0,0
2015-03-26,0,0,0,0,0,0,0,0,0,0,0,0,0,0,0,0,0,0,0,0,0,0,0,0,0,0,0,0,0,0,0,0,0,0
2015-03-27,0,0,0,0,0,0,0,0,0,0,0,0,0,0,0,0,0,0,0,0,0,0,0,0,0,0,0,0,0,0,0,0,0,0
2015-03-28,0,0,0,0,0,0,0,0,0,0,0,0,0,0,0,0,0,0,0,0,0,0,0,0,0,0,0,0,0,0,0,0,0,0
2015-03-29,0,0,0,0,0,0,0,0,0,0,0,0,0,0,0,0,0,0,0,0,0,0,0,0,0,0,0,0,0,0,0,0,0,0
2015-03-30,0,0,0,0,0,0,0,0,0,0,0,0,0,0,0,0,0,0,0,0,0,0,0,0,0,0,0,0,0,0,0,0,0,0
2015-03-31,0,0,0,0,0,0,0,0,0,0,0,0,0,0,0,0,0,0,0,0,0,0,0,0,0,0,0,0,0,0,0,0,0,0
2015-04-01,0,0,0,0,0,0,0,0,0,0,0,0,0,0,0,0,0,0,0,0,0,0,0,0,0,0,0,0,0,0,0,0,0,0
2015-04-02,0,0,0,0,0,0,0,0,0,0,0,0,0,0,0,0,0,0,0,0,0,0,0,0,0,0,0,0,0,0,0,0,0,0
2015-04-03,0,0,0,0,0,0,0,0,0,0,0,0,0,0,0,0,0,0,0,0,0,0,0,0,0,0,0,0,0,0,0,0,0,0
2015-04-04,0,0,0,0,0,0,0,0,0,0,0,0,0,0,0,0,0,0,0,0,0,0,0,0,0,0,0,0,0,0,0,0,0,0
2015-04-05,0,0,0,0,0,0,0,0,0,0,0,0,0,0,0,0,0,0,0,0,0,0,0,0,0,0,0,0,0,0,0,0,0,0
2015-04-06,0,0,0,0,0,0,0,0,0,0,0,0,0,0,0,0,0,0,0,0,0,0,0,0,0,0,0,0,0,0,0,0,0,0
2015-04-07,0,0,0,0,0,0,0,0,0,0,0,0,0,0,0,0,0,0,0,0,0,0,0,0,0,0,0,0,0,0,0,0,0,0
2015-04-08,0,0,0,0,0,0,0,0,0,0,0,0,0,0,0,0,0,0,0,0,0,0,0,0,0,0,0,0,0,0,0,0,0,0
2015-04-09,0,0,0,0,0,0,0,0,0,0,0,0,0,0,0,0,0,0,0,0,0,0,0,0,0,0,0,0,0,0,0,0,0,0
2015-04-10,0,0,0,0,0,0,0,0,0,0,0,0,0,0,0,0,0,0,0,0,0,0,0,0,0,0,0,0,0,0,0,0,0,0
2015-04-11,0,0,0,0,0,0,0,0,0,0,0,0,0,0,0,0,0,0,0,0,0,0,0,0,0,0,0,0,0,0,0,0,0,0
2015-04-12,0,0,0,0,0,0,0,0,0,0,0,0,0,0,0,0,0,0,0,0,0,0,0,0,0,0,0,0,0,0,0,0,0,0
2015-04-13,0,0,0,0,0,0,0,0,0,0,0,0,0,0,0,0,0,0,0,0,0,0,0,0,0,0,0,0,0,0,0,0,0,0
2015-04-14,0,0,0,0,0,0,0,0,0,0,0,0,0,0,0,0,0,0,0,0,0,0,0,0,0,0,0,0,0,0,0,0,0,0
2015-04-15,0,0,0,0,0,0,0,0,0,0,0,0,0,0,0,0,0,0,0,0,0,0,0,0,0,0,0,0,0,0,0,0,0,0
2015-04-16,0,0,0,0,0,0,0,0,0,0,0,0,0,0,0,0,0,0,0,0,0,0,0,0,0,0,0,0,0,0,0,0,0,0
2015-04-17,0,0,0,0,0,0,0,0,0,0,0,0,0,0,0,0,0,0,0,0,0,0,0,0,0,0,0,0,0,0,0,0,0,0
2015-04-18,0,0,0,0,0,0,0,0,0,0,0,0,0,0,0,0,0,0,0,0,0,0,0,0,0,0,0,0,0,0,0,0,0,0
2015-04-19,0,0,0,0,0,0,0,0,0,0,0,0,0,0,0,0,0,0,0,0,0,0,0,0,0,0,0,0,0,0,0,0,0,0
2015-04-20,0,0,0,0,0,0,0,0,0,0,0,0,0,0,0,0,0,0,0,0,0,0,0,0,0,0,0,0,0,0,0,0,0,0
2015-04-21,0,0,0,0,0,0,0,0,0,0,0,0,0,0,0,0,0,0,0,0,0,0,0,0,0,0,0,0,0,0,0,0,0,0
2015-04-22,0,0,0,0,0,0,0,0,0,0,0,0,0,0,0,0,0,0,0,0,0,0,0,0,0,0,0,0,0,0,0,0,0,0
2015-04-23,0,0,0,0,0,0,0,0,0,0,0,0,0,0,0,0,0,0,0,0,0,0,0,0,0,0,0,0,0,0,0,0,0,0
2015-04-24,0,0,0,0,0,0,0,0,0,0,0,0,0,0,0,0,0,0,0,0,0,0,0,0,0,0,0,0,0,0,0,0,0,0
2015-04-25,0,0,0,0,0,0,0,0,0,0,0,0,0,0,0,0,0,0,0,0,0,0,0,0,0,0,0,0,0,0,0,0,0,0
2015-04-26,0,0,0,0,0,0,0,0,0,0,0,0,0,0,0,0,0,0,0,0,0,0,0,0,0,0,0,0,0,0,0,0,0,0
2015-04-27,0,0,0,0,0,0,0,0,0,0,0,0,0,0,0,0,0,0,0,0,0,0,0,0,0,0,0,0,0,0,0,0,0,0
2015-04-28,0,0,0,0,0,0,0,0,0,0,0,0,0,0,0,0,0,0,0,0,0,0,0,0,0,0,0,0,0,0,0,0,0,0
2015-04-29,0,0,0,0,0,0,0,0,0,0,0,0,0,0,0,0,0,0,0,0,0,0,0,0,0,0,0,0,0,0,0,0,0,0
2015-04-30,0,0,0,0,0,0,0,0,0,0,0,0,0,0,0,0,0,0,0,0,0,0,0,0,0,0,0,0,0,0,0,0,0,0
2015-05-01,0,0,0,0,0,0,0,0,0,0,0,0,0,0,0,0,0,0,0,0,0,0,0,0,0,0,0,0,0,0,0,0,0,0
2015-05-02,0,0,0,0,0,0,0,0,0,0,21,0,0,0,0,0,0,0,0,0,0,0,0,0,0,0,0,0,0,0,0,0,0,0
2015-05-03,0,0,0,0,0,0,0,0,0,0,42,0,0,0,0,0,0,0,0,0,0,0,0,0,0,0,0,0,0,0,0,0,0,0
2015-05-04,0,0,0,0,0,0,0,0,0,0,29,0,0,0,0,0,0,0,0,0,0,0,0,0,0,0,0,0,0,0,0,0,0,0
2015-05-05,0,0,0,0,0,0,0,0,0,0,2,0,0,0,0,0,0,0,21,0,0,0,0,2,0,0,0,0,0,5,0,0,0,0
2015-05-06,0,0,3,0,2,0,0,0,0,0,0,0,0,0,6,2,6,0,41,0,0,0,0,11,0,0,0,0,13,66,0,0,0,0
2015-05-07,0,0,0,0,0,0,0,0,0,0,0,0,0,0,17,0,0,0,6,0,0,0,0,0,0,0,0,0,0,0,0,0,0,0
2015-05-08,0,0,0,0,0,0,0,0,0,0,0,0,0,0,0,0,0,0,0,0,0,0,0,0,0,0,0,0,0,0,0,0,0,0
2015-05-09,0,0,0,0,0,0,0,0,0,0,21,0,0,0,0,0,0,0,0,0,0,0,0,0,0,0,0,0,0,0,0,0,0,0
2015-05-10,0,0,0,0,0,0,0,0,0,0,150,0,0,0,0,0,0,0,0,0,0,0,0,0,0,0,0,14,0,0,0,0,0,0
2015-05-11,0,0,0,0,0,0,0,0,0,0,212,0,0,0,0,0,0,0,0,0,0,0,0,0,0,0,0,22,0,0,0,0,0,0
2015-05-12,0,0,0,0,0,0,0,0,0,0,397,0,0,0,0,0,0,0,0,0,0,0,0,0,0,0,0,27,0,0,0,0,0,0
2015-05-13,0,0,0,0,0,0,0,0,0,0,862,0,0,0,0,0,0,0,0,0,0,0,0,0,0,0,0,91,0,0,0,0,0,0
2015-05-14,0,0,0,0,0,0,0,0,0,0,684,0,0,0,0,0,0,0,8,0,0,0,0,0,0,0,0,0,0,0,0,0,0,0
2015-05-15,0,0,0,0,0,0,0,0,0,0,11,0,0,0,0,0,0,0,23,0,0,0,0,0,0,0,0,0,0,0,0,0,0,0
2015-05-16,0,0,0,0,0,0,0,0,0,0,43,0,0,0,0,0,0,0,0,0,0,0,0,1,0,0,0,9,0,0,0,0,0,0
2015-05-17,0,0,0,0,0,0,0,0,0,0,79,0,0,0,0,0,0,0,0,0,0,0,0,0,0,0,0,76,0,0,0,0,0,0
2015-05-18,0,0,0,0,0,0,0,0,0,0,105,0,0,0,2,0,0,0,0,0,0,0,0,0,0,0,0,12,0,0,0,0,0,0
2015-05-19,0,0,0,0,0,0,0,0,0,0,3,0,0,0,0,0,0,0,1,0,0,0,0,0,0,0,0,0,5,7,0,0,0,0
2015-05-20,0,0,0,0,0,0,0,0,0,0,0,0,0,0,0,0,3,0,3,0,0,0,0,0,0,0,0,0,4,18,0,0,0,0
2015-05-21,0,0,0,0,0,0,0,0,0,0,0,0,0,0,0,0,0,0,0,0,0,0,0,0,0,0,0,0,0,0,0,0,0,0
2015-05-22,0,0,0,0,0,0,0,0,0,0,0,0,0,0,0,0,0,0,0,0,0,0,0,0,0,0,0,0,0,0,0,0,0,0
2015-05-23,0,0,0,0,0,0,0,0,0,0,0,0,0,0,0,0,0,0,0,0,0,0,0,0,0,0,0,0,0,0,0,0,0,0
2015-05-24,0,0,0,0,0,0,0,0,0,0,0,0,0,0,0,0,0,0,0,0,0,0,0,0,0,0,0,0,0,0,0,0,0,0
2015-05-25,0,0,0,0,0,0,0,0,0,0,0,0,0,0,0,0,0,0,0,0,0,0,0,0,0,0,0,0,0,0,0,0,0,0
2015-05-26,0,0,0,0,0,0,0,0,0,0,3,0,0,0,0,0,0,0,0,0,0,0,0,0,0,0,0,25,0,0,0,0,0,0
2015-05-27,0,0,0,0,0,0,0,0,0,0,96,0,0,0,0,0,0,0,0,0,0,0,0,0,0,0,0,81,0,0,0,0,0,0
2015-05-28,0,0,0,0,0,0,0,0,0,0,251,0,0,0,0,0,0,0,0,0,0,0,0,0,0,0,0,96,0,0,0,0,0,0
2015-05-29,0,0,0,0,0,0,0,0,0,0,88,0,0,0,0,0,0,0,0,0,0,0,0,0,0,0,0,28,0,0,0,0,0,0
2015-05-30,0,0,0,0,0,0,0,0,0,0,25,0,0,0,0,0,0,0,0,0,0,0,0,0,0,0,0,0,0,0,0,0,0,0
2015-05-31,0,0,0,0,0,0,0,0,0,0,50,0,0,0,0,0,0,0,0,0,0,0,0,0,0,0,0,0,0,0,0,0,0,0
2015-06-01,0,0,0,0,0,0,0,0,0,0,107,0,0,0,0,0,0,0,0,0,0,0,0,0,0,0,0,0,0,0,0,0,0,0
2015-06-02,0,0,0,0,0,0,0,0,0,0,346,0,0,0,0,0,0,0,4,0,0,0,0,0,0,0,0,15,5,0,0,0,0,0
2015-06-03,0,8,2,0,0,0,7,0,0,0,655,0,10,0,2,29,83,0,58,0,0,0,0,0,0,0,53,106,30,19,0,0,9,0
2015-06-04,3,1,7,0,2,0,0,0,0,0,616,0,259,0,13,53,77,0,177,0,0,0,2,0,0,0,0,113,17,42,0,8,0,0
2015-06-05,8,0,5,1,0,2,0,56,0,0,508,0,654,0,3,25,0,0,288,0,0,0,4,0,1,0,0,78,0,5,0,2,0,0
2015-06-06,6,2,4,0,0,1,9,101,0,0,664,0,106,0,15,21,12,0,308,0,0,0,3,1,0,0,91,163,5,26,0,2,0,0
2015-06-07,4,6,3,0,0,0,4,0,0,0,734,0,84,0,0,29,80,0,253,0,0,0,3,0,0,0,5,193,12,27,0,4,7,0
2015-06-08,0,4,0,0,0,0,0,0,0,0,651,0,75,0,0,8,107,0,109,0,0,0,0,0,0,0,0,235,15,16,0,1,9,0
2015-06-09,0,0,0,0,0,0,0,0,0,0,313,0,13,0,0,2,51,0,56,0,0,0,0,0,0,0,0,112,36,10,0,0,1,0
2015-06-10,0,0,0,0,0,0,0,0,0,0,72,0,0,0,1,6,42,0,65,0,0,0,1,0,0,0,0,1,10,9,0,0,0,0
2015-06-11,4,0,1,0,0,0,0,0,0,0,7,0,39,0,6,19,47,0,129,0,0,0,3,0,0,0,0,0,37,19,0,0,0,0
2015-06-12,9,32,11,0,5,0,13,0,0,0,8,0,0,0,49,65,231,0,170,0,0,0,3,8,0,0,0,0,94,111,0,8,32,0
2015-06-13,14,17,22,0,28,0,19,0,0,0,9,0,0,0,75,106,346,0,267,0,0,0,4,15,0,0,167,0,260,159,0,18,50,5
2015-06-14,14,1,24,0,82,0,0,0,0,0,3,0,0,0,129,75,321,0,108,0,0,0,3,29,0,0,17,0,396,180,0,2,19,6
2015-06-15,11,0,6,0,112,0,0,0,0,0,0,0,0,0,207,15,33,0,99,0,0,0,1,40,0,0,0,0,221,104,0,0,0,3
2015-06-16,9,0,2,0,1,0,0,0,0,0,2,0,0,0,241,2,0,0,79,0,0,0,1,16,0,0,0,0,1,0,0,0,0,0
2015-06-17,0,0,0,0,0,0,0,0,0,0,109,0,0,0,125,0,0,0,4,0,0,0,0,0,0,0,0,59,0,0,0,0,0,0
2015-06-18,0,0,0,0,0,0,0,0,0,0,247,0,5,0,8,0,0,0,0,0,0,0,0,0,0,0,0,149,0,0,0,0,0,0
2015-06-19,0,0,0,0,0,0,0,0,0,0,580,0,9,0,0,0,0,0,0,0,0,0,0,0,0,0,0,248,0,0,0,0,0,0
2015-06-20,0,0,0,0,0,0,0,0,0,0,782,0,3,0,1,0,0,0,0,0,0,0,0,0,0,0,0,337,0,0,0,0,0,0
2015-06-21,0,0,0,0,0,0,0,0,0,0,883,0,8,0,2,0,0,0,0,0,0,0,0,0,0,0,0,190,0,0,0,0,0,0
2015-06-22,0,0,0,0,0,0,0,0,0,0,692,0,29,0,0,0,0,0,3,0,0,0,0,0,0,0,0,4,0,0,0,0,0,0
2015-06-23,0,0,0,0,0,0,0,0,0,0,273,0,10,0,0,0,0,0,51,0,0,0,0,0,0,0,0,0,0,0,0,0,0,0
2015-06-24,0,0,0,0,0,0,0,0,0,0,162,0,0,0,9,0,0,0,29,0,0,0,0,0,0,0,0,0,5,0,0,0,0,0
2015-06-25,0,0,0,0,0,0,0,0,0,0,644,0,5,0,28,0,0,0,12,0,0,0,0,0,0,0,0,44,0,0,0,0,0,0
2015-06-26,0,0,0,0,0,0,0,0,0,0,1429,0,152,0,2,0,0,0,11,0,0,0,0,0,0,0,0,181,0,0,0,0,0,0
2015-06-27,0,0,0,0,0,0,0,0,0,0,2022,0,81,0,0,0,0,0,79,0,0,0,0,0,0,0,0,328,0,0,0,0,0,0
2015-06-28,0,0,0,0,0,0,0,0,0,0,2495,0,131,0,0,0,0,0,100,0,0,0,0,0,0,0,0,367,0,0,0,0,0,0
2015-06-29,1,0,0,0,0,0,0,0,0,0,2576,0,207,0,6,1,0,0,152,0,0,0,1,0,0,0,0,357,0,0,0,0,0,0
2015-06-30,0,0,0,0,0,0,0,4,0,0,2440,0,1492,0,3,4,0,0,244,0,0,0,1,0,0,0,0,127,0,0,0,0,0,0
2015-07-01,2,4,0,141,0,13,0,253,0,0,1689,0,2243,161,5,14,19,0,395,0,8,0,1,0,102,0,0,0,2,0,0,0,2,0
2015-07-02,5,23,6,114,2,52,10,1069,0,0,1175,0,1513,0,37,65,111,0,591,0,16,0,3,0,140,0,0,1,11,40,12,11,17,0
2015-07-03,19,36,13,77,2,66,60,1170,0,0,1769,0,2214,0,81,95,98,0,753,0,12,0,6,6,44,0,119,23,11,39,75,19,21,0
2015-07-04,25,72,11,154,0,74,217,2173,0,0,2067,0,2028,0,48,76,184,0,897,41,17,4,7,1,109,0,611,64,28,62,6,20,32,0
2015-07-05,17,128,20,1,7,82,318,1550,2,0,2463,0,1151,0,69,114,392,0,959,43,4,0,7,9,0,0,1183,103,110,141,22,33,102,1
2015-07-06,26,118,74,0,95,23,81,84,0,0,2943,0,1047,0,181,215,555,0,1120,0,0,0,9,32,0,0,285,171,507,236,0,60,156,8
2015-07-07,50,220,145,0,240,75,219,410,0,0,3067,0,1074,0,312,324,723,0,1260,0,0,0,17,56,0,0,210,148,894,316,0,99,191,20
2015-07-08,55,10,157,0,276,0,0,0,0,0,2227,0,136,0,321,262,522,0,1104,0,0,0,17,73,0,0,37,126,1174,396,0,37,79,32
2015-07-09,64,0,17,0,209,0,0,0,0,0,1814,0,77,0,275,28,0,0,719,0,0,0,15,47,0,0,0,149,432,4,0,0,0,5
2015-07-10,29,0,5,0,9,0,0,0,0,0,1800,0,223,0,185,15,0,0,525,0,0,0,5,1,0,0,0,16,2,0,0,0,0,0
2015-07-11,18,0,3,0,0,0,0,3,0,0,1558,0,301,0,154,12,0,0,614,0,0,0,4,0,0,0,0,38,1,0,0,0,0,0
2015-07-12,19,9,20,0,4,0,0,0,0,0,1859,0,201,0,151,104,37,0,810,0,0,0,7,8,0,0,0,57,9,45,0,8,3,0
2015-07-13,32,0,9,0,64,0,0,0,0,0,2217,0,179,0,197,32,0,0,833,0,0,0,7,32,0,0,0,135,91,8,0,1,0,4
2015-07-14,41,0,22,0,10,0,0,0,0,0,2540,0,238,0,281,80,1,0,979,0,0,0,10,18,0,0,0,212,24,12,0,4,0,0
2015-07-15,62,7,66,0,57,1,0,3,0,0,2730,0,485,0,303,182,138,0,1228,0,0,0,16,22,0,0,0,211,109,95,0,26,11,3
2015-07-16,80,41,136,3,122,29,6,189,0,0,2561,0,1758,0,396,256,251,0,1401,0,2,0,22,50,0,0,0,179,181,214,0,39,33,18
2015-07-17,92,158,191,50,149,34,147,788,0,0,2231,0,1335,0,363,352,525,0,1467,0,11,0,26,70,15,0,84,166,443,358,0,82,105,30
2015-07-18,111,127,202,0,259,1,213,116,0,0,1675,0,632,0,378,321,471,0,1543,0,0,0,32,94,0,0,404,68,731,416,0,62,105,43
2015-07-19,110,153,222,0,313,5,169,35,0,0,1643,0,439,0,447,354,581,0,1574,0,0,0,32,92,0,0,226,72,770,430,0,89,175,43
2015-07-20,118,56,176,0,299,9,17,27,0,0,2237,0,547,0,494,312,451,0,1542,0,0,0,33,120,0,0,0,159,662,405,0,62,67,47
2015-07-21,156,131,188,0,335,39,162,297,0,0,2366,0,1145,0,667,345,477,0,1642,0,0,0,39,132,0,0,14,147,553,365,0,79,105,47
2015-07-22,138,224,207,0,303,14,413,440,0,0,1975,0,431,0,559,370,727,0,1544,0,0,0,40,109,0,0,470,164,812,444,0,99,247,44
2015-07-23,92,75,88,0,179,1,48,2,0,0,1899,0,240,0,362,245,645,0,1271,0,0,0,21,97,0,0,232,101,988,473,0,48,155,46
2015-07-24,60,89,60,0,104,0,58,54,0,0,1671,0,276,0,295,190,531,0,886,0,0,0,16,70,0,0,39,18,736,329,0,22,112,29
2015-07-25,42,23,56,0,165,0,16,0,0,0,1200,0,96,0,323,147,484,0,819,0,0,0,9,49,0,0,141,21,818,340,0,4,81,20
2015-07-26,51,0,9,0,319,0,0,0,0,0,1681,0,42,0,405,28,1,0,724,0,0,0,10,55,0,0,0,113,549,40,0,0,0,6
2015-07-27,58,0,8,0,342,0,0,0,0,0,2065,0,101,0,510,31,0,0,763,0,0,0,10,71,0,0,0,126,361,48,0,0,0,14
2015-07-28,67,0,14,0,399,0,0,0,0,0,2093,0,60,0,597,42,0,0,804,0,0,0,12,82,0,0,0,151,483,28,0,0,0,13
2015-07-29,90,0,35,0,518,0,0,0,0,0,2074,0,71,0,691,58,0,0,809,0,0,0,17,121,0,0,0,97,573,249,0,0,0,37
2015-07-30,106,0,26,0,599,0,0,0,0,0,1241,0,34,0,768,39,0,0,869,0,0,0,22,144,0,0,0,58,619,136,0,0,0,39
2015-07-31,105,0,12,0,249,0,0,0,0,0,722,0,23,0,703,15,0,0,769,0,0,0,15,65,0,0,0,8,158,2,0,0,0,3
2015-08-01,94,0,15,0,50,0,0,0,0,0,678,0,15,0,567,16,0,0,666,0,0,0,18,48,0,0,0,35,3,0,0,0,0,4
2015-08-02,121,0,37,0,99,0,0,0,0,0,1467,0,38,0,490,48,68,0,724,0,0,0,23,85,0,0,0,157,182,203,0,0,0,36
2015-08-03,69,0,19,32,137,0,3,142,0,0,1950,0,1003,0,448,49,119,0,749,0,2,0,15,33,13,0,111,116,336,160,0,1,10,6
2015-08-04,44,43,47,0,282,0,131,239,0,0,1705,0,132,0,378,133,257,0,946,4,0,0,13,13,0,0,825,57,585,196,0,12,50,0
2015-08-05,55,83,80,0,338,0,86,6,0,0,1886,0,471,0,406,201,349,0,1138,101,0,3,16,40,0,0,480,34,846,290,0,32,59,15
2015-08-06,67,127,83,10,391,36,299,761,0,0,2012,0,1039,0,442,234,443,0,1351,158,3,67,18,29,3,0,702,89,771,216,0,44,103,7
2015-08-07,69,185,96,3,329,63,483,1371,0,0,2007,0,1106,0,374,258,512,0,1414,71,7,6,17,40,0,0,1694,52,719,292,0,55,143,15
2015-08-08,64,183,94,0,142,30,492,709,0,0,1025,0,232,0,293,253,586,0,1299,259,0,53,18,34,0,0,2025,83,538,259,0,51,204,9
2015-08-09,47,150,49,0,152,1,264,263,0,0,1111,0,56,0,267,178,478,0,956,17,0,3,13,26,0,0,843,289,459,164,0,37,173,3
2015-08-10,35,123,32,0,193,0,333,410,0,0,1565,0,21,0,272,128,472,0,416,0,0,0,10,26,0,0,702,285,594,158,0,18,148,4
2015-08-11,26,107,46,0,255,0,312,318,0,0,1529,0,224,0,307,131,502,0,340,54,0,2,7,33,0,0,1123,32,825,237,0,14,150,5
2015-08-12,27,137,89,0,328,9,254,299,0,0,1454,0,1287,0,351,213,620,0,658,138,0,54,11,49,0,0,1074,6,834,324,0,31,162,14
2015-08-13,58,172,151,2,342,4,297,596,0,0,770,0,232,0,345,274,627,0,1006,0,1,0,21,59,3,0,376,0,710,351,0,45,173,24
2015-08-14,62,186,126,0,254,0,377,463,0,0,221,0,14,0,322,249,592,0,844,0,0,0,19,35,0,0,494,0,611,309,0,49,146,18
2015-08-15,45,72,58,0,312,0,107,35,0,0,163,0,2,0,344,152,547,0,445,0,0,0,11,37,0,0,544,0,696,343,0,10,127,14
2015-08-16,23,10,3,0,394,0,2,0,0,0,227,0,0,0,395,14,274,0,86,0,0,0,2,40,0,0,73,0,762,191,0,0,41,4
2015-08-17,7,0,0,0,97,0,0,1,0,0,562,0,2,0,346,0,1,0,127,0,0,0,0,7,0,0,22,1,105,3,0,0,0,0
2015-08-18,14,0,0,0,53,0,0,0,0,0,479,0,1,0,275,2,0,0,162,0,0,0,1,10,0,0,0,9,13,0,0,0,0,0
2015-08-19,16,0,0,0,44,0,0,0,0,0,726,0,3,0,300,0,0,0,151,0,0,0,3,19,0,0,0,76,1,0,0,0,0,0
2015-08-20,5,0,0,0,3,0,0,0,0,0,1306,0,11,0,275,0,0,0,108,0,0,0,0,3,0,0,0,224,0,0,0,0,0,0
2015-08-21,6,0,0,0,0,0,0,0,0,0,1267,0,81,0,173,0,0,0,80,0,0,0,2,0,0,0,0,155,0,0,0,0,0,0
2015-08-22,3,0,0,0,0,0,0,0,0,0,600,0,161,0,105,0,0,0,75,0,0,0,0,0,0,0,0,5,0,0,0,0,0,0
2015-08-23,3,0,0,0,0,0,0,0,0,0,284,0,4,0,72,0,0,0,126,0,0,0,0,0,0,0,0,0,0,0,0,0,0,0
2015-08-24,6,0,0,0,0,0,0,0,0,0,175,0,7,0,100,1,0,0,293,0,0,0,2,1,0,0,0,0,0,0,0,0,0,0
2015-08-25,21,0,2,0,1,0,0,0,0,0,180,0,2,0,167,12,2,0,373,2,0,0,5,5,0,0,0,1,17,11,0,0,0,1
2015-08-26,34,0,4,0,10,0,0,0,0,0,700,0,63,0,206,12,1,0,238,0,0,0,7,17,0,0,0,14,27,9,0,0,0,2
2015-08-27,37,0,7,0,8,0,0,6,0,0,917,0,209,0,159,18,37,0,298,0,0,0,8,20,0,0,15,17,109,73,0,0,1,6
2015-08-28,36,14,38,0,27,0,8,10,0,0,1309,0,252,0,157,55,207,0,457,0,0,0,10,23,0,0,133,106,344,173,0,0,31,13
2015-08-29,53,64,50,0,108,0,28,40,0,0,1747,0,608,0,218,86,328,0,642,0,0,0,15,30,0,0,0,227,574,212,0,4,63,12
2015-08-30,54,103,69,23,220,9,149,368,0,0,1455,0,1099,0,357,129,412,0,733,0,2,0,13,44,2,0,215,192,640,264,0,10,99,13
2015-08-31,57,93,68,1,201,2,213,693,0,0,552,0,352,0,357,125,431,0,651,0,0,0,13,53,2,0,1049,8,801,339,0,8,116,21
2015-09-01,50,84,65,0,130,0,118,13,0,0,371,0,18,0,249,109,411,0,529,4,0,0,14,53,0,0,1221,4,772,359,0,7,94,28
2015-09-02,35,0,19,0,156,0,0,0,0,0,205,0,6,0,209,34,125,0,400,0,0,0,8,44,0,0,0,0,624,234,0,0,5,16
2015-09-03,35,0,9,0,224,0,0,0,0,0,76,0,2,0,281,24,26,0,348,0,0,0,7,49,0,0,0,0,336,177,0,0,0,8
2015-09-04,40,0,4,0,235,0,0,0,0,0,21,0,0,0,378,11,3,0,323,0,0,0,7,55,0,0,0,0,299,146,0,0,0,10
2015-09-05,61,0,1,0,304,0,0,0,0,0,3,0,0,0,463,2,0,0,355,0,0,0,7,70,0,0,0,0,361,51,0,0,0,18
2015-09-06,27,0,0,0,166,0,0,0,0,0,29,0,0,0,570,0,0,0,179,0,0,0,2,39,0,0,0,0,132,0,0,0,0,0
2015-09-07,11,0,0,0,0,0,0,0,0,0,48,0,0,0,296,0,0,0,72,0,0,0,0,0,0,0,0,25,0,0,0,0,0,0
2015-09-08,4,0,0,0,0,0,0,0,0,0,55,0,0,0,118,0,0,0,32,0,0,0,0,0,0,0,0,18,0,0,0,0,0,0
2015-09-09,0,0,0,0,0,0,0,0,0,0,120,0,0,0,56,0,0,0,0,0,0,0,0,0,0,0,0,9,0,0,0,0,0,0
2015-09-10,0,0,0,0,0,0,0,0,0,0,130,0,0,0,87,0,0,0,2,0,0,0,0,0,0,0,0,0,0,0,0,0,0,0
2015-09-11,0,0,0,0,1,0,0,0,0,0,92,0,0,0,120,0,0,0,2,0,0,0,0,0,0,0,0,0,0,0,0,0,0,0
2015-09-12,0,0,0,0,0,0,0,0,0,0,40,0,0,0,52,0,0,0,26,0,0,0,0,0,0,0,0,0,0,0,0,0,0,0
2015-09-13,0,0,0,0,0,0,0,0,0,0,43,0,2,0,29,0,0,0,95,0,0,0,0,0,0,0,0,0,0,0,0,0,0,0
2015-09-14,2,0,0,0,0,0,0,0,0,0,35,0,5,0,28,2,0,0,246,0,0,0,0,0,0,0,0,0,0,0,0,0,0,0
2015-09-15,5,0,10,0,0,0,0,0,0,0,17,0,0,0,27,26,33,0,294,0,0,0,2,0,0,0,0,0,8,54,0,0,0,0
2015-09-16,12,1,30,0,0,0,0,0,0,0,96,0,23,0,42,58,140,0,507,0,0,0,4,3,0,0,23,0,28,105,0,0,18,1
2015-09-17,28,16,111,0,0,0,13,0,0,0,20,0,11,0,88,172,413,0,777,0,0,0,10,21,0,0,246,0,125,257,0,8,88,14
2015-09-18,47,0,73,0,51,0,0,0,0,0,1,0,0,0,241,84,198,0,566,0,0,0,14,48,0,0,0,0,276,264,0,0,17,22
2015-09-19,34,0,14,0,19,0,0,0,0,0,40,0,0,0,179,14,64,0,284,0,0,0,12,35,0,0,0,1,188,136,0,0,0,21
2015-09-20,4,0,0,0,0,0,0,0,0,0,101,0,0,0,83,0,0,0,27,0,0,0,1,0,0,0,0,31,0,0,0,0,0,0
2015-09-21,0,0,0,0,0,0,0,0,0,0,155,0,0,0,4,0,0,0,6,0,0,0,0,0,0,0,0,30,0,0,0,0,0,0
2015-09-22,0,0,0,0,0,0,0,0,0,0,122,0,0,0,1,0,0,0,1,0,0,0,0,0,0,0,0,0,0,0,0,0,0,0
2015-09-23,0,0,0,0,0,0,0,0,0,0,4,0,0,0,2,0,0,0,0,0,0,0,0,0,0,0,0,0,0,0,0,0,0,0
2015-09-24,0,0,0,0,0,0,0,0,0,0,3,0,0,0,10,0,0,0,0,0,0,0,0,0,0,0,0,0,0,0,0,0,0,0
2015-09-25,0,0,0,0,0,0,0,0,0,0,3,0,0,0,15,0,0,0,0,0,0,0,0,0,0,0,0,0,0,0,0,0,0,0
2015-09-26,0,0,0,0,0,0,0,0,0,0,9,0,0,0,6,0,0,0,0,0,0,0,0,0,0,0,0,0,0,0,0,0,0,0
2015-09-27,0,0,0,0,0,0,0,0,0,0,41,0,0,0,3,0,0,0,0,0,0,0,0,0,0,0,0,10,0,0,0,0,0,0
2015-09-28,0,0,0,0,0,0,0,0,0,0,12,0,0,0,0,0,0,0,0,0,0,0,0,0,0,0,0,0,0,0,0,0,0,0
2015-09-29,0,0,0,0,0,0,0,0,0,0,0,0,0,0,0,0,0,0,0,0,0,0,0,0,0,0,0,0,0,0,0,0,0,0
2015-09-30,0,0,0,0,0,0,0,0,0,0,0,0,0,0,0,0,0,0,0,0,0,0,0,0,0,0,0,0,0,0,0,0,0,0
2015-10-01,0,0,0,0,0,0,0,0,0,0,0,0,0,0,0,0,0,0,0,0,0,0,0,0,0,0,0,0,0,0,0,0,0,0
2015-10-02,0,0,0,0,0,0,0,0,0,0,6,0,0,0,0,0,0,0,0,0,0,0,0,0,0,0,0,0,0,0,0,0,0,0
2015-10-03,0,0,0,0,0,0,0,0,0,0,1,0,0,0,0,0,0,0,0,0,0,0,0,0,0,0,0,0,0,0,0,0,0,0
2015-10-04,0,0,0,0,0,0,0,0,0,0,2,0,0,0,0,0,0,0,0,0,0,0,0,0,0,0,0,0,0,0,0,0,0,0
2015-10-05,0,0,0,0,0,0,0,0,0,0,45,0,3,0,0,0,0,0,1,0,0,0,0,0,0,0,0,0,0,0,0,0,0,0
2015-10-06,0,0,0,0,0,0,0,0,0,0,30,0,0,0,0,0,0,0,6,0,0,0,0,0,0,0,0,0,0,0,0,0,0,0
2015-10-07,0,0,0,0,0,0,0,0,0,0,0,0,0,0,0,0,0,0,2,0,0,0,0,0,0,0,0,0,0,0,0,0,0,0
2015-10-08,0,0,0,0,0,0,0,0,0,0,0,0,0,0,0,0,0,0,0,0,0,0,0,0,0,0,0,0,0,0,0,0,0,0
2015-10-09,0,0,0,0,0,0,0,0,0,0,0,0,0,0,0,0,0,0,0,0,0,0,0,0,0,0,0,0,0,0,0,0,0,0
2015-10-10,0,0,0,0,0,0,0,0,0,0,0,0,0,0,0,0,0,0,0,0,0,0,0,0,0,0,0,0,0,0,0,0,0,0
2015-10-11,0,0,0,0,0,0,0,0,0,0,0,0,0,0,11,0,0,0,0,0,0,0,0,0,0,0,0,0,0,0,0,0,0,0
2015-10-12,0,0,0,0,0,0,0,0,0,0,0,0,0,0,1,0,0,0,0,0,0,0,0,0,0,0,0,0,0,0,0,0,0,0
2015-10-13,0,0,0,0,0,0,0,0,0,0,0,0,0,0,0,0,0,0,0,0,0,0,0,0,0,0,0,0,0,0,0,0,0,0
2015-10-14,0,0,0,0,0,0,0,0,0,0,0,0,0,0,0,0,0,0,2,0,0,0,0,0,0,0,0,0,0,0,0,0,0,0
2015-10-15,0,0,0,0,0,0,0,0,0,0,0,0,0,0,0,0,0,0,0,0,0,0,0,0,0,0,0,0,0,0,0,0,0,0
2015-10-16,0,0,0,0,0,0,0,0,0,0,0,0,0,0,0,0,0,0,0,0,0,0,0,0,0,0,0,0,0,0,0,0,0,0
2015-10-17,0,0,0,0,0,0,0,0,0,0,0,0,0,0,0,0,0,0,0,0,0,0,0,0,0,0,0,0,0,0,0,0,0,0
2015-10-18,0,0,0,0,0,0,0,0,0,0,0,0,0,0,0,0,0,0,0,0,0,0,0,0,0,0,0,0,0,0,0,0,0,0
2015-10-19,0,0,0,0,0,0,0,0,0,0,0,0,0,0,0,0,0,0,0,0,0,0,0,0,0,0,0,0,0,0,0,0,0,0
2015-10-20,0,0,0,0,0,0,0,0,0,0,0,0,0,0,3,0,0,0,0,0,0,0,0,0,0,0,0,0,0,0,0,0,0,0
2015-10-21,0,0,0,0,0,0,0,0,0,0,0,0,0,0,0,0,0,0,0,0,0,0,0,0,0,0,0,0,0,0,0,0,0,0
2015-10-22,0,0,0,0,0,0,0,0,0,0,0,0,0,0,0,0,0,0,0,0,0,0,0,0,0,0,0,0,0,0,0,0,0,0
2015-10-23,0,0,0,0,0,0,0,0,0,0,0,0,0,0,0,0,0,0,0,0,0,0,0,0,0,0,0,0,0,0,0,0,0,0
2015-10-24,0,0,0,0,0,0,0,0,0,0,0,0,0,0,0,0,0,0,0,0,0,0,0,0,0,0,0,0,0,0,0,0,0,0
2015-10-25,0,0,0,0,0,0,0,0,0,0,0,0,0,0,0,0,0,0,0,0,0,0,0,0,0,0,0,0,0,0,0,0,0,0
2015-10-26,0,0,0,0,0,0,0,0,0,0,0,0,0,0,0,0,0,0,0,0,0,0,0,0,0,0,0,0,0,0,0,0,0,0
2015-10-27,0,0,0,0,0,0,0,0,0,0,0,0,0,0,0,0,0,0,0,0,0,0,0,0,0,0,0,0,0,0,0,0,0,0
2015-10-28,0,0,0,0,0,0,0,0,0,0,0,0,0,0,0,0,0,0,0,0,0,0,0,0,0,0,0,0,0,0,0,0,0,0
2015-10-29,0,0,0,0,0,0,0,0,0,0,0,0,0,0,0,0,0,0,0,0,0,0,0,0,0,0,0,0,0,0,0,0,0,0
2015-10-30,0,0,0,0,0,0,0,0,0,0,0,0,0,0,0,0,0,0,0,0,0,0,0,0,0,0,0,0,0,0,0,0,0,0
2015-10-31,0,0,0,0,0,0,0,0,0,0,0,0,0,0,0,0,0,0,0,0,0,0,0,0,0,0,0,0,0,0,0,0,0,0
2015-11-01,0,0,0,0,0,0,0,0,0,0,0,0,0,0,0,0,0,0,0,0,0,0,0,0,0,0,0,0,0,0,0,0,0,0
2015-11-02,0,0,0,0,0,0,0,0,0,0,0,0,0,0,0,0,0,0,0,0,0,0,0,0,0,0,0,0,0,0,0,0,0,0
2015-11-03,0,0,0,0,0,0,0,0,0,0,0,0,0,0,0,0,0,0,0,0,0,0,0,0,0,0,0,0,0,0,0,0,0,0
2015-11-04,0,0,0,0,0,0,0,0,0,0,0,0,0,0,0,0,0,0,0,0,0,0,0,0,0,0,0,0,0,0,0,0,0,0
2015-11-05,0,0,0,0,0,0,0,0,0,0,0,0,0,0,0,0,0,0,0,0,0,0,0,0,0,0,0,0,0,0,0,0,0,0
2015-11-06,0,0,0,0,0,0,0,0,0,0,0,0,0,0,0,0,0,0,0,0,0,0,0,0,0,0,0,0,0,0,0,0,0,0
2015-11-07,0,0,0,0,0,0,0,0,0,0,0,0,0,0,0,0,0,0,0,0,0,0,0,0,0,0,0,0,0,0,0,0,0,0
2015-11-08,0,0,0,0,0,0,0,0,0,0,0,0,0,0,0,0,0,0,0,0,0,0,0,0,0,0,0,0,0,0,0,0,0,0
2015-11-09,0,0,0,0,0,0,0,0,0,0,0,0,0,0,0,0,0,0,0,0,0,0,0,0,0,0,0,0,0,0,0,0,0,0
2015-11-10,0,0,0,0,0,0,0,0,0,0,0,0,0,0,0,0,0,0,0,0,0,0,0,0,0,0,0,0,0,0,0,0,0,0
2015-11-11,0,0,0,0,0,0,0,0,0,0,0,0,0,0,0,0,0,0,0,0,0,0,0,0,0,0,0,0,0,0,0,0,0,0
2015-11-12,0,0,0,0,0,0,0,0,0,0,0,0,0,0,0,0,0,0,0,0,0,0,0,0,0,0,0,0,0,0,0,0,0,0
2015-11-13,0,0,0,0,0,0,0,0,0,0,0,0,0,0,0,0,0,0,0,0,0,0,0,0,0,0,0,0,0,0,0,0,0,0
2015-11-14,0,0,0,0,0,0,0,0,0,0,0,0,0,0,0,0,0,0,0,0,0,0,0,0,0,0,0,0,0,0,0,0,0,0
2015-11-15,0,0,0,0,0,0,0,0,0,0,0,0,0,0,0,0,0,0,0,0,0,0,0,0,0,0,0,0,0,0,0,0,0,0
2015-11-16,0,0,0,0,0,0,0,0,0,0,0,0,0,0,0,0,0,0,0,0,0,0,0,0,0,0,0,0,0,0,0,0,0,0
2015-11-17,0,0,0,0,0,0,0,0,0,0,0,0,0,0,0,0,0,0,0,0,0,0,0,0,0,0,0,0,0,0,0,0,0,0
2015-11-18,0,0,0,0,0,0,0,0,0,0,0,0,0,0,0,0,0,0,0,0,0,0,0,0,0,0,0,0,0,0,0,0,0,0
2015-11-19,0,0,0,0,0,0,0,0,0,0,0,0,0,0,0,0,0,0,0,0,0,0,0,0,0,0,0,0,0,0,0,0,0,0
2015-11-20,0,0,0,0,0,0,0,0,0,0,0,0,0,0,0,0,0,0,0,0,0,0,0,0,0,0,0,0,0,0,0,0,0,0
2015-11-21,0,0,0,0,0,0,0,0,0,0,0,0,0,0,0,0,0,0,0,0,0,0,0,0,0,0,0,0,0,0,0,0,0,0
2015-11-22,0,0,0,0,0,0,0,0,0,0,0,0,0,0,0,0,0,0,0,0,0,0,0,0,0,0,0,0,0,0,0,0,0,0
2015-11-23,0,0,0,0,0,0,0,0,0,0,0,0,0,0,0,0,0,0,0,0,0,0,0,0,0,0,0,0,0,0,0,0,0,0
2015-11-24,0,0,0,0,0,0,0,0,0,0,0,0,0,0,0,0,0,0,0,0,0,0,0,0,0,0,0,0,0,0,0,0,0,0
2015-11-25,0,0,0,0,0,0,0,0,0,0,0,0,0,0,0,0,0,0,0,0,0,0,0,0,0,0,0,0,0,0,0,0,0,0
2015-11-26,0,0,0,0,0,0,0,0,0,0,0,0,0,0,0,0,0,0,0,0,0,0,0,0,0,0,0,0,0,0,0,0,0,0
2015-11-27,0,0,0,0,0,0,0,0,0,0,0,0,0,0,0,0,0,0,0,0,0,0,0,0,0,0,0,0,0,0,0,0,0,0
2015-11-28,0,0,0,0,0,0,0,0,0,0,0,0,0,0,0,0,0,0,0,0,0,0,0,0,0,0,0,0,0,0,0,0,0,0
2015-11-29,0,0,0,0,0,0,0,0,0,0,0,0,0,0,0,0,0,0,0,0,0,0,0,0,0,0,0,0,0,0,0,0,0,0
2015-11-30,0,0,0,0,0,0,0,0,0,0,0,0,0,0,0,0,0,0,0,0,0,0,0,0,0,0,0,0,0,0,0,0,0,0
2015-12-01,0,0,0,0,0,0,0,0,0,0,0,0,0,0,0,0,0,0,0,0,0,0,0,0,0,0,0,0,0,0,0,0,0,0
2015-12-02,0,0,0,0,0,0,0,0,0,0,0,0,0,0,0,0,0,0,0,0,0,0,0,0,0,0,0,0,0,0,0,0,0,0
2015-12-03,0,0,0,0,0,0,0,0,0,0,0,0,0,0,0,0,0,0,0,0,0,0,0,0,0,0,0,0,0,0,0,0,0,0
2015-12-04,0,0,0,0,0,0,0,0,0,0,0,0,0,0,0,0,0,0,0,0,0,0,0,0,0,0,0,0,0,0,0,0,0,0
2015-12-05,0,0,0,0,0,0,0,0,0,0,0,0,0,0,0,0,0,0,0,0,0,0,0,0,0,0,0,0,0,0,0,0,0,0
2015-12-06,0,0,0,0,0,0,0,0,0,0,0,0,0,0,0,0,0,0,0,0,0,0,0,0,0,0,0,0,0,0,0,0,0,0
2015-12-07,0,0,0,0,0,0,0,0,0,0,0,0,0,0,0,0,0,0,0,0,0,0,0,0,0,0,0,0,0,0,0,0,0,0
2015-12-08,0,0,0,0,0,0,0,0,0,0,0,0,0,0,0,0,0,0,0,0,0,0,0,0,0,0,0,0,0,0,0,0,0,0
2015-12-09,0,0,0,0,0,0,0,0,0,0,0,0,0,0,0,0,0,0,0,0,0,0,0,0,0,0,0,0,0,0,0,0,0,0
2015-12-10,0,0,0,0,0,0,0,0,0,0,0,0,0,0,0,0,0,0,0,0,0,0,0,0,0,0,0,0,0,0,0,0,0,0
2015-12-11,0,0,0,0,0,0,0,0,0,0,0,0,0,0,0,0,0,0,0,0,0,0,0,0,0,0,0,0,0,0,0,0,0,0
2015-12-12,0,0,0,0,0,0,0,0,0,0,0,0,0,0,0,0,0,0,0,0,0,0,0,0,0,0,0,0,0,0,0,0,0,0
2015-12-13,0,0,0,0,0,0,0,0,0,0,0,0,0,0,0,0,0,0,0,0,0,0,0,0,0,0,0,0,0,0,0,0,0,0
2015-12-14,0,0,0,0,0,0,0,0,0,0,0,0,0,0,0,0,0,0,0,0,0,0,0,0,0,0,0,0,0,0,0,0,0,0
2015-12-15,0,0,0,0,0,0,0,0,0,0,0,0,0,0,0,0,0,0,0,0,0,0,0,0,0,0,0,0,0,0,0,0,0,0
2015-12-16,0,0,0,0,0,0,0,0,0,0,0,0,0,0,0,0,0,0,0,0,0,0,0,0,0,0,0,0,0,0,0,0,0,0
2015-12-17,0,0,0,0,0,0,0,0,0,0,0,0,0,0,0,0,0,0,0,0,0,0,0,0,0,0,0,0,0,0,0,0,0,0
2015-12-18,0,0,0,0,0,0,0,0,0,0,0,0,0,0,0,0,0,0,0,0,0,0,0,0,0,0,0,0,0,0,0,0,0,0
2015-12-19,0,0,0,0,0,0,0,0,0,0,0,0,0,0,0,0,0,0,0,0,0,0,0,0,0,0,0,0,0,0,0,0,0,0
2015-12-20,0,0,0,0,0,0,0,0,0,0,0,0,0,0,0,0,0,0,0,0,0,0,0,0,0,0,0,0,0,0,0,0,0,0
2015-12-21,0,0,0,0,0,0,0,0,0,0,0,0,0,0,0,0,0,0,0,0,0,0,0,0,0,0,0,0,0,0,0,0,0,0
2015-12-22,0,0,0,0,0,0,0,0,0,0,0,0,0,0,0,0,0,0,0,0,0,0,0,0,0,0,0,0,0,0,0,0,0,0
2015-12-23,0,0,0,0,0,0,0,0,0,0,0,0,0,0,0,0,0,0,0,0,0,0,0,0,0,0,0,0,0,0,0,0,0,0
2015-12-24,0,0,0,0,0,0,0,0,0,0,0,0,0,0,0,0,0,0,0,0,0,0,0,0,0,0,0,0,0,0,0,0,0,0
2015-12-25,0,0,0,0,0,0,0,0,0,0,0,0,0,0,0,0,0,0,0,0,0,0,0,0,0,0,0,0,0,0,0,0,0,0
2015-12-26,0,0,0,0,0,0,0,0,0,0,0,0,0,0,0,0,0,0,0,0,0,0,0,0,0,0,0,0,0,0,0,0,0,0
2015-12-27,0,0,0,0,0,0,0,0,0,0,0,0,0,0,0,0,0,0,0,0,0,0,0,0,0,0,0,0,0,0,0,0,0,0
2015-12-28,0,0,0,0,0,0,0,0,0,0,0,0,0,0,0,0,0,0,0,0,0,0,0,0,0,0,0,0,0,0,0,0,0,0
2015-12-29,0,0,0,0,0,0,0,0,0,0,0,0,0,0,0,0,0,0,0,0,0,0,0,0,0,0,0,0,0,0,0,0,0,0
2015-12-30,0,0,0,0,0,0,0,0,0,0,0,0,0,0,0,0,0,0,0,0,0,0,0,0,0,0,0,0,0,0,0,0,0,0
2015-12-31,0,0,0,0,0,0,0,0,0,0,0,0,0,0,0,0,0,0,0,0,0,0,0,0,0,0,0,0,0,0,0,0,0,0
2016-01-01,0,0,0,0,0,0,0,0,0,0,0,0,0,0,0,0,0,0,0,0,0,0,0,0,0,0,0,0,0,0,0,0,0,0
2016-01-02,0,0,0,0,0,0,0,0,0,0,0,0,0,0,0,0,0,0,0,0,0,0,0,0,0,0,0,0,0,0,0,0,0,0
2016-01-03,0,0,0,0,0,0,0,0,0,0,0,0,0,0,0,0,0,0,0,0,0,0,0,0,0,0,0,0,0,0,0,0,0,0
2016-01-04,0,0,0,0,0,0,0,0,0,0,0,0,0,0,0,0,0,0,0,0,0,0,0,0,0,0,0,0,0,0,0,0,0,0
2016-01-05,0,0,0,0,0,0,0,0,0,0,0,0,0,0,0,0,0,0,0,0,0,0,0,0,0,0,0,0,0,0,0,0,0,0
2016-01-06,0,0,0,0,0,0,0,0,0,0,0,0,0,0,0,0,0,0,0,0,0,0,0,0,0,0,0,0,0,0,0,0,0,0
2016-01-07,0,0,0,0,0,0,0,0,0,0,0,0,0,0,0,0,0,0,0,0,0,0,0,0,0,0,0,0,0,0,0,0,0,0
2016-01-08,0,0,0,0,0,0,0,0,0,0,0,0,0,0,0,0,0,0,0,0,0,0,0,0,0,0,0,0,0,0,0,0,0,0
2016-01-09,0,0,0,0,0,0,0,0,0,0,0,0,0,0,0,0,0,0,0,0,0,0,0,0,0,0,0,0,0,0,0,0,0,0
2016-01-10,0,0,0,0,0,0,0,0,0,0,0,0,0,0,0,0,0,0,0,0,0,0,0,0,0,0,0,0,0,0,0,0,0,0
2016-01-11,0,0,0,0,0,0,0,0,0,0,0,0,0,0,0,0,0,0,0,0,0,0,0,0,0,0,0,0,0,0,0,0,0,0
2016-01-12,0,0,0,0,0,0,0,0,0,0,0,0,0,0,0,0,0,0,0,0,0,0,0,0,0,0,0,0,0,0,0,0,0,0
2016-01-13,0,0,0,0,0,0,0,0,0,0,0,0,0,0,0,0,0,0,0,0,0,0,0,0,0,0,0,0,0,0,0,0,0,0
2016-01-14,0,0,0,0,0,0,0,0,0,0,0,0,0,0,0,0,0,0,0,0,0,0,0,0,0,0,0,0,0,0,0,0,0,0
2016-01-15,0,0,0,0,0,0,0,0,0,0,0,0,0,0,0,0,0,0,0,0,0,0,0,0,0,0,0,0,0,0,0,0,0,0
2016-01-16,0,0,0,0,0,0,0,0,0,0,0,0,0,0,0,0,0,0,0,0,0,0,0,0,0,0,0,0,0,0,0,0,0,0
2016-01-17,0,0,0,0,0,0,0,0,0,0,0,0,0,0,0,0,0,0,0,0,0,0,0,0,0,0,0,0,0,0,0,0,0,0
2016-01-18,0,0,0,0,0,0,0,0,0,0,0,0,0,0,0,0,0,0,0,0,0,0,0,0,0,0,0,0,0,0,0,0,0,0
2016-01-19,0,0,0,0,0,0,0,0,0,0,0,0,0,0,0,0,0,0,0,0,0,0,0,0,0,0,0,0,0,0,0,0,0,0
2016-01-20,0,0,0,0,0,0,0,0,0,0,0,0,0,0,0,0,0,0,0,0,0,0,0,0,0,0,0,0,0,0,0,0,0,0
2016-01-21,0,0,0,0,0,0,0,0,0,0,0,0,0,0,0,0,0,0,0,0,0,0,0,0,0,0,0,0,0,0,0,0,0,0
2016-01-22,0,0,0,0,0,0,0,0,0,0,0,0,0,0,0,0,0,0,0,0,0,0,0,0,0,0,0,0,0,0,0,0,0,0
2016-01-23,0,0,0,0,0,0,0,0,0,0,0,0,0,0,0,0,0,0,0,0,0,0,0,0,0,0,0,0,0,0,0,0,0,0
2016-01-24,0,0,0,0,0,0,0,0,0,0,0,0,0,0,0,0,0,0,0,0,0,0,0,0,0,0,0,0,0,0,0,0,0,0
2016-01-25,0,0,0,0,0,0,0,0,0,0,0,0,0,0,0,0,0,0,0,0,0,0,0,0,0,0,0,0,0,0,0,0,0,0
2016-01-26,0,0,0,0,0,0,0,0,0,0,0,0,0,0,0,0,0,0,0,0,0,0,0,0,0,0,0,0,0,0,0,0,0,0
2016-01-27,0,0,0,0,0,0,0,0,0,0,0,0,0,0,0,0,0,0,0,0,0,0,0,0,0,0,0,0,0,0,0,0,0,0
2016-01-28,0,0,0,0,0,0,0,0,0,0,0,0,0,0,0,0,0,0,0,0,0,0,0,0,0,0,0,0,0,0,0,0,0,0
2016-01-29,0,0,0,0,0,0,0,0,0,0,0,0,0,0,0,0,0,0,0,0,0,0,0,0,0,0,0,0,0,0,0,0,0,0
2016-01-30,0,0,0,0,0,0,0,0,0,0,0,0,0,0,0,0,0,0,0,0,0,0,0,0,0,0,0,0,0,0,0,0,0,0
2016-01-31,0,0,0,0,0,0,0,0,0,0,0,0,0,0,0,0,0,0,0,0,0,0,0,0,0,0,0,0,0,0,0,0,0,0
2016-02-01,0,0,0,0,0,0,0,0,0,0,0,0,0,0,0,0,0,0,0,0,0,0,0,0,0,0,0,0,0,0,0,0,0,0
2016-02-02,0,0,0,0,0,0,0,0,0,0,0,0,0,0,0,0,0,0,0,0,0,0,0,0,0,0,0,0,0,0,0,0,0,0
2016-02-03,0,0,0,0,0,0,0,0,0,0,0,0,0,0,0,0,0,0,0,0,0,0,0,0,0,0,0,0,0,0,0,0,0,0
2016-02-04,0,0,0,0,0,0,0,0,0,0,0,0,0,0,0,0,0,0,0,0,0,0,0,0,0,0,0,0,0,0,0,0,0,0
2016-02-05,0,0,0,0,0,0,0,0,0,0,0,0,0,0,0,0,0,0,0,0,0,0,0,0,0,0,0,0,0,0,0,0,0,0
2016-02-06,0,0,0,0,0,0,0,0,0,0,0,0,0,0,0,0,0,0,0,0,0,0,0,0,0,0,0,0,0,0,0,0,0,0
2016-02-07,0,0,0,0,0,0,0,0,0,0,0,0,0,0,0,0,0,0,0,0,0,0,0,0,0,0,0,0,0,0,0,0,0,0
2016-02-08,0,0,0,0,0,0,0,0,0,0,0,0,0,0,0,0,0,0,0,0,0,0,0,0,0,0,0,0,0,0,0,0,0,0
2016-02-09,0,0,0,0,0,0,0,0,0,0,0,0,0,0,0,0,0,0,0,0,0,0,0,0,0,0,0,0,0,0,0,0,0,0
2016-02-10,0,0,0,0,0,0,0,0,0,0,0,0,0,0,0,0,0,0,0,0,0,0,0,0,0,0,0,0,0,0,0,0,0,0
2016-02-11,0,0,0,0,0,0,0,0,0,0,0,0,0,0,0,0,0,0,0,0,0,0,0,0,0,0,0,0,0,0,0,0,0,0
2016-02-12,0,0,0,0,0,0,0,0,0,0,0,0,0,0,0,0,0,0,0,0,0,0,0,0,0,0,0,0,0,0,0,0,0,0
2016-02-13,0,0,0,0,0,0,0,0,0,0,0,0,0,0,0,0,0,0,0,0,0,0,0,0,0,0,0,0,0,0,0,0,0,0
2016-02-14,0,0,0,0,0,0,0,0,0,0,0,0,0,0,0,0,0,0,0,0,0,0,0,0,0,0,0,0,0,0,0,0,0,0
2016-02-15,0,0,0,0,0,0,0,0,0,0,0,0,0,0,0,0,0,0,0,0,0,0,0,0,0,0,0,0,0,0,0,0,0,0
2016-02-16,0,0,0,0,0,0,0,0,0,0,0,0,0,0,0,0,0,0,0,0,0,0,0,0,0,0,0,0,0,0,0,0,0,0
2016-02-17,0,0,0,0,0,0,0,0,0,0,0,0,0,0,0,0,0,0,0,0,0,0,0,0,0,0,0,0,0,0,0,0,0,0
2016-02-18,0,0,0,0,0,0,0,0,0,0,0,0,0,0,0,0,0,0,0,0,0,0,0,0,0,0,0,0,0,0,0,0,0,0
2016-02-19,0,0,0,0,0,0,0,0,0,0,0,0,0,0,0,0,0,0,0,0,0,0,0,0,0,0,0,0,0,0,0,0,0,0
2016-02-20,0,0,0,0,0,0,0,0,0,0,0,0,0,0,0,0,0,0,0,0,0,0,0,0,0,0,0,0,0,0,0,0,0,0
2016-02-21,0,0,0,0,0,0,0,0,0,0,0,0,0,0,0,0,0,0,0,0,0,0,0,0,0,0,0,0,0,0,0,0,0,0
2016-02-22,0,0,0,0,0,0,0,0,0,0,0,0,0,0,0,0,0,0,0,0,0,0,0,0,0,0,0,0,0,0,0,0,0,0
2016-02-23,0,0,0,0,0,0,0,0,0,0,0,0,0,0,0,0,0,0,0,0,0,0,0,0,0,0,0,0,0,0,0,0,0,0
2016-02-24,0,0,0,0,0,0,0,0,0,0,0,0,0,0,0,0,0,0,0,0,0,0,0,0,0,0,0,0,0,0,0,0,0,0
2016-02-25,0,0,0,0,0,0,0,0,0,0,0,0,0,0,0,0,0,0,0,0,0,0,0,0,0,0,0,0,0,0,0,0,0,0
2016-02-26,0,0,0,0,0,0,0,0,0,0,0,0,0,0,0,0,0,0,0,0,0,0,0,0,0,0,0,0,0,0,0,0,0,0
2016-02-27,0,0,0,0,0,0,0,0,0,0,0,0,0,0,0,0,0,0,0,0,0,0,0,0,0,0,0,0,0,0,0,0,0,0
2016-02-28,0,0,0,0,0,0,0,0,0,0,0,0,0,0,0,0,0,0,0,0,0,0,0,0,0,0,0,0,0,0,0,0,0,0
2016-02-29,0,0,0,0,0,0,0,0,0,0,0,0,0,0,0,0,0,0,0,0,0,0,0,0,0,0,0,0,0,0,0,0,0,0
2016-03-01,0,0,0,0,0,0,0,0,0,0,0,0,0,0,0,0,0,0,0,0,0,0,0,0,0,0,0,0,0,0,0,0,0,0
2016-03-02,0,0,0,0,0,0,0,0,0,0,0,0,0,0,0,0,0,0,0,0,0,0,0,0,0,0,0,0,0,0,0,0,0,0
2016-03-03,0,0,0,0,0,0,0,0,0,0,0,0,0,0,0,0,0,0,0,0,0,0,0,0,0,0,0,0,0,0,0,0,0,0
2016-03-04,0,0,0,0,0,0,0,0,0,0,0,0,0,0,0,0,0,0,0,0,0,0,0,0,0,0,0,0,0,0,0,0,0,0
2016-03-05,0,0,0,0,0,0,0,0,0,0,0,0,0,0,0,0,0,0,0,0,0,0,0,0,0,0,0,0,0,0,0,0,0,0
2016-03-06,0,0,0,0,0,0,0,0,0,0,0,0,0,0,0,0,0,0,0,0,0,0,0,0,0,0,0,0,0,0,0,0,0,0
2016-03-07,0,0,0,0,0,0,0,0,0,0,0,0,0,0,0,0,0,0,0,0,0,0,0,0,0,0,0,0,0,0,0,0,0,0
2016-03-08,0,0,0,0,0,0,0,0,0,0,0,0,0,0,0,0,0,0,0,0,0,0,0,0,0,0,0,0,0,0,0,0,0,0
2016-03-09,0,0,0,0,0,0,0,0,0,0,0,0,0,0,0,0,0,0,0,0,0,0,0,0,0,0,0,0,0,0,0,0,0,0
2016-03-10,0,0,0,0,0,0,0,0,0,0,0,0,0,0,0,0,0,0,0,0,0,0,0,0,0,0,0,0,0,0,0,0,0,0
2016-03-11,0,0,0,0,0,0,0,0,0,0,0,0,0,0,0,0,0,0,0,0,0,0,0,0,0,0,0,0,0,0,0,0,0,0
2016-03-12,0,0,0,0,0,0,0,0,0,0,0,0,0,0,0,0,0,0,0,0,0,0,0,0,0,0,0,0,0,0,0,0,0,0
2016-03-13,0,0,0,0,0,0,0,0,0,0,0,0,0,0,0,0,0,0,0,0,0,0,0,0,0,0,0,0,0,0,0,0,0,0
2016-03-14,0,0,0,0,0,0,0,0,0,0,0,0,0,0,0,0,0,0,0,0,0,0,0,0,0,0,0,0,0,0,0,0,0,0
2016-03-15,0,0,0,0,0,0,0,0,0,0,0,0,0,0,0,0,0,0,0,0,0,0,0,0,0,0,0,0,0,0,0,0,0,0
2016-03-16,0,0,0,0,0,0,0,0,0,0,0,0,0,0,0,0,0,0,0,0,0,0,0,0,0,0,0,0,0,0,0,0,0,0
2016-03-17,0,0,0,0,0,0,0,0,0,0,0,0,0,0,0,0,0,0,0,0,0,0,0,0,0,0,0,0,0,0,0,0,0,0
2016-03-18,0,0,0,0,0,0,0,0,0,0,0,0,0,0,0,0,0,0,0,0,0,0,0,0,0,0,0,0,0,0,0,0,0,0
2016-03-19,0,0,0,0,0,0,0,0,0,0,0,0,0,0,0,0,0,0,0,0,0,0,0,0,0,0,0,0,0,0,0,0,0,0
2016-03-20,0,0,0,0,0,0,0,0,0,0,0,0,0,0,0,0,0,0,0,0,0,0,0,0,0,0,0,0,0,0,0,0,0,0
2016-03-21,0,0,0,0,0,0,0,0,0,0,0,0,0,0,0,0,0,0,0,0,0,0,0,0,0,0,0,0,0,0,0,0,0,0
2016-03-22,0,0,0,0,0,0,0,0,0,0,0,0,0,0,0,0,0,0,0,0,0,0,0,0,0,0,0,0,0,0,0,0,0,0
2016-03-23,0,0,0,0,0,0,0,0,0,0,0,0,0,0,0,0,0,0,0,0,0,0,0,0,0,0,0,0,0,0,0,0,0,0
2016-03-24,0,0,0,0,0,0,0,0,0,0,0,0,0,0,0,0,0,0,0,0,0,0,0,0,0,0,0,0,0,0,0,0,0,0
2016-03-25,0,0,0,0,0,0,0,0,0,0,0,0,0,0,0,0,0,0,0,0,0,0,0,0,0,0,0,0,0,0,0,0,0,0
2016-03-26,0,0,0,0,0,0,0,0,0,0,0,0,0,0,0,0,0,0,0,0,0,0,0,0,0,0,0,0,0,0,0,0,0,0
2016-03-27,0,0,0,0,0,0,0,0,0,0,0,0,0,0,0,0,0,0,0,0,0,0,0,0,0,0,0,0,0,0,0,0,0,0
2016-03-28,0,0,0,0,0,0,0,0,0,0,0,0,0,0,0,0,0,0,0,0,0,0,0,0,0,0,0,0,0,0,0,0,0,0
2016-03-29,0,0,0,0,0,0,0,0,0,0,0,0,0,0,0,0,0,0,0,0,0,0,0,0,0,0,0,0,0,0,0,0,0,0
2016-03-30,0,0,0,0,0,0,0,0,0,0,0,0,0,0,0,0,0,0,0,0,0,0,0,0,0,0,0,0,0,0,0,0,0,0
2016-03-31,0,0,0,0,0,0,0,0,0,0,0,0,0,0,0,0,0,0,0,0,0,0,0,0,0,0,0,0,0,0,0,0,0,0
2016-04-01,0,0,0,0,0,0,0,0,0,0,0,0,0,0,0,0,0,0,0,0,0,0,0,0,0,0,0,0,0,0,0,0,0,0
2016-04-02,0,0,0,0,0,0,0,0,0,0,0,0,0,0,0,0,0,0,0,0,0,0,0,0,0,0,0,0,0,0,0,0,0,0
2016-04-03,0,0,0,0,0,0,0,0,0,0,0,0,0,0,0,0,0,0,0,0,0,0,0,0,0,0,0,0,0,0,0,0,0,0
2016-04-04,0,0,0,0,0,0,0,0,0,0,0,0,0,0,0,0,0,0,0,0,0,0,0,0,0,0,0,0,0,0,0,0,0,0
2016-04-05,0,0,0,0,0,0,0,0,0,0,0,0,0,0,0,0,0,0,0,0,0,0,0,0,0,0,0,0,0,0,0,0,0,0
2016-04-06,0,0,0,0,0,0,0,0,0,0,0,0,0,0,0,0,0,0,0,0,0,0,0,0,0,0,0,0,0,0,0,0,0,0
2016-04-07,0,0,0,0,0,0,0,0,0,0,0,0,0,0,0,0,0,0,0,0,0,0,0,0,0,0,0,0,0,0,0,0,0,0
2016-04-08,0,0,0,0,0,0,0,0,0,0,0,0,0,0,0,0,0,0,0,0,0,0,0,0,0,0,0,0,0,0,0,0,0,0
2016-04-09,0,0,0,0,0,0,0,0,0,0,0,0,0,0,0,0,0,0,0,0,0,0,0,0,0,0,0,0,0,0,0,0,0,0
2016-04-10,0,0,0,0,0,0,0,0,0,0,0,0,0,0,0,0,0,0,0,0,0,0,0,0,0,0,0,0,0,0,0,0,0,0
2016-04-11,0,0,0,0,0,0,0,0,0,0,0,0,0,0,0,0,0,0,0,0,0,0,0,0,0,0,0,0,0,0,0,0,0,0
2016-04-12,0,0,0,0,0,0,0,0,0,0,0,0,0,0,0,0,0,0,0,0,0,0,0,0,0,0,0,0,0,0,0,0,0,0
2016-04-13,0,0,0,0,0,0,0,0,0,0,0,0,0,0,0,0,0,0,0,0,0,0,0,0,0,0,0,0,0,0,0,0,0,0
2016-04-14,0,0,0,0,0,0,0,0,0,0,0,0,0,0,0,0,0,0,0,0,0,0,0,0,0,0,0,0,0,0,0,0,0,0
2016-04-15,0,0,0,0,0,0,0,0,0,0,0,0,0,0,0,0,0,0,0,0,0,0,0,0,0,0,0,0,0,0,0,0,0,0
2016-04-16,0,0,0,0,0,0,0,0,0,0,0,0,0,0,0,0,0,0,0,0,0,0,0,0,0,0,0,0,0,0,0,0,0,0
2016-04-17,0,0,0,0,0,0,0,0,0,0,0,0,0,0,0,0,0,0,1,0,0,0,0,0,0,0,0,0,0,0,0,0,0,0
2016-04-18,0,0,0,0,0,0,0,0,0,0,0,0,0,0,0,0,0,0,0,0,0,0,0,0,0,0,0,0,0,0,0,0,0,0
2016-04-19,0,0,0,0,0,0,0,0,0,0,0,0,0,0,0,0,0,0,0,0,0,0,0,0,0,0,0,0,0,0,0,0,0,0
2016-04-20,0,0,0,0,0,0,0,0,0,0,0,0,0,0,0,0,0,0,0,0,0,0,0,0,0,0,0,0,0,0,0,0,0,0
2016-04-21,0,0,0,0,0,0,0,0,0,0,0,0,0,0,0,0,0,0,0,0,0,0,0,0,0,0,0,0,0,0,0,0,0,0
2016-04-22,0,0,0,0,0,0,0,0,0,0,0,0,0,0,0,0,0,0,0,0,0,0,0,0,0,0,0,0,0,0,0,0,0,0
2016-04-23,0,0,0,0,0,0,0,0,0,0,0,0,0,0,0,0,0,0,0,0,0,0,0,0,0,0,0,0,0,0,0,0,0,0
2016-04-24,0,0,0,0,0,0,0,0,0,0,0,0,0,0,0,0,0,0,0,0,0,0,0,0,0,0,0,0,0,0,0,0,0,0
2016-04-25,0,0,0,0,0,0,0,0,0,0,0,0,0,0,0,0,0,0,0,0,0,0,0,0,0,0,0,0,0,0,0,0,0,0
2016-04-26,0,0,0,0,0,0,0,0,0,0,0,0,0,0,0,0,0,0,0,0,0,0,0,0,0,0,0,0,0,0,0,0,0,0
2016-04-27,0,0,0,0,0,0,0,0,0,0,0,0,0,0,0,0,0,0,0,0,0,0,0,0,0,0,0,0,0,0,0,0,0,0
2016-04-28,0,0,0,0,0,0,0,0,0,0,0,0,0,0,0,0,0,0,0,0,0,0,0,0,0,0,0,0,0,0,0,0,0,0
2016-04-29,0,0,0,0,0,0,0,0,0,0,0,0,0,0,0,0,0,0,0,0,0,0,0,0,0,0,0,0,0,0,0,0,0,0
2016-04-30,0,0,0,0,0,0,0,0,0,0,0,0,0,0,0,0,0,0,0,0,0,0,0,0,0,0,0,0,0,0,0,0,0,0
2016-05-01,0,0,0,0,0,0,0,0,0,0,0,0,0,0,0,0,0,0,0,0,0,0,0,0,0,0,0,0,0,0,0,0,0,0
2016-05-02,0,0,0,0,0,0,0,0,0,0,0,0,0,0,0,0,0,0,0,0,0,0,0,0,0,0,0,0,0,0,0,0,0,0
2016-05-03,0,0,0,0,0,0,0,0,0,0,0,0,0,0,0,0,0,0,0,0,0,0,0,0,0,0,0,0,0,0,0,0,0,0
2016-05-04,0,0,0,0,0,0,0,0,0,0,0,0,0,0,0,0,0,0,0,0,0,0,0,0,0,0,0,0,0,0,0,0,0,0
2016-05-05,0,0,0,0,0,0,0,0,0,0,0,0,0,0,0,0,0,0,0,0,0,0,0,0,0,0,0,0,0,0,0,0,0,0
2016-05-06,0,0,0,0,0,0,0,0,0,0,0,0,0,0,0,0,0,0,0,0,0,0,0,0,0,0,0,0,0,0,0,0,0,0
2016-05-07,0,0,0,0,0,0,0,0,0,0,0,0,0,0,0,0,0,0,0,0,0,0,0,0,0,0,0,0,0,0,0,0,0,0
2016-05-08,0,0,0,0,0,0,0,0,0,0,0,0,0,0,0,0,0,0,0,0,0,0,0,0,0,0,0,0,0,0,0,0,0,0
2016-05-09,0,0,0,0,0,0,0,0,0,0,0,0,0,0,0,0,0,0,0,0,0,0,0,0,0,0,0,0,0,0,0,0,0,0
2016-05-10,0,0,0,0,0,0,0,0,0,0,0,0,0,0,0,0,0,0,0,0,0,0,0,0,0,0,0,0,0,0,0,0,0,0
2016-05-11,0,0,0,0,0,0,0,0,0,0,0,0,0,0,0,0,0,0,0,0,0,0,0,0,0,0,0,0,0,0,0,0,0,0
2016-05-12,0,0,0,0,0,0,0,0,0,0,0,0,0,0,2,0,0,0,0,0,0,0,0,0,0,0,0,0,0,0,0,0,0,0
2016-05-13,0,0,0,0,0,0,0,0,0,0,0,0,0,0,9,0,0,0,0,0,0,0,0,0,0,0,0,0,0,0,0,0,0,0
2016-05-14,0,0,0,0,0,0,0,0,0,0,0,0,0,0,0,0,0,0,0,0,0,0,0,0,0,0,0,0,0,0,0,0,0,0
2016-05-15,0,0,0,0,0,0,0,0,0,0,0,0,0,0,0,0,0,0,0,0,0,0,0,0,0,0,0,0,0,0,0,0,0,0
2016-05-16,0,0,0,0,0,0,0,0,0,0,0,0,0,0,0,0,0,0,0,0,0,0,0,0,0,0,0,0,0,0,0,0,0,0
2016-05-17,0,0,0,0,0,0,0,0,0,0,0,0,0,0,0,0,0,0,0,0,0,0,0,0,0,0,0,0,0,0,0,0,0,0
2016-05-18,0,0,0,0,0,0,0,0,0,0,0,0,0,0,0,0,0,0,0,0,0,0,0,0,0,0,0,0,0,0,0,0,0,0
2016-05-19,0,0,0,0,0,0,0,0,0,0,0,0,0,0,0,0,0,0,0,0,0,0,0,0,0,0,0,0,0,0,0,0,0,0
2016-05-20,0,0,0,0,0,0,0,0,0,0,14,0,0,0,0,0,0,0,0,0,0,0,0,0,0,0,0,7,0,0,0,0,0,0
2016-05-21,0,0,0,0,0,0,0,0,0,0,6,0,0,0,0,0,0,0,0,0,0,0,0,0,0,0,0,0,0,0,0,0,0,0
2016-05-22,0,0,0,0,0,0,0,0,0,0,1,0,0,0,0,0,0,0,0,0,0,0,0,0,0,0,0,0,0,0,0,0,0,0
2016-05-23,0,0,0,0,0,0,0,0,0,0,0,0,0,0,0,0,0,0,0,0,0,0,0,0,0,0,4,0,0,0,0,0,0,0
2016-05-24,0,0,0,0,0,0,0,0,0,0,0,0,0,0,0,0,0,0,0,0,0,0,0,0,0,0,0,0,0,0,0,0,0,0
2016-05-25,0,0,0,0,0,0,0,0,0,0,0,0,0,0,0,0,0,0,0,0,0,0,0,0,0,0,0,0,0,0,0,0,0,0
2016-05-26,0,0,0,0,0,0,0,0,0,0,0,0,0,0,0,0,0,0,0,0,0,0,0,0,0,0,0,0,0,0,0,0,0,0
2016-05-27,0,0,0,0,0,0,0,0,0,0,1,0,0,0,0,0,0,0,9,0,0,0,0,0,0,0,0,0,0,0,0,0,0,0
2016-05-28,0,0,3,0,0,0,0,0,0,0,2,0,0,0,0,12,8,0,40,0,0,0,0,0,0,0,0,0,0,10,0,0,2,0
2016-05-29,0,0,8,0,0,0,0,0,0,0,0,0,0,0,5,14,54,0,48,0,0,0,0,0,0,0,0,0,7,48,0,0,5,0
2016-05-30,0,0,0,0,9,0,0,0,0,0,0,0,0,0,41,0,0,0,4,0,0,0,0,2,0,0,2,0,28,16,0,0,0,0
2016-05-31,0,0,0,0,0,0,0,0,0,0,0,0,0,0,79,0,0,0,0,0,0,0,0,0,0,0,0,0,1,0,0,0,0,0
2016-06-01,0,0,0,0,0,0,0,0,0,0,32,0,0,0,55,0,0,0,0,0,0,0,0,0,0,0,0,3,0,0,0,0,0,0
2016-06-02,0,0,0,0,0,0,0,0,0,0,32,0,0,0,64,0,0,0,0,0,0,0,0,0,0,0,0,1,0,0,0,0,0,0
2016-06-03,0,0,0,0,0,0,0,0,0,0,4,0,0,0,28,0,0,0,0,0,0,0,0,0,0,0,0,0,0,0,0,0,0,0
2016-06-04,0,0,0,0,0,0,0,0,0,0,1,0,0,0,7,0,0,0,0,0,0,0,0,0,0,0,0,0,0,0,0,0,0,0
2016-06-05,0,0,0,0,0,0,0,0,0,0,13,0,0,0,5,0,0,0,0,0,0,0,0,0,0,0,0,0,0,0,0,0,0,0
2016-06-06,0,0,0,0,0,0,0,0,0,0,80,0,0,0,10,0,0,0,0,0,0,0,0,0,0,0,0,0,0,0,0,0,0,0
2016-06-07,0,0,0,0,0,0,0,0,0,0,442,0,0,0,0,0,0,0,0,0,0,0,0,0,0,0,0,48,0,0,0,0,0,0
2016-06-08,0,0,0,0,0,0,0,0,0,0,903,0,15,0,0,0,0,0,7,0,0,0,0,0,0,0,0,157,0,0,0,0,0,0
2016-06-09,0,0,0,0,0,0,0,0,0,0,1123,0,12,0,0,0,0,0,1,0,0,0,0,0,0,0,0,43,0,0,0,0,0,0
2016-06-10,0,0,0,0,0,0,0,0,0,0,463,0,0,0,0,0,0,0,0,0,0,0,0,0,0,0,0,0,0,0,0,0,0,0
2016-06-11,0,0,0,0,0,0,0,0,0,0,184,0,0,0,1,0,0,0,7,0,0,0,0,0,0,0,0,0,0,0,0,0,0,0
2016-06-12,0,0,0,0,0,0,0,0,0,0,378,0,0,0,42,0,0,0,6,0,0,0,0,0,0,0,0,4,0,0,0,0,0,0
2016-06-13,0,0,0,0,0,0,0,0,0,0,858,0,1,0,19,0,0,0,2,0,0,0,0,0,0,0,0,3,0,0,0,0,0,0
2016-06-14,0,0,0,0,0,0,0,0,0,0,474,0,0,0,17,0,0,0,3,0,0,0,0,0,0,0,0,0,0,0,0,0,0,0
2016-06-15,0,0,0,0,0,0,0,0,0,0,99,0,0,0,60,0,0,0,60,0,0,0,0,0,0,0,0,0,0,0,0,0,0,0
2016-06-16,9,0,17,0,73,0,0,0,0,0,4,0,0,0,154,29,4,0,280,0,0,0,0,11,0,0,0,0,78,65,0,0,0,0
2016-06-17,57,0,75,0,292,0,0,0,0,0,2,0,0,0,390,62,185,0,178,0,0,0,4,61,0,0,15,0,556,341,0,0,10,24
2016-06-18,19,0,0,0,403,0,0,0,0,0,16,0,0,0,552,0,0,0,50,0,0,0,2,89,0,0,0,0,431,68,0,0,0,20
2016-06-19,0,0,0,0,130,0,0,0,0,0,99,0,0,0,399,0,4,0,0,0,0,0,0,16,0,0,0,28,133,1,0,0,0,0
2016-06-20,1,0,0,0,159,0,0,0,0,0,407,0,0,0,440,0,3,0,0,0,0,0,0,50,0,0,0,153,307,20,0,0,0,2
2016-06-21,11,0,0,0,329,0,0,0,0,0,857,0,5,0,559,0,8,0,1,0,0,0,3,91,0,0,0,222,609,49,0,0,0,13
2016-06-22,43,0,14,0,411,0,0,0,0,0,1100,0,415,0,612,46,225,0,120,0,0,0,11,95,0,0,1,134,888,208,0,0,24,21
2016-06-23,88,27,89,23,452,13,27,645,0,0,831,0,939,0,626,184,439,0,451,0,3,0,23,106,10,0,202,26,903,304,0,20,87,37
2016-06-24,95,109,105,0,350,18,193,652,0,0,907,0,138,0,551,252,570,0,742,11,0,0,19,74,0,0,1106,13,574,288,0,55,162,25
2016-06-25,83,84,59,0,203,0,151,52,0,22,607,0,62,0,321,162,523,0,624,273,0,201,17,68,0,0,1327,6,522,247,0,21,161,22
2016-06-26,26,0,19,0,164,0,0,0,0,28,350,0,19,0,213,73,259,0,446,245,0,192,6,33,0,0,234,46,485,167,0,0,35,1
2016-06-27,27,0,1,0,117,0,0,0,0,0,741,0,5,0,331,8,0,0,264,0,0,0,4,31,0,0,0,175,262,8,0,0,0,0
2016-06-28,6,0,0,0,8,0,0,0,0,0,1014,0,19,0,196,3,0,0,135,0,0,0,3,0,0,0,0,217,26,0,0,0,0,0
2016-06-29,8,0,0,0,9,0,0,0,0,0,984,0,18,0,151,4,3,0,174,0,0,0,3,1,0,0,0,60,17,0,0,0,1,0
2016-06-30,10,8,4,0,140,0,4,0,0,0,823,0,31,0,237,25,142,0,290,2,0,0,4,20,0,0,59,10,259,37,0,2,40,0
2016-07-01,14,5,27,0,230,0,5,0,0,0,898,0,55,0,278,77,232,0,429,0,0,0,3,28,0,0,7,3,418,110,0,1,37,6
2016-07-02,14,11,50,0,158,0,12,0,0,0,1234,0,32,0,292,139,346,0,500,121,0,21,6,10,0,0,331,61,403,140,0,11,56,0
2016-07-03,26,0,8,0,118,0,0,0,0,0,1543,0,22,0,310,22,3,0,487,0,0,0,8,25,0,0,0,326,194,66,0,0,0,2
2016-07-04,51,0,5,0,63,0,0,0,0,0,1019,0,44,0,433,17,0,0,419,0,0,0,9,16,0,0,0,166,33,1,0,0,0,0
2016-07-05,39,0,8,0,24,0,0,0,0,0,1183,0,95,0,359,26,2,0,489,0,0,0,7,14,0,0,0,122,3,1,0,0,0,0
2016-07-06,26,0,1,0,42,0,0,0,0,0,1289,0,103,0,257,16,0,0,462,0,0,0,5,17,0,0,0,67,55,3,0,0,0,1
2016-07-07,28,0,3,0,23,0,0,0,0,0,699,0,159,0,245,18,0,0,540,0,0,0,6,5,0,0,0,51,14,0,0,0,0,0
2016-07-08,20,0,6,0,0,0,0,0,0,0,1332,0,167,0,212,29,0,0,625,0,0,0,4,0,0,0,0,178,0,0,0,0,0,0
2016-07-09,21,2,32,0,31,0,0,0,0,0,2070,0,212,0,202,87,25,0,803,0,0,0,7,17,0,0,0,291,42,36,0,4,4,2
2016-07-10,51,14,62,0,60,3,1,137,0,0,2444,0,558,0,373,165,65,0,954,0,0,0,13,28,1,0,1,193,49,60,0,24,6,6
2016-07-11,52,97,78,0,52,0,176,176,0,0,1899,0,123,0,316,216,278,0,1090,0,0,0,12,36,0,0,549,44,91,111,0,44,83,11
2016-07-12,60,10,126,0,75,0,0,0,0,0,1111,0,50,0,295,258,457,0,1010,0,0,0,12,54,0,0,76,9,338,280,0,40,75,29
2016-07-13,79,0,137,0,113,0,0,0,0,0,664,0,8,0,352,189,340,0,758,0,0,0,15,77,0,0,3,35,396,373,0,4,20,36
2016-07-14,60,0,6,0,300,0,0,0,0,0,672,0,0,0,490,11,0,0,240,0,0,0,7,92,0,0,0,181,403,120,0,0,0,24
2016-07-15,8,0,0,0,206,0,0,0,0,0,778,0,0,0,507,0,0,0,19,0,0,0,0,21,0,0,0,350,245,0,0,0,0,0
2016-07-16,0,0,0,0,126,0,0,0,0,0,982,0,0,0,276,0,0,0,7,0,0,0,0,1,0,0,0,378,192,0,0,0,0,0
2016-07-17,0,0,0,0,66,0,0,0,0,0,1495,0,205,0,185,0,0,0,50,0,0,0,0,0,0,0,0,392,169,0,0,0,0,0
2016-07-18,1,0,0,0,10,0,0,0,0,0,1995,0,991,0,165,7,0,0,234,0,0,0,2,0,0,0,0,268,2,0,0,0,0,0
2016-07-19,12,0,1,39,21,0,0,28,0,0,2270,0,1917,103,226,20,0,0,493,0,0,0,4,0,13,0,0,214,4,0,0,1,0,0
2016-07-20,18,0,2,86,5,11,0,447,0,0,2055,0,694,18,147,29,0,0,651,0,5,0,3,0,86,0,0,127,0,0,0,2,0,0
2016-07-21,17,2,13,0,18,0,0,46,0,0,1562,0,122,0,166,81,22,0,647,0,0,0,5,1,0,0,0,47,14,15,0,10,1,0
2016-07-22,22,4,43,0,89,0,0,10,0,0,926,0,32,0,251,124,80,0,678,0,0,0,6,24,0,0,0,27,121,80,0,10,9,3
2016-07-23,38,13,82,0,248,0,10,0,0,0,913,0,24,0,394,172,209,0,598,0,0,0,10,62,0,0,0,226,309,210,0,13,22,19
2016-07-24,66,9,57,0,277,0,0,3,0,0,1231,0,46,0,558,146,238,0,411,0,0,0,13,86,0,0,5,403,390,247,0,13,21,26
2016-07-25,28,6,4,0,235,0,1,55,0,0,1801,0,129,0,457,34,113,0,395,0,0,0,7,32,0,0,59,480,426,95,0,3,20,2
2016-07-26,13,11,4,0,139,0,2,2,0,0,2160,0,180,0,295,39,55,0,505,0,0,0,5,4,0,0,101,333,313,3,0,3,18,0
2016-07-27,21,4,16,0,164,0,0,0,0,0,1835,0,101,0,298,64,88,0,490,0,0,0,7,14,0,0,13,171,385,80,0,1,9,0
2016-07-28,28,0,5,0,197,0,0,0,0,0,1922,0,83,0,376,22,30,0,367,0,0,0,7,34,0,0,0,329,443,65,0,0,0,0
2016-07-29,24,3,9,0,211,0,0,0,0,0,2288,0,114,0,395,40,47,0,507,0,0,0,6,25,0,0,0,303,381,25,0,1,3,0
2016-07-30,38,12,31,0,260,0,1,0,0,0,1940,0,147,0,488,119,173,0,722,0,0,0,10,30,0,0,0,32,362,109,0,14,17,3
2016-07-31,59,9,66,0,340,0,0,0,0,0,1329,0,41,0,521,172,281,0,729,0,0,0,13,51,0,0,6,17,528,182,0,12,21,11
2016-08-01,75,0,5,0,378,0,0,0,0,0,1266,0,45,0,562,15,11,0,547,0,0,0,10,62,0,0,0,67,604,41,0,0,0,5
2016-08-02,36,0,5,0,205,0,0,0,0,0,1699,0,66,0,488,15,0,0,410,0,0,0,8,13,0,0,0,182,237,0,0,0,0,0
2016-08-03,37,0,4,0,119,0,0,0,0,0,1992,0,132,0,419,19,0,0,526,0,0,0,7,8,0,0,0,139,95,1,0,0,0,0
2016-08-04,45,18,8,0,159,0,15,0,0,0,1727,0,47,0,442,53,66,0,686,0,0,0,8,24,0,0,39,46,162,44,0,5,14,0
2016-08-05,44,0,42,0,230,0,0,0,0,0,1347,0,14,0,466,95,210,0,397,12,0,0,8,61,0,0,158,116,367,191,0,0,15,13
2016-08-06,37,0,2,0,303,0,0,0,0,0,1422,0,18,0,474,4,35,0,185,0,0,0,6,53,0,0,0,420,460,9,0,0,0,0
2016-08-07,18,0,0,0,345,0,0,0,0,0,1631,0,67,0,455,6,0,0,211,0,0,0,3,9,0,0,0,626,331,2,0,0,0,0
2016-08-08,16,0,2,0,188,0,0,0,0,0,1714,0,133,0,301,9,0,0,245,0,0,0,3,0,0,0,0,606,148,0,0,0,0,0
2016-08-09,16,0,3,0,164,0,0,0,0,0,1184,0,37,0,247,11,0,0,295,0,0,0,4,0,0,0,0,322,136,1,0,0,0,0
2016-08-10,22,0,3,0,250,0,0,0,0,0,530,0,4,0,369,5,0,0,179,0,0,0,5,20,0,0,0,140,279,29,0,0,0,0
2016-08-11,15,0,0,0,230,0,0,0,0,0,579,0,0,0,431,0,0,0,94,0,0,0,1,10,0,0,0,276,198,0,0,0,0,0
2016-08-12,4,0,0,0,0,0,0,0,0,0,717,0,3,0,243,0,0,0,41,0,0,0,0,0,0,0,0,316,0,0,0,0,0,0
2016-08-13,4,0,0,0,0,0,0,0,0,0,985,0,139,0,57,0,0,0,40,0,0,0,0,0,0,0,0,307,0,0,0,0,0,0
2016-08-14,2,0,0,0,0,0,0,0,0,0,1137,0,389,0,35,0,0,0,126,0,0,0,0,0,0,0,0,216,0,0,0,0,0,0
2016-08-15,2,0,0,0,1,0,0,0,0,0,1120,0,468,0,83,5,0,0,225,0,0,0,1,1,0,0,0,87,7,0,0,0,0,0
2016-08-16,4,0,1,0,38,0,0,0,0,0,1035,0,506,0,168,8,0,0,243,0,0,0,2,13,0,0,0,36,52,2,0,0,0,0
2016-08-17,10,0,1,0,103,0,0,0,0,0,960,0,93,0,225,4,0,0,230,0,0,0,1,21,0,0,0,17,86,0,0,0,0,0
2016-08-18,10,0,0,0,51,0,0,0,0,0,1114,0,49,0,246,3,0,0,173,0,0,0,1,11,0,0,0,20,22,0,0,0,0,0
2016-08-19,9,0,1,0,40,0,0,0,0,0,1253,0,52,0,227,3,0,0,251,0,0,0,2,10,0,0,0,9,13,0,0,0,0,0
2016-08-20,10,0,2,0,103,0,0,0,0,0,1017,0,13,0,273,12,7,0,399,0,0,0,4,15,0,0,0,15,158,1,0,0,0,0
2016-08-21,24,0,8,0,228,0,0,0,0,0,814,0,16,0,353,20,62,0,433,0,0,0,6,34,0,0,0,79,367,101,0,0,1,1
2016-08-22,16,0,0,0,179,0,0,0,0,0,1333,0,20,0,357,0,0,0,196,0,0,0,1,9,0,0,0,309,307,0,0,0,0,0
2016-08-23,3,0,0,0,40,0,0,0,0,0,1799,0,649,0,192,1,0,0,85,0,0,0,0,0,0,0,0,347,75,0,0,0,0,0
2016-08-24,17,0,3,48,22,0,0,49,0,0,1535,0,1037,6,205,11,0,0,182,0,0,0,4,0,31,0,0,264,20,0,0,0,0,0
2016-08-25,35,0,5,67,14,0,0,302,1,0,1284,0,1426,0,211,12,0,0,274,0,1,0,7,8,68,0,0,181,2,0,0,0,0,0
2016-08-26,32,0,5,38,4,7,0,524,0,0,1188,0,1250,0,161,12,0,0,292,0,6,0,6,4,11,0,1,193,0,0,0,0,0,0
2016-08-27,11,0,3,47,3,5,0,405,0,0,1606,0,1357,0,103,11,0,0,331,0,6,0,4,0,6,0,4,162,1,1,0,0,0,0
2016-08-28,3,7,1,0,8,6,19,334,0,0,1640,0,164,0,105,5,1,0,353,0,0,0,2,0,0,0,51,88,51,1,0,0,1,0
2016-08-29,4,0,2,0,4,0,0,0,0,0,1125,0,62,0,141,7,24,0,363,0,0,0,1,6,0,0,0,47,54,16,0,0,0,0
2016-08-30,9,0,5,0,51,0,0,0,0,0,761,0,11,0,207,21,0,0,234,0,0,0,5,11,0,0,0,19,101,9,0,0,0,0
2016-08-31,16,0,5,0,47,0,0,0,0,0,621,0,29,0,274,15,0,0,185,0,0,0,6,11,0,0,0,22,13,0,0,0,0,0
2016-09-01,4,0,1,0,7,0,0,0,0,0,913,0,105,0,149,8,0,0,171,0,0,0,2,0,0,0,0,124,6,0,0,0,0,0
2016-09-02,8,0,1,0,2,0,0,0,0,0,1238,0,104,0,53,12,0,0,291,0,0,0,4,0,0,0,0,220,5,1,0,0,0,0
2016-09-03,11,0,1,0,1,0,0,0,0,0,1744,0,111,0,83,9,0,0,359,0,0,0,4,0,0,0,0,287,2,0,0,0,0,0
2016-09-04,9,0,0,0,5,0,0,0,0,0,2270,0,107,0,98,5,2,0,333,0,0,0,3,0,0,0,0,386,14,1,0,0,0,0
2016-09-05,5,0,0,0,21,0,0,0,0,0,2444,0,107,0,69,0,0,0,273,0,0,0,0,1,0,0,0,516,55,0,0,0,0,0
2016-09-06,0,0,0,0,8,0,0,0,0,0,2544,0,181,0,30,0,0,0,69,0,0,0,0,0,0,0,0,575,0,0,0,0,0,0
2016-09-07,0,0,0,0,8,0,0,0,0,0,2057,0,185,0,51,0,0,0,12,0,0,0,0,0,0,0,0,143,36,0,0,0,0,0
2016-09-08,0,0,0,0,45,0,0,0,0,0,771,0,25,0,67,1,0,0,60,0,0,0,0,0,0,0,0,4,92,0,0,0,0,0
2016-09-09,0,0,0,0,27,0,0,0,0,0,399,0,59,0,76,7,0,0,132,0,0,0,0,0,0,0,0,0,116,3,0,0,0,0
2016-09-10,0,0,0,0,25,0,0,0,0,0,383,0,58,0,62,4,5,0,142,0,0,0,0,0,0,0,0,6,106,0,0,0,0,0
2016-09-11,0,0,0,0,14,0,0,1,0,0,595,0,64,0,38,3,21,0,125,0,0,0,0,0,0,0,2,70,58,20,0,0,0,0
2016-09-12,0,1,0,0,3,0,5,27,0,0,796,0,432,0,35,3,9,0,116,0,0,0,0,0,0,0,24,39,15,3,0,0,0,0
2016-09-13,0,0,0,36,0,0,3,196,0,0,73,0,661,0,25,2,0,0,87,0,0,0,0,0,35,0,4,0,17,0,0,0,0,0
2016-09-14,0,0,0,11,0,0,0,67,0,0,14,0,26,0,37,0,0,0,77,0,0,0,0,0,26,0,0,0,20,0,0,0,0,0
2016-09-15,0,0,0,0,0,0,0,0,0,0,4,0,0,0,68,0,0,0,36,0,0,0,0,0,0,0,0,0,0,0,0,0,0,0
2016-09-16,1,0,0,0,0,0,0,0,0,0,6,0,0,0,58,0,0,0,76,0,0,0,0,0,0,0,0,0,4,3,0,0,0,0
2016-09-17,0,0,0,0,40,0,0,0,0,0,47,0,0,0,115,0,0,0,61,0,0,0,0,1,0,0,0,15,55,5,0,0,0,0
2016-09-18,1,0,0,0,58,0,0,0,0,0,47,0,0,0,183,0,0,0,20,0,0,0,0,8,0,0,0,31,71,0,0,0,0,0
2016-09-19,0,0,0,0,3,0,0,0,0,0,3,0,0,0,62,0,0,0,0,0,0,0,0,0,0,0,0,5,0,0,0,0,0,0
2016-09-20,0,0,0,0,0,0,0,0,0,0,16,0,0,0,28,0,0,0,1,0,0,0,0,0,0,0,0,0,0,0,0,0,0,0
2016-09-21,0,0,0,0,0,0,0,0,0,0,4,0,0,0,3,0,0,0,0,0,0,0,0,0,0,0,0,0,0,0,0,0,0,0
2016-09-22,0,0,0,0,0,0,0,0,0,0,6,0,0,0,1,0,0,0,0,0,0,0,0,0,0,0,0,0,0,0,0,0,0,0
2016-09-23,0,0,0,0,0,0,0,0,0,0,3,0,0,0,0,0,0,0,0,0,0,0,0,0,0,0,0,0,0,0,0,0,0,0
2016-09-24,0,0,0,0,0,0,0,0,0,0,26,0,0,0,0,0,0,0,0,0,0,0,0,0,0,0,0,0,0,0,0,0,0,0
2016-09-25,0,0,0,0,0,0,0,0,0,0,32,0,0,0,0,0,0,0,0,0,0,0,0,0,0,0,0,0,0,0,0,0,0,0
2016-09-26,0,0,0,0,0,0,0,0,0,0,105,0,0,0,0,0,0,0,0,0,0,0,0,0,0,0,0,0,0,0,0,0,0,0
2016-09-27,0,0,0,0,0,0,0,0,0,0,163,0,0,0,0,0,0,0,0,0,0,0,0,0,0,0,0,42,0,0,0,0,0,0
2016-09-28,0,0,0,0,0,0,0,0,0,0,120,0,0,0,0,0,0,0,0,0,0,0,0,0,0,0,0,106,0,0,0,0,0,0
2016-09-29,0,0,0,0,0,0,0,0,0,0,43,0,0,0,0,0,0,0,0,0,0,0,0,0,0,0,0,29,0,0,0,0,0,0
2016-09-30,0,0,0,0,0,0,0,0,0,0,35,0,0,0,0,0,0,0,0,0,0,0,0,0,0,0,0,6,0,0,0,0,0,0
2016-10-01,0,0,0,0,0,0,0,0,0,0,7,0,0,0,0,0,0,0,2,0,0,0,0,0,0,0,0,0,0,0,0,0,0,0
2016-10-02,0,0,0,0,0,0,0,0,0,0,2,0,0,0,0,0,0,0,4,0,0,0,0,0,0,0,0,0,0,0,0,0,0,0
2016-10-03,0,0,0,0,0,0,0,0,0,0,2,0,0,0,10,0,0,0,3,0,0,0,0,0,0,0,0,0,0,0,0,0,0,0
2016-10-04,0,0,0,0,0,0,0,0,0,0,37,0,0,0,7,0,0,0,1,0,0,0,0,0,0,0,0,0,0,0,0,0,0,0
2016-10-05,0,0,0,0,0,0,0,0,0,0,50,0,0,0,0,0,0,0,0,0,0,0,0,0,0,0,0,0,0,0,0,0,0,0
2016-10-06,0,0,0,0,0,0,0,0,0,0,10,0,0,0,0,0,0,0,0,0,0,0,0,0,0,0,0,0,0,0,0,0,0,0
2016-10-07,0,0,0,0,0,0,0,0,0,0,0,0,0,0,0,0,0,0,0,0,0,0,0,0,0,0,0,0,0,0,0,0,0,0
2016-10-08,0,0,0,0,0,0,0,0,0,0,0,0,0,0,4,0,0,0,0,0,0,0,0,0,0,0,0,0,0,0,0,0,0,0
2016-10-09,0,0,0,0,0,0,0,0,0,0,0,0,0,0,0,0,0,0,0,0,0,0,0,0,0,0,0,0,0,0,0,0,0,0
2016-10-10,0,0,0,0,0,0,0,0,0,0,0,0,0,0,0,0,0,0,0,0,0,0,0,0,0,0,0,0,0,0,0,0,0,0
2016-10-11,0,0,0,0,0,0,0,0,0,0,0,0,0,0,11,0,0,0,0,0,0,0,0,0,0,0,0,0,0,0,0,0,0,0
2016-10-12,0,0,0,0,0,0,0,0,0,0,0,0,0,0,2,0,0,0,0,0,0,0,0,0,0,0,0,0,0,0,0,0,0,0
2016-10-13,0,0,0,0,0,0,0,0,0,0,0,0,0,0,0,0,0,0,1,0,0,0,0,0,0,0,0,0,0,0,0,0,0,0
2016-10-14,0,0,0,0,0,0,0,0,0,0,0,0,0,0,0,0,0,0,18,0,0,0,0,0,0,0,0,0,0,0,0,0,0,0
2016-10-15,0,0,0,0,0,0,0,0,0,0,0,0,0,0,0,0,0,0,7,0,0,0,0,0,0,0,0,0,0,0,0,0,0,0
2016-10-16,0,0,0,0,0,0,0,0,0,0,0,0,0,0,0,0,0,0,0,0,0,0,0,0,0,0,0,0,0,0,0,0,0,0
2016-10-17,0,0,0,0,0,0,0,0,0,0,0,0,0,0,0,0,0,0,0,0,0,0,0,0,0,0,0,0,0,0,0,0,0,0
2016-10-18,0,0,0,0,0,0,0,0,0,0,0,0,0,0,0,0,0,0,0,0,0,0,0,0,0,0,0,0,0,0,0,0,0,0
2016-10-19,0,0,0,0,0,0,0,0,0,0,0,0,0,0,0,0,0,0,0,0,0,0,0,0,0,0,0,0,0,0,0,0,0,0
2016-10-20,0,0,0,0,0,0,0,0,0,0,0,0,0,0,0,0,0,0,0,0,0,0,0,0,0,0,0,0,0,0,0,0,0,0
2016-10-21,0,0,0,0,0,0,0,0,0,0,0,0,0,0,0,0,0,0,0,0,0,0,0,0,0,0,0,0,0,0,0,0,0,0
2016-10-22,0,0,0,0,0,0,0,0,0,0,0,0,0,0,0,0,0,0,0,0,0,0,0,0,0,0,0,0,0,0,0,0,0,0
2016-10-23,0,0,0,0,0,0,0,0,0,0,0,0,0,0,0,0,0,0,0,0,0,0,0,0,0,0,0,0,0,0,0,0,0,0
2016-10-24,0,0,0,0,0,0,0,0,0,0,0,0,0,0,0,0,0,0,0,0,0,0,0,0,0,0,0,0,0,0,0,0,0,0
2016-10-25,0,0,0,0,0,0,0,0,0,0,5,0,0,0,0,0,0,0,0,0,0,0,0,0,0,0,0,0,0,0,0,0,0,0
2016-10-26,0,0,0,0,0,0,0,0,0,0,0,0,0,0,0,0,0,0,0,0,0,0,0,0,0,0,0,0,0,0,0,0,0,0
2016-10-27,0,0,0,0,0,0,0,0,0,0,8,0,0,0,0,0,0,0,0,0,0,0,0,0,0,0,0,5,0,0,0,0,0,0
2016-10-28,0,0,0,0,0,0,0,0,0,0,0,0,0,0,0,0,0,0,0,0,0,0,0,0,0,0,0,1,0,0,0,0,0,0
2016-10-29,0,0,0,0,0,0,0,0,0,0,0,0,0,0,0,0,0,0,0,0,0,0,0,0,0,0,0,0,0,0,0,0,0,0
2016-10-30,0,0,0,0,0,0,0,0,0,0,0,0,0,0,0,0,0,0,0,0,0,0,0,0,0,0,0,0,0,0,0,0,0,0
2016-10-31,0,0,0,0,0,0,0,0,0,0,0,0,0,0,0,0,0,0,0,0,0,0,0,0,0,0,0,0,0,0,0,0,0,0
2016-11-01,0,0,0,0,0,0,0,0,0,0,0,0,0,0,0,0,0,0,0,0,0,0,0,0,0,0,0,0,0,0,0,0,0,0
2016-11-02,0,0,0,0,0,0,0,0,0,0,0,0,0,0,0,0,0,0,0,0,0,0,0,0,0,0,0,0,0,0,0,0,0,0
2016-11-03,0,0,0,0,0,0,0,0,0,0,0,0,0,0,0,0,0,0,0,0,0,0,0,0,0,0,0,0,0,0,0,0,0,0
2016-11-04,0,0,0,0,0,0,0,0,0,0,0,0,0,0,0,0,0,0,0,0,0,0,0,0,0,0,0,0,0,0,0,0,0,0
2016-11-05,0,0,0,0,0,0,0,0,0,0,0,0,0,0,0,0,0,0,0,0,0,0,0,0,0,0,0,0,0,0,0,0,0,0
2016-11-06,0,0,0,0,0,0,0,0,0,0,0,0,0,0,0,0,0,0,0,0,0,0,0,0,0,0,0,0,0,0,0,0,0,0
2016-11-07,0,0,0,0,0,0,0,0,0,0,0,0,0,0,0,0,0,0,0,0,0,0,0,0,0,0,0,0,0,0,0,0,0,0
2016-11-08,0,0,0,0,0,0,0,0,0,0,0,0,0,0,0,0,0,0,0,0,0,0,0,0,0,0,0,0,0,0,0,0,0,0
2016-11-09,0,0,0,0,0,0,0,0,0,0,0,0,0,0,0,0,0,0,0,0,0,0,0,0,0,0,0,0,0,0,0,0,0,0
2016-11-10,0,0,0,0,0,0,0,0,0,0,0,0,0,0,0,0,0,0,0,0,0,0,0,0,0,0,0,0,0,0,0,0,0,0
2016-11-11,0,0,0,0,0,0,0,0,0,0,0,0,0,0,0,0,0,0,0,0,0,0,0,0,0,0,0,0,0,0,0,0,0,0
2016-11-12,0,0,0,0,0,0,0,0,0,0,0,0,0,0,0,0,0,0,0,0,0,0,0,0,0,0,0,0,0,0,0,0,0,0
2016-11-13,0,0,0,0,0,0,0,0,0,0,0,0,0,0,0,0,0,0,0,0,0,0,0,0,0,0,0,0,0,0,0,0,0,0
2016-11-14,0,0,0,0,0,0,0,0,0,0,0,0,0,0,0,0,0,0,0,0,0,0,0,0,0,0,0,0,0,0,0,0,0,0
2016-11-15,0,0,0,0,0,0,0,0,0,0,0,0,0,0,0,0,0,0,0,0,0,0,0,0,0,0,0,0,0,0,0,0,0,0
2016-11-16,0,0,0,0,0,0,0,0,0,0,0,0,0,0,0,0,0,0,0,0,0,0,0,0,0,0,0,0,0,0,0,0,0,0
2016-11-17,0,0,0,0,0,0,0,0,0,0,0,0,0,0,0,0,0,0,0,0,0,0,0,0,0,0,0,0,0,0,0,0,0,0
2016-11-18,0,0,0,0,0,0,0,0,0,0,0,0,0,0,0,0,0,0,0,0,0,0,0,0,0,0,0,0,0,0,0,0,0,0
2016-11-19,0,0,0,0,0,0,0,0,0,0,0,0,0,0,0,0,0,0,0,0,0,0,0,0,0,0,0,0,0,0,0,0,0,0
2016-11-20,0,0,0,0,0,0,0,0,0,0,0,0,0,0,0,0,0,0,0,0,0,0,0,0,0,0,0,0,0,0,0,0,0,0
2016-11-21,0,0,0,0,0,0,0,0,0,0,0,0,0,0,0,0,0,0,0,0,0,0,0,0,0,0,0,0,0,0,0,0,0,0
2016-11-22,0,0,0,0,0,0,0,0,0,0,0,0,0,0,0,0,0,0,0,0,0,0,0,0,0,0,0,0,0,0,0,0,0,0
2016-11-23,0,0,0,0,0,0,0,0,0,0,0,0,0,0,0,0,0,0,0,0,0,0,0,0,0,0,0,0,0,0,0,0,0,0
2016-11-24,0,0,0,0,0,0,0,0,0,0,0,0,0,0,0,0,0,0,0,0,0,0,0,0,0,0,0,0,0,0,0,0,0,0
2016-11-25,0,0,0,0,0,0,0,0,0,0,0,0,0,0,0,0,0,0,0,0,0,0,0,0,0,0,0,0,0,0,0,0,0,0
2016-11-26,0,0,0,0,0,0,0,0,0,0,0,0,0,0,0,0,0,0,0,0,0,0,0,0,0,0,0,0,0,0,0,0,0,0
2016-11-27,0,0,0,0,0,0,0,0,0,0,0,0,0,0,0,0,0,0,0,0,0,0,0,0,0,0,0,0,0,0,0,0,0,0
2016-11-28,0,0,0,0,0,0,0,0,0,0,0,0,0,0,0,0,0,0,0,0,0,0,0,0,0,0,0,0,0,0,0,0,0,0
2016-11-29,0,0,0,0,0,0,0,0,0,0,0,0,0,0,0,0,0,0,0,0,0,0,0,0,0,0,0,0,0,0,0,0,0,0
2016-11-30,0,0,0,0,0,0,0,0,0,0,0,0,0,0,0,0,0,0,0,0,0,0,0,0,0,0,0,0,0,0,0,0,0,0
2016-12-01,0,0,0,0,0,0,0,0,0,0,0,0,0,0,0,0,0,0,0,0,0,0,0,0,0,0,0,0,0,0,0,0,0,0
2016-12-02,0,0,0,0,0,0,0,0,0,0,0,0,0,0,0,0,0,0,0,0,0,0,0,0,0,0,0,0,0,0,0,0,0,0
2016-12-03,0,0,0,0,0,0,0,0,0,0,0,0,0,0,0,0,0,0,0,0,0,0,0,0,0,0,0,0,0,0,0,0,0,0
2016-12-04,0,0,0,0,0,0,0,0,0,0,0,0,0,0,0,0,0,0,0,0,0,0,0,0,0,0,0,0,0,0,0,0,0,0
2016-12-05,0,0,0,0,0,0,0,0,0,0,0,0,0,0,0,0,0,0,0,0,0,0,0,0,0,0,0,0,0,0,0,0,0,0
2016-12-06,0,0,0,0,0,0,0,0,0,0,0,0,0,0,0,0,0,0,0,0,0,0,0,0,0,0,0,0,0,0,0,0,0,0
2016-12-07,0,0,0,0,0,0,0,0,0,0,0,0,0,0,0,0,0,0,0,0,0,0,0,0,0,0,0,0,0,0,0,0,0,0
2016-12-08,0,0,0,0,0,0,0,0,0,0,0,0,0,0,0,0,0,0,0,0,0,0,0,0,0,0,0,0,0,0,0,0,0,0
2016-12-09,0,0,0,0,0,0,0,0,0,0,0,0,0,0,0,0,0,0,0,0,0,0,0,0,0,0,0,0,0,0,0,0,0,0
2016-12-10,0,0,0,0,0,0,0,0,0,0,0,0,0,0,0,0,0,0,0,0,0,0,0,0,0,0,0,0,0,0,0,0,0,0
2016-12-11,0,0,0,0,0,0,0,0,0,0,0,0,0,0,0,0,0,0,0,0,0,0,0,0,0,0,0,0,0,0,0,0,0,0
2016-12-12,0,0,0,0,0,0,0,0,0,0,0,0,0,0,0,0,0,0,0,0,0,0,0,0,0,0,0,0,0,0,0,0,0,0
2016-12-13,0,0,0,0,0,0,0,0,0,0,0,0,0,0,0,0,0,0,0,0,0,0,0,0,0,0,0,0,0,0,0,0,0,0
2016-12-14,0,0,0,0,0,0,0,0,0,0,0,0,0,0,0,0,0,0,0,0,0,0,0,0,0,0,0,0,0,0,0,0,0,0
2016-12-15,0,0,0,0,0,0,0,0,0,0,0,0,0,0,0,0,0,0,0,0,0,0,0,0,0,0,0,0,0,0,0,0,0,0
2016-12-16,0,0,0,0,0,0,0,0,0,0,0,0,0,0,0,0,0,0,0,0,0,0,0,0,0,0,0,0,0,0,0,0,0,0
2016-12-17,0,0,0,0,0,0,0,0,0,0,0,0,0,0,0,0,0,0,0,0,0,0,0,0,0,0,0,0,0,0,0,0,0,0
2016-12-18,0,0,0,0,0,0,0,0,0,0,0,0,0,0,0,0,0,0,0,0,0,0,0,0,0,0,0,0,0,0,0,0,0,0
2016-12-19,0,0,0,0,0,0,0,0,0,0,0,0,0,0,0,0,0,0,0,0,0,0,0,0,0,0,0,0,0,0,0,0,0,0
2016-12-20,0,0,0,0,0,0,0,0,0,0,0,0,0,0,0,0,0,0,0,0,0,0,0,0,0,0,0,0,0,0,0,0,0,0
2016-12-21,0,0,0,0,0,0,0,0,0,0,0,0,0,0,0,0,0,0,0,0,0,0,0,0,0,0,0,0,0,0,0,0,0,0
2016-12-22,0,0,0,0,0,0,0,0,0,0,0,0,0,0,0,0,0,0,0,0,0,0,0,0,0,0,0,0,0,0,0,0,0,0
2016-12-23,0,0,0,0,0,0,0,0,0,0,0,0,0,0,0,0,0,0,0,0,0,0,0,0,0,0,0,0,0,0,0,0,0,0
2016-12-24,0,0,0,0,0,0,0,0,0,0,0,0,0,0,0,0,0,0,0,0,0,0,0,0,0,0,0,0,0,0,0,0,0,0
2016-12-25,0,0,0,0,0,0,0,0,0,0,0,0,0,0,0,0,0,0,0,0,0,0,0,0,0,0,0,0,0,0,0,0,0,0
2016-12-26,0,0,0,0,0,0,0,0,0,0,0,0,0,0,0,0,0,0,0,0,0,0,0,0,0,0,0,0,0,0,0,0,0,0
2016-12-27,0,0,0,0,0,0,0,0,0,0,0,0,0,0,0,0,0,0,0,0,0,0,0,0,0,0,0,0,0,0,0,0,0,0
2016-12-28,0,0,0,0,0,0,0,0,0,0,0,0,0,0,0,0,0,0,0,0,0,0,0,0,0,0,0,0,0,0,0,0,0,0
2016-12-29,0,0,0,0,0,0,0,0,0,0,0,0,0,0,0,0,0,0,0,0,0,0,0,0,0,0,0,0,0,0,0,0,0,0
2016-12-30,0,0,0,0,0,0,0,0,0,0,0,0,0,0,0,0,0,0,0,0,0,0,0,0,0,0,0,0,0,0,0,0,0,0
2016-12-31,0,0,0,0,0,0,0,0,0,0,0,0,0,0,0,0,0,0,0,0,0,0,0,0,0,0,0,0,0,0,0,0,0,0
2017-01-01,0,0,0,0,0,0,0,0,0,0,0,0,0,0,0,0,0,0,0,0,0,0,0,0,0,0,0,0,0,0,0,0,0,0
2017-01-02,0,0,0,0,0,0,0,0,0,0,0,0,0,0,0,0,0,0,0,0,0,0,0,0,0,0,0,0,0,0,0,0,0,0
2017-01-03,0,0,0,0,0,0,0,0,0,0,0,0,0,0,0,0,0,0,0,0,0,0,0,0,0,0,0,0,0,0,0,0,0,0
2017-01-04,0,0,0,0,0,0,0,0,0,0,0,0,0,0,0,0,0,0,0,0,0,0,0,0,0,0,0,0,0,0,0,0,0,0
2017-01-05,0,0,0,0,0,0,0,0,0,0,0,0,0,0,0,0,0,0,0,0,0,0,0,0,0,0,0,0,0,0,0,0,0,0
2017-01-06,0,0,0,0,0,0,0,0,0,0,0,0,0,0,0,0,0,0,0,0,0,0,0,0,0,0,0,0,0,0,0,0,0,0
2017-01-07,0,0,0,0,0,0,0,0,0,0,0,0,0,0,0,0,0,0,0,0,0,0,0,0,0,0,0,0,0,0,0,0,0,0
2017-01-08,0,0,0,0,0,0,0,0,0,0,0,0,0,0,0,0,0,0,0,0,0,0,0,0,0,0,0,0,0,0,0,0,0,0
2017-01-09,0,0,0,0,0,0,0,0,0,0,0,0,0,0,0,0,0,0,0,0,0,0,0,0,0,0,0,0,0,0,0,0,0,0
2017-01-10,0,0,0,0,0,0,0,0,0,0,0,0,0,0,0,0,0,0,0,0,0,0,0,0,0,0,0,0,0,0,0,0,0,0
2017-01-11,0,0,0,0,0,0,0,0,0,0,0,0,0,0,0,0,0,0,0,0,0,0,0,0,0,0,0,0,0,0,0,0,0,0
2017-01-12,0,0,0,0,0,0,0,0,0,0,0,0,0,0,0,0,0,0,0,0,0,0,0,0,0,0,0,0,0,0,0,0,0,0
2017-01-13,0,0,0,0,0,0,0,0,0,0,0,0,0,0,0,0,0,0,0,0,0,0,0,0,0,0,0,0,0,0,0,0,0,0
2017-01-14,0,0,0,0,0,0,0,0,0,0,0,0,0,0,0,0,0,0,0,0,0,0,0,0,0,0,0,0,0,0,0,0,0,0
2017-01-15,0,0,0,0,0,0,0,0,0,0,0,0,0,0,0,0,0,0,0,0,0,0,0,0,0,0,0,0,0,0,0,0,0,0
2017-01-16,0,0,0,0,0,0,0,0,0,0,0,0,0,0,0,0,0,0,0,0,0,0,0,0,0,0,0,0,0,0,0,0,0,0
2017-01-17,0,0,0,0,0,0,0,0,0,0,0,0,0,0,0,0,0,0,0,0,0,0,0,0,0,0,0,0,0,0,0,0,0,0
2017-01-18,0,0,0,0,0,0,0,0,0,0,0,0,0,0,0,0,0,0,0,0,0,0,0,0,0,0,0,0,0,0,0,0,0,0
2017-01-19,0,0,0,0,0,0,0,0,0,0,0,0,0,0,0,0,0,0,0,0,0,0,0,0,0,0,0,0,0,0,0,0,0,0
2017-01-20,0,0,0,0,0,0,0,0,0,0,0,0,0,0,0,0,0,0,0,0,0,0,0,0,0,0,0,0,0,0,0,0,0,0
2017-01-21,0,0,0,0,0,0,0,0,0,0,0,0,0,0,0,0,0,0,0,0,0,0,0,0,0,0,0,0,0,0,0,0,0,0
2017-01-22,0,0,0,0,0,0,0,0,0,0,0,0,0,0,0,0,0,0,0,0,0,0,0,0,0,0,0,0,0,0,0,0,0,0
2017-01-23,0,0,0,0,0,0,0,0,0,0,0,0,0,0,0,0,0,0,0,0,0,0,0,0,0,0,0,0,0,0,0,0,0,0
2017-01-24,0,0,0,0,0,0,0,0,0,0,0,0,0,0,0,0,0,0,0,0,0,0,0,0,0,0,0,0,0,0,0,0,0,0
2017-01-25,0,0,0,0,0,0,0,0,0,0,0,0,0,0,0,0,0,0,0,0,0,0,0,0,0,0,0,0,0,0,0,0,0,0
2017-01-26,0,0,0,0,0,0,0,0,0,0,0,0,0,0,0,0,0,0,0,0,0,0,0,0,0,0,0,0,0,0,0,0,0,0
2017-01-27,0,0,0,0,0,0,0,0,0,0,0,0,0,0,0,0,0,0,0,0,0,0,0,0,0,0,0,0,0,0,0,0,0,0
2017-01-28,0,0,0,0,0,0,0,0,0,0,0,0,0,0,0,0,0,0,0,0,0,0,0,0,0,0,0,0,0,0,0,0,0,0
2017-01-29,0,0,0,0,0,0,0,0,0,0,0,0,0,0,0,0,0,0,0,0,0,0,0,0,0,0,0,0,0,0,0,0,0,0
2017-01-30,0,0,0,0,0,0,0,0,0,0,0,0,0,0,0,0,0,0,0,0,0,0,0,0,0,0,0,0,0,0,0,0,0,0
2017-01-31,0,0,0,0,0,0,0,0,0,0,0,0,0,0,0,0,0,0,0,0,0,0,0,0,0,0,0,0,0,0,0,0,0,0
2017-02-01,0,0,0,0,0,0,0,0,0,0,0,0,0,0,0,0,0,0,0,0,0,0,0,0,0,0,0,0,0,0,0,0,0,0
2017-02-02,0,0,0,0,0,0,0,0,0,0,0,0,0,0,0,0,0,0,0,0,0,0,0,0,0,0,0,0,0,0,0,0,0,0
2017-02-03,0,0,0,0,0,0,0,0,0,0,0,0,0,0,0,0,0,0,0,0,0,0,0,0,0,0,0,0,0,0,0,0,0,0
2017-02-04,0,0,0,0,0,0,0,0,0,0,0,0,0,0,0,0,0,0,0,0,0,0,0,0,0,0,0,0,0,0,0,0,0,0
2017-02-05,0,0,0,0,0,0,0,0,0,0,0,0,0,0,0,0,0,0,0,0,0,0,0,0,0,0,0,0,0,0,0,0,0,0
2017-02-06,0,0,0,0,0,0,0,0,0,0,0,0,0,0,0,0,0,0,0,0,0,0,0,0,0,0,0,0,0,0,0,0,0,0
2017-02-07,0,0,0,0,0,0,0,0,0,0,0,0,0,0,0,0,0,0,0,0,0,0,0,0,0,0,0,0,0,0,0,0,0,0
2017-02-08,0,0,0,0,0,0,0,0,0,0,0,0,0,0,0,0,0,0,0,0,0,0,0,0,0,0,0,0,0,0,0,0,0,0
2017-02-09,0,0,0,0,0,0,0,0,0,0,0,0,0,0,0,0,0,0,0,0,0,0,0,0,0,0,0,0,0,0,0,0,0,0
2017-02-10,0,0,0,0,0,0,0,0,0,0,0,0,0,0,0,0,0,0,0,0,0,0,0,0,0,0,0,0,0,0,0,0,0,0
2017-02-11,0,0,0,0,0,0,0,0,0,0,0,0,0,0,0,0,0,0,0,0,0,0,0,0,0,0,0,0,0,0,0,0,0,0
2017-02-12,0,0,0,0,0,0,0,0,0,0,0,0,0,0,0,0,0,0,0,0,0,0,0,0,0,0,0,0,0,0,0,0,0,0
2017-02-13,0,0,0,0,0,0,0,0,0,0,0,0,0,0,0,0,0,0,0,0,0,0,0,0,0,0,0,0,0,0,0,0,0,0
2017-02-14,0,0,0,0,0,0,0,0,0,0,0,0,0,0,0,0,0,0,0,0,0,0,0,0,0,0,0,0,0,0,0,0,0,0
2017-02-15,0,0,0,0,0,0,0,0,0,0,0,0,0,0,0,0,0,0,0,0,0,0,0,0,0,0,0,0,0,0,0,0,0,0
2017-02-16,0,0,0,0,0,0,0,0,0,0,0,0,0,0,0,0,0,0,0,0,0,0,0,0,0,0,0,0,0,0,0,0,0,0
2017-02-17,0,0,0,0,0,0,0,0,0,0,0,0,0,0,0,0,0,0,0,0,0,0,0,0,0,0,0,0,0,0,0,0,0,0
2017-02-18,0,0,0,0,0,0,0,0,0,0,0,0,0,0,0,0,0,0,0,0,0,0,0,0,0,0,0,0,0,0,0,0,0,0
2017-02-19,0,0,0,0,0,0,0,0,0,0,0,0,0,0,0,0,0,0,0,0,0,0,0,0,0,0,0,0,0,0,0,0,0,0
2017-02-20,0,0,0,0,0,0,0,0,0,0,0,0,0,0,0,0,0,0,0,0,0,0,0,0,0,0,0,0,0,0,0,0,0,0
2017-02-21,0,0,0,0,0,0,0,0,0,0,0,0,0,0,0,0,0,0,0,0,0,0,0,0,0,0,0,0,0,0,0,0,0,0
2017-02-22,0,0,0,0,0,0,0,0,0,0,0,0,0,0,0,0,0,0,0,0,0,0,0,0,0,0,0,0,0,0,0,0,0,0
2017-02-23,0,0,0,0,0,0,0,0,0,0,0,0,0,0,0,0,0,0,0,0,0,0,0,0,0,0,0,0,0,0,0,0,0,0
2017-02-24,0,0,0,0,0,0,0,0,0,0,0,0,0,0,0,0,0,0,0,0,0,0,0,0,0,0,0,0,0,0,0,0,0,0
2017-02-25,0,0,0,0,0,0,0,0,0,0,0,0,0,0,0,0,0,0,0,0,0,0,0,0,0,0,0,0,0,0,0,0,0,0
2017-02-26,0,0,0,0,0,0,0,0,0,0,0,0,0,0,0,0,0,0,0,0,0,0,0,0,0,0,0,0,0,0,0,0,0,0
2017-02-27,0,0,0,0,0,0,0,0,0,0,0,0,0,0,0,0,0,0,0,0,0,0,0,0,0,0,0,0,0,0,0,0,0,0
2017-02-28,0,0,0,0,0,0,0,0,0,0,0,0,0,0,0,0,0,0,0,0,0,0,0,0,0,0,0,0,0,0,0,0,0,0
2017-03-01,0,0,0,0,0,0,0,0,0,0,0,0,0,0,0,0,0,0,0,0,0,0,0,0,0,0,0,0,0,0,0,0,0,0
2017-03-02,0,0,0,0,0,0,0,0,0,0,0,0,0,0,0,0,0,0,0,0,0,0,0,0,0,0,0,0,0,0,0,0,0,0
2017-03-03,0,0,0,0,0,0,0,0,0,0,0,0,0,0,0,0,0,0,0,0,0,0,0,0,0,0,0,0,0,0,0,0,0,0
2017-03-04,0,0,0,0,0,0,0,0,0,0,0,0,0,0,0,0,0,0,0,0,0,0,0,0,0,0,0,0,0,0,0,0,0,0
2017-03-05,0,0,0,0,0,0,0,0,0,0,0,0,0,0,0,0,0,0,0,0,0,0,0,0,0,0,0,0,0,0,0,0,0,0
2017-03-06,0,0,0,0,0,0,0,0,0,0,0,0,0,0,0,0,0,0,0,0,0,0,0,0,0,0,0,0,0,0,0,0,0,0
2017-03-07,0,0,0,0,0,0,0,0,0,0,0,0,0,0,0,0,0,0,0,0,0,0,0,0,0,0,0,0,0,0,0,0,0,0
2017-03-08,0,0,0,0,0,0,0,0,0,0,0,0,0,0,0,0,0,0,0,0,0,0,0,0,0,0,0,0,0,0,0,0,0,0
2017-03-09,0,0,0,0,0,0,0,0,0,0,0,0,0,0,0,0,0,0,0,0,0,0,0,0,0,0,0,0,0,0,0,0,0,0
2017-03-10,0,0,0,0,0,0,0,0,0,0,0,0,0,0,0,0,0,0,0,0,0,0,0,0,0,0,0,0,0,0,0,0,0,0
2017-03-11,0,0,0,0,0,0,0,0,0,0,0,0,0,0,0,0,0,0,0,0,0,0,0,0,0,0,0,0,0,0,0,0,0,0
2017-03-12,0,0,0,0,0,0,0,0,0,0,0,0,0,0,0,0,0,0,0,0,0,0,0,0,0,0,0,0,0,0,0,0,0,0
2017-03-13,0,0,0,0,0,0,0,0,0,0,0,0,0,0,0,0,0,0,0,0,0,0,0,0,0,0,0,0,0,0,0,0,0,0
2017-03-14,0,0,0,0,0,0,0,0,0,0,0,0,0,0,0,0,0,0,0,0,0,0,0,0,0,0,0,0,0,0,0,0,0,0
2017-03-15,0,0,0,0,0,0,0,0,0,0,0,0,0,0,0,0,0,0,0,0,0,0,0,0,0,0,0,0,0,0,0,0,0,0
2017-03-16,0,0,0,0,0,0,0,0,0,0,0,0,0,0,0,0,0,0,0,0,0,0,0,0,0,0,0,0,0,0,0,0,0,0
2017-03-17,0,0,0,0,0,0,0,0,0,0,0,0,0,0,0,0,0,0,0,0,0,0,0,0,0,0,0,0,0,0,0,0,0,0
2017-03-18,0,0,0,0,0,0,0,0,0,0,0,0,0,0,0,0,0,0,0,0,0,0,0,0,0,0,0,0,0,0,0,0,0,0
2017-03-19,0,0,0,0,0,0,0,0,0,0,0,0,0,0,0,0,0,0,0,0,0,0,0,0,0,0,0,0,0,0,0,0,0,0
2017-03-20,0,0,0,0,0,0,0,0,0,0,0,0,0,0,0,0,0,0,0,0,0,0,0,0,0,0,0,0,0,0,0,0,0,0
2017-03-21,0,0,0,0,0,0,0,0,0,0,0,0,0,0,0,0,0,0,0,0,0,0,0,0,0,0,0,0,0,0,0,0,0,0
2017-03-22,0,0,0,0,0,0,0,0,0,0,0,0,0,0,0,0,0,0,0,0,0,0,0,0,0,0,0,0,0,0,0,0,0,0
2017-03-23,0,0,0,0,0,0,0,0,0,0,0,0,0,0,0,0,0,0,0,0,0,0,0,0,0,0,0,0,0,0,0,0,0,0
2017-03-24,0,0,0,0,0,0,0,0,0,0,0,0,0,0,0,0,0,0,0,0,0,0,0,0,0,0,0,0,0,0,0,0,0,0
2017-03-25,0,0,0,0,0,0,0,0,0,0,0,0,0,0,0,0,0,0,0,0,0,0,0,0,0,0,0,0,0,0,0,0,0,0
2017-03-26,0,0,0,0,0,0,0,0,0,0,0,0,0,0,0,0,0,0,0,0,0,0,0,0,0,0,0,0,0,0,0,0,0,0
2017-03-27,0,0,0,0,0,0,0,0,0,0,0,0,0,0,0,0,0,0,0,0,0,0,0,0,0,0,0,0,0,0,0,0,0,0
2017-03-28,0,0,0,0,0,0,0,0,0,0,0,0,0,0,0,0,0,0,0,0,0,0,0,0,0,0,0,0,0,0,0,0,0,0
2017-03-29,0,0,0,0,0,0,0,0,0,0,0,0,0,0,0,0,0,0,0,0,0,0,0,0,0,0,0,0,0,0,0,0,0,0
2017-03-30,0,0,0,0,0,0,0,0,0,0,0,0,0,0,0,0,0,0,0,0,0,0,0,0,0,0,0,0,0,0,0,0,0,0
2017-03-31,0,0,0,0,0,0,0,0,0,0,0,0,0,0,0,0,0,0,0,0,0,0,0,0,0,0,0,0,0,0,0,0,0,0
2017-04-01,0,0,0,0,0,0,0,0,0,0,0,0,0,0,0,0,0,0,0,0,0,0,0,0,0,0,0,0,0,0,0,0,0,0
2017-04-02,0,0,0,0,0,0,0,0,0,0,0,0,0,0,0,0,0,0,0,0,0,0,0,0,0,0,0,0,0,0,0,0,0,0
2017-04-03,0,0,0,0,0,0,0,0,0,0,0,0,0,0,0,0,0,0,0,0,0,0,0,0,0,0,0,0,0,0,0,0,0,0
2017-04-04,0,0,0,0,0,0,0,0,0,0,0,0,0,0,0,0,0,0,0,0,0,0,0,0,0,0,0,0,0,0,0,0,0,0
2017-04-05,0,0,0,0,0,0,0,0,0,0,0,0,0,0,0,0,0,0,0,0,0,0,0,0,0,0,0,0,0,0,0,0,0,0
2017-04-06,0,0,0,0,0,0,0,0,0,0,0,0,0,0,0,0,0,0,0,0,0,0,0,0,0,0,0,0,0,0,0,0,0,0
2017-04-07,0,0,0,0,0,0,0,0,0,0,0,0,0,0,0,0,0,0,0,0,0,0,0,0,0,0,0,0,0,0,0,0,0,0
2017-04-08,0,0,0,0,0,0,0,0,0,0,0,0,0,0,0,0,0,0,0,0,0,0,0,0,0,0,0,0,0,0,0,0,0,0
2017-04-09,0,0,0,0,0,0,0,0,0,0,0,0,0,0,0,0,0,0,0,0,0,0,0,0,0,0,0,0,0,0,0,0,0,0
2017-04-10,0,0,0,0,0,0,0,0,0,0,0,0,0,0,0,0,0,0,0,0,0,0,0,0,0,0,0,0,0,0,0,0,0,0
2017-04-11,0,0,0,0,0,0,0,0,0,0,0,0,0,0,0,0,0,0,0,0,0,0,0,0,0,0,0,0,0,0,0,0,0,0
2017-04-12,0,0,0,0,0,0,0,0,0,0,0,0,0,0,0,0,0,0,0,0,0,0,0,0,0,0,0,0,0,0,0,0,0,0
2017-04-13,0,0,0,0,0,0,0,0,0,0,0,0,0,0,0,0,0,0,0,0,0,0,0,0,0,0,0,0,0,0,0,0,0,0
2017-04-14,0,0,0,0,0,0,0,0,0,0,0,0,0,0,0,0,0,0,0,0,0,0,0,0,0,0,0,0,0,0,0,0,0,0
2017-04-15,0,0,0,0,0,0,0,0,0,0,0,0,0,0,0,0,0,0,0,0,0,0,0,0,0,0,0,0,0,0,0,0,0,0
2017-04-16,0,0,0,0,0,0,0,0,0,0,0,0,0,0,0,0,0,0,0,0,0,0,0,0,0,0,0,0,0,0,0,0,0,0
2017-04-17,0,0,0,0,0,0,0,0,0,0,0,0,0,0,0,0,0,0,0,0,0,0,0,0,0,0,0,0,0,0,0,0,0,0
2017-04-18,0,0,0,0,0,0,0,0,0,0,3,0,0,0,0,0,0,0,0,0,0,0,0,0,0,0,0,0,0,0,0,0,0,0
2017-04-19,0,0,0,0,0,0,0,0,0,0,0,0,0,0,0,0,0,0,0,0,0,0,0,0,0,0,0,0,0,0,0,0,0,0
2017-04-20,0,0,0,0,0,0,0,0,0,0,0,0,0,0,0,0,0,0,0,0,0,0,0,0,0,0,0,0,0,0,0,0,0,0
2017-04-21,0,0,0,0,0,0,0,0,0,0,0,0,0,0,0,0,0,0,0,0,0,0,0,0,0,0,0,0,0,0,0,0,0,0
2017-04-22,0,0,0,0,0,0,0,0,0,0,0,0,0,0,0,0,0,0,0,0,0,0,0,0,0,0,0,0,0,0,0,0,0,0
2017-04-23,0,0,0,0,0,0,0,0,0,0,0,0,0,0,0,0,0,0,0,0,0,0,0,0,0,0,0,0,0,0,0,0,0,0
2017-04-24,0,0,0,0,0,0,0,0,0,0,0,0,0,0,0,0,0,0,0,0,0,0,0,0,0,0,0,0,0,0,0,0,0,0
2017-04-25,0,0,0,0,0,0,0,0,0,0,0,0,0,0,0,0,0,0,0,0,0,0,0,0,0,0,0,0,0,0,0,0,0,0
2017-04-26,0,0,0,0,0,0,0,0,0,0,0,0,0,0,0,0,0,0,0,0,0,0,0,0,0,0,0,0,0,0,0,0,0,0
2017-04-27,0,0,0,0,0,0,0,0,0,0,0,0,0,0,0,0,0,0,0,0,0,0,0,0,0,0,0,0,0,0,0,0,0,0
2017-04-28,0,0,0,0,0,0,0,0,0,0,0,0,0,0,0,0,0,0,0,0,0,0,0,0,0,0,0,0,0,0,0,0,0,0
2017-04-29,0,0,0,0,0,0,0,0,0,0,0,0,0,0,0,0,0,0,0,0,0,0,0,0,0,0,0,0,0,0,0,0,0,0
2017-04-30,0,0,0,0,0,0,0,0,0,0,0,0,0,0,0,0,0,0,0,0,0,0,0,0,0,0,0,0,0,0,0,0,0,0
2017-05-01,0,0,0,0,0,0,0,0,0,0,0,0,0,0,0,0,0,0,0,0,0,0,0,0,0,0,0,0,0,0,0,0,0,0
2017-05-02,0,0,0,0,0,0,0,0,0,0,0,0,0,0,0,0,0,0,0,0,0,0,0,0,0,0,0,0,0,0,0,0,0,0
2017-05-03,0,0,0,0,0,0,0,0,0,0,0,0,0,0,0,0,0,0,0,0,0,0,0,0,0,0,0,0,0,0,0,0,0,0
2017-05-04,0,0,0,0,0,0,0,0,0,0,0,0,0,0,0,0,0,0,0,0,0,0,0,0,0,0,0,0,0,0,0,0,0,0
2017-05-05,0,0,0,0,0,0,0,0,0,0,0,0,0,0,0,0,0,0,0,0,0,0,0,0,0,0,0,0,0,0,0,0,0,0
2017-05-06,0,0,0,0,0,0,0,0,0,0,0,0,0,0,0,0,0,0,0,0,0,0,0,0,0,0,0,0,0,0,0,0,0,0
2017-05-07,0,0,0,0,0,0,0,0,0,0,0,0,0,0,0,0,0,0,0,0,0,0,0,0,0,0,0,0,0,0,0,0,0,0
2017-05-08,0,0,0,0,0,0,0,0,0,0,0,0,0,0,0,0,0,0,0,0,0,0,0,0,0,0,0,0,0,0,0,0,0,0
2017-05-09,0,0,0,0,0,0,0,0,0,0,0,0,0,0,0,0,0,0,0,0,0,0,0,0,0,0,0,0,0,0,0,0,0,0
2017-05-10,0,0,0,0,0,0,0,0,0,0,0,0,0,0,0,0,0,0,0,0,0,0,0,0,0,0,0,0,0,0,0,0,0,0
2017-05-11,0,0,0,0,0,0,0,0,0,0,0,0,0,0,0,0,0,0,0,0,0,0,0,0,0,0,0,0,0,0,0,0,0,0
2017-05-12,0,0,0,0,0,0,0,0,0,0,0,0,0,0,0,0,0,0,11,0,0,0,0,0,0,0,0,0,0,0,0,0,0,0
2017-05-13,0,0,0,0,0,0,0,0,0,0,0,0,0,0,54,0,0,0,1,0,0,0,0,0,0,0,0,0,0,0,0,0,0,0
2017-05-14,0,0,0,0,0,0,0,0,0,0,0,0,0,0,43,0,0,0,0,0,0,0,0,0,0,0,0,0,0,0,0,0,0,0
2017-05-15,0,0,0,0,0,0,0,0,0,0,7,0,0,0,0,0,0,0,0,0,0,0,0,0,0,0,0,0,0,0,0,0,0,0
2017-05-16,0,0,0,0,0,0,0,0,0,0,105,0,12,0,0,0,0,0,0,0,0,0,0,0,0,0,0,68,0,0,0,0,0,0
2017-05-17,0,0,0,0,0,0,0,4,0,0,23,0,0,0,0,0,0,0,0,0,0,0,0,0,2,0,0,12,0,0,0,0,0,0
2017-05-18,0,0,0,0,0,0,0,0,0,0,0,0,0,0,0,0,0,0,0,0,0,0,0,0,0,0,0,0,0,0,0,0,0,0
2017-05-19,0,0,0,0,0,0,0,0,0,0,0,0,0,0,0,0,0,0,0,0,0,0,0,0,0,0,0,0,0,0,0,0,0,0
2017-05-20,0,0,0,0,0,0,0,0,0,0,7,0,0,0,0,0,0,0,0,0,0,0,0,0,0,0,0,2,0,0,0,0,0,0
2017-05-21,0,0,0,0,0,0,0,0,0,0,30,0,0,0,0,0,0,0,0,0,0,0,0,0,0,0,0,10,0,0,0,0,0,0
2017-05-22,0,0,0,0,0,0,0,0,0,0,30,0,0,0,0,0,0,0,0,0,0,0,0,0,0,0,0,0,0,0,0,0,0,0
2017-05-23,0,0,0,0,0,0,0,0,0,0,237,0,0,0,0,0,0,0,6,0,0,0,0,0,0,0,0,107,0,0,0,0,0,0
2017-05-24,0,0,0,0,0,0,0,0,0,0,465,0,6,0,0,0,0,0,30,0,0,0,0,0,0,0,0,176,0,0,0,0,0,0
2017-05-25,0,0,0,0,0,0,0,0,0,0,503,0,67,0,0,0,0,0,0,0,0,0,0,0,0,0,0,65,0,0,0,0,0,0
2017-05-26,0,0,0,0,0,0,0,0,0,0,276,0,93,0,0,0,0,0,0,0,0,0,0,0,0,0,0,0,0,0,0,0,0,0
2017-05-27,0,0,0,9,0,0,0,11,0,0,290,0,115,0,0,0,0,0,12,0,0,0,0,0,16,0,0,0,0,0,0,0,0,0
2017-05-28,0,0,0,0,0,0,0,30,0,0,70,0,452,0,0,0,0,0,69,0,1,0,0,0,0,0,0,0,0,0,0,0,0,0
2017-05-29,0,0,0,15,0,0,1,198,0,0,6,0,142,0,0,0,0,0,82,0,2,0,0,0,8,0,14,0,0,0,0,0,0,0
2017-05-30,0,16,0,0,0,0,7,0,0,0,11,0,0,0,0,0,14,0,92,0,0,0,0,0,0,0,0,0,0,0,0,0,16,0
2017-05-31,0,1,0,0,1,0,0,0,0,0,143,0,0,0,1,12,30,0,90,0,0,0,0,0,0,0,0,5,7,38,0,0,7,0
2017-06-01,0,0,0,0,18,0,0,0,0,0,363,0,0,0,36,0,4,0,67,0,0,0,0,8,0,0,0,28,26,4,0,0,0,0
2017-06-02,0,0,0,0,10,0,0,0,0,0,456,0,0,0,44,0,0,0,58,0,0,0,0,7,0,0,0,14,19,8,0,0,0,0
2017-06-03,0,0,0,0,0,0,0,0,0,0,195,0,0,0,8,0,4,0,88,0,0,0,0,0,0,0,0,0,0,11,0,0,3,0
2017-06-04,0,0,0,0,0,0,0,0,0,0,35,0,0,0,0,13,50,0,81,0,0,0,0,0,0,0,0,0,8,50,0,0,0,0
2017-06-05,2,0,0,0,1,0,0,0,0,0,23,0,0,0,0,0,0,0,43,0,0,0,0,0,0,0,0,0,4,7,0,0,0,0
2017-06-06,2,0,2,0,3,0,0,0,0,0,51,0,0,0,5,8,11,0,24,0,0,0,0,2,0,0,0,0,26,77,0,0,1,0
2017-06-07,4,0,0,0,7,0,0,0,0,0,448,0,0,0,28,0,0,0,26,0,0,0,1,3,0,0,0,87,18,0,0,0,0,0
2017-06-08,2,0,0,0,0,0,0,0,0,0,667,0,0,0,2,0,0,0,8,0,0,0,0,0,0,0,0,89,0,0,0,0,0,0
2017-06-09,0,0,0,0,0,0,0,0,0,0,546,0,0,0,4,0,0,0,2,0,0,0,0,0,0,0,0,12,0,0,0,0,0,0
2017-06-10,0,0,0,0,0,0,0,0,0,0,1050,0,51,0,2,0,0,0,62,0,0,0,0,0,0,0,0,96,0,0,0,0,0,0
2017-06-11,0,0,0,0,0,0,0,0,0,0,1688,0,214,0,0,1,0,0,160,0,0,0,0,0,0,0,0,159,0,0,0,0,0,0
2017-06-12,1,5,0,0,1,0,0,0,0,0,1716,0,134,0,3,3,12,0,263,0,0,0,0,0,0,0,0,267,6,8,0,0,7,0
2017-06-13,2,1,11,0,29,0,0,0,0,0,1695,0,269,0,32,68,70,0,381,0,0,0,1,8,0,0,0,213,133,60,0,5,2,0
2017-06-14,12,0,2,0,39,0,0,0,0,0,2019,0,328,0,153,10,0,0,421,0,0,0,2,10,0,0,0,132,24,0,0,0,0,0
2017-06-15,10,0,0,0,1,0,0,0,0,0,2102,0,289,0,97,2,0,0,369,0,0,0,1,4,0,0,0,202,1,0,0,0,0,0
2017-06-16,7,0,1,0,2,0,0,0,0,0,2483,0,165,0,31,2,0,0,517,0,0,0,1,2,0,0,0,468,6,5,0,0,0,0
2017-06-17,2,0,0,0,0,0,0,0,0,0,2833,0,194,0,13,3,0,0,495,0,0,0,0,0,0,0,0,650,0,0,0,0,0,0
2017-06-18,0,0,0,0,0,0,0,0,0,0,2506,0,511,10,0,0,0,0,197,0,0,0,0,0,0,0,0,574,0,0,0,0,0,0
2017-06-19,1,0,0,30,0,0,0,43,0,0,1837,0,1396,63,0,4,6,0,178,0,0,0,0,0,33,0,1,456,0,4,0,0,0,0
2017-06-20,4,45,3,51,9,18,57,258,0,0,1673,0,1849,4,13,42,164,0,321,0,5,0,1,0,11,0,96,448,78,49,0,8,39,0
2017-06-21,6,45,18,65,40,24,11,191,0,0,1908,0,2146,3,57,71,142,0,444,0,6,0,1,11,5,0,0,206,129,109,0,8,37,0
2017-06-22,10,95,57,86,68,38,31,442,0,0,2118,0,1778,0,130,176,280,0,633,0,9,0,3,17,45,0,0,76,139,175,0,37,54,2
2017-06-23,29,45,69,0,255,44,6,156,0,0,1891,0,391,0,253,198,276,0,775,0,0,0,5,42,0,0,0,68,394,251,0,45,36,12
2017-06-24,40,48,78,0,230,0,11,5,0,0,1812,0,218,0,335,211,245,0,883,0,0,0,8,43,0,0,0,86,253,180,0,44,45,13
2017-06-25,53,2,85,0,189,0,0,0,0,0,1054,0,122,0,338,122,78,0,643,0,0,0,14,44,0,0,2,27,343,236,0,0,15,14
2017-06-26,42,11,13,0,190,0,2,14,0,0,791,0,65,0,313,37,11,0,661,0,0,0,7,40,0,0,0,0,308,53,0,1,19,6
2017-06-27,48,16,31,0,112,0,9,0,0,0,450,0,72,0,361,84,193,0,768,0,0,0,7,47,0,0,0,0,148,164,0,2,41,8
2017-06-28,62,38,71,0,177,0,42,0,0,0,216,0,8,0,432,123,385,0,701,0,0,0,7,71,0,0,175,0,455,341,0,2,94,24
2017-06-29,100,0,48,0,527,0,0,0,0,0,78,0,1,0,625,52,81,0,514,0,0,0,7,116,0,0,24,0,727,372,0,0,0,35
2017-06-30,113,0,30,0,640,0,0,0,0,0,14,0,0,0,826,28,106,0,473,0,0,0,10,136,0,0,0,0,777,310,0,0,4,35
2017-07-01,113,0,5,0,728,0,0,0,0,0,50,0,0,0,927,4,0,0,207,0,0,0,8,165,0,0,0,0,750,111,0,0,0,41
2017-07-02,23,0,0,0,303,0,0,0,0,0,302,0,0,0,842,1,0,0,69,0,0,0,3,80,0,0,0,150,215,3,0,0,0,0
2017-07-03,2,0,0,0,1,0,0,0,0,0,872,0,19,0,299,4,0,0,178,0,0,0,1,0,0,0,0,380,0,0,0,0,0,0
2017-07-04,11,0,0,0,0,0,0,0,0,0,1249,0,75,0,141,5,0,0,254,0,0,0,3,2,0,0,0,186,0,0,0,0,0,0
2017-07-05,17,6,5,0,1,0,0,6,0,0,1105,0,741,0,127,41,52,0,481,0,0,0,4,3,0,0,0,7,4,36,0,3,11,0
2017-07-06,22,13,43,0,13,9,0,93,0,0,399,0,873,0,199,136,110,0,735,0,0,0,7,22,0,0,0,0,41,127,0,18,9,2
2017-07-07,55,12,79,0,25,14,0,53,0,0,343,0,1367,0,370,160,80,0,968,0,1,0,12,47,0,0,0,0,34,221,0,12,5,12
2017-07-08,70,42,67,0,72,5,5,67,0,0,291,0,838,0,352,172,156,0,1107,0,0,0,13,58,0,0,0,0,129,215,0,29,26,20
2017-07-09,75,15,86,0,246,0,2,8,0,0,614,0,77,0,488,242,196,0,1074,0,0,0,15,77,0,0,0,1,268,284,0,52,13,19
2017-07-10,110,30,152,0,243,0,4,0,0,0,892,0,48,0,557,300,409,0,1011,0,0,0,21,95,0,0,5,1,432,443,0,61,22,36
2017-07-11,130,4,148,0,326,0,0,0,0,0,1419,0,59,0,593,240,314,0,966,0,0,0,22,118,0,0,0,84,721,532,0,19,14,48
2017-07-12,111,4,80,0,326,0,0,0,0,0,2477,0,133,0,642,124,80,0,1019,0,0,0,20,110,0,0,0,296,269,275,0,7,12,35
2017-07-13,104,0,22,0,281,0,0,0,0,0,2959,0,102,0,692,65,0,0,1038,0,0,0,18,84,0,0,0,439,221,56,0,2,0,10
2017-07-14,81,0,10,0,43,0,0,0,0,0,2474,0,97,0,540,25,0,0,535,0,0,0,12,29,0,0,0,311,4,0,0,0,0,0
2017-07-15,44,0,4,0,9,0,0,0,0,0,1903,0,90,0,271,12,0,0,445,0,0,0,8,15,0,0,0,232,0,0,0,0,0,0
2017-07-16,4,0,0,0,0,0,0,0,0,0,2148,0,235,0,71,1,0,0,246,0,0,0,0,0,0,0,0,225,0,0,0,0,0,0
2017-07-17,5,0,1,0,0,0,0,0,0,0,2158,0,699,0,15,8,0,0,204,0,0,0,1,0,0,0,0,185,0,0,0,0,0,0
2017-07-18,14,13,3,0,1,0,3,24,0,0,2059,0,1491,0,27,19,36,0,331,0,0,0,4,0,0,0,0,45,15,22,0,0,13,0
2017-07-19,15,13,30,37,21,2,18,229,0,0,1358,0,636,0,98,92,174,0,453,0,2,0,5,5,7,0,7,4,128,141,0,11,30,0
2017-07-20,18,27,59,0,52,0,28,0,0,0,758,0,54,0,150,160,362,0,588,0,0,0,4,10,0,0,32,0,289,231,0,26,76,0
2017-07-21,36,13,70,0,109,0,1,0,0,0,527,0,37,0,244,184,334,0,788,0,0,0,8,29,0,0,0,0,512,274,0,32,34,8
2017-07-22,96,23,113,0,246,0,1,0,0,0,809,0,48,0,373,240,282,0,1027,0,0,0,17,70,0,0,0,3,554,336,0,51,26,31
2017-07-23,108,5,135,0,371,0,0,0,0,0,1071,0,95,0,495,227,311,0,1079,0,0,0,19,96,0,0,0,44,576,394,0,26,15,43
2017-07-24,102,0,110,0,366,0,0,0,0,0,1176,0,46,0,518,109,108,0,711,0,0,0,17,99,0,0,0,74,479,387,0,0,2,47
2017-07-25,40,0,0,0,143,0,0,0,0,0,967,0,13,0,480,1,0,0,231,0,0,0,0,49,0,0,0,140,80,1,0,0,0,0
2017-07-26,5,0,0,0,50,0,0,0,0,0,1064,0,20,0,306,0,0,0,73,0,0,0,0,14,0,0,0,248,54,0,0,0,0,0
2017-07-27,3,0,0,0,0,0,0,0,0,0,1970,0,78,0,108,5,0,0,180,0,0,0,0,0,0,0,0,168,12,0,0,0,0,0
2017-07-28,11,0,1,0,2,0,0,0,0,0,2158,0,129,0,125,18,0,0,433,0,0,0,2,1,0,0,0,162,10,0,0,0,0,0
2017-07-29,31,0,15,0,79,0,0,0,0,0,2175,0,142,0,253,63,6,0,634,0,0,0,5,27,0,0,0,162,77,53,0,2,0,3
2017-07-30,62,22,42,0,69,0,22,113,0,0,2196,0,135,0,393,112,170,0,766,0,0,0,11,64,0,0,244,76,95,198,0,9,39,19
2017-07-31,96,78,82,0,80,0,141,41,0,0,1457,0,250,0,390,186,356,0,1126,0,0,0,16,95,0,0,575,0,338,308,0,33,102,35
2017-08-01,124,212,149,0,108,1,365,192,0,0,964,0,280,0,361,287,575,0,1535,3,0,0,27,90,0,0,1308,2,600,360,0,76,191,35
2017-08-02,111,135,233,0,200,4,122,28,0,0,1474,0,630,0,402,348,621,0,1784,6,0,0,32,87,0,0,453,19,839,384,0,82,178,34
2017-08-03,109,147,207,0,341,39,83,67,0,0,2241,0,669,0,539,358,675,0,1971,0,0,0,26,96,0,0,396,138,1017,404,0,83,197,37
2017-08-04,131,144,282,0,465,3,31,14,0,0,2877,0,550,0,634,431,836,0,2036,0,0,0,41,125,0,0,257,306,1305,539,0,120,218,53
2017-08-05,145,63,238,0,578,1,31,8,0,0,2679,0,325,0,703,384,725,0,1980,0,0,0,42,147,0,0,102,152,1513,596,0,94,163,66
2017-08-06,157,0,179,0,617,0,0,0,0,0,1749,0,139,0,797,225,355,0,1592,0,0,0,49,158,0,0,0,91,1200,537,0,16,14,68
2017-08-07,141,0,26,0,516,0,0,0,0,0,1902,0,104,0,802,44,0,0,1201,0,0,0,26,122,0,0,0,42,458,17,0,0,0,19
2017-08-08,131,0,54,0,304,0,0,0,0,0,940,0,56,0,743,79,0,0,1218,0,0,0,30,100,0,0,0,1,113,104,0,1,0,29
2017-08-09,157,30,218,0,262,0,27,0,0,0,335,0,41,0,700,287,399,0,1450,0,0,0,49,142,0,0,74,0,378,429,0,47,87,58
2017-08-10,164,42,272,0,326,0,75,0,0,0,196,0,11,0,708,333,615,0,1175,0,0,0,51,138,0,0,392,46,755,501,0,31,183,54
2017-08-11,154,0,181,0,398,0,13,0,0,0,431,0,0,0,718,186,522,0,512,0,0,0,32,137,0,0,629,156,919,509,0,2,127,54
2017-08-12,41,0,1,0,392,0,0,0,0,0,713,0,0,0,646,2,93,0,111,55,0,2,5,97,0,0,52,232,710,89,0,0,9,23
2017-08-13,2,0,0,0,67,0,0,0,0,0,1007,0,16,0,283,4,0,0,127,0,0,0,1,0,0,0,0,222,147,0,0,0,0,0
2017-08-14,12,0,3,0,21,0,0,0,0,0,1415,0,174,0,217,11,0,0,280,0,0,0,3,0,0,0,0,152,8,0,0,0,0,0
2017-08-15,22,1,5,0,84,0,1,0,0,0,1476,0,37,0,319,19,1,0,512,0,0,0,5,8,0,0,0,57,105,20,0,0,2,0
2017-08-16,46,2,25,0,125,0,1,0,0,0,1463,0,49,0,404,65,46,0,668,0,0,0,12,29,0,0,0,77,228,89,0,2,6,3
2017-08-17,61,6,38,0,181,0,1,0,0,0,1881,0,153,0,452,113,162,0,848,0,0,0,12,28,0,0,0,204,268,106,0,8,19,0
2017-08-18,58,50,50,0,225,0,46,3,0,0,2018,0,124,0,442,162,278,0,958,0,0,0,13,33,0,0,99,177,381,166,0,31,56,3
2017-08-19,52,0,69,0,219,0,0,0,0,0,1698,0,60,0,438,95,190,0,791,0,0,0,13,52,0,0,16,228,455,263,0,0,7,16
2017-08-20,50,0,5,0,187,0,0,0,0,0,1647,0,14,0,369,9,0,0,420,0,0,0,7,51,0,0,0,445,303,3,0,0,0,4
2017-08-21,13,0,0,0,16,0,0,0,0,0,1821,0,42,0,158,2,0,0,190,0,0,0,2,0,0,0,0,359,20,0,0,0,0,0
2017-08-22,3,0,0,0,0,0,0,0,0,0,2084,0,304,0,58,0,0,0,125,0,0,0,0,0,0,0,0,202,0,0,0,0,0,0
2017-08-23,0,0,0,0,0,0,0,0,0,0,1850,0,101,0,42,0,0,0,143,0,0,0,0,0,0,0,0,169,0,0,0,0,0,0
2017-08-24,3,0,0,0,0,0,0,0,0,0,1587,0,187,0,76,4,0,0,352,0,0,0,1,0,0,0,0,42,0,0,0,0,0,0
2017-08-25,12,11,19,0,0,0,5,0,0,0,1417,0,223,0,88,67,56,0,589,0,0,0,5,0,0,0,0,44,2,59,0,4,6,0
2017-08-26,15,29,56,0,9,0,16,11,0,0,1436,0,438,0,104,140,262,0,759,0,0,0,7,9,0,0,0,93,94,147,0,15,39,2
2017-08-27,18,24,59,0,50,0,3,0,0,0,678,0,672,0,148,162,306,0,946,0,0,0,7,27,0,0,0,16,267,181,0,29,32,7
2017-08-28,29,0,14,0,128,0,0,0,0,0,229,0,1026,0,277,38,1,0,938,0,0,0,9,28,0,0,0,0,77,55,0,0,0,1
2017-08-29,19,0,6,7,0,0,0,1,0,0,88,0,924,0,183,16,0,0,671,0,0,0,6,0,0,0,0,0,0,0,0,0,0,0
2017-08-30,10,0,0,0,0,0,0,29,0,0,63,0,141,0,25,4,0,0,575,0,0,0,2,0,0,0,0,0,0,0,0,0,0,0
2017-08-31,4,9,5,0,0,0,7,0,0,0,223,0,22,0,13,29,16,0,582,0,0,0,1,0,0,0,11,18,0,45,0,3,9,0
2017-09-01,7,0,5,0,3,0,0,0,0,0,402,0,8,0,27,9,38,0,362,0,0,0,2,8,0,0,0,80,18,111,0,0,0,2
2017-09-02,17,0,0,0,93,0,0,0,0,0,400,0,0,0,117,0,0,0,197,0,0,0,2,28,0,0,0,127,120,54,0,0,0,9
2017-09-03,0,0,0,0,52,0,0,0,0,0,483,0,0,0,190,0,0,0,43,0,0,0,0,0,0,0,0,58,26,0,0,0,0,0
2017-09-04,0,0,0,0,0,0,0,0,0,0,404,0,0,0,87,0,0,0,17,0,0,0,0,0,0,0,0,4,0,0,0,0,0,0
2017-09-05,0,0,0,0,0,0,0,0,0,0,650,0,6,0,21,0,0,0,29,0,0,0,0,0,0,0,0,31,0,0,0,0,0,0
2017-09-06,0,0,0,0,0,0,0,0,0,0,847,0,7,0,5,0,0,0,52,0,0,0,0,0,0,0,0,121,0,0,0,0,0,0
2017-09-07,0,0,0,0,0,0,0,0,0,0,608,0,0,0,12,0,0,0,58,0,0,0,0,0,0,0,0,173,0,0,0,0,0,0
2017-09-08,0,0,0,0,8,0,0,0,0,0,428,0,0,0,33,0,0,0,22,0,0,0,0,0,0,0,0,45,8,0,0,0,0,0
2017-09-09,0,0,0,0,22,0,0,0,0,0,44,0,0,0,76,0,0,0,11,0,0,0,0,0,0,0,0,0,9,0,0,0,0,0
2017-09-10,1,0,0,0,16,0,0,0,0,0,4,0,0,0,75,0,0,0,92,0,0,0,0,0,0,0,0,0,6,20,0,0,0,0
2017-09-11,0,0,0,0,72,0,0,0,0,0,210,0,0,0,133,2,38,0,4,0,0,0,0,0,0,0,0,11,107,59,0,0,0,0
2017-09-12,1,0,0,0,122,0,0,0,0,0,232,0,0,0,166,0,0,0,29,0,0,0,0,1,0,0,0,18,103,0,0,0,0,0
2017-09-13,0,0,0,0,40,0,0,0,0,0,321,0,0,0,131,0,0,0,20,0,0,0,0,0,0,0,0,46,12,0,0,0,0,0
2017-09-14,0,0,0,0,20,0,0,0,0,0,246,0,0,0,105,0,0,0,4,0,0,0,0,0,0,0,0,0,0,0,0,0,0,0
2017-09-15,0,0,0,0,30,0,0,0,0,0,19,0,0,0,77,0,0,0,11,0,0,0,0,0,0,0,0,0,11,0,0,0,0,0
2017-09-16,0,0,0,0,35,0,0,0,0,0,0,0,0,0,95,0,0,0,111,0,0,0,0,1,0,0,0,0,40,2,0,0,0,0
2017-09-17,4,0,0,0,85,0,0,0,0,0,0,0,0,0,177,0,0,0,95,0,0,0,0,23,0,0,0,0,94,0,0,0,0,0
2017-09-18,0,0,0,0,64,0,0,0,0,0,1,0,0,0,275,0,0,0,9,0,0,0,0,16,0,0,0,0,31,0,0,0,0,0
2017-09-19,0,0,0,0,28,0,0,0,0,0,4,0,0,0,205,0,0,0,4,0,0,0,0,5,0,0,0,0,4,0,0,0,0,0
2017-09-20,0,0,0,0,34,0,0,0,0,0,8,0,0,0,111,0,0,0,0,0,0,0,0,0,0,0,0,0,2,0,0,0,0,0
2017-09-21,0,0,0,0,0,0,0,0,0,0,14,0,0,0,8,0,0,0,0,0,0,0,0,0,0,0,0,0,0,0,0,0,0,0
2017-09-22,0,0,0,0,0,0,0,0,0,0,14,0,0,0,0,0,0,0,0,0,0,0,0,0,0,0,0,0,0,0,0,0,0,0
2017-09-23,0,0,0,0,0,0,0,0,0,0,40,0,0,0,0,0,0,0,0,0,0,0,0,0,0,0,0,0,0,0,0,0,0,0
2017-09-24,0,0,0,0,0,0,0,0,0,0,72,0,0,0,0,0,0,0,0,0,0,0,0,0,0,0,0,0,0,0,0,0,0,0
2017-09-25,0,0,0,0,0,0,0,0,0,0,64,0,0,0,0,0,0,0,0,0,0,0,0,0,0,0,0,0,0,0,0,0,0,0
2017-09-26,0,0,0,0,0,0,0,0,0,0,2,0,0,0,0,0,0,0,0,0,0,0,0,0,0,0,0,0,0,0,0,0,0,0
2017-09-27,0,0,0,0,0,0,0,0,0,0,0,0,0,0,0,0,0,0,0,0,0,0,0,0,0,0,0,0,0,0,0,0,0,0
2017-09-28,0,0,0,0,0,0,0,0,0,0,81,0,0,0,0,0,0,0,0,0,0,0,0,0,0,0,0,8,0,0,0,0,0,0
2017-09-29,0,0,0,0,0,0,0,0,0,0,101,0,0,0,0,0,0,0,0,0,0,0,0,0,0,0,0,18,0,0,0,0,0,0
2017-09-30,0,0,0,0,0,0,0,0,0,0,54,0,0,0,0,0,0,0,0,0,0,0,0,0,0,0,0,1,0,0,0,0,0,0
2017-10-01,0,0,0,0,0,0,0,0,0,0,109,0,0,0,0,0,0,0,0,0,0,0,0,0,0,0,0,19,0,0,0,0,0,0
2017-10-02,0,0,0,0,0,0,0,0,0,0,200,0,0,0,0,0,0,0,0,0,0,0,0,0,0,0,0,148,0,0,0,0,0,0
2017-10-03,0,0,0,0,0,0,0,0,0,0,225,0,0,0,0,0,0,0,0,0,0,0,0,0,0,0,0,103,0,0,0,0,0,0
2017-10-04,0,0,0,0,0,0,0,0,0,0,211,0,0,0,0,0,0,0,0,0,0,0,0,0,0,0,0,31,0,0,0,0,0,0
2017-10-05,0,0,0,0,0,0,0,0,0,0,161,0,0,0,0,0,0,0,0,0,0,0,0,0,0,0,0,40,0,0,0,0,0,0
2017-10-06,0,0,0,0,0,0,0,0,0,0,158,0,0,0,0,0,0,0,0,0,0,0,0,0,0,0,0,71,0,0,0,0,0,0
2017-10-07,0,0,0,0,0,0,0,0,0,0,76,0,0,0,0,0,0,0,0,0,0,0,0,0,0,0,0,63,0,0,0,0,0,0
2017-10-08,0,0,0,0,0,0,0,0,0,0,19,0,0,0,0,0,0,0,0,0,0,0,0,0,0,0,0,0,0,0,0,0,0,0
2017-10-09,0,0,0,0,0,0,0,0,0,0,7,0,0,0,0,0,0,0,0,0,0,0,0,0,0,0,0,0,0,0,0,0,0,0
2017-10-10,0,0,0,0,0,0,0,0,0,0,3,0,0,0,0,0,0,0,0,0,0,0,0,0,0,0,0,0,0,0,0,0,0,0
2017-10-11,0,0,0,0,0,0,0,0,0,0,23,0,0,0,0,0,0,0,0,0,0,0,0,0,0,0,0,0,0,0,0,0,0,0
2017-10-12,0,0,0,0,0,0,0,0,0,0,84,0,0,0,0,0,0,0,0,0,0,0,0,0,0,0,0,2,0,0,0,0,0,0
2017-10-13,0,0,0,0,0,0,0,0,0,0,58,0,0,0,0,0,0,0,0,0,0,0,0,0,0,0,0,0,0,0,0,0,0,0
2017-10-14,0,0,0,0,0,0,0,0,0,0,95,0,0,0,0,0,0,0,0,0,0,0,0,0,0,0,0,51,0,0,0,0,0,0
2017-10-15,0,0,0,0,0,0,0,0,0,0,248,0,0,0,0,0,0,0,0,0,0,0,0,0,0,0,0,226,0,0,0,0,0,0
2017-10-16,0,0,0,0,0,0,0,0,0,0,9,0,0,0,0,0,0,0,0,0,0,0,0,0,0,0,0,0,0,0,0,0,0,0
2017-10-17,0,0,0,0,0,0,0,0,0,0,0,0,0,0,0,0,0,0,0,0,0,0,0,0,0,0,0,0,0,0,0,0,0,0
2017-10-18,0,0,0,0,0,0,0,0,0,0,0,0,0,0,0,0,0,0,0,0,0,0,0,0,0,0,0,0,0,0,0,0,0,0
2017-10-19,0,0,0,0,0,0,0,0,0,0,0,0,0,0,0,0,0,0,0,0,0,0,0,0,0,0,0,0,0,0,0,0,0,0
2017-10-20,0,0,0,0,0,0,0,0,0,0,0,0,0,0,0,0,0,0,0,0,0,0,0,0,0,0,0,0,0,0,0,0,0,0
2017-10-21,0,0,0,0,0,0,0,0,0,0,0,0,0,0,0,0,0,0,0,0,0,0,0,0,0,0,0,0,0,0,0,0,0,0
2017-10-22,0,0,0,0,0,0,0,0,0,0,0,0,0,0,0,0,0,0,0,0,0,0,0,0,0,0,0,0,0,0,0,0,0,0
2017-10-23,0,0,0,0,0,0,0,0,0,0,0,0,0,0,0,0,0,0,0,0,0,0,0,0,0,0,0,0,0,0,0,0,0,0
2017-10-24,0,0,0,0,0,0,0,0,0,0,0,0,0,0,0,0,0,0,0,0,0,0,0,0,0,0,0,0,0,0,0,0,0,0
2017-10-25,0,0,0,0,0,0,0,0,0,0,0,0,0,0,0,0,0,0,0,0,0,0,0,0,0,0,0,0,0,0,0,0,0,0
2017-10-26,0,0,0,0,0,0,0,0,0,0,0,0,0,0,0,0,0,0,0,0,0,0,0,0,0,0,0,0,0,0,0,0,0,0
2017-10-27,0,0,0,0,0,0,0,0,0,0,0,0,0,0,0,0,0,0,0,0,0,0,0,0,0,0,0,4,0,0,0,0,0,0
2017-10-28,0,0,0,0,0,0,0,0,0,0,0,0,0,0,0,0,0,0,0,0,0,0,0,0,0,0,0,1,0,0,0,0,0,0
2017-10-29,0,0,0,0,0,0,0,0,0,0,0,0,0,0,0,0,0,0,0,0,0,0,0,0,0,0,0,0,0,0,0,0,0,0
2017-10-30,0,0,0,0,0,0,0,0,0,0,0,0,0,0,0,0,0,0,0,0,0,0,0,0,0,0,0,0,0,0,0,0,0,0
2017-10-31,0,0,0,0,0,0,0,0,0,0,0,0,0,0,0,0,0,0,0,0,0,0,0,0,0,0,0,0,0,0,0,0,0,0
2017-11-01,0,0,0,0,0,0,0,0,0,0,0,0,0,0,0,0,0,0,0,0,0,0,0,0,0,0,0,0,0,0,0,0,0,0
2017-11-02,0,0,0,0,0,0,0,0,0,0,0,0,0,0,0,0,0,0,0,0,0,0,0,0,0,0,0,0,0,0,0,0,0,0
2017-11-03,0,0,0,0,0,0,0,0,0,0,0,0,0,0,0,0,0,0,0,0,0,0,0,0,0,0,0,0,0,0,0,0,0,0
2017-11-04,0,0,0,0,0,0,0,0,0,0,0,0,0,0,0,0,0,0,0,0,0,0,0,0,0,0,0,0,0,0,0,0,0,0
2017-11-05,0,0,0,0,0,0,0,0,0,0,0,0,0,0,0,0,0,0,0,0,0,0,0,0,0,0,0,0,0,0,0,0,0,0
2017-11-06,0,0,0,0,0,0,0,0,0,0,0,0,0,0,0,0,0,0,0,0,0,0,0,0,0,0,0,0,0,0,0,0,0,0
2017-11-07,0,0,0,0,0,0,0,0,0,0,0,0,0,0,0,0,0,0,0,0,0,0,0,0,0,0,0,0,0,0,0,0,0,0
2017-11-08,0,0,0,0,0,0,0,0,0,0,0,0,0,0,0,0,0,0,0,0,0,0,0,0,0,0,0,0,0,0,0,0,0,0
2017-11-09,0,0,0,0,0,0,0,0,0,0,0,0,0,0,0,0,0,0,0,0,0,0,0,0,0,0,0,0,0,0,0,0,0,0
2017-11-10,0,0,0,0,0,0,0,0,0,0,0,0,0,0,0,0,0,0,0,0,0,0,0,0,0,0,0,0,0,0,0,0,0,0
2017-11-11,0,0,0,0,0,0,0,0,0,0,0,0,0,0,0,0,0,0,0,0,0,0,0,0,0,0,0,0,0,0,0,0,0,0
2017-11-12,0,0,0,0,0,0,0,0,0,0,0,0,0,0,0,0,0,0,0,0,0,0,0,0,0,0,0,0,0,0,0,0,0,0
2017-11-13,0,0,0,0,0,0,0,0,0,0,0,0,0,0,0,0,0,0,0,0,0,0,0,0,0,0,0,0,0,0,0,0,0,0
2017-11-14,0,0,0,0,0,0,0,0,0,0,0,0,0,0,0,0,0,0,0,0,0,0,0,0,0,0,0,0,0,0,0,0,0,0
2017-11-15,0,0,0,0,0,0,0,0,0,0,0,0,0,0,0,0,0,0,0,0,0,0,0,0,0,0,0,0,0,0,0,0,0,0
2017-11-16,0,0,0,0,0,0,0,0,0,0,0,0,0,0,0,0,0,0,0,0,0,0,0,0,0,0,0,0,0,0,0,0,0,0
2017-11-17,0,0,0,0,0,0,0,0,0,0,0,0,0,0,0,0,0,0,0,0,0,0,0,0,0,0,0,0,0,0,0,0,0,0
2017-11-18,0,0,0,0,0,0,0,0,0,0,0,0,0,0,0,0,0,0,0,0,0,0,0,0,0,0,0,0,0,0,0,0,0,0
2017-11-19,0,0,0,0,0,0,0,0,0,0,0,0,0,0,0,0,0,0,0,0,0,0,0,0,0,0,0,0,0,0,0,0,0,0
2017-11-20,0,0,0,0,0,0,0,0,0,0,0,0,0,0,0,0,0,0,0,0,0,0,0,0,0,0,0,0,0,0,0,0,0,0
2017-11-21,0,0,0,0,0,0,0,0,0,0,0,0,0,0,0,0,0,0,0,0,0,0,0,0,0,0,0,0,0,0,0,0,0,0
2017-11-22,0,0,0,0,0,0,0,0,0,0,0,0,0,0,0,0,0,0,0,0,0,0,0,0,0,0,0,0,0,0,0,0,0,0
2017-11-23,0,0,0,0,0,0,0,0,0,0,0,0,0,0,0,0,0,0,0,0,0,0,0,0,0,0,0,0,0,0,0,0,0,0
2017-11-24,0,0,0,0,0,0,0,0,0,0,0,0,0,0,0,0,0,0,0,0,0,0,0,0,0,0,0,0,0,0,0,0,0,0
2017-11-25,0,0,0,0,0,0,0,0,0,0,0,0,0,0,0,0,0,0,0,0,0,0,0,0,0,0,0,0,0,0,0,0,0,0
2017-11-26,0,0,0,0,0,0,0,0,0,0,0,0,0,0,0,0,0,0,0,0,0,0,0,0,0,0,0,0,0,0,0,0,0,0
2017-11-27,0,0,0,0,0,0,0,0,0,0,0,0,0,0,0,0,0,0,0,0,0,0,0,0,0,0,0,0,0,0,0,0,0,0
2017-11-28,0,0,0,0,0,0,0,0,0,0,0,0,0,0,0,0,0,0,0,0,0,0,0,0,0,0,0,0,0,0,0,0,0,0
2017-11-29,0,0,0,0,0,0,0,0,0,0,0,0,0,0,0,0,0,0,0,0,0,0,0,0,0,0,0,0,0,0,0,0,0,0
2017-11-30,0,0,0,0,0,0,0,0,0,0,0,0,0,0,0,0,0,0,0,0,0,0,0,0,0,0,0,0,0,0,0,0,0,0
2017-12-01,0,0,0,0,0,0,0,0,0,0,0,0,0,0,0,0,0,0,0,0,0,0,0,0,0,0,0,0,0,0,0,0,0,0
2017-12-02,0,0,0,0,0,0,0,0,0,0,0,0,0,0,0,0,0,0,0,0,0,0,0,0,0,0,0,0,0,0,0,0,0,0
2017-12-03,0,0,0,0,0,0,0,0,0,0,0,0,0,0,0,0,0,0,0,0,0,0,0,0,0,0,0,0,0,0,0,0,0,0
2017-12-04,0,0,0,0,0,0,0,0,0,0,0,0,0,0,0,0,0,0,0,0,0,0,0,0,0,0,0,0,0,0,0,0,0,0
2017-12-05,0,0,0,0,0,0,0,0,0,0,0,0,0,0,0,0,0,0,0,0,0,0,0,0,0,0,0,0,0,0,0,0,0,0
2017-12-06,0,0,0,0,0,0,0,0,0,0,0,0,0,0,0,0,0,0,0,0,0,0,0,0,0,0,0,0,0,0,0,0,0,0
2017-12-07,0,0,0,0,0,0,0,0,0,0,0,0,0,0,0,0,0,0,0,0,0,0,0,0,0,0,0,0,0,0,0,0,0,0
2017-12-08,0,0,0,0,0,0,0,0,0,0,0,0,0,0,0,0,0,0,0,0,0,0,0,0,0,0,0,0,0,0,0,0,0,0
2017-12-09,0,0,0,0,0,0,0,0,0,0,0,0,0,0,0,0,0,0,0,0,0,0,0,0,0,0,0,0,0,0,0,0,0,0
2017-12-10,0,0,0,0,0,0,0,0,0,0,0,0,0,0,0,0,0,0,0,0,0,0,0,0,0,0,0,0,0,0,0,0,0,0
2017-12-11,0,0,0,0,0,0,0,0,0,0,0,0,0,0,0,0,0,0,0,0,0,0,0,0,0,0,0,0,0,0,0,0,0,0
2017-12-12,0,0,0,0,0,0,0,0,0,0,0,0,0,0,0,0,0,0,0,0,0,0,0,0,0,0,0,0,0,0,0,0,0,0
2017-12-13,0,0,0,0,0,0,0,0,0,0,0,0,0,0,0,0,0,0,0,0,0,0,0,0,0,0,0,0,0,0,0,0,0,0
2017-12-14,0,0,0,0,0,0,0,0,0,0,0,0,0,0,0,0,0,0,0,0,0,0,0,0,0,0,0,0,0,0,0,0,0,0
2017-12-15,0,0,0,0,0,0,0,0,0,0,0,0,0,0,0,0,0,0,0,0,0,0,0,0,0,0,0,0,0,0,0,0,0,0
2017-12-16,0,0,0,0,0,0,0,0,0,0,0,0,0,0,0,0,0,0,0,0,0,0,0,0,0,0,0,0,0,0,0,0,0,0
2017-12-17,0,0,0,0,0,0,0,0,0,0,0,0,0,0,0,0,0,0,0,0,0,0,0,0,0,0,0,0,0,0,0,0,0,0
2017-12-18,0,0,0,0,0,0,0,0,0,0,0,0,0,0,0,0,0,0,0,0,0,0,0,0,0,0,0,0,0,0,0,0,0,0
2017-12-19,0,0,0,0,0,0,0,0,0,0,0,0,0,0,0,0,0,0,0,0,0,0,0,0,0,0,0,0,0,0,0,0,0,0
2017-12-20,0,0,0,0,0,0,0,0,0,0,0,0,0,0,0,0,0,0,0,0,0,0,0,0,0,0,0,0,0,0,0,0,0,0
2017-12-21,0,0,0,0,0,0,0,0,0,0,0,0,0,0,0,0,0,0,0,0,0,0,0,0,0,0,0,0,0,0,0,0,0,0
2017-12-22,0,0,0,0,0,0,0,0,0,0,0,0,0,0,0,0,0,0,0,0,0,0,0,0,0,0,0,0,0,0,0,0,0,0
2017-12-23,0,0,0,0,0,0,0,0,0,0,0,0,0,0,0,0,0,0,0,0,0,0,0,0,0,0,0,0,0,0,0,0,0,0
2017-12-24,0,0,0,0,0,0,0,0,0,0,0,0,0,0,0,0,0,0,0,0,0,0,0,0,0,0,0,0,0,0,0,0,0,0
2017-12-25,0,0,0,0,0,0,0,0,0,0,0,0,0,0,0,0,0,0,0,0,0,0,0,0,0,0,0,0,0,0,0,0,0,0
2017-12-26,0,0,0,0,0,0,0,0,0,0,0,0,0,0,0,0,0,0,0,0,0,0,0,0,0,0,0,0,0,0,0,0,0,0
2017-12-27,0,0,0,0,0,0,0,0,0,0,0,0,0,0,0,0,0,0,0,0,0,0,0,0,0,0,0,0,0,0,0,0,0,0
2017-12-28,0,0,0,0,0,0,0,0,0,0,0,0,0,0,0,0,0,0,0,0,0,0,0,0,0,0,0,0,0,0,0,0,0,0
2017-12-29,0,0,0,0,0,0,0,0,0,0,0,0,0,0,0,0,0,0,0,0,0,0,0,0,0,0,0,0,0,0,0,0,0,0
2017-12-30,0,0,0,0,0,0,0,0,0,0,0,0,0,0,0,0,0,0,0,0,0,0,0,0,0,0,0,0,0,0,0,0,0,0
2017-12-31,0,0,0,0,0,0,0,0,0,0,0,0,0,0,0,0,0,0,0,0,0,0,0,0,0,0,0,0,0,0,0,0,0,0
2018-01-01,0,0,0,0,0,0,0,0,0,0,0,0,0,0,0,0,0,0,0,0,0,0,0,0,0,0,0,0,0,0,0,0,0,0
2018-01-02,0,0,0,0,0,0,0,0,0,0,0,0,0,0,0,0,0,0,0,0,0,0,0,0,0,0,0,0,0,0,0,0,0,0
2018-01-03,0,0,0,0,0,0,0,0,0,0,0,0,0,0,0,0,0,0,0,0,0,0,0,0,0,0,0,0,0,0,0,0,0,0
2018-01-04,0,0,0,0,0,0,0,0,0,0,0,0,0,0,0,0,0,0,0,0,0,0,0,0,0,0,0,0,0,0,0,0,0,0
2018-01-05,0,0,0,0,0,0,0,0,0,0,0,0,0,0,0,0,0,0,0,0,0,0,0,0,0,0,0,0,0,0,0,0,0,0
2018-01-06,0,0,0,0,0,0,0,0,0,0,0,0,0,0,0,0,0,0,0,0,0,0,0,0,0,0,0,0,0,0,0,0,0,0
2018-01-07,0,0,0,0,0,0,0,0,0,0,0,0,0,0,0,0,0,0,0,0,0,0,0,0,0,0,0,0,0,0,0,0,0,0
2018-01-08,0,0,0,0,0,0,0,0,0,0,0,0,0,0,0,0,0,0,0,0,0,0,0,0,0,0,0,0,0,0,0,0,0,0
2018-01-09,0,0,0,0,0,0,0,0,0,0,0,0,0,0,0,0,0,0,0,0,0,0,0,0,0,0,0,0,0,0,0,0,0,0
2018-01-10,0,0,0,0,0,0,0,0,0,0,0,0,0,0,0,0,0,0,0,0,0,0,0,0,0,0,0,0,0,0,0,0,0,0
2018-01-11,0,0,0,0,0,0,0,0,0,0,0,0,0,0,0,0,0,0,0,0,0,0,0,0,0,0,0,0,0,0,0,0,0,0
2018-01-12,0,0,0,0,0,0,0,0,0,0,0,0,0,0,0,0,0,0,0,0,0,0,0,0,0,0,0,0,0,0,0,0,0,0
2018-01-13,0,0,0,0,0,0,0,0,0,0,0,0,0,0,0,0,0,0,0,0,0,0,0,0,0,0,0,0,0,0,0,0,0,0
2018-01-14,0,0,0,0,0,0,0,0,0,0,0,0,0,0,0,0,0,0,0,0,0,0,0,0,0,0,0,0,0,0,0,0,0,0
2018-01-15,0,0,0,0,0,0,0,0,0,0,0,0,0,0,0,0,0,0,0,0,0,0,0,0,0,0,0,0,0,0,0,0,0,0
2018-01-16,0,0,0,0,0,0,0,0,0,0,0,0,0,0,0,0,0,0,0,0,0,0,0,0,0,0,0,0,0,0,0,0,0,0
2018-01-17,0,0,0,0,0,0,0,0,0,0,0,0,0,0,0,0,0,0,0,0,0,0,0,0,0,0,0,0,0,0,0,0,0,0
2018-01-18,0,0,0,0,0,0,0,0,0,0,0,0,0,0,0,0,0,0,0,0,0,0,0,0,0,0,0,0,0,0,0,0,0,0
2018-01-19,0,0,0,0,0,0,0,0,0,0,0,0,0,0,0,0,0,0,0,0,0,0,0,0,0,0,0,0,0,0,0,0,0,0
2018-01-20,0,0,0,0,0,0,0,0,0,0,0,0,0,0,0,0,0,0,0,0,0,0,0,0,0,0,0,0,0,0,0,0,0,0
2018-01-21,0,0,0,0,0,0,0,0,0,0,0,0,0,0,0,0,0,0,0,0,0,0,0,0,0,0,0,0,0,0,0,0,0,0
2018-01-22,0,0,0,0,0,0,0,0,0,0,0,0,0,0,0,0,0,0,0,0,0,0,0,0,0,0,0,0,0,0,0,0,0,0
2018-01-23,0,0,0,0,0,0,0,0,0,0,0,0,0,0,0,0,0,0,0,0,0,0,0,0,0,0,0,0,0,0,0,0,0,0
2018-01-24,0,0,0,0,0,0,0,0,0,0,0,0,0,0,0,0,0,0,0,0,0,0,0,0,0,0,0,0,0,0,0,0,0,0
2018-01-25,0,0,0,0,0,0,0,0,0,0,0,0,0,0,0,0,0,0,0,0,0,0,0,0,0,0,0,0,0,0,0,0,0,0
2018-01-26,0,0,0,0,0,0,0,0,0,0,0,0,0,0,0,0,0,0,0,0,0,0,0,0,0,0,0,0,0,0,0,0,0,0
2018-01-27,0,0,0,0,0,0,0,0,0,0,0,0,0,0,0,0,0,0,0,0,0,0,0,0,0,0,0,0,0,0,0,0,0,0
2018-01-28,0,0,0,0,0,0,0,0,0,0,0,0,0,0,0,0,0,0,0,0,0,0,0,0,0,0,0,0,0,0,0,0,0,0
2018-01-29,0,0,0,0,0,0,0,0,0,0,0,0,0,0,0,0,0,0,0,0,0,0,0,0,0,0,0,0,0,0,0,0,0,0
2018-01-30,0,0,0,0,0,0,0,0,0,0,0,0,0,0,0,0,0,0,0,0,0,0,0,0,0,0,0,0,0,0,0,0,0,0
2018-01-31,0,0,0,0,0,0,0,0,0,0,0,0,0,0,0,0,0,0,0,0,0,0,0,0,0,0,0,0,0,0,0,0,0,0
2018-02-01,0,0,0,0,0,0,0,0,0,0,0,0,0,0,0,0,0,0,0,0,0,0,0,0,0,0,0,0,0,0,0,0,0,0
2018-02-02,0,0,0,0,0,0,0,0,0,0,0,0,0,0,0,0,0,0,0,0,0,0,0,0,0,0,0,0,0,0,0,0,0,0
2018-02-03,0,0,0,0,0,0,0,0,0,0,0,0,0,0,0,0,0,0,0,0,0,0,0,0,0,0,0,0,0,0,0,0,0,0
2018-02-04,0,0,0,0,0,0,0,0,0,0,0,0,0,0,0,0,0,0,0,0,0,0,0,0,0,0,0,0,0,0,0,0,0,0
2018-02-05,0,0,0,0,0,0,0,0,0,0,0,0,0,0,0,0,0,0,0,0,0,0,0,0,0,0,0,0,0,0,0,0,0,0
2018-02-06,0,0,0,0,0,0,0,0,0,0,0,0,0,0,0,0,0,0,0,0,0,0,0,0,0,0,0,0,0,0,0,0,0,0
2018-02-07,0,0,0,0,0,0,0,0,0,0,0,0,0,0,0,0,0,0,0,0,0,0,0,0,0,0,0,0,0,0,0,0,0,0
2018-02-08,0,0,0,0,0,0,0,0,0,0,0,0,0,0,0,0,0,0,0,0,0,0,0,0,0,0,0,0,0,0,0,0,0,0
2018-02-09,0,0,0,0,0,0,0,0,0,0,0,0,0,0,0,0,0,0,0,0,0,0,0,0,0,0,0,0,0,0,0,0,0,0
2018-02-10,0,0,0,0,0,0,0,0,0,0,0,0,0,0,0,0,0,0,0,0,0,0,0,0,0,0,0,0,0,0,0,0,0,0
2018-02-11,0,0,0,0,0,0,0,0,0,0,0,0,0,0,0,0,0,0,0,0,0,0,0,0,0,0,0,0,0,0,0,0,0,0
2018-02-12,0,0,0,0,0,0,0,0,0,0,0,0,0,0,0,0,0,0,0,0,0,0,0,0,0,0,0,0,0,0,0,0,0,0
2018-02-13,0,0,0,0,0,0,0,0,0,0,0,0,0,0,0,0,0,0,0,0,0,0,0,0,0,0,0,0,0,0,0,0,0,0
2018-02-14,0,0,0,0,0,0,0,0,0,0,0,0,0,0,0,0,0,0,0,0,0,0,0,0,0,0,0,0,0,0,0,0,0,0
2018-02-15,0,0,0,0,0,0,0,0,0,0,0,0,0,0,0,0,0,0,0,0,0,0,0,0,0,0,0,0,0,0,0,0,0,0
2018-02-16,0,0,0,0,0,0,0,0,0,0,0,0,0,0,0,0,0,0,0,0,0,0,0,0,0,0,0,0,0,0,0,0,0,0
2018-02-17,0,0,0,0,0,0,0,0,0,0,0,0,0,0,0,0,0,0,0,0,0,0,0,0,0,0,0,0,0,0,0,0,0,0
2018-02-18,0,0,0,0,0,0,0,0,0,0,0,0,0,0,0,0,0,0,0,0,0,0,0,0,0,0,0,0,0,0,0,0,0,0
2018-02-19,0,0,0,0,0,0,0,0,0,0,0,0,0,0,0,0,0,0,0,0,0,0,0,0,0,0,0,0,0,0,0,0,0,0
2018-02-20,0,0,0,0,0,0,0,0,0,0,0,0,0,0,0,0,0,0,0,0,0,0,0,0,0,0,0,0,0,0,0,0,0,0
2018-02-21,0,0,0,0,0,0,0,0,0,0,0,0,0,0,0,0,0,0,0,0,0,0,0,0,0,0,0,0,0,0,0,0,0,0
2018-02-22,0,0,0,0,0,0,0,0,0,0,0,0,0,0,0,0,0,0,0,0,0,0,0,0,0,0,0,0,0,0,0,0,0,0
2018-02-23,0,0,0,0,0,0,0,0,0,0,0,0,0,0,0,0,0,0,0,0,0,0,0,0,0,0,0,0,0,0,0,0,0,0
2018-02-24,0,0,0,0,0,0,0,0,0,0,0,0,0,0,0,0,0,0,0,0,0,0,0,0,0,0,0,0,0,0,0,0,0,0
2018-02-25,0,0,0,0,0,0,0,0,0,0,0,0,0,0,0,0,0,0,0,0,0,0,0,0,0,0,0,0,0,0,0,0,0,0
2018-02-26,0,0,0,0,0,0,0,0,0,0,0,0,0,0,0,0,0,0,0,0,0,0,0,0,0,0,0,0,0,0,0,0,0,0
2018-02-27,0,0,0,0,0,0,0,0,0,0,0,0,0,0,0,0,0,0,0,0,0,0,0,0,0,0,0,0,0,0,0,0,0,0
2018-02-28,0,0,0,0,0,0,0,0,0,0,0,0,0,0,0,0,0,0,0,0,0,0,0,0,0,0,0,0,0,0,0,0,0,0
2018-03-01,0,0,0,0,0,0,0,0,0,0,0,0,0,0,0,0,0,0,0,0,0,0,0,0,0,0,0,0,0,0,0,0,0,0
2018-03-02,0,0,0,0,0,0,0,0,0,0,0,0,0,0,0,0,0,0,0,0,0,0,0,0,0,0,0,0,0,0,0,0,0,0
2018-03-03,0,0,0,0,0,0,0,0,0,0,0,0,0,0,0,0,0,0,0,0,0,0,0,0,0,0,0,0,0,0,0,0,0,0
2018-03-04,0,0,0,0,0,0,0,0,0,0,0,0,0,0,0,0,0,0,0,0,0,0,0,0,0,0,0,0,0,0,0,0,0,0
2018-03-05,0,0,0,0,0,0,0,0,0,0,0,0,0,0,0,0,0,0,0,0,0,0,0,0,0,0,0,0,0,0,0,0,0,0
2018-03-06,0,0,0,0,0,0,0,0,0,0,0,0,0,0,0,0,0,0,0,0,0,0,0,0,0,0,0,0,0,0,0,0,0,0
2018-03-07,0,0,0,0,0,0,0,0,0,0,0,0,0,0,0,0,0,0,0,0,0,0,0,0,0,0,0,0,0,0,0,0,0,0
2018-03-08,0,0,0,0,0,0,0,0,0,0,0,0,0,0,0,0,0,0,0,0,0,0,0,0,0,0,0,0,0,0,0,0,0,0
2018-03-09,0,0,0,0,0,0,0,0,0,0,0,0,0,0,0,0,0,0,0,0,0,0,0,0,0,0,0,0,0,0,0,0,0,0
2018-03-10,0,0,0,0,0,0,0,0,0,0,0,0,0,0,0,0,0,0,0,0,0,0,0,0,0,0,0,0,0,0,0,0,0,0
2018-03-11,0,0,0,0,0,0,0,0,0,0,0,0,0,0,0,0,0,0,0,0,0,0,0,0,0,0,0,0,0,0,0,0,0,0
2018-03-12,0,0,0,0,0,0,0,0,0,0,0,0,0,0,0,0,0,0,0,0,0,0,0,0,0,0,0,0,0,0,0,0,0,0
2018-03-13,0,0,0,0,0,0,0,0,0,0,0,0,0,0,0,0,0,0,0,0,0,0,0,0,0,0,0,0,0,0,0,0,0,0
2018-03-14,0,0,0,0,0,0,0,0,0,0,0,0,0,0,0,0,0,0,0,0,0,0,0,0,0,0,0,0,0,0,0,0,0,0
2018-03-15,0,0,0,0,0,0,0,0,0,0,0,0,0,0,0,0,0,0,0,0,0,0,0,0,0,0,0,0,0,0,0,0,0,0
2018-03-16,0,0,0,0,0,0,0,0,0,0,0,0,0,0,0,0,0,0,0,0,0,0,0,0,0,0,0,0,0,0,0,0,0,0
2018-03-17,0,0,0,0,0,0,0,0,0,0,0,0,0,0,0,0,0,0,0,0,0,0,0,0,0,0,0,0,0,0,0,0,0,0
2018-03-18,0,0,0,0,0,0,0,0,0,0,0,0,0,0,0,0,0,0,0,0,0,0,0,0,0,0,0,0,0,0,0,0,0,0
2018-03-19,0,0,0,0,0,0,0,0,0,0,0,0,0,0,0,0,0,0,0,0,0,0,0,0,0,0,0,0,0,0,0,0,0,0
2018-03-20,0,0,0,0,0,0,0,0,0,0,0,0,0,0,0,0,0,0,0,0,0,0,0,0,0,0,0,0,0,0,0,0,0,0
2018-03-21,0,0,0,0,0,0,0,0,0,0,0,0,0,0,0,0,0,0,0,0,0,0,0,0,0,0,0,0,0,0,0,0,0,0
2018-03-22,0,0,0,0,0,0,0,0,0,0,0,0,0,0,0,0,0,0,0,0,0,0,0,0,0,0,0,0,0,0,0,0,0,0
2018-03-23,0,0,0,0,0,0,0,0,0,0,0,0,0,0,0,0,0,0,0,0,0,0,0,0,0,0,0,0,0,0,0,0,0,0
2018-03-24,0,0,0,0,0,0,0,0,0,0,0,0,0,0,0,0,0,0,0,0,0,0,0,0,0,0,0,0,0,0,0,0,0,0
2018-03-25,0,0,0,0,0,0,0,0,0,0,0,0,0,0,0,0,0,0,0,0,0,0,0,0,0,0,0,0,0,0,0,0,0,0
2018-03-26,0,0,0,0,0,0,0,0,0,0,0,0,0,0,0,0,0,0,0,0,0,0,0,0,0,0,0,0,0,0,0,0,0,0
2018-03-27,0,0,0,0,0,0,0,0,0,0,0,0,0,0,0,0,0,0,0,0,0,0,0,0,0,0,0,0,0,0,0,0,0,0
2018-03-28,0,0,0,0,0,0,0,0,0,0,0,0,0,0,0,0,0,0,0,0,0,0,0,0,0,0,0,0,0,0,0,0,0,0
2018-03-29,0,0,0,0,0,0,0,0,0,0,0,0,0,0,0,0,0,0,0,0,0,0,0,0,0,0,0,0,0,0,0,0,0,0
2018-03-30,0,0,0,0,0,0,0,0,0,0,0,0,0,0,0,0,0,0,0,0,0,0,0,0,0,0,0,0,0,0,0,0,0,0
2018-03-31,0,0,0,0,0,0,0,0,0,0,0,0,0,0,0,0,0,0,0,0,0,0,0,0,0,0,0,0,0,0,0,0,0,0
2018-04-01,0,0,0,0,0,0,0,0,0,0,0,0,0,0,0,0,0,0,0,0,0,0,0,0,0,0,0,0,0,0,0,0,0,0
2018-04-02,0,0,0,0,0,0,0,0,0,0,0,0,0,0,0,0,0,0,0,0,0,0,0,0,0,0,0,0,0,0,0,0,0,0
2018-04-03,0,0,0,0,0,0,0,0,0,0,0,0,0,0,0,0,0,0,0,0,0,0,0,0,0,0,0,0,0,0,0,0,0,0
2018-04-04,0,0,0,0,0,0,0,0,0,0,0,0,0,0,0,0,0,0,0,0,0,0,0,0,0,0,0,0,0,0,0,0,0,0
2018-04-05,0,0,0,0,0,0,0,0,0,0,0,0,0,0,0,0,0,0,0,0,0,0,0,0,0,0,0,0,0,0,0,0,0,0
2018-04-06,0,0,0,0,0,0,0,0,0,0,0,0,0,0,0,0,0,0,0,0,0,0,0,0,0,0,0,0,0,0,0,0,0,0
2018-04-07,0,0,0,0,0,0,0,0,0,0,0,0,0,0,0,0,0,0,0,0,0,0,0,0,0,0,0,0,0,0,0,0,0,0
2018-04-08,0,0,0,0,0,0,0,0,0,0,0,0,0,0,0,0,0,0,0,0,0,0,0,0,0,0,0,0,0,0,0,0,0,0
2018-04-09,0,0,0,0,0,0,0,0,0,0,0,0,0,0,0,0,0,0,0,0,0,0,0,0,0,0,0,0,0,0,0,0,0,0
2018-04-10,0,0,0,0,0,0,0,0,0,0,0,0,0,0,0,0,0,0,0,0,0,0,0,0,0,0,0,0,0,0,0,0,0,0
2018-04-11,0,0,0,0,0,0,0,0,0,0,0,0,0,0,0,0,0,0,0,0,0,0,0,0,0,0,0,0,0,0,0,0,0,0
2018-04-12,0,0,0,0,0,0,0,0,0,0,0,0,0,0,0,0,0,0,0,0,0,0,0,0,0,0,0,0,0,0,0,0,0,0
2018-04-13,0,0,0,0,0,0,0,0,0,0,0,0,0,0,0,0,0,0,0,0,0,0,0,0,0,0,0,0,0,0,0,0,0,0
2018-04-14,0,0,0,0,0,0,0,0,0,0,0,0,0,0,0,0,0,0,0,0,0,0,0,0,0,0,0,0,0,0,0,0,0,0
2018-04-15,0,0,0,0,0,0,0,0,0,0,0,0,0,0,0,0,0,0,0,0,0,0,0,0,0,0,0,0,0,0,0,0,0,0
2018-04-16,0,0,0,0,0,0,0,0,0,0,0,0,0,0,0,0,0,0,0,0,0,0,0,0,0,0,0,0,0,0,0,0,0,0
2018-04-17,0,0,0,0,0,0,0,0,0,0,0,0,0,0,0,0,0,0,0,0,0,0,0,0,0,0,0,0,0,0,0,0,0,0
2018-04-18,0,0,0,0,0,0,0,0,0,0,0,0,0,0,0,0,0,0,0,0,0,0,0,0,0,0,0,0,0,0,0,0,0,0
2018-04-19,0,0,0,0,0,0,0,0,0,0,0,0,0,0,0,0,0,0,0,0,0,0,0,0,0,0,0,0,0,0,0,0,0,0
2018-04-20,0,0,0,0,0,0,0,0,0,0,0,0,0,0,0,0,0,0,0,0,0,0,0,0,0,0,0,0,0,0,0,0,0,0
2018-04-21,0,0,0,0,0,0,0,0,0,0,0,0,0,0,0,0,0,0,0,0,0,0,0,0,0,0,0,0,0,0,0,0,0,0
2018-04-22,0,0,0,0,0,0,0,0,0,0,0,0,0,0,0,0,0,0,0,0,0,0,0,0,0,0,0,0,0,0,0,0,0,0
2018-04-23,0,0,0,0,0,0,0,0,0,0,0,0,0,0,0,0,0,0,0,0,0,0,0,0,0,0,0,0,0,0,0,0,0,0
2018-04-24,0,0,0,0,0,0,0,0,0,0,0,0,0,0,0,0,0,0,0,0,0,0,0,0,0,0,0,0,0,0,0,0,0,0
2018-04-25,0,0,0,0,0,0,0,0,0,0,0,0,0,0,0,0,0,0,0,0,0,0,0,0,0,0,0,0,0,0,0,0,0,0
2018-04-26,0,0,0,0,0,0,0,0,0,0,0,0,0,0,0,0,0,0,0,0,0,0,0,0,0,0,0,0,0,0,0,0,0,0
2018-04-27,0,0,0,0,0,0,0,0,0,0,0,0,0,0,0,0,0,0,0,0,0,0,0,0,0,0,0,0,0,0,0,0,0,0
2018-04-28,0,0,0,0,0,0,0,0,0,0,0,0,0,0,0,0,0,0,0,0,0,0,0,0,0,0,0,0,0,0,0,0,0,0
2018-04-29,0,0,0,0,0,0,0,0,0,0,0,0,0,0,0,0,0,0,0,0,0,0,0,0,0,0,0,0,0,16,0,0,0,0
2018-04-30,0,0,0,0,0,0,0,0,0,0,0,0,0,0,0,0,0,0,0,0,0,0,0,0,0,0,0,0,0,0,0,0,0,0
2018-05-01,0,0,0,0,0,0,0,0,0,0,0,0,0,0,0,0,0,0,0,0,0,0,0,0,0,0,0,0,0,0,0,0,0,0
2018-05-02,0,0,0,0,0,0,0,0,0,0,0,0,0,0,0,0,0,0,0,0,0,0,0,0,0,0,0,0,0,10,0,0,0,0
2018-05-03,0,0,0,0,0,0,0,0,0,0,0,0,0,0,0,0,0,0,0,0,0,0,0,0,0,0,0,0,0,2,0,0,0,0
2018-05-04,0,0,0,0,0,0,0,0,0,0,0,0,0,0,0,0,0,0,0,0,0,0,0,0,0,0,0,0,1,13,0,0,0,0
2018-05-05,0,0,0,0,0,0,0,0,0,0,0,0,0,0,0,0,0,0,0,0,0,0,0,0,0,0,0,0,4,0,0,0,0,0
2018-05-06,0,0,0,0,0,0,0,0,0,0,0,0,0,0,0,0,0,0,0,0,0,0,0,0,0,0,0,0,0,0,0,0,0,0
2018-05-07,0,0,0,0,0,0,0,0,0,0,0,0,0,0,0,0,0,0,0,0,0,0,0,0,0,0,0,0,0,0,0,0,0,0
2018-05-08,0,0,0,0,0,0,0,0,0,0,0,0,0,0,0,0,0,0,0,0,0,0,0,0,0,0,0,0,0,0,0,0,0,0
2018-05-09,0,0,0,0,0,0,0,0,0,0,0,0,0,0,0,0,0,0,0,0,0,0,0,0,0,0,0,0,0,0,0,0,0,0
2018-05-10,0,0,0,0,0,0,0,0,0,0,0,0,0,0,0,0,0,0,0,0,0,0,0,0,0,0,0,0,0,0,0,0,0,0
2018-05-11,0,0,0,0,0,0,0,0,0,0,0,0,0,0,0,0,0,0,0,0,0,0,0,0,0,0,0,0,0,0,0,0,0,0
2018-05-12,0,0,0,0,0,0,0,0,0,0,0,0,0,0,0,0,0,0,0,0,0,0,0,0,0,0,0,0,0,0,0,0,0,0
2018-05-13,0,0,0,0,0,0,0,0,0,0,0,0,0,0,0,0,0,0,0,0,0,0,0,0,0,0,0,0,0,0,0,0,0,0
2018-05-14,0,0,0,0,0,0,0,0,0,0,0,0,0,0,0,0,0,0,0,0,0,0,0,0,0,0,0,0,0,0,0,0,0,0
2018-05-15,0,0,0,0,0,0,0,0,0,0,0,0,0,0,0,0,0,0,0,0,0,0,0,0,0,0,0,0,0,0,0,0,0,0
2018-05-16,0,0,0,0,0,0,0,0,0,0,0,0,0,0,2,0,0,0,0,0,0,0,0,0,0,0,0,0,0,0,0,0,0,0
2018-05-17,0,0,0,0,0,0,0,0,0,0,0,0,0,0,4,0,0,0,0,0,0,0,0,0,0,0,0,0,0,0,0,0,0,0
2018-05-18,0,0,0,0,0,0,0,0,0,0,0,0,0,0,5,0,0,0,0,0,0,0,0,0,0,0,0,0,0,0,0,0,0,0
2018-05-19,0,0,0,0,0,0,0,0,0,0,0,0,0,0,14,0,0,0,0,0,0,0,0,0,0,0,0,0,0,0,0,0,0,0
2018-05-20,0,0,0,0,0,0,0,0,0,0,0,0,0,0,1,0,0,0,0,0,0,0,0,0,0,0,0,0,0,0,0,0,0,0
2018-05-21,0,0,0,0,0,0,0,0,0,0,0,0,0,0,2,0,0,0,0,0,0,0,0,0,0,0,0,0,0,0,0,0,0,0
2018-05-22,0,0,0,0,0,0,0,0,0,0,0,0,0,0,0,0,0,0,0,0,0,0,0,0,0,0,0,0,0,0,0,0,0,0
2018-05-23,0,0,0,0,0,0,0,0,0,0,0,0,0,0,0,0,0,0,0,0,0,0,0,0,0,0,0,0,0,0,0,0,0,0
2018-05-24,0,0,0,0,0,0,0,0,0,0,0,0,0,0,0,0,0,0,0,0,0,0,0,0,0,0,0,0,0,0,0,0,0,0
2018-05-25,0,0,0,0,0,0,0,0,0,0,0,0,0,0,1,0,0,0,6,0,0,0,0,0,0,0,0,0,7,0,0,0,0,0
2018-05-26,0,0,0,0,0,0,0,0,0,0,0,0,0,0,25,0,0,0,25,0,0,0,1,0,0,0,0,0,0,0,0,0,0,0
2018-05-27,3,0,0,0,0,0,0,0,0,0,0,0,0,0,21,2,0,0,36,0,0,0,2,0,0,0,0,0,0,8,0,0,0,0
2018-05-28,3,1,1,0,0,0,0,88,0,0,0,0,0,0,9,15,12,0,38,0,0,0,0,0,4,0,84,0,0,19,0,0,7,0
2018-05-29,3,2,0,0,0,0,2,296,0,0,0,0,0,0,13,10,12,0,60,0,0,0,1,0,1,0,68,0,0,12,0,0,7,0
2018-05-30,2,0,0,0,0,0,0,29,0,0,0,0,0,0,15,3,10,0,41,0,0,0,1,0,0,2,22,0,0,7,0,0,1,0
2018-05-31,3,2,2,0,0,0,3,76,0,0,0,0,0,0,9,17,64,0,43,0,0,0,1,1,0,0,142,0,23,24,0,0,14,0
2018-06-01,3,0,1,0,11,0,0,1,0,0,0,0,0,0,58,15,100,0,65,0,0,0,1,2,0,0,35,0,95,65,0,0,8,0
2018-06-02,6,0,2,0,5,0,0,0,0,0,0,0,0,0,73,12,2,0,70,0,0,0,1,3,0,0,0,0,13,31,0,0,0,0
2018-06-03,5,0,0,0,5,0,0,0,0,0,0,0,0,0,43,8,1,0,117,0,0,0,1,1,0,4,0,0,12,16,13,0,0,0
2018-06-04,5,0,3,0,1,0,0,0,0,0,1,0,0,0,105,22,5,0,101,0,0,0,0,1,0,0,0,0,2,11,0,0,0,0
2018-06-05,9,0,0,0,1,0,0,0,0,0,0,0,0,0,150,3,10,0,42,0,0,0,1,8,0,0,0,0,6,28,0,0,2,0
2018-06-06,0,0,0,0,4,0,0,0,0,0,0,0,0,0,132,3,0,0,27,0,0,0,0,3,0,0,0,0,18,28,0,0,0,0
2018-06-07,8,0,12,0,3,0,0,0,0,0,0,0,0,0,122,24,2,0,71,0,0,0,2,11,0,0,0,0,16,58,0,0,0,0
2018-06-08,41,1,15,0,37,0,0,48,0,0,0,0,0,0,185,36,61,0,39,0,0,0,5,18,0,0,16,0,91,178,0,0,2,4
2018-06-09,0,0,0,0,51,0,0,77,0,0,0,0,0,0,159,0,30,0,38,0,0,0,0,3,0,0,72,0,68,0,0,0,2,0
2018-06-10,0,2,0,0,6,0,0,0,0,0,0,0,0,0,83,9,22,0,107,0,0,0,0,0,0,0,134,0,38,0,0,0,9,0
2018-06-11,7,29,30,0,40,0,3,3,0,0,7,0,0,0,141,104,140,0,213,0,0,0,3,12,0,0,0,0,121,84,0,10,24,0
2018-06-12,20,1,52,0,121,0,0,0,0,0,16,0,0,0,216,99,207,0,171,0,0,0,4,30,0,0,0,0,379,231,0,2,7,5
2018-06-13,7,0,0,0,116,0,0,0,0,0,29,0,0,0,188,0,0,0,46,0,0,0,0,9,0,0,0,0,253,0,0,0,0,0
2018-06-14,0,0,0,0,9,0,0,0,0,0,41,0,0,0,127,0,0,0,0,0,0,0,0,0,0,0,0,0,41,0,0,0,0,0
2018-06-15,0,0,0,0,1,0,0,0,0,0,224,0,0,0,35,0,0,0,1,0,0,0,0,0,0,0,0,9,48,0,0,0,0,0
2018-06-16,0,0,0,0,0,0,0,0,0,0,433,0,6,0,1,0,6,0,18,0,0,0,0,0,0,0,0,17,17,0,0,0,0,0
2018-06-17,0,1,0,0,0,0,0,0,0,0,645,0,6,0,4,4,19,0,91,0,0,0,0,0,0,0,3,140,1,0,0,0,1,0
2018-06-18,3,0,1,0,0,0,0,0,0,0,721,0,8,0,11,16,0,0,120,0,0,0,3,0,0,0,0,282,13,0,0,0,0,0
2018-06-19,6,1,1,0,21,0,0,0,0,0,624,0,41,0,51,16,78,0,224,0,0,0,3,0,0,0,2,164,158,0,0,0,9,0
2018-06-20,14,10,10,0,89,0,2,5,0,0,744,0,258,0,148,60,203,0,237,0,0,0,6,2,0,0,5,90,349,56,0,2,20,0
2018-06-21,8,26,19,0,48,0,11,0,0,0,755,0,149,0,114,96,275,0,241,0,0,0,3,3,0,0,37,20,233,69,0,7,46,0
2018-06-22,7,0,0,0,22,0,0,0,0,0,900,0,24,0,124,0,0,0,95,0,0,0,0,2,0,0,0,49,85,0,0,0,0,0
2018-06-23,0,0,0,0,0,0,0,0,0,0,1114,0,1,0,37,0,0,0,12,0,0,0,0,0,0,0,0,117,0,0,0,0,0,0
2018-06-24,0,0,0,0,0,0,0,0,0,0,1316,0,2,0,9,0,0,0,0,0,0,0,0,0,0,0,0,79,0,0,0,0,0,0
2018-06-25,0,0,0,0,0,0,0,0,0,0,1041,0,12,0,7,0,0,0,1,0,0,0,0,0,0,0,0,10,0,0,0,0,0,0
2018-06-26,0,0,0,0,0,0,0,0,0,0,888,0,115,0,5,0,0,0,0,0,0,0,0,0,0,0,0,0,0,0,0,0,0,0
2018-06-27,0,0,0,0,0,0,0,0,0,0,623,0,204,0,2,0,0,0,8,0,0,0,0,0,0,0,0,0,0,0,0,0,0,0
2018-06-28,0,0,0,0,0,0,0,0,0,0,390,0,105,0,4,0,0,0,8,0,0,0,0,0,0,1,0,0,0,0,0,0,0,0
2018-06-29,0,0,0,0,0,0,0,15,0,0,378,0,157,0,19,0,5,0,91,0,0,0,0,0,0,0,1,0,0,0,0,0,4,0
2018-06-30,0,0,0,0,1,0,0,15,0,0,276,0,913,0,60,9,0,0,314,0,0,0,0,0,0,0,0,0,2,0,0,0,0,0
2018-07-01,4,0,0,5,1,1,0,0,0,0,324,0,1068,0,130,1,0,0,361,0,0,0,0,2,0,0,0,0,0,0,0,0,0,0
2018-07-02,18,0,2,0,6,0,0,0,0,0,347,0,284,1,204,8,0,0,404,0,0,0,3,11,0,0,0,0,0,0,0,0,0,0
2018-07-03,22,0,4,0,62,0,0,1,0,0,526,0,190,0,308,15,0,0,386,0,0,0,4,33,0,0,0,0,11,2,0,0,0,4
2018-07-04,25,1,2,0,98,0,0,5,0,0,398,0,108,0,383,11,0,0,405,0,0,0,3,28,0,0,2,0,80,4,0,0,2,1
2018-07-05,27,13,4,0,27,0,11,46,0,0,304,0,49,0,406,21,77,0,485,0,0,0,3,21,0,0,159,0,17,24,0,0,11,0
2018-07-06,33,0,4,0,43,0,0,0,0,0,552,0,56,0,384,10,60,0,329,0,0,0,5,34,0,0,0,1,107,30,0,0,0,1
2018-07-07,9,0,1,0,5,0,0,0,0,0,985,0,224,0,213,8,0,0,317,0,0,0,2,2,0,0,0,24,29,0,0,0,0,0
2018-07-08,6,0,1,0,0,0,0,0,0,0,1179,0,486,1,107,9,0,0,327,0,0,0,3,0,0,0,0,37,1,0,0,0,0,0
2018-07-09,2,0,0,0,0,0,0,0,0,0,1394,0,302,0,69,4,0,0,310,0,0,0,0,0,0,0,0,72,1,0,0,0,0,0
2018-07-10,0,0,0,0,0,0,0,0,0,0,1304,0,173,0,68,6,0,0,308,0,0,0,0,0,0,0,0,35,1,0,0,0,0,0
2018-07-11,6,0,1,0,11,0,0,0,0,0,848,0,80,0,143,4,0,0,251,0,0,0,1,7,0,2,0,1,8,7,2,0,0,0
2018-07-12,15,0,3,0,98,0,0,0,0,0,660,0,38,0,268,10,1,0,333,0,0,0,4,27,0,0,0,2,170,1,0,0,0,1
2018-07-13,17,0,3,0,106,0,0,0,0,0,696,0,109,0,388,10,1,0,496,0,0,0,3,24,0,0,0,0,154,3,0,0,0,0
2018-07-14,15,0,5,0,70,0,0,4,0,0,851,0,355,0,395,25,16,0,680,0,0,0,5,14,0,0,0,0,77,9,0,0,0,0
2018-07-15,26,0,4,0,54,0,0,0,0,0,542,14,396,0,347,17,6,0,683,0,0,0,5,13,0,0,0,0,51,0,36,0,1,0
2018-07-16,38,0,3,3,77,0,0,0,0,52,389,162,52,0,379,15,18,0,512,0,0,20,4,20,0,0,0,0,52,16,100,0,0,0
2018-07-17,13,0,0,0,49,0,0,23,0,132,920,899,98,0,371,1,6,0,290,38,0,131,1,10,0,7,0,38,72,0,289,0,0,0
2018-07-18,9,0,3,0,19,0,0,0,0,82,973,732,101,0,300,30,1,0,514,110,0,95,4,5,0,34,15,2,14,0,290,1,0,0
2018-07-19,11,6,4,0,17,0,0,0,0,1,886,408,342,0,293,38,14,0,611,0,0,0,5,0,0,92,0,0,21,0,112,1,2,0
2018-07-20,17,0,10,0,108,0,0,9,0,0,755,277,60,0,292,55,20,0,614,0,0,0,6,7,0,18,0,3,154,27,56,0,1,0
2018-07-21,29,0,24,0,126,0,2,0,0,0,593,0,37,0,370,83,121,0,590,0,0,0,6,22,0,0,0,8,194,77,3,0,6,0
2018-07-22,44,0,7,0,149,0,0,0,0,0,709,0,37,0,486,21,1,0,583,0,0,0,5,54,0,0,0,18,131,16,0,0,0,6
2018-07-23,0,0,0,18,8,0,0,9,0,1,1108,4,258,53,351,6,8,0,326,0,0,1,0,2,6,0,4,24,14,0,0,0,1,0
2018-07-24,5,11,4,54,5,0,18,497,0,1,1068,45,720,4,139,45,98,0,493,0,1,0,4,0,84,0,4,0,19,0,77,2,23,0
2018-07-25,14,4,9,96,3,6,18,992,29,2,1099,291,1128,0,166,70,169,0,592,0,7,0,6,0,87,1,12,1,27,35,333,3,21,0
2018-07-26,14,2,6,152,17,10,18,1253,38,3,1171,128,1857,68,86,37,134,0,524,1,10,0,6,0,194,6,72,3,31,34,254,0,16,0
2018-07-27,13,12,1,189,7,7,12,1093,81,21,1277,280,1295,21,111,14,147,0,508,26,11,49,4,1,279,78,101,5,43,1,323,1,33,0
2018-07-28,10,23,0,0,29,0,36,246,22,113,1064,174,120,0,211,24,109,0,589,63,0,99,1,13,0,71,307,0,77,5,39,5,45,0
2018-07-29,17,63,21,0,59,0,91,118,0,191,904,214,269,0,173,132,376,0,792,164,0,196,6,10,0,4,182,0,146,73,2,28,87,0
2018-07-30,38,78,56,27,35,17,172,1321,39,119,1109,406,586,0,238,209,405,0,1035,93,2,119,12,8,67,25,318,3,152,92,26,41,78,0
2018-07-31,45,109,43,4,56,37,260,1740,45,98,1547,405,796,0,251,199,337,0,1239,86,2,97,12,7,4,50,821,59,151,86,433,52,79,0
2018-08-01,46,83,25,0,81,11,241,800,0,51,2233,459,748,0,310,159,254,0,1285,29,0,43,11,10,0,49,945,253,188,44,236,45,57,0
2018-08-02,39,46,9,17,125,9,231,572,0,70,2959,150,1445,0,336,57,143,0,1023,132,1,84,9,11,23,0,900,680,211,61,65,7,65,0
2018-08-03,26,74,15,92,94,43,250,1282,1,19,3366,12,2430,12,272,107,258,0,897,96,11,14,9,5,53,0,591,823,207,78,5,17,79,0
2018-08-04,38,86,27,52,101,44,208,1147,0,0,3049,0,2316,0,295,129,241,0,846,0,9,0,11,15,15,0,443,861,230,78,3,25,82,0
2018-08-05,34,41,27,0,130,46,19,246,0,0,2886,0,1775,0,268,125,258,0,904,0,0,0,10,15,0,0,10,767,298,105,0,18,34,0
2018-08-06,36,32,31,50,144,26,4,292,0,0,2926,0,2074,1,303,164,256,0,917,0,4,0,10,19,22,0,0,409,294,91,0,27,32,0
2018-08-07,44,36,37,137,116,15,102,1453,19,0,1860,0,1690,6,352,170,304,0,820,0,11,0,12,23,131,0,151,40,237,124,0,37,48,1
2018-08-08,54,76,46,0,136,1,180,947,26,0,1195,0,307,0,397,181,418,0,734,3,0,0,14,37,0,0,710,4,284,157,158,29,105,5
2018-08-09,52,143,65,0,103,0,327,471,0,74,658,6,33,0,351,215,505,0,714,161,0,142,15,40,0,0,1140,1,268,212,22,41,151,11
2018-08-10,54,13,64,0,47,0,12,0,0,113,713,148,52,0,277,186,447,0,809,83,0,94,15,35,0,0,186,35,173,156,0,14,96,7
2018-08-11,43,0,13,0,13,0,0,0,0,0,1313,0,61,0,220,72,134,0,817,0,0,0,10,28,0,0,0,128,75,77,0,2,4,1
2018-08-12,41,0,20,0,16,0,0,0,0,0,1440,0,126,0,170,88,131,0,681,0,0,0,12,19,0,0,0,93,88,78,0,3,2,1
2018-08-13,40,29,26,0,20,0,37,4,0,0,1003,0,27,0,187,121,297,0,560,0,0,0,9,22,0,0,84,18,202,122,0,8,44,2
2018-08-14,30,0,9,0,46,0,1,0,0,0,892,0,32,0,224,34,174,0,300,0,0,0,6,15,0,0,0,28,245,116,0,0,15,3
2018-08-15,20,0,2,0,76,0,0,0,0,0,824,0,43,0,237,24,3,0,186,0,0,0,8,4,0,0,0,55,175,18,0,0,1,0
2018-08-16,9,0,4,0,160,0,0,0,0,0,601,0,117,0,218,33,15,0,268,0,0,0,6,3,0,0,0,44,254,31,0,0,0,0
2018-08-17,12,4,7,0,163,0,11,70,0,0,520,0,32,0,245,48,74,0,339,0,0,0,6,9,0,0,26,39,312,73,0,0,7,0
2018-08-18,26,17,12,0,170,0,20,0,0,0,729,0,41,0,351,78,209,0,383,0,0,0,9,15,0,0,0,210,366,110,0,3,32,0
2018-08-19,38,34,20,0,140,0,66,24,0,0,893,0,87,0,422,110,272,0,454,0,0,0,8,23,0,0,32,332,244,97,0,7,46,0
2018-08-20,32,50,22,0,70,1,111,21,0,0,1030,0,137,0,307,126,277,0,484,0,0,0,8,9,0,0,147,377,190,81,0,11,62,0
2018-08-21,24,40,23,0,54,1,13,29,0,0,1054,0,336,0,202,131,336,0,458,0,0,0,8,13,0,0,0,275,276,119,0,14,55,0
2018-08-22,24,41,23,0,88,3,22,136,0,0,1016,0,648,0,211,122,297,0,406,0,0,0,9,20,0,0,0,175,295,139,0,14,42,0
2018-08-23,28,53,18,0,101,0,103,134,0,0,1017,0,205,0,245,116,273,0,337,0,0,0,9,19,0,0,192,177,213,150,0,12,63,0
2018-08-24,22,1,12,0,57,0,1,0,0,0,1034,0,61,0,216,62,172,0,257,0,0,0,7,15,0,0,12,151,141,139,0,0,8,0
2018-08-25,14,0,4,0,95,0,0,0,0,0,947,0,8,0,180,24,54,0,158,0,0,0,5,16,0,0,0,119,159,83,0,0,0,0
2018-08-26,7,0,0,0,152,0,0,0,0,0,887,0,1,0,213,0,0,0,80,0,0,0,0,13,0,0,0,104,215,2,0,0,0,0
2018-08-27,0,0,0,0,79,0,0,0,0,0,1303,0,2,0,109,0,0,0,17,0,0,0,0,0,0,0,0,141,122,0,0,0,0,0
2018-08-28,13,0,0,0,89,0,0,0,0,0,1160,0,169,0,124,4,0,0,46,0,0,0,4,0,0,0,0,19,115,0,0,0,0,0
2018-08-29,21,0,1,0,106,0,0,0,0,0,661,0,31,0,273,3,0,0,115,0,0,0,5,2,0,0,0,3,94,0,0,0,0,0
2018-08-30,19,0,0,0,97,0,0,0,0,0,723,0,11,0,273,4,0,0,168,0,0,0,5,14,0,0,0,68,85,15,0,0,0,0
2018-08-31,19,0,2,0,143,0,0,0,0,0,1075,0,4,0,286,9,2,0,150,0,0,0,6,15,0,0,0,231,151,30,0,0,0,0
2018-09-01,22,0,2,0,160,0,0,0,0,0,1245,0,1,0,306,14,88,0,118,0,0,0,6,19,0,0,0,364,285,111,0,0,0,0
2018-09-02,25,0,0,0,174,0,0,0,0,0,1393,0,0,0,332,1,114,0,104,0,0,0,5,24,0,0,0,255,336,81,0,0,3,0
2018-09-03,8,0,0,0,97,0,0,0,0,0,615,0,0,0,316,0,22,0,72,0,0,0,0,17,0,0,0,11,149,0,0,0,0,0
2018-09-04,2,0,0,0,33,0,0,0,0,0,222,0,0,0,228,0,0,0,73,0,0,0,0,6,0,0,0,0,36,0,0,0,0,0
2018-09-05,1,0,0,0,0,0,0,0,0,0,104,0,0,0,167,0,0,0,96,0,0,0,0,0,0,0,0,0,0,0,0,0,0,0
2018-09-06,1,0,0,0,0,0,0,0,0,0,93,0,1,0,121,0,0,0,104,0,0,0,0,0,0,0,0,0,0,0,0,0,0,0
2018-09-07,4,0,0,0,5,0,0,0,0,0,122,0,1,0,144,0,0,0,106,0,0,0,0,0,0,0,0,0,4,0,0,0,0,0
2018-09-08,1,0,0,0,2,0,0,0,0,0,23,0,1,0,109,1,0,0,83,0,0,0,1,0,0,0,0,0,2,0,0,0,0,0
2018-09-09,4,0,0,0,1,0,0,0,0,0,40,0,1,0,118,1,0,0,93,0,0,0,1,0,0,0,0,0,0,0,0,0,0,0
2018-09-10,4,0,0,0,0,0,0,0,0,0,145,0,8,0,110,1,0,0,121,0,0,0,2,0,0,0,0,91,0,0,0,0,0,0
2018-09-11,4,0,0,0,0,0,0,0,0,0,315,0,20,0,67,2,0,0,165,0,0,0,1,0,0,0,0,169,0,0,0,0,0,0
2018-09-12,5,0,0,0,0,0,0,0,0,0,432,0,58,0,47,3,0,0,190,0,0,0,2,0,0,0,0,126,0,0,0,0,0,0
2018-09-13,2,0,0,0,0,0,0,0,0,0,503,0,21,0,13,1,0,0,77,0,0,0,1,0,0,0,0,125,0,0,0,0,0,0
2018-09-14,0,0,0,0,0,0,0,0,0,0,262,0,19,0,13,0,7,0,64,0,0,0,0,0,0,0,0,68,0,0,0,0,0,0
2018-09-15,0,0,0,0,3,0,0,0,0,0,127,0,4,0,48,1,0,0,62,0,0,0,1,0,0,0,0,60,5,0,0,0,0,0
2018-09-16,5,0,0,0,6,0,0,0,0,0,222,0,1,0,116,3,0,0,86,0,0,0,3,0,0,0,0,74,4,0,0,0,0,0
2018-09-17,4,0,0,0,0,0,0,0,0,0,254,0,45,0,71,0,0,0,84,0,0,0,1,0,0,0,0,76,0,0,0,0,0,0
2018-09-18,2,0,0,0,0,0,0,0,0,0,215,0,19,0,31,0,0,0,66,0,0,0,0,0,0,0,0,45,0,0,0,0,0,0
2018-09-19,3,0,0,0,0,0,0,0,0,0,315,0,14,0,16,1,0,0,52,0,0,0,1,0,0,0,0,55,0,1,0,0,0,0
2018-09-20,2,0,0,0,0,0,0,0,0,0,424,0,43,0,10,4,0,0,51,0,0,0,2,0,0,0,1,68,0,0,0,0,0,0
2018-09-21,1,0,0,0,0,0,0,0,0,0,493,0,24,0,9,3,0,0,52,0,0,0,1,0,0,0,0,62,0,0,0,0,0,0
2018-09-22,0,0,0,0,0,0,0,0,0,0,749,0,7,0,8,0,0,0,67,0,0,0,0,0,0,0,0,149,0,0,0,0,0,0
2018-09-23,1,0,0,0,1,0,0,0,0,0,873,0,61,0,22,0,0,0,85,0,0,0,0,0,0,0,0,231,0,0,0,0,0,0
2018-09-24,1,0,0,0,0,0,0,0,0,0,818,0,4,0,38,0,0,0,77,0,0,0,0,0,0,0,0,267,0,0,0,0,0,0
2018-09-25,0,0,0,0,0,0,0,0,0,0,528,0,0,0,7,0,0,0,9,0,0,0,0,0,0,0,0,219,0,0,0,0,0,0
2018-09-26,0,0,0,0,0,0,0,0,0,0,284,0,0,0,0,0,0,0,0,0,0,0,0,0,0,0,0,161,0,0,0,0,0,0
2018-09-27,0,0,0,0,0,0,0,0,0,0,158,0,0,0,0,0,0,0,0,0,0,0,0,0,0,0,0,131,0,0,0,0,0,0
2018-09-28,0,0,0,0,0,0,0,0,0,0,108,0,0,0,0,0,0,0,0,0,0,0,0,0,0,0,0,98,0,0,0,0,0,0
2018-09-29,0,0,0,0,0,0,0,0,0,0,74,0,0,0,0,0,0,0,0,0,0,0,0,0,0,0,0,26,0,0,0,0,0,0
2018-09-30,0,0,0,0,0,0,0,0,0,0,70,0,0,0,0,0,0,0,0,0,0,0,0,0,0,0,0,9,0,0,0,0,0,0
2018-10-01,0,0,0,0,0,0,0,0,0,0,58,0,0,0,0,0,0,0,0,0,0,0,0,0,0,0,0,17,0,0,0,0,0,0
2018-10-02,0,0,0,0,0,0,0,0,0,0,33,0,0,0,0,0,0,0,0,0,0,0,0,0,0,0,0,24,0,0,0,0,0,0
2018-10-03,0,0,0,0,0,0,0,0,0,0,6,0,0,0,0,0,0,0,0,0,0,0,0,0,0,0,0,3,0,0,0,0,0,0
2018-10-04,0,0,0,0,0,0,0,0,0,0,10,0,0,0,1,0,0,0,0,0,0,0,0,0,0,0,0,0,0,0,0,0,0,0
2018-10-05,0,0,0,0,0,0,0,0,0,0,9,0,0,0,0,0,0,0,0,0,0,0,0,0,0,0,0,0,0,0,0,0,0,0
2018-10-06,0,0,0,0,0,0,0,0,0,0,7,0,0,0,0,0,0,0,0,0,0,0,0,0,0,0,0,0,0,0,0,0,0,0
2018-10-07,0,0,0,0,0,0,0,0,0,0,4,0,0,0,0,0,0,0,0,0,0,0,0,0,0,0,0,0,0,0,0,0,0,0
2018-10-08,0,0,0,0,0,0,0,0,0,0,0,0,0,0,0,0,0,0,0,0,0,0,0,0,0,0,0,0,0,0,0,0,0,0
2018-10-09,0,0,0,0,0,0,0,0,0,0,0,0,0,0,0,0,0,0,0,0,0,0,0,0,0,0,0,0,0,0,0,0,0,0
2018-10-10,0,0,0,0,0,0,0,0,0,0,0,0,0,0,0,0,0,0,0,0,0,0,0,0,0,0,0,0,0,0,0,0,0,0
2018-10-11,0,0,0,0,0,0,0,0,0,0,0,0,0,0,0,0,0,0,0,0,0,0,0,0,0,0,0,0,0,0,0,0,0,0
2018-10-12,0,0,0,0,0,0,0,0,0,0,1,0,0,0,0,0,0,0,0,0,0,0,0,0,0,0,0,0,0,0,0,0,0,0
2018-10-13,0,0,0,0,0,0,0,0,0,0,5,0,0,0,0,0,0,0,0,0,0,0,0,0,0,0,0,0,0,0,0,0,0,0
2018-10-14,0,0,0,0,0,0,0,0,0,0,0,0,0,0,0,0,0,0,0,0,0,0,0,0,0,0,0,0,0,0,0,0,0,0
2018-10-15,0,0,0,0,0,0,0,0,0,0,0,0,0,0,0,0,0,0,0,0,0,0,0,0,0,0,0,0,0,0,0,0,0,0
2018-10-16,0,0,0,0,0,0,0,0,0,0,0,0,0,0,0,0,0,0,0,0,0,0,0,0,0,0,0,0,0,0,0,0,0,0
2018-10-17,0,0,0,0,0,0,0,0,0,0,0,0,0,0,0,0,0,0,0,0,0,0,0,0,0,0,0,0,0,0,0,0,0,0
2018-10-18,0,0,0,0,0,0,0,0,0,0,0,0,0,0,0,0,0,0,0,0,0,0,0,0,0,0,0,0,0,0,0,0,0,0
2018-10-19,0,0,0,0,0,0,0,0,0,0,0,0,0,0,0,0,0,0,0,0,0,0,0,0,0,0,0,0,0,0,0,0,0,0
2018-10-20,0,0,0,0,0,0,0,0,0,0,0,0,0,0,0,0,0,0,0,0,0,0,0,0,0,0,0,0,0,0,0,0,0,0
2018-10-21,0,0,0,0,0,0,0,0,0,0,0,0,0,0,0,0,0,0,0,0,0,0,0,0,0,0,0,0,0,0,0,0,0,0
2018-10-22,0,0,0,0,0,0,0,0,0,0,0,0,0,0,0,0,0,0,0,0,0,0,0,0,0,0,0,0,0,0,0,0,0,0
2018-10-23,0,0,0,0,0,0,0,0,0,0,0,0,0,0,0,0,0,0,0,0,0,0,0,0,0,0,0,0,0,0,0,0,0,0
2018-10-24,0,0,0,0,0,0,0,0,0,0,0,0,0,0,0,0,0,0,0,0,0,0,0,0,0,0,0,0,0,0,0,0,0,0
2018-10-25,0,0,0,0,0,0,0,0,0,0,0,0,0,0,0,0,0,0,0,0,0,0,0,0,0,0,0,0,0,0,0,0,0,0
2018-10-26,0,0,0,0,0,0,0,0,0,0,0,0,0,0,0,0,0,0,0,0,0,0,0,0,0,0,0,0,0,0,0,0,0,0
2018-10-27,0,0,0,0,0,0,0,0,0,0,0,0,0,0,0,0,0,0,0,0,0,0,0,0,0,0,0,0,0,0,0,0,0,0
2018-10-28,0,0,0,0,0,0,0,0,0,0,0,0,0,0,0,0,0,0,0,0,0,0,0,0,0,0,0,0,0,0,0,0,0,0
2018-10-29,0,0,0,0,0,0,0,0,0,0,0,0,0,0,0,0,0,0,0,0,0,0,0,0,0,0,0,0,0,0,0,0,0,0
2018-10-30,0,0,0,0,0,0,0,0,0,0,0,0,0,0,0,0,0,0,0,0,0,0,0,0,0,0,0,0,0,0,0,0,0,0
2018-10-31,0,0,0,0,0,0,0,0,0,0,0,0,0,0,0,0,0,0,0,0,0,0,0,0,0,0,0,0,0,0,0,0,0,0
2018-11-01,0,0,0,0,0,0,0,0,0,0,0,0,0,0,0,0,0,0,0,0,0,0,0,0,0,0,0,0,0,0,0,0,0,0
2018-11-02,0,0,0,0,0,0,0,0,0,0,0,0,0,0,0,0,0,0,0,0,0,0,0,0,0,0,0,0,0,0,0,0,0,0
2018-11-03,0,0,0,0,0,0,0,0,0,0,0,0,0,0,0,0,0,0,0,0,0,0,0,0,0,0,0,0,0,0,0,0,0,0
2018-11-04,0,0,0,0,0,0,0,0,0,0,0,0,0,0,0,0,0,0,0,0,0,0,0,0,0,0,0,0,0,0,0,0,0,0
2018-11-05,0,0,0,0,0,0,0,0,0,0,0,0,0,0,0,0,0,0,0,0,0,0,0,0,0,0,0,0,0,0,0,0,0,0
2018-11-06,0,0,0,0,0,0,0,0,0,0,0,0,0,0,0,0,0,0,0,0,0,0,0,0,0,0,0,0,0,0,0,0,0,0
2018-11-07,0,0,0,0,0,0,0,0,0,0,0,0,0,0,0,0,0,0,0,0,0,0,0,0,0,0,0,0,0,0,0,0,0,0
2018-11-08,0,0,0,0,0,0,0,0,0,0,0,0,0,0,0,0,0,0,0,0,0,0,0,0,0,0,0,0,0,0,0,0,0,0
2018-11-09,0,0,0,0,0,0,0,0,0,0,0,0,0,0,0,0,0,0,0,0,0,0,0,0,0,0,0,0,0,0,0,0,0,0
2018-11-10,0,0,0,0,0,0,0,0,0,0,0,0,0,0,0,0,0,0,0,0,0,0,0,0,0,0,0,0,0,0,0,0,0,0
2018-11-11,0,0,0,0,0,0,0,0,0,0,0,0,0,0,0,0,0,0,0,0,0,0,0,0,0,0,0,0,0,0,0,0,0,0
2018-11-12,0,0,0,0,0,0,0,0,0,0,0,0,0,0,0,0,0,0,0,0,0,0,0,0,0,0,0,0,0,0,0,0,0,0
2018-11-13,0,0,0,0,0,0,0,0,0,0,0,0,0,0,0,0,0,0,0,0,0,0,0,0,0,0,0,0,0,0,0,0,0,0
2018-11-14,0,0,0,0,0,0,0,0,0,0,0,0,0,0,0,0,0,0,0,0,0,0,0,0,0,0,0,0,0,0,0,0,0,0
2018-11-15,0,0,0,0,0,0,0,0,0,0,0,0,0,0,0,0,0,0,0,0,0,0,0,0,0,0,0,0,0,0,0,0,0,0
2018-11-16,0,0,0,0,0,0,0,0,0,0,0,0,0,0,0,0,0,0,0,0,0,0,0,0,0,0,0,0,0,0,0,0,0,0
2018-11-17,0,0,0,0,0,0,0,0,0,0,0,0,0,0,0,0,0,0,0,0,0,0,0,0,0,0,0,0,0,0,0,0,0,0
2018-11-18,0,0,0,0,0,0,0,0,0,0,0,0,0,0,0,0,0,0,0,0,0,0,0,0,0,0,0,0,0,0,0,0,0,0
2018-11-19,0,0,0,0,0,0,0,0,0,0,0,0,0,0,0,0,0,0,0,0,0,0,0,0,0,0,0,0,0,0,0,0,0,0
2018-11-20,0,0,0,0,0,0,0,0,0,0,0,0,0,0,0,0,0,0,0,0,0,0,0,0,0,0,0,0,0,0,0,0,0,0
2018-11-21,0,0,0,0,0,0,0,0,0,0,0,0,0,0,0,0,0,0,0,0,0,0,0,0,0,0,0,0,0,0,0,0,0,0
2018-11-22,0,0,0,0,0,0,0,0,0,0,0,0,0,0,0,0,0,0,0,0,0,0,0,0,0,0,0,0,0,0,0,0,0,0
2018-11-23,0,0,0,0,0,0,0,0,0,0,0,0,0,0,0,0,0,0,0,0,0,0,0,0,0,0,0,0,0,0,0,0,0,0
2018-11-24,0,0,0,0,0,0,0,0,0,0,0,0,0,0,0,0,0,0,0,0,0,0,0,0,0,0,0,0,0,0,0,0,0,0
2018-11-25,0,0,0,0,0,0,0,0,0,0,0,0,0,0,0,0,0,0,0,0,0,0,0,0,0,0,0,0,0,0,0,0,0,0
2018-11-26,0,0,0,0,0,0,0,0,0,0,0,0,0,0,0,0,0,0,0,0,0,0,0,0,0,0,0,0,0,0,0,0,0,0
2018-11-27,0,0,0,0,0,0,0,0,0,0,0,0,0,0,0,0,0,0,0,0,0,0,0,0,0,0,0,0,0,0,0,0,0,0
2018-11-28,0,0,0,0,0,0,0,0,0,0,0,0,0,0,0,0,0,0,0,0,0,0,0,0,0,0,0,0,0,0,0,0,0,0
2018-11-29,0,0,0,0,0,0,0,0,0,0,0,0,0,0,0,0,0,0,0,0,0,0,0,0,0,0,0,0,0,0,0,0,0,0
2018-11-30,0,0,0,0,0,0,0,0,0,0,0,0,0,0,0,0,0,0,0,0,0,0,0,0,0,0,0,0,0,0,0,0,0,0
2018-12-01,0,0,0,0,0,0,0,0,0,0,0,0,0,0,0,0,0,0,0,0,0,0,0,0,0,0,0,0,0,0,0,0,0,0
2018-12-02,0,0,0,0,0,0,0,0,0,0,0,0,0,0,0,0,0,0,0,0,0,0,0,0,0,0,0,0,0,0,0,0,0,0
2018-12-03,0,0,0,0,0,0,0,0,0,0,0,0,0,0,0,0,0,0,0,0,0,0,0,0,0,0,0,0,0,0,0,0,0,0
2018-12-04,0,0,0,0,0,0,0,0,0,0,0,0,0,0,0,0,0,0,0,0,0,0,0,0,0,0,0,0,0,0,0,0,0,0
2018-12-05,0,0,0,0,0,0,0,0,0,0,0,0,0,0,0,0,0,0,0,0,0,0,0,0,0,0,0,0,0,0,0,0,0,0
2018-12-06,0,0,0,0,0,0,0,0,0,0,0,0,0,0,0,0,0,0,0,0,0,0,0,0,0,0,0,0,0,0,0,0,0,0
2018-12-07,0,0,0,0,0,0,0,0,0,0,0,0,0,0,0,0,0,0,0,0,0,0,0,0,0,0,0,0,0,0,0,0,0,0
2018-12-08,0,0,0,0,0,0,0,0,0,0,0,0,0,0,0,0,0,0,0,0,0,0,0,0,0,0,0,0,0,0,0,0,0,0
2018-12-09,0,0,0,0,0,0,0,0,0,0,0,0,0,0,0,0,0,0,0,0,0,0,0,0,0,0,0,0,0,0,0,0,0,0
2018-12-10,0,0,0,0,0,0,0,0,0,0,0,0,0,0,0,0,0,0,0,0,0,0,0,0,0,0,0,0,0,0,0,0,0,0
2018-12-11,0,0,0,0,0,0,0,0,0,0,0,0,0,0,0,0,0,0,0,0,0,0,0,0,0,0,0,0,0,0,0,0,0,0
2018-12-12,0,0,0,0,0,0,0,0,0,0,0,0,0,0,0,0,0,0,0,0,0,0,0,0,0,0,0,0,0,0,0,0,0,0
2018-12-13,0,0,0,0,0,0,0,0,0,0,0,0,0,0,0,0,0,0,0,0,0,0,0,0,0,0,0,0,0,0,0,0,0,0
2018-12-14,0,0,0,0,0,0,0,0,0,0,0,0,0,0,0,0,0,0,0,0,0,0,0,0,0,0,0,0,0,0,0,0,0,0
2018-12-15,0,0,0,0,0,0,0,0,0,0,0,0,0,0,0,0,0,0,0,0,0,0,0,0,0,0,0,0,0,0,0,0,0,0
2018-12-16,0,0,0,0,0,0,0,0,0,0,0,0,0,0,0,0,0,0,0,0,0,0,0,0,0,0,0,0,0,0,0,0,0,0
2018-12-17,0,0,0,0,0,0,0,0,0,0,0,0,0,0,0,0,0,0,0,0,0,0,0,0,0,0,0,0,0,0,0,0,0,0
2018-12-18,0,0,0,0,0,0,0,0,0,0,0,0,0,0,0,0,0,0,0,0,0,0,0,0,0,0,0,0,0,0,0,0,0,0
2018-12-19,0,0,0,0,0,0,0,0,0,0,0,0,0,0,0,0,0,0,0,0,0,0,0,0,0,0,0,0,0,0,0,0,0,0
2018-12-20,0,0,0,0,0,0,0,0,0,0,0,0,0,0,0,0,0,0,0,0,0,0,0,0,0,0,0,0,0,0,0,0,0,0
2018-12-21,0,0,0,0,0,0,0,0,0,0,0,0,0,0,0,0,0,0,0,0,0,0,0,0,0,0,0,0,0,0,0,0,0,0
2018-12-22,0,0,0,0,0,0,0,0,0,0,0,0,0,0,0,0,0,0,0,0,0,0,0,0,0,0,0,0,0,0,0,0,0,0
2018-12-23,0,0,0,0,0,0,0,0,0,0,0,0,0,0,0,0,0,0,0,0,0,0,0,0,0,0,0,0,0,0,0,0,0,0
2018-12-24,0,0,0,0,0,0,0,0,0,0,0,0,0,0,0,0,0,0,0,0,0,0,0,0,0,0,0,0,0,0,0,0,0,0
2018-12-25,0,0,0,0,0,0,0,0,0,0,0,0,0,0,0,0,0,0,0,0,0,0,0,0,0,0,0,0,0,0,0,0,0,0
2018-12-26,0,0,0,0,0,0,0,0,0,0,0,0,0,0,0,0,0,0,0,0,0,0,0,0,0,0,0,0,0,0,0,0,0,0
2018-12-27,0,0,0,0,0,0,0,0,0,0,0,0,0,0,0,0,0,0,0,0,0,0,0,0,0,0,0,0,0,0,0,0,0,0
2018-12-28,0,0,0,0,0,0,0,0,0,0,0,0,0,0,0,0,0,0,0,0,0,0,0,0,0,0,0,0,0,0,0,0,0,0
2018-12-29,0,0,0,0,0,0,0,0,0,0,0,0,0,0,0,0,0,0,0,0,0,0,0,0,0,0,0,0,0,0,0,0,0,0
2018-12-30,0,0,0,0,0,0,0,0,0,0,0,0,0,0,0,0,0,0,0,0,0,0,0,0,0,0,0,0,0,0,0,0,0,0
2018-12-31,0,0,0,0,0,0,0,0,0,0,0,0,0,0,0,0,0,0,0,0,0,0,0,0,0,0,0,0,0,0,0,0,0,0
2019-01-01,0,0,0,0,0,0,0,0,0,0,0,0,0,0,0,0,0,0,0,0,0,0,0,0,0,0,0,0,0,0,0,0,0,0
2019-01-02,0,0,0,0,0,0,0,0,0,0,0,0,0,0,0,0,0,0,0,0,0,0,0,0,0,0,0,0,0,0,0,0,0,0
2019-01-03,0,0,0,0,0,0,0,0,0,0,0,0,0,0,0,0,0,0,0,0,0,0,0,0,0,0,0,0,0,0,0,0,0,0
2019-01-04,0,0,0,0,0,0,0,0,0,0,0,0,0,0,0,0,0,0,0,0,0,0,0,0,0,0,0,0,0,0,0,0,0,0
2019-01-05,0,0,0,0,0,0,0,0,0,0,0,0,0,0,0,0,0,0,0,0,0,0,0,0,0,0,0,0,0,0,0,0,0,0
2019-01-06,0,0,0,0,0,0,0,0,0,0,0,0,0,0,0,0,0,0,0,0,0,0,0,0,0,0,0,0,0,0,0,0,0,0
2019-01-07,0,0,0,0,0,0,0,0,0,0,0,0,0,0,0,0,0,0,0,0,0,0,0,0,0,0,0,0,0,0,0,0,0,0
2019-01-08,0,0,0,0,0,0,0,0,0,0,0,0,0,0,0,0,0,0,0,0,0,0,0,0,0,0,0,0,0,0,0,0,0,0
2019-01-09,0,0,0,0,0,0,0,0,0,0,0,0,0,0,0,0,0,0,0,0,0,0,0,0,0,0,0,0,0,0,0,0,0,0
2019-01-10,0,0,0,0,0,0,0,0,0,0,0,0,0,0,0,0,0,0,0,0,0,0,0,0,0,0,0,0,0,0,0,0,0,0
2019-01-11,0,0,0,0,0,0,0,0,0,0,0,0,0,0,0,0,0,0,0,0,0,0,0,0,0,0,0,0,0,0,0,0,0,0
2019-01-12,0,0,0,0,0,0,0,0,0,0,0,0,0,0,0,0,0,0,0,0,0,0,0,0,0,0,0,0,0,0,0,0,0,0
2019-01-13,0,0,0,0,0,0,0,0,0,0,0,0,0,0,0,0,0,0,0,0,0,0,0,0,0,0,0,0,0,0,0,0,0,0
2019-01-14,0,0,0,0,0,0,0,0,0,0,0,0,0,0,0,0,0,0,0,0,0,0,0,0,0,0,0,0,0,0,0,0,0,0
2019-01-15,0,0,0,0,0,0,0,0,0,0,0,0,0,0,0,0,0,0,0,0,0,0,0,0,0,0,0,0,0,0,0,0,0,0
2019-01-16,0,0,0,0,0,0,0,0,0,0,0,0,0,0,0,0,0,0,0,0,0,0,0,0,0,0,0,0,0,0,0,0,0,0
2019-01-17,0,0,0,0,0,0,0,0,0,0,0,0,0,0,0,0,0,0,0,0,0,0,0,0,0,0,0,0,0,0,0,0,0,0
2019-01-18,0,0,0,0,0,0,0,0,0,0,0,0,0,0,0,0,0,0,0,0,0,0,0,0,0,0,0,0,0,0,0,0,0,0
2019-01-19,0,0,0,0,0,0,0,0,0,0,0,0,0,0,0,0,0,0,0,0,0,0,0,0,0,0,0,0,0,0,0,0,0,0
2019-01-20,0,0,0,0,0,0,0,0,0,0,0,0,0,0,0,0,0,0,0,0,0,0,0,0,0,0,0,0,0,0,0,0,0,0
2019-01-21,0,0,0,0,0,0,0,0,0,0,0,0,0,0,0,0,0,0,0,0,0,0,0,0,0,0,0,0,0,0,0,0,0,0
2019-01-22,0,0,0,0,0,0,0,0,0,0,0,0,0,0,0,0,0,0,0,0,0,0,0,0,0,0,0,0,0,0,0,0,0,0
2019-01-23,0,0,0,0,0,0,0,0,0,0,0,0,0,0,0,0,0,0,0,0,0,0,0,0,0,0,0,0,0,0,0,0,0,0
2019-01-24,0,0,0,0,0,0,0,0,0,0,0,0,0,0,0,0,0,0,0,0,0,0,0,0,0,0,0,0,0,0,0,0,0,0
2019-01-25,0,0,0,0,0,0,0,0,0,0,0,0,0,0,0,0,0,0,0,0,0,0,0,0,0,0,0,0,0,0,0,0,0,0
2019-01-26,0,0,0,0,0,0,0,0,0,0,0,0,0,0,0,0,0,0,0,0,0,0,0,0,0,0,0,0,0,0,0,0,0,0
2019-01-27,0,0,0,0,0,0,0,0,0,0,0,0,0,0,0,0,0,0,0,0,0,0,0,0,0,0,0,0,0,0,0,0,0,0
2019-01-28,0,0,0,0,0,0,0,0,0,0,0,0,0,0,0,0,0,0,0,0,0,0,0,0,0,0,0,0,0,0,0,0,0,0
2019-01-29,0,0,0,0,0,0,0,0,0,0,0,0,0,0,0,0,0,0,0,0,0,0,0,0,0,0,0,0,0,0,0,0,0,0
2019-01-30,0,0,0,0,0,0,0,0,0,0,0,0,0,0,0,0,0,0,0,0,0,0,0,0,0,0,0,0,0,0,0,0,0,0
2019-01-31,0,0,0,0,0,0,0,0,0,0,0,0,0,0,0,0,0,0,0,0,0,0,0,0,0,0,0,0,0,0,0,0,0,0
2019-02-01,0,0,0,0,0,0,0,0,0,0,0,0,0,0,0,0,0,0,0,0,0,0,0,0,0,0,0,0,0,0,0,0,0,0
2019-02-02,0,0,0,0,0,0,0,0,0,0,0,0,0,0,0,0,0,0,0,0,0,0,0,0,0,0,0,0,0,0,0,0,0,0
2019-02-03,0,0,0,0,0,0,0,0,0,0,0,0,0,0,0,0,0,0,0,0,0,0,0,0,0,0,0,0,0,0,0,0,0,0
2019-02-04,0,0,0,0,0,0,0,0,0,0,0,0,0,0,0,0,0,0,0,0,0,0,0,0,0,0,0,0,0,0,0,0,0,0
2019-02-05,0,0,0,0,0,0,0,0,0,0,0,0,0,0,0,0,0,0,0,0,0,0,0,0,0,0,0,0,0,0,0,0,0,0
2019-02-06,0,0,0,0,0,0,0,0,0,0,0,0,0,0,0,0,0,0,0,0,0,0,0,0,0,0,0,0,0,0,0,0,0,0
2019-02-07,0,0,0,0,0,0,0,0,0,0,0,0,0,0,0,0,0,0,0,0,0,0,0,0,0,0,0,0,0,0,0,0,0,0
2019-02-08,0,0,0,0,0,0,0,0,0,0,0,0,0,0,0,0,0,0,0,0,0,0,0,0,0,0,0,0,0,0,0,0,0,0
2019-02-09,0,0,0,0,0,0,0,0,0,0,0,0,0,0,0,0,0,0,0,0,0,0,0,0,0,0,0,0,0,0,0,0,0,0
2019-02-10,0,0,0,0,0,0,0,0,0,0,0,0,0,0,0,0,0,0,0,0,0,0,0,0,0,0,0,0,0,0,0,0,0,0
2019-02-11,0,0,0,0,0,0,0,0,0,0,0,0,0,0,0,0,0,0,0,0,0,0,0,0,0,0,0,0,0,0,0,0,0,0
2019-02-12,0,0,0,0,0,0,0,0,0,0,0,0,0,0,0,0,0,0,0,0,0,0,0,0,0,0,0,0,0,0,0,0,0,0
2019-02-13,0,0,0,0,0,0,0,0,0,0,0,0,0,0,0,0,0,0,0,0,0,0,0,0,0,0,0,0,0,0,0,0,0,0
2019-02-14,0,0,0,0,0,0,0,0,0,0,0,0,0,0,0,0,0,0,0,0,0,0,0,0,0,0,0,0,0,0,0,0,0,0
2019-02-15,0,0,0,0,0,0,0,0,0,0,0,0,0,0,0,0,0,0,0,0,0,0,0,0,0,0,0,0,0,0,0,0,0,0
2019-02-16,0,0,0,0,0,0,0,0,0,0,0,0,0,0,0,0,0,0,0,0,0,0,0,0,0,0,0,0,0,0,0,0,0,0
2019-02-17,0,0,0,0,0,0,0,0,0,0,0,0,0,0,0,0,0,0,0,0,0,0,0,0,0,0,0,0,0,0,0,0,0,0
2019-02-18,0,0,0,0,0,0,0,0,0,0,0,0,0,0,0,0,0,0,0,0,0,0,0,0,0,0,0,0,0,0,0,0,0,0
2019-02-19,0,0,0,0,0,0,0,0,0,0,0,0,0,0,0,0,0,0,0,0,0,0,0,0,0,0,0,0,0,0,0,0,0,0
2019-02-20,0,0,0,0,0,0,0,0,0,0,0,0,0,0,0,0,0,0,0,0,0,0,0,0,0,0,0,0,0,0,0,0,0,0
2019-02-21,0,0,0,0,0,0,0,0,0,0,0,0,0,0,0,0,0,0,0,0,0,0,0,0,0,0,0,0,0,0,0,0,0,0
2019-02-22,0,0,0,0,0,0,0,0,0,0,0,0,0,0,0,0,0,0,0,0,0,0,0,0,0,0,0,0,0,0,0,0,0,0
2019-02-23,0,0,0,0,0,0,0,0,0,0,0,0,0,0,0,0,0,0,0,0,0,0,0,0,0,0,0,0,0,0,0,0,0,0
2019-02-24,0,0,0,0,0,0,0,0,0,0,0,0,0,0,0,0,0,0,0,0,0,0,0,0,0,0,0,0,0,0,0,0,0,0
2019-02-25,0,0,0,0,0,0,0,0,0,0,0,0,0,0,0,0,0,0,0,0,0,0,0,0,0,0,0,0,0,0,0,0,0,0
2019-02-26,0,0,0,0,0,0,0,0,0,0,0,0,0,0,0,0,0,0,0,0,0,0,0,0,0,0,0,0,0,0,0,0,0,0
2019-02-27,0,0,0,0,0,0,0,0,0,0,0,0,0,0,0,0,0,0,0,0,0,0,0,0,0,0,0,0,0,0,0,0,0,0
2019-02-28,0,0,0,0,0,0,0,0,0,0,0,0,0,0,0,0,0,0,0,0,0,0,0,0,0,0,0,0,0,0,0,0,0,0
2019-03-01,0,0,0,0,0,0,0,0,0,0,0,0,0,0,0,0,0,0,0,0,0,0,0,0,0,0,0,0,0,0,0,0,0,0
2019-03-02,0,0,0,0,0,0,0,0,0,0,0,0,0,0,0,0,0,0,0,0,0,0,0,0,0,0,0,0,0,0,0,0,0,0
2019-03-03,0,0,0,0,0,0,0,0,0,0,0,0,0,0,0,0,0,0,0,0,0,0,0,0,0,0,0,0,0,0,0,0,0,0
2019-03-04,0,0,0,0,0,0,0,0,0,0,0,0,0,0,0,0,0,0,0,0,0,0,0,0,0,0,0,0,0,0,0,0,0,0
2019-03-05,0,0,0,0,0,0,0,0,0,0,0,0,0,0,0,0,0,0,0,0,0,0,0,0,0,0,0,0,0,0,0,0,0,0
2019-03-06,0,0,0,0,0,0,0,0,0,0,0,0,0,0,0,0,0,0,0,0,0,0,0,0,0,0,0,0,0,0,0,0,0,0
2019-03-07,0,0,0,0,0,0,0,0,0,0,0,0,0,0,0,0,0,0,0,0,0,0,0,0,0,0,0,0,0,0,0,0,0,0
2019-03-08,0,0,0,0,0,0,0,0,0,0,0,0,0,0,0,0,0,0,0,0,0,0,0,0,0,0,0,0,0,0,0,0,0,0
2019-03-09,0,0,0,0,0,0,0,0,0,0,0,0,0,0,0,0,0,0,0,0,0,0,0,0,0,0,0,0,0,0,0,0,0,0
2019-03-10,0,0,0,0,0,0,0,0,0,0,0,0,0,0,0,0,0,0,0,0,0,0,0,0,0,0,0,0,0,0,0,0,0,0
2019-03-11,0,0,0,0,0,0,0,0,0,0,0,0,0,0,0,0,0,0,0,0,0,0,0,0,0,0,0,0,0,0,0,0,0,0
2019-03-12,0,0,0,0,0,0,0,0,0,0,0,0,0,0,0,0,0,0,0,0,0,0,0,0,0,0,0,0,0,0,0,0,0,0
2019-03-13,0,0,0,0,0,0,0,0,0,0,0,0,0,0,0,0,0,0,0,0,0,0,0,0,0,0,0,0,0,0,0,0,0,0
2019-03-14,0,0,0,0,0,0,0,0,0,0,0,0,0,0,0,0,0,0,0,0,0,0,0,0,0,0,0,0,0,0,0,0,0,0
2019-03-15,0,0,0,0,0,0,0,0,0,0,0,0,0,0,0,0,0,0,0,0,0,0,0,0,0,0,0,0,0,0,0,0,0,0
2019-03-16,0,0,0,0,0,0,0,0,0,0,0,0,0,0,0,0,0,0,0,0,0,0,0,0,0,0,0,0,0,0,0,0,0,0
2019-03-17,0,0,0,0,0,0,0,0,0,0,0,0,0,0,0,0,0,0,0,0,0,0,0,0,0,0,0,0,0,0,0,0,0,0
2019-03-18,0,0,0,0,0,0,0,0,0,0,0,0,0,0,0,0,0,0,0,0,0,0,0,0,0,0,0,0,0,0,0,0,0,0
2019-03-19,0,0,0,0,0,0,0,0,0,0,0,0,0,0,0,0,0,0,0,0,0,0,0,0,0,0,0,0,0,0,0,0,0,0
2019-03-20,0,0,0,0,0,0,0,0,0,0,0,0,0,0,0,0,0,0,0,0,0,0,0,0,0,0,0,0,0,0,0,0,0,0
2019-03-21,0,0,0,0,0,0,0,0,0,0,0,0,0,0,0,0,0,0,0,0,0,0,0,0,0,0,0,0,0,0,0,0,0,0
2019-03-22,0,0,0,0,0,0,0,0,0,0,0,0,0,0,0,0,0,0,0,0,0,0,0,0,0,0,0,0,0,0,0,0,0,0
2019-03-23,0,0,0,0,0,0,0,0,0,0,0,0,0,0,0,0,0,0,0,0,0,0,0,0,0,0,0,0,0,0,0,0,0,0
2019-03-24,0,0,0,0,0,0,0,0,0,0,0,0,0,0,0,0,0,0,0,0,0,0,0,0,0,0,0,0,0,0,0,0,0,0
2019-03-25,0,0,0,0,0,0,0,0,0,0,0,0,0,0,0,0,0,0,0,0,0,0,0,0,0,0,0,0,0,0,0,0,0,0
2019-03-26,0,0,0,0,0,0,0,0,0,0,0,0,0,0,0,0,0,0,0,0,0,0,0,0,0,0,0,0,0,0,0,0,0,0
2019-03-27,0,0,0,0,0,0,0,0,0,0,0,0,0,0,0,0,0,0,0,0,0,0,0,0,0,0,0,0,0,0,0,0,0,0
2019-03-28,0,0,0,0,0,0,0,0,0,0,0,0,0,0,0,0,0,0,0,0,0,0,0,0,0,0,0,0,0,0,0,0,0,0
2019-03-29,0,0,0,0,0,0,0,0,0,0,0,0,0,0,0,0,0,0,0,0,0,0,0,0,0,0,0,0,0,0,0,0,0,0
2019-03-30,0,0,0,0,0,0,0,0,0,0,0,0,0,0,0,0,0,0,0,0,0,0,0,0,0,0,0,0,0,0,0,0,0,0
2019-03-31,0,0,0,0,0,0,0,0,0,0,0,0,0,0,0,0,0,0,0,0,0,0,0,0,0,0,0,0,0,0,0,0,0,0
2019-04-01,0,0,0,0,0,0,0,0,0,0,0,0,0,0,0,0,0,0,0,0,0,0,0,0,0,0,0,0,0,0,0,0,0,0
2019-04-02,0,0,0,0,0,0,0,0,0,0,0,0,0,0,0,0,0,0,0,0,0,0,0,0,0,0,0,0,0,0,0,0,0,0
2019-04-03,0,0,0,0,0,0,0,0,0,0,0,0,0,0,0,0,0,0,0,0,0,0,0,0,0,0,0,0,0,0,0,0,0,0
2019-04-04,0,0,0,0,0,0,0,0,0,0,0,0,0,0,0,0,0,0,0,0,0,0,0,0,0,0,0,0,0,0,0,0,0,0
2019-04-05,0,0,0,0,0,0,0,0,0,0,0,0,0,0,0,0,0,0,0,0,0,0,0,0,0,0,0,0,0,0,0,0,0,0
2019-04-06,0,0,0,0,0,0,0,0,0,0,0,0,0,0,0,0,0,0,0,0,0,0,0,0,0,0,0,0,0,0,0,0,0,0
2019-04-07,0,0,0,0,0,0,0,0,0,0,0,0,0,0,0,0,0,0,0,0,0,0,0,0,0,0,0,0,0,0,0,0,0,0
2019-04-08,0,0,0,0,0,0,0,0,0,0,0,0,0,0,0,0,0,0,0,0,0,0,0,0,0,0,0,0,0,0,0,0,0,0
2019-04-09,0,0,0,0,0,0,0,0,0,0,0,0,0,0,0,0,0,0,0,0,0,0,0,0,0,0,0,0,0,0,0,0,0,0
2019-04-10,0,0,0,0,0,0,0,0,0,0,0,0,0,0,0,0,0,0,0,0,0,0,0,0,0,0,0,0,0,0,0,0,0,0
2019-04-11,0,0,0,0,0,0,0,0,0,0,0,0,0,0,0,0,0,0,0,0,0,0,0,0,0,0,0,0,0,0,0,0,0,0
2019-04-12,0,0,0,0,0,0,0,0,0,0,0,0,0,0,0,0,0,0,0,0,0,0,0,0,0,0,0,0,0,0,0,0,0,0
2019-04-13,0,0,0,0,0,0,0,0,0,0,0,0,0,0,0,0,0,0,0,0,0,0,0,0,0,0,0,0,0,0,0,0,0,0
2019-04-14,0,0,0,0,0,0,0,0,0,0,0,0,0,0,0,0,0,0,0,0,0,0,0,0,0,0,0,0,0,0,0,0,0,0
2019-04-15,0,0,0,0,0,0,0,0,0,0,0,0,0,0,0,0,0,0,0,0,0,0,0,0,0,0,0,0,0,0,0,0,0,0
2019-04-16,0,0,0,0,0,0,0,0,0,0,0,0,0,0,0,0,0,0,0,0,0,0,0,0,0,0,0,0,0,0,0,0,0,0
2019-04-17,0,0,0,0,0,0,0,0,0,0,0,0,0,0,0,0,0,0,0,0,0,0,0,0,0,0,0,0,0,0,0,0,0,0
2019-04-18,0,0,0,0,0,0,0,0,0,0,0,0,0,0,0,0,0,0,0,0,0,0,0,0,0,0,0,0,0,0,0,0,0,0
2019-04-19,0,0,0,0,0,0,0,0,0,0,0,0,0,0,0,0,0,0,0,0,0,0,0,0,0,0,0,0,0,0,0,0,0,0
2019-04-20,0,0,0,0,0,0,0,0,0,0,0,0,0,0,0,0,0,0,0,0,0,0,0,0,0,0,0,0,0,0,0,0,0,0
2019-04-21,0,0,0,0,0,0,0,0,0,0,0,0,0,0,0,0,0,0,0,0,0,0,0,0,0,0,0,0,0,0,0,0,0,0
2019-04-22,0,0,0,0,0,0,0,0,0,0,0,0,0,0,0,0,0,0,0,0,0,0,0,0,0,0,0,0,0,0,0,0,0,0
2019-04-23,0,0,0,0,0,0,0,0,0,0,0,0,0,0,0,0,0,0,0,0,0,0,0,0,0,0,0,0,0,0,0,0,0,0
2019-04-24,0,0,0,0,0,0,0,0,0,0,0,0,0,0,0,0,0,0,0,0,0,0,0,0,0,0,0,0,0,0,0,0,0,0
2019-04-25,0,0,0,0,0,0,0,0,0,0,0,0,0,0,0,0,0,0,0,0,0,0,0,0,0,0,0,0,0,0,0,0,0,0
2019-04-26,0,0,0,0,0,0,0,0,0,0,0,0,0,0,0,0,0,0,0,0,0,0,0,0,0,0,0,0,0,1,0,0,0,0
2019-04-27,0,0,0,0,0,0,0,0,0,0,0,0,0,0,0,0,0,0,0,0,0,0,0,0,0,0,0,0,0,0,0,0,0,0
2019-04-28,0,0,0,0,0,0,0,0,0,0,0,0,0,0,0,0,0,0,0,0,0,0,0,0,0,0,0,0,0,0,0,0,0,0
2019-04-29,0,0,0,0,0,0,0,0,0,0,0,0,0,0,0,0,0,0,0,0,0,0,0,0,0,0,0,0,0,0,0,0,0,0
2019-04-30,0,0,0,0,0,0,0,0,0,0,0,0,0,0,0,0,0,0,0,0,0,0,0,0,0,0,0,0,0,0,0,0,0,0
2019-05-01,0,0,0,0,0,0,0,0,0,0,0,0,0,0,0,0,0,0,0,0,0,0,0,0,0,0,0,0,0,0,0,0,0,0
2019-05-02,0,0,0,0,0,0,0,0,0,0,0,0,0,0,0,0,0,0,0,0,0,0,0,0,0,0,0,0,0,0,0,0,0,0
2019-05-03,0,0,0,0,0,0,0,0,0,0,0,0,0,0,0,0,0,0,0,0,0,0,0,0,0,0,0,0,0,0,0,0,0,0
2019-05-04,0,0,0,0,0,0,0,0,0,0,0,0,0,0,0,0,0,0,0,0,0,0,0,0,0,0,0,0,0,0,0,0,0,0
2019-05-05,0,0,0,0,0,0,0,0,0,0,0,0,0,0,0,0,0,0,0,0,0,0,0,0,0,0,0,0,0,0,0,0,0,0
2019-05-06,0,0,0,0,0,0,0,0,0,0,0,0,0,0,0,0,0,0,0,0,0,0,0,0,0,0,0,0,0,0,0,0,0,0
2019-05-07,0,0,0,0,0,0,0,0,0,0,0,0,0,0,0,0,0,0,0,0,0,0,0,0,0,0,0,0,0,0,0,0,0,0
2019-05-08,0,0,0,0,0,0,0,0,0,0,0,0,0,0,0,0,0,0,0,0,0,0,0,0,0,0,0,0,0,0,0,0,0,0
2019-05-09,0,0,0,0,0,0,0,0,0,0,1,0,0,0,0,0,0,0,0,0,0,0,0,0,0,0,0,0,0,0,0,0,0,0
2019-05-10,0,0,0,0,0,0,0,0,0,0,14,0,0,0,0,0,0,0,0,0,0,0,0,0,0,0,0,0,0,0,0,0,0,0
2019-05-11,0,0,0,0,0,0,0,0,0,0,40,0,0,0,0,0,0,0,0,0,0,0,0,0,0,0,0,0,0,0,0,0,0,0
2019-05-12,0,0,0,0,0,0,0,0,0,0,126,0,0,0,0,0,0,0,0,0,0,0,0,0,0,0,0,95,0,0,0,0,0,0
2019-05-13,0,0,0,0,0,0,0,0,0,0,118,0,0,0,0,0,0,0,0,0,0,0,0,0,0,0,0,118,0,0,0,0,0,0
2019-05-14,0,0,0,0,0,0,0,0,0,0,57,0,0,0,0,0,0,0,0,0,0,0,0,0,0,0,0,54,0,0,0,0,0,0
2019-05-15,0,0,0,0,0,0,0,0,0,0,148,0,0,0,0,0,0,0,0,0,0,0,0,0,0,0,0,16,0,0,0,0,0,0
2019-05-16,0,0,0,0,0,0,0,0,0,0,13,0,0,0,0,0,0,0,0,0,0,0,0,0,0,0,0,0,0,0,0,0,0,0
2019-05-17,0,0,0,0,0,0,0,0,0,0,0,0,0,0,0,0,0,0,0,0,0,0,0,0,0,0,0,0,0,0,0,0,0,0
2019-05-18,0,0,0,0,0,0,0,0,0,0,0,0,0,0,0,0,0,0,0,0,0,0,0,0,0,0,0,0,0,0,0,0,0,0
2019-05-19,0,0,0,0,0,0,0,0,0,0,0,0,0,0,0,0,0,0,0,0,0,0,0,0,0,0,0,0,0,0,0,0,0,0
2019-05-20,0,0,0,0,0,0,0,0,0,0,0,0,0,0,0,0,0,0,0,0,0,0,0,0,0,0,0,0,0,0,0,0,0,0
2019-05-21,0,0,0,0,0,0,0,0,0,0,0,0,0,0,1,0,0,0,0,0,0,0,0,0,0,0,0,0,0,0,0,0,0,0
2019-05-22,0,0,0,0,0,0,0,0,0,0,1,0,0,0,0,0,0,0,0,0,0,0,0,0,0,0,0,0,0,0,0,0,0,0
2019-05-23,0,0,0,0,0,0,0,0,0,0,36,0,0,0,0,0,0,0,0,0,0,0,0,0,0,0,0,0,0,0,0,0,0,0
2019-05-24,0,0,0,0,0,0,0,0,0,0,7,0,0,0,0,0,0,0,0,0,0,0,0,0,0,0,0,0,0,0,0,0,0,0
2019-05-25,0,0,0,0,0,0,0,0,0,0,14,0,0,0,0,0,0,0,0,0,0,0,0,0,0,0,0,0,0,0,0,0,0,0
2019-05-26,0,0,0,0,0,0,0,0,0,0,40,0,0,0,0,0,0,0,0,0,0,0,0,0,0,0,0,45,0,0,0,0,0,0
2019-05-27,0,0,0,0,0,0,0,0,0,0,155,0,0,0,0,0,0,0,0,0,0,0,0,0,0,0,0,17,0,0,0,0,0,0
2019-05-28,0,0,0,0,0,0,0,0,0,0,162,0,0,0,1,0,0,0,0,0,0,0,0,0,0,0,0,13,1,0,0,0,0,0
2019-05-29,0,0,0,0,0,0,0,0,0,0,139,0,0,0,2,0,0,0,0,0,0,0,0,0,0,0,0,110,0,0,0,0,0,0
2019-05-30,0,0,0,0,0,0,0,0,0,0,175,0,0,0,11,0,0,0,0,0,0,0,0,0,0,0,0,175,1,0,0,0,0,0
2019-05-31,0,0,0,0,0,0,0,0,0,0,349,0,0,0,2,0,0,0,0,0,0,0,0,0,0,0,0,208,0,0,0,0,0,0
2019-06-01,0,0,0,0,0,0,0,0,0,0,559,0,23,0,0,0,0,0,0,0,0,0,0,0,0,0,0,225,0,0,0,0,0,0
2019-06-02,0,0,0,4,0,0,0,47,0,0,631,0,147,0,0,0,0,0,4,0,0,0,0,0,15,0,0,148,0,0,0,0,0,0
2019-06-03,0,0,0,0,0,0,0,136,0,0,591,0,0,0,0,0,0,0,34,0,0,0,0,0,0,0,84,29,0,0,0,0,0,0
2019-06-04,0,0,0,0,0,0,0,32,0,0,108,0,10,0,0,0,0,0,40,0,0,0,0,0,0,0,63,0,0,0,0,0,0,0
2019-06-05,0,0,0,0,0,0,4,342,0,0,1,0,1,0,0,0,0,0,16,9,0,0,0,0,0,0,172,0,0,0,0,0,0,0
2019-06-06,0,0,0,0,0,0,0,0,0,24,0,51,0,0,1,0,0,0,2,4,0,25,0,0,0,0,27,0,0,0,19,0,0,0
2019-06-07,0,0,3,0,4,0,0,0,0,23,0,153,0,0,61,7,0,0,60,0,0,8,0,15,0,0,0,0,22,35,0,0,0,0
2019-06-08,19,0,11,0,54,0,0,0,0,27,2,21,0,0,202,25,42,0,236,0,0,5,2,28,0,0,0,0,86,88,0,1,1,0
2019-06-09,30,0,8,0,12,0,0,0,0,0,9,0,2,0,300,20,88,0,367,0,0,0,6,29,0,0,0,0,48,39,0,0,1,1
2019-06-10,23,23,18,0,0,0,20,2,0,0,6,0,0,0,92,87,249,0,404,0,0,0,5,8,0,0,220,0,98,84,0,9,41,0
2019-06-11,11,62,22,0,1,0,122,14,0,0,0,0,0,0,50,115,261,0,345,136,0,2,3,5,0,0,1187,0,150,63,0,14,69,0
2019-06-12,18,66,35,0,28,0,104,21,0,0,0,0,0,0,102,126,306,0,372,282,0,13,4,17,0,0,1366,0,261,92,0,18,70,0
2019-06-13,30,43,70,0,126,0,23,0,0,0,0,0,0,0,271,134,433,0,198,169,0,10,5,54,0,0,574,0,362,251,0,16,109,17
2019-06-14,26,75,33,0,118,0,35,28,0,0,3,0,1,0,350,97,366,0,484,13,0,0,7,48,0,0,240,0,374,204,0,12,110,3
2019-06-15,44,80,36,0,77,0,113,130,0,0,6,0,0,0,337,125,432,0,549,0,0,0,12,48,0,0,826,0,314,185,0,15,132,6
2019-06-16,23,2,16,0,79,0,0,0,0,0,4,0,0,0,196,88,262,0,339,0,0,0,7,19,0,0,113,0,314,171,0,7,39,1
2019-06-17,12,0,3,0,69,0,0,0,0,0,164,0,3,0,173,19,1,0,261,0,0,0,6,2,0,0,0,0,258,9,0,0,0,0
2019-06-18,13,2,1,0,42,0,0,20,0,0,267,0,119,0,169,12,13,0,247,0,0,0,4,1,0,0,0,0,137,5,0,0,2,0
2019-06-19,11,1,6,0,30,0,2,179,0,0,152,0,6,0,123,23,23,0,255,0,0,0,3,4,0,0,151,0,147,21,0,0,1,0
2019-06-20,12,0,6,0,21,0,0,0,0,0,85,0,4,0,147,36,15,0,270,1,0,5,3,2,0,0,57,0,115,23,0,1,0,0
2019-06-21,20,2,11,0,45,0,0,0,0,0,91,0,5,0,233,58,18,0,417,0,0,0,5,11,0,0,0,0,127,33,0,1,1,0
2019-06-22,44,0,11,0,133,0,0,0,0,0,323,0,10,0,365,27,21,0,388,0,0,0,8,31,0,0,0,2,228,81,0,0,0,2
2019-06-23,35,0,3,0,196,0,0,4,0,0,698,0,68,0,399,8,5,0,347,0,0,0,5,37,1,0,0,0,260,8,0,0,0,3
2019-06-24,10,2,1,54,71,0,0,207,0,0,564,0,599,0,321,23,66,0,527,0,1,0,3,4,98,0,2,0,108,0,0,2,15,0
2019-06-25,38,55,18,108,26,26,82,1179,0,0,861,0,1166,0,309,105,316,0,821,0,8,0,10,12,167,0,533,10,228,75,0,21,84,0
2019-06-26,59,184,72,12,92,67,413,1583,0,0,1421,0,2485,0,332,220,500,0,1093,106,9,0,18,25,1,0,1993,2,398,185,0,56,167,3
2019-06-27,62,170,80,0,196,82,86,339,0,0,2087,0,3019,0,387,253,448,0,1447,0,1,0,15,45,0,0,78,0,397,222,0,88,105,13
2019-06-28,52,0,19,0,46,26,0,8,0,0,2605,0,2168,0,432,90,1,0,1455,0,0,0,13,25,0,0,0,69,46,18,0,18,0,1
2019-06-29,41,0,4,50,0,7,0,109,0,0,2907,0,2269,0,227,27,0,0,980,0,1,0,6,5,25,0,0,121,0,0,0,3,0,0
2019-06-30,23,100,4,4,1,60,200,1357,0,0,2295,0,1236,0,117,39,102,0,887,0,3,0,6,4,4,0,1144,36,12,21,10,7,38,0
2019-07-01,29,95,74,0,90,39,122,219,0,0,1275,0,388,0,200,173,411,0,859,0,0,0,9,35,0,0,630,4,468,169,0,41,117,9
2019-07-02,51,3,77,0,246,0,0,0,0,0,916,0,206,0,310,146,339,0,947,0,0,0,14,85,0,0,0,8,779,295,0,5,29,30
2019-07-03,72,0,31,0,268,0,0,0,0,0,1017,0,368,0,408,95,76,0,918,0,0,0,18,85,0,0,0,9,231,132,0,1,0,16
2019-07-04,52,0,10,0,114,0,0,0,0,0,964,0,709,0,490,34,0,0,776,0,0,0,10,33,0,0,0,0,100,26,0,0,0,3
2019-07-05,33,1,8,0,38,0,0,0,0,0,1206,0,1178,0,406,37,7,0,931,0,0,0,8,24,0,0,0,0,79,27,0,1,0,0
2019-07-06,42,45,51,0,86,0,9,16,0,0,1365,0,851,0,393,156,184,0,1033,0,0,0,10,39,0,0,0,0,144,133,0,17,30,6
2019-07-07,60,1,27,0,213,0,0,0,0,0,1203,0,420,0,447,48,41,0,1008,0,0,0,11,64,0,0,0,0,254,116,0,0,7,17
2019-07-08,61,0,10,0,96,0,0,0,0,0,292,0,331,0,538,26,0,0,1062,0,0,0,11,46,0,0,0,0,34,0,0,0,0,2
2019-07-09,52,0,3,0,49,0,0,0,0,0,225,0,114,0,522,8,0,0,852,0,0,0,6,40,0,0,0,2,0,0,0,0,0,0
2019-07-10,15,0,0,0,0,0,0,0,0,0,853,0,122,0,397,0,0,0,431,0,0,0,0,0,0,0,0,198,0,0,0,0,0,0
2019-07-11,0,0,0,0,0,0,0,0,0,0,1910,0,163,0,85,0,0,0,201,0,0,0,0,0,0,0,0,390,0,0,0,0,0,0
2019-07-12,1,0,0,0,0,0,0,0,0,0,2304,0,242,0,39,0,0,0,272,0,0,0,0,0,0,0,0,220,0,0,0,0,0,0
2019-07-13,1,0,0,0,0,0,0,0,0,0,1525,0,217,0,74,0,0,0,321,0,0,0,0,0,0,0,0,11,0,0,0,0,0,0
2019-07-14,0,0,0,0,0,0,0,0,0,0,898,0,166,0,57,0,0,0,237,0,0,0,0,0,0,0,0,28,0,0,0,0,0,0
2019-07-15,0,0,0,0,0,0,0,0,0,0,1256,0,39,0,19,0,0,0,92,0,0,0,1,0,0,0,0,36,0,0,0,0,0,0
2019-07-16,0,0,0,0,0,0,0,0,0,0,1168,0,60,0,30,5,0,0,73,0,0,0,0,0,0,0,0,22,0,0,0,0,0,0
2019-07-17,1,0,0,0,0,0,0,0,0,0,781,0,106,0,33,4,0,0,156,0,0,0,1,0,0,0,0,12,2,0,0,0,0,0
2019-07-18,2,0,0,0,3,0,0,0,0,0,1128,0,86,0,94,5,0,0,119,0,0,0,1,0,0,0,0,73,4,5,0,0,0,0
2019-07-19,4,0,1,0,17,0,0,0,0,0,1868,0,97,0,113,11,0,0,223,0,0,0,2,3,0,0,0,159,28,11,0,0,0,0
2019-07-20,7,27,8,0,33,0,20,46,0,0,2199,0,268,0,167,65,132,0,421,0,0,0,4,13,0,0,13,115,95,69,0,6,27,0
2019-07-21,13,8,31,0,110,0,0,1,0,0,2177,0,432,0,267,100,181,0,658,0,0,0,5,32,0,0,0,129,296,162,0,8,10,5
2019-07-22,35,13,28,0,198,2,1,7,0,0,2561,0,1339,0,390,113,112,0,875,0,0,0,8,41,0,0,0,256,275,96,0,14,12,2
2019-07-23,48,66,33,97,53,23,58,532,0,0,2453,0,3267,26,409,157,125,0,1074,0,7,0,9,35,60,0,4,188,33,94,0,40,27,3
2019-07-24,44,85,37,218,5,65,114,1669,0,0,2556,0,3500,59,303,176,82,0,1240,0,17,0,10,21,210,0,45,179,12,50,0,57,30,0
2019-07-25,39,147,47,288,39,66,227,2319,26,0,2125,0,3961,299,211,220,237,0,1359,0,23,0,10,21,275,1,222,34,114,105,105,70,51,3
2019-07-26,28,153,18,143,132,40,200,1501,12,0,842,81,1019,0,272,121,216,0,1221,0,12,0,7,44,247,34,70,0,263,152,492,37,61,8
2019-07-27,34,1,66,0,174,0,3,160,0,41,267,518,23,0,324,156,55,0,619,0,0,2,7,47,46,153,0,0,423,204,382,16,0,11
2019-07-28,27,0,0,0,165,0,1,146,0,37,364,96,8,0,377,5,55,0,264,19,0,47,1,52,0,129,545,4,520,114,77,0,1,6
2019-07-29,5,0,0,0,31,0,15,133,0,0,768,0,23,0,330,4,10,0,380,28,0,0,0,22,0,13,764,1,59,0,6,0,5,0
2019-07-30,8,11,9,0,72,0,13,38,0,0,715,0,56,0,334,86,189,0,476,0,0,0,1,18,1,0,125,1,261,70,0,10,21,0
2019-07-31,25,15,42,0,259,0,1,0,0,0,832,0,46,0,424,142,266,0,622,0,0,0,6,34,0,0,0,37,437,149,0,12,29,3
2019-08-01,48,2,22,0,137,0,0,0,0,0,1170,0,42,0,608,76,76,0,787,0,0,0,10,59,0,0,0,37,99,103,0,4,5,9
2019-08-02,48,0,9,0,164,0,0,0,0,0,1374,0,123,0,600,23,0,0,669,0,0,0,7,75,0,0,0,24,152,63,0,0,0,11
2019-08-03,32,0,1,0,69,0,0,0,0,0,1630,0,195,0,539,9,0,0,523,0,0,0,5,41,0,0,0,51,25,0,0,0,0,0
2019-08-04,16,0,0,0,6,0,0,0,0,0,1723,0,341,0,375,8,0,0,428,0,0,0,4,4,0,0,0,33,0,0,0,0,0,0
2019-08-05,14,0,0,0,2,0,0,5,0,0,1699,0,340,0,221,10,0,0,585,0,0,0,3,1,0,0,0,26,0,0,0,0,0,0
2019-08-06,12,2,10,0,12,0,0,0,0,0,1742,0,280,0,200,70,53,0,733,0,0,0,4,7,0,0,0,32,15,40,0,3,5,0
2019-08-07,32,17,59,0,85,0,3,0,0,0,1115,0,122,0,305,165,248,0,785,0,0,0,7,45,0,0,0,9,291,195,0,17,29,12
2019-08-08,52,0,42,0,205,0,0,0,0,0,1682,0,550,0,405,90,42,0,825,0,0,0,9,77,0,0,0,42,477,244,0,1,0,24
2019-08-09,60,9,37,0,215,1,1,8,0,0,1557,0,766,0,533,103,116,0,956,0,0,0,13,81,0,0,0,4,301,150,0,3,12,22
2019-08-10,89,43,110,0,309,0,3,3,0,0,1220,0,177,0,696,216,372,0,1214,0,0,0,17,116,0,0,2,2,386,218,0,40,64,33
2019-08-11,124,7,132,0,271,0,0,0,0,0,790,0,133,0,656,188,344,0,1342,0,0,0,29,133,0,0,2,0,634,283,0,13,31,41
2019-08-12,146,24,208,0,245,0,2,0,0,0,316,0,73,0,573,282,535,0,1293,0,0,0,42,134,0,0,56,0,878,402,0,43,93,46
2019-08-13,127,0,70,0,198,0,0,0,0,0,409,0,24,0,510,101,208,0,1023,0,0,0,30,137,0,0,0,26,822,333,0,1,2,50
2019-08-14,55,0,3,0,115,0,0,0,0,0,854,0,21,0,457,8,0,0,404,0,0,0,6,56,0,0,0,96,300,0,0,0,0,0
2019-08-15,18,0,0,0,65,0,0,0,0,0,1411,0,36,0,330,3,0,0,233,0,0,0,3,0,0,0,0,196,20,0,0,0,0,0
2019-08-16,9,0,0,0,4,0,0,0,0,0,1589,0,26,0,195,3,0,0,219,0,0,0,2,0,0,0,0,146,0,0,0,0,0,0
2019-08-17,6,0,0,0,0,0,0,0,0,0,1990,0,50,0,127,3,0,0,224,0,0,0,2,0,0,0,0,109,0,0,0,0,0,0
2019-08-18,9,45,0,0,4,0,23,22,0,0,1519,0,124,0,115,18,31,0,424,0,0,0,3,2,0,0,12,20,14,6,0,1,22,0
2019-08-19,15,22,28,0,36,0,9,0,0,0,922,0,37,0,175,95,204,0,592,0,0,0,5,16,0,0,87,4,153,107,0,6,44,3
2019-08-20,36,20,66,0,52,0,1,0,0,0,602,0,29,0,228,143,337,0,730,0,0,0,10,36,0,0,0,19,347,198,0,9,60,11
2019-08-21,42,0,34,0,149,0,0,0,0,0,561,0,23,0,287,62,152,0,715,0,0,0,11,41,0,0,0,129,515,207,0,1,1,10
2019-08-22,56,0,24,0,289,0,0,0,0,0,755,0,41,0,475,48,25,0,572,0,0,0,16,55,0,0,0,252,420,79,0,0,0,8
2019-08-23,71,0,28,0,257,0,0,0,0,0,958,0,94,0,554,76,127,0,363,0,0,0,16,75,0,0,0,281,425,170,0,1,1,12
2019-08-24,56,6,18,0,278,0,1,0,0,0,1185,0,312,0,561,79,228,0,386,0,0,0,10,68,0,0,0,239,494,219,0,1,23,4
2019-08-25,57,0,6,0,300,0,3,176,0,0,942,0,343,0,524,39,172,0,414,0,0,0,9,63,0,0,12,46,561,140,0,1,7,5
2019-08-26,55,0,11,15,269,0,2,354,0,0,252,0,673,5,528,51,73,0,457,0,0,0,10,58,40,0,147,2,462,130,0,1,6,6
2019-08-27,39,8,22,62,165,0,3,394,0,0,122,0,408,2,429,76,157,0,571,0,1,0,9,42,83,0,435,20,397,148,0,2,17,2
2019-08-28,39,26,32,3,122,0,35,381,0,0,508,0,240,0,340,115,285,0,466,0,0,0,9,34,18,0,526,35,362,172,0,5,48,3
2019-08-29,32,17,30,0,63,0,22,42,0,0,1066,0,168,0,268,99,283,0,436,0,0,0,8,28,0,0,437,107,294,139,0,5,54,4
2019-08-30,30,11,28,0,57,0,4,45,0,0,1116,0,310,0,252,112,253,0,551,0,0,0,9,23,0,0,62,147,227,110,0,7,25,2
2019-08-31,33,20,29,0,22,0,35,321,0,0,1117,0,385,0,195,113,258,0,453,0,0,0,9,22,0,0,266,118,139,124,0,6,34,2
2019-09-01,20,11,19,0,12,0,16,24,0,0,984,0,58,0,155,91,200,0,301,0,0,0,6,13,0,0,353,78,121,111,0,3,31,1
2019-09-02,10,0,9,0,26,0,0,0,0,0,797,0,28,0,194,35,105,0,152,0,0,0,4,14,0,0,0,131,178,81,0,0,2,0
2019-09-03,12,0,0,0,34,0,0,0,0,0,828,0,30,0,232,1,0,0,95,0,0,0,4,13,0,0,0,232,139,0,0,0,0,0
2019-09-04,20,0,0,0,18,0,0,0,0,0,840,0,24,0,236,1,0,0,59,0,0,0,5,0,0,0,0,225,7,0,0,0,0,0
2019-09-05,16,0,0,0,3,0,0,0,0,0,440,0,4,0,149,2,0,0,54,0,0,0,4,1,0,0,0,153,0,0,0,0,0,0
2019-09-06,16,0,0,0,1,0,0,0,0,0,306,0,0,0,113,2,0,0,66,0,0,0,5,3,0,0,0,134,2,0,0,0,0,0
2019-09-07,5,0,0,0,1,0,0,0,0,0,287,0,0,0,78,0,0,0,31,0,0,0,0,0,0,0,0,101,5,0,0,0,0,0
2019-09-08,4,0,0,0,5,0,0,0,0,0,203,0,0,0,98,0,0,0,30,0,0,0,0,0,0,0,0,79,19,1,0,0,0,0
2019-09-09,4,0,0,0,1,0,0,0,0,0,166,0,0,0,65,0,0,0,25,0,0,0,0,0,0,0,0,10,5,0,0,0,0,0
2019-09-10,5,0,0,0,0,0,0,0,0,0,15,0,0,0,68,0,0,0,13,0,0,0,0,2,0,0,0,0,1,0,0,0,0,0
2019-09-11,5,0,0,0,0,0,0,0,0,0,9,0,0,0,78,0,0,0,22,0,0,0,1,3,0,0,0,0,0,0,0,0,0,0
2019-09-12,5,0,0,0,0,0,0,0,0,0,40,0,3,0,88,1,0,0,54,0,0,0,3,0,0,0,0,94,0,0,0,0,0,0
2019-09-13,7,0,0,0,0,0,0,0,0,0,14,0,4,0,87,1,0,0,75,0,0,0,2,0,0,0,0,82,0,0,0,0,0,0
2019-09-14,4,0,0,0,2,0,0,0,0,0,9,0,20,0,97,0,0,0,63,0,0,0,1,0,0,0,0,25,2,0,0,0,0,0
2019-09-15,4,0,0,0,0,0,0,0,0,0,42,0,64,0,66,0,0,0,44,0,0,0,1,0,0,0,0,19,0,0,0,0,0,0
2019-09-16,0,0,0,0,0,0,0,0,0,0,74,0,96,0,19,0,0,0,36,0,0,0,0,0,0,0,0,8,0,0,0,0,0,0
2019-09-17,0,0,0,0,5,0,0,0,0,0,103,0,113,0,38,0,0,0,74,0,0,0,0,0,0,0,0,4,5,0,0,0,0,0
2019-09-18,2,0,0,0,9,0,0,0,0,0,43,0,26,0,66,0,0,0,59,0,0,0,0,0,0,0,0,0,0,0,0,0,0,0
2019-09-19,0,0,0,0,0,0,0,0,0,0,26,0,0,0,14,0,0,0,36,0,0,0,0,0,0,0,0,0,0,0,0,0,0,0
2019-09-20,0,0,0,0,0,0,0,0,0,0,13,0,12,0,3,0,0,0,22,0,0,0,0,0,0,0,0,0,0,0,0,0,0,0
2019-09-21,0,0,0,0,0,0,0,0,0,0,22,0,16,0,0,0,0,0,33,0,0,0,0,0,0,0,0,0,0,0,0,0,0,0
2019-09-22,0,0,0,0,0,0,0,0,0,0,38,0,0,0,0,0,0,0,50,0,0,0,0,0,0,0,0,0,0,0,0,0,0,0
2019-09-23,0,0,0,0,0,0,0,0,0,0,6,0,0,0,1,0,0,0,78,0,0,0,0,0,0,0,0,0,0,0,0,0,0,0
2019-09-24,0,0,0,0,0,0,0,0,0,0,21,0,0,0,5,0,0,0,16,0,0,0,0,0,0,0,0,0,0,0,0,0,0,0
2019-09-25,0,0,0,0,0,0,0,0,0,0,27,0,0,0,3,0,0,0,11,0,0,0,0,0,0,0,0,0,0,0,0,0,0,0
2019-09-26,0,0,0,0,0,0,0,0,0,0,12,0,0,0,4,0,0,0,13,0,0,0,0,0,0,0,0,0,0,0,0,0,0,0
2019-09-27,0,0,0,0,0,0,0,0,0,0,28,0,0,0,4,0,0,0,4,0,0,0,0,0,0,0,0,0,0,0,0,0,0,0
2019-09-28,0,0,0,0,0,0,0,0,0,0,39,0,0,0,3,0,0,0,7,0,0,0,0,0,0,0,0,0,0,0,0,0,0,0
2019-09-29,0,0,0,0,0,0,0,0,0,0,55,0,0,0,3,0,0,0,8,0,0,0,0,0,0,0,0,0,0,0,0,0,0,0
2019-09-30,0,0,0,0,0,0,0,0,0,0,32,0,0,0,13,0,0,0,9,0,0,0,0,0,0,0,0,0,0,0,0,0,0,0
2019-10-01,0,0,0,0,0,0,0,0,0,0,31,0,0,0,9,0,0,0,4,0,0,0,0,0,0,0,0,0,0,0,0,0,0,0
2019-10-02,0,0,0,0,0,0,0,0,0,0,8,0,0,0,3,0,0,0,6,0,0,0,0,0,0,0,0,0,1,0,0,0,0,0
2019-10-03,0,0,0,0,0,0,0,0,0,0,0,0,0,0,4,0,0,0,0,0,0,0,0,0,0,0,0,0,0,0,0,0,0,0
2019-10-04,0,0,0,0,0,0,0,0,0,0,0,0,0,0,16,0,0,0,0,0,0,0,0,0,0,0,0,0,0,0,0,0,0,0
2019-10-05,0,0,0,0,0,0,0,0,0,0,0,0,0,0,0,0,0,0,0,0,0,0,0,0,0,0,0,0,0,0,0,0,0,0
2019-10-06,0,0,0,0,0,0,0,0,0,0,0,0,0,0,0,0,0,0,0,0,0,0,0,0,0,0,0,0,0,0,0,0,0,0
2019-10-07,0,0,0,0,0,0,0,0,0,0,24,0,0,0,0,0,0,0,0,0,0,0,0,0,0,0,0,1,0,0,0,0,0,0
2019-10-08,0,0,0,0,0,0,0,0,0,0,120,0,0,0,0,0,0,0,0,0,0,0,0,0,0,0,0,27,0,0,0,0,0,0
2019-10-09,0,0,0,0,0,0,0,0,0,0,33,0,0,0,0,0,0,0,0,0,0,0,0,0,0,0,0,0,0,0,0,0,0,0
2019-10-10,0,0,0,0,0,0,0,0,0,0,46,0,0,0,0,0,0,0,0,0,0,0,0,0,0,0,0,0,0,0,0,0,0,0
2019-10-11,0,0,0,0,0,0,0,0,0,0,13,0,0,0,0,0,0,0,0,0,0,0,0,0,0,0,0,0,0,0,0,0,0,0
2019-10-12,0,0,0,0,0,0,0,0,0,0,54,0,0,0,1,0,0,0,0,0,0,0,0,0,0,0,0,0,0,0,0,0,0,0
2019-10-13,0,0,0,0,0,0,0,0,0,0,4,0,12,0,0,0,0,0,0,0,0,0,0,0,0,0,0,0,0,0,0,0,0,0
2019-10-14,0,0,0,0,0,0,0,0,0,0,1,0,0,0,0,0,0,0,0,0,0,0,0,0,0,0,0,0,0,0,0,0,0,0
2019-10-15,0,0,0,0,0,0,0,0,0,0,0,0,0,0,0,0,0,0,0,0,0,0,0,0,0,0,0,0,0,0,0,0,0,0
2019-10-16,0,0,0,0,0,0,0,0,0,0,0,0,0,0,0,0,0,0,0,0,0,0,0,0,0,0,0,0,0,0,0,0,0,0
2019-10-17,0,0,0,0,0,0,0,0,0,0,0,0,0,0,0,0,0,0,0,0,0,0,0,0,0,0,0,0,0,0,0,0,0,0
2019-10-18,0,0,0,0,0,0,0,0,0,0,0,0,0,0,0,0,0,0,0,0,0,0,0,0,0,0,0,0,0,0,0,0,0,0
2019-10-19,0,0,0,0,0,0,0,0,0,0,0,0,0,0,0,0,0,0,0,0,0,0,0,0,0,0,0,0,0,0,0,0,0,0
2019-10-20,0,0,0,0,0,0,0,0,0,0,0,0,0,0,0,0,0,0,0,0,0,0,0,0,0,0,0,0,0,0,0,0,0,0
2019-10-21,0,0,0,0,0,0,0,0,0,0,0,0,0,0,0,0,0,0,1,0,0,0,0,0,0,0,0,0,0,0,0,0,0,0
2019-10-22,0,0,0,0,0,0,0,0,0,0,0,0,0,0,0,0,0,0,0,0,0,0,0,0,0,0,0,0,0,0,0,0,0,0
2019-10-23,0,0,0,0,0,0,0,0,0,0,0,0,0,0,0,0,0,0,0,0,0,0,0,0,0,0,0,0,0,0,0,0,0,0
2019-10-24,0,0,0,0,0,0,0,0,0,0,0,0,0,0,0,0,0,0,0,0,0,0,0,0,0,0,0,0,0,0,0,0,0,0
2019-10-25,0,0,0,0,0,0,0,0,0,0,0,0,0,0,0,0,0,0,0,0,0,0,0,0,0,0,0,0,0,0,0,0,0,0
2019-10-26,0,0,0,0,0,0,0,0,0,0,0,0,0,0,0,0,0,0,0,0,0,0,0,0,0,0,0,0,0,0,0,0,0,0
2019-10-27,0,0,0,0,0,0,0,0,0,0,0,0,0,0,0,0,0,0,0,0,0,0,0,0,0,0,0,0,0,0,0,0,0,0
2019-10-28,0,0,0,0,0,0,0,0,0,0,0,0,0,0,0,0,0,0,0,0,0,0,0,0,0,0,0,0,0,0,0,0,0,0
2019-10-29,0,0,0,0,0,0,0,0,0,0,0,0,0,0,0,0,0,0,0,0,0,0,0,0,0,0,0,0,0,0,0,0,0,0
2019-10-30,0,0,0,0,0,0,0,0,0,0,0,0,0,0,0,0,0,0,0,0,0,0,0,0,0,0,0,0,0,0,0,0,0,0
2019-10-31,0,0,0,0,0,0,0,0,0,0,0,0,0,0,0,0,0,0,0,0,0,0,0,0,0,0,0,0,0,0,0,0,0,0
2019-11-01,0,0,0,0,0,0,0,0,0,0,0,0,0,0,0,0,0,0,0,0,0,0,0,0,0,0,0,0,0,0,0,0,0,0
2019-11-02,0,0,0,0,0,0,0,0,0,0,0,0,0,0,0,0,0,0,0,0,0,0,0,0,0,0,0,0,0,0,0,0,0,0
2019-11-03,0,0,0,0,0,0,0,0,0,0,0,0,0,0,0,0,0,0,0,0,0,0,0,0,0,0,0,0,0,0,0,0,0,0
2019-11-04,0,0,0,0,0,0,0,0,0,0,0,0,0,0,0,0,0,0,0,0,0,0,0,0,0,0,0,0,0,0,0,0,0,0
2019-11-05,0,0,0,0,0,0,0,0,0,0,0,0,0,0,0,0,0,0,0,0,0,0,0,0,0,0,0,0,0,0,0,0,0,0
2019-11-06,0,0,0,0,0,0,0,0,0,0,0,0,0,0,0,0,0,0,0,0,0,0,0,0,0,0,0,0,0,0,0,0,0,0
2019-11-07,0,0,0,0,0,0,0,0,0,0,0,0,0,0,0,0,0,0,0,0,0,0,0,0,0,0,0,0,0,0,0,0,0,0
2019-11-08,0,0,0,0,0,0,0,0,0,0,0,0,0,0,0,0,0,0,0,0,0,0,0,0,0,0,0,0,0,0,0,0,0,0
2019-11-09,0,0,0,0,0,0,0,0,0,0,0,0,0,0,0,0,0,0,0,0,0,0,0,0,0,0,0,0,0,0,0,0,0,0
2019-11-10,0,0,0,0,0,0,0,0,0,0,0,0,0,0,0,0,0,0,0,0,0,0,0,0,0,0,0,0,0,0,0,0,0,0
2019-11-11,0,0,0,0,0,0,0,0,0,0,0,0,0,0,0,0,0,0,0,0,0,0,0,0,0,0,0,0,0,0,0,0,0,0
2019-11-12,0,0,0,0,0,0,0,0,0,0,0,0,0,0,0,0,0,0,0,0,0,0,0,0,0,0,0,0,0,0,0,0,0,0
2019-11-13,0,0,0,0,0,0,0,0,0,0,0,0,0,0,0,0,0,0,0,0,0,0,0,0,0,0,0,0,0,0,0,0,0,0
2019-11-14,0,0,0,0,0,0,0,0,0,0,0,0,0,0,0,0,0,0,0,0,0,0,0,0,0,0,0,0,0,0,0,0,0,0
2019-11-15,0,0,0,0,0,0,0,0,0,0,0,0,0,0,0,0,0,0,0,0,0,0,0,0,0,0,0,0,0,0,0,0,0,0
2019-11-16,0,0,0,0,0,0,0,0,0,0,0,0,0,0,0,0,0,0,0,0,0,0,0,0,0,0,0,0,0,0,0,0,0,0
2019-11-17,0,0,0,0,0,0,0,0,0,0,0,0,0,0,0,0,0,0,0,0,0,0,0,0,0,0,0,0,0,0,0,0,0,0
2019-11-18,0,0,0,0,0,0,0,0,0,0,0,0,0,0,0,0,0,0,0,0,0,0,0,0,0,0,0,0,0,0,0,0,0,0
2019-11-19,0,0,0,0,0,0,0,0,0,0,0,0,0,0,0,0,0,0,0,0,0,0,0,0,0,0,0,0,0,0,0,0,0,0
2019-11-20,0,0,0,0,0,0,0,0,0,0,0,0,0,0,0,0,0,0,0,0,0,0,0,0,0,0,0,0,0,0,0,0,0,0
2019-11-21,0,0,0,0,0,0,0,0,0,0,0,0,0,0,0,0,0,0,0,0,0,0,0,0,0,0,0,0,0,0,0,0,0,0
2019-11-22,0,0,0,0,0,0,0,0,0,0,0,0,0,0,0,0,0,0,0,0,0,0,0,0,0,0,0,0,0,0,0,0,0,0
2019-11-23,0,0,0,0,0,0,0,0,0,0,0,0,0,0,0,0,0,0,0,0,0,0,0,0,0,0,0,0,0,0,0,0,0,0
2019-11-24,0,0,0,0,0,0,0,0,0,0,0,0,0,0,0,0,0,0,0,0,0,0,0,0,0,0,0,0,0,0,0,0,0,0
2019-11-25,0,0,0,0,0,0,0,0,0,0,0,0,0,0,0,0,0,0,0,0,0,0,0,0,0,0,0,0,0,0,0,0,0,0
2019-11-26,0,0,0,0,0,0,0,0,0,0,0,0,0,0,0,0,0,0,0,0,0,0,0,0,0,0,0,0,0,0,0,0,0,0
2019-11-27,0,0,0,0,0,0,0,0,0,0,0,0,0,0,0,0,0,0,0,0,0,0,0,0,0,0,0,0,0,0,0,0,0,0
2019-11-28,0,0,0,0,0,0,0,0,0,0,0,0,0,0,0,0,0,0,0,0,0,0,0,0,0,0,0,0,0,0,0,0,0,0
2019-11-29,0,0,0,0,0,0,0,0,0,0,0,0,0,0,0,0,0,0,0,0,0,0,0,0,0,0,0,0,0,0,0,0,0,0
2019-11-30,0,0,0,0,0,0,0,0,0,0,0,0,0,0,0,0,0,0,0,0,0,0,0,0,0,0,0,0,0,0,0,0,0,0
2019-12-01,0,0,0,0,0,0,0,0,0,0,0,0,0,0,0,0,0,0,0,0,0,0,0,0,0,0,0,0,0,0,0,0,0,0
2019-12-02,0,0,0,0,0,0,0,0,0,0,0,0,0,0,0,0,0,0,0,0,0,0,0,0,0,0,0,0,0,0,0,0,0,0
2019-12-03,0,0,0,0,0,0,0,0,0,0,0,0,0,0,0,0,0,0,0,0,0,0,0,0,0,0,0,0,0,0,0,0,0,0
2019-12-04,0,0,0,0,0,0,0,0,0,0,0,0,0,0,0,0,0,0,0,0,0,0,0,0,0,0,0,0,0,0,0,0,0,0
2019-12-05,0,0,0,0,0,0,0,0,0,0,0,0,0,0,0,0,0,0,0,0,0,0,0,0,0,0,0,0,0,0,0,0,0,0
2019-12-06,0,0,0,0,0,0,0,0,0,0,0,0,0,0,0,0,0,0,0,0,0,0,0,0,0,0,0,0,0,0,0,0,0,0
2019-12-07,0,0,0,0,0,0,0,0,0,0,0,0,0,0,0,0,0,0,0,0,0,0,0,0,0,0,0,0,0,0,0,0,0,0
2019-12-08,0,0,0,0,0,0,0,0,0,0,0,0,0,0,0,0,0,0,0,0,0,0,0,0,0,0,0,0,0,0,0,0,0,0
2019-12-09,0,0,0,0,0,0,0,0,0,0,0,0,0,0,0,0,0,0,0,0,0,0,0,0,0,0,0,0,0,0,0,0,0,0
2019-12-10,0,0,0,0,0,0,0,0,0,0,0,0,0,0,0,0,0,0,0,0,0,0,0,0,0,0,0,0,0,0,0,0,0,0
2019-12-11,0,0,0,0,0,0,0,0,0,0,0,0,0,0,0,0,0,0,0,0,0,0,0,0,0,0,0,0,0,0,0,0,0,0
2019-12-12,0,0,0,0,0,0,0,0,0,0,0,0,0,0,0,0,0,0,0,0,0,0,0,0,0,0,0,0,0,0,0,0,0,0
2019-12-13,0,0,0,0,0,0,0,0,0,0,0,0,0,0,0,0,0,0,0,0,0,0,0,0,0,0,0,0,0,0,0,0,0,0
2019-12-14,0,0,0,0,0,0,0,0,0,0,0,0,0,0,0,0,0,0,0,0,0,0,0,0,0,0,0,0,0,0,0,0,0,0
2019-12-15,0,0,0,0,0,0,0,0,0,0,0,0,0,0,0,0,0,0,0,0,0,0,0,0,0,0,0,0,0,0,0,0,0,0
2019-12-16,0,0,0,0,0,0,0,0,0,0,0,0,0,0,0,0,0,0,0,0,0,0,0,0,0,0,0,0,0,0,0,0,0,0
2019-12-17,0,0,0,0,0,0,0,0,0,0,0,0,0,0,0,0,0,0,0,0,0,0,0,0,0,0,0,0,0,0,0,0,0,0
2019-12-18,0,0,0,0,0,0,0,0,0,0,0,0,0,0,0,0,0,0,0,0,0,0,0,0,0,0,0,0,0,0,0,0,0,0
2019-12-19,0,0,0,0,0,0,0,0,0,0,0,0,0,0,0,0,0,0,0,0,0,0,0,0,0,0,0,0,0,0,0,0,0,0
2019-12-20,0,0,0,0,0,0,0,0,0,0,0,0,0,0,0,0,0,0,0,0,0,0,0,0,0,0,0,0,0,0,0,0,0,0
2019-12-21,0,0,0,0,0,0,0,0,0,0,0,0,0,0,0,0,0,0,0,0,0,0,0,0,0,0,0,0,0,0,0,0,0,0
2019-12-22,0,0,0,0,0,0,0,0,0,0,0,0,0,0,0,0,0,0,0,0,0,0,0,0,0,0,0,0,0,0,0,0,0,0
2019-12-23,0,0,0,0,0,0,0,0,0,0,0,0,0,0,0,0,0,0,0,0,0,0,0,0,0,0,0,0,0,0,0,0,0,0
2019-12-24,0,0,0,0,0,0,0,0,0,0,0,0,0,0,0,0,0,0,0,0,0,0,0,0,0,0,0,0,0,0,0,0,0,0
2019-12-25,0,0,0,0,0,0,0,0,0,0,0,0,0,0,0,0,0,0,0,0,0,0,0,0,0,0,0,0,0,0,0,0,0,0
2019-12-26,0,0,0,0,0,0,0,0,0,0,0,0,0,0,0,0,0,0,0,0,0,0,0,0,0,0,0,0,0,0,0,0,0,0
2019-12-27,0,0,0,0,0,0,0,0,0,0,0,0,0,0,0,0,0,0,0,0,0,0,0,0,0,0,0,0,0,0,0,0,0,0
2019-12-28,0,0,0,0,0,0,0,0,0,0,0,0,0,0,0,0,0,0,0,0,0,0,0,0,0,0,0,0,0,0,0,0,0,0
2019-12-29,0,0,0,0,0,0,0,0,0,0,0,0,0,0,0,0,0,0,0,0,0,0,0,0,0,0,0,0,0,0,0,0,0,0
2019-12-30,0,0,0,0,0,0,0,0,0,0,0,0,0,0,0,0,0,0,0,0,0,0,0,0,0,0,0,0,0,0,0,0,0,0
2019-12-31,0,0,0,0,0,0,0,0,0,0,0,0,0,0,0,0,0,0,0,0,0,0,0,0,0,0,0,0,0,0,0,0,0,0
2020-01-01,0,0,0,0,0,0,0,0,0,0,0,0,0,0,0,0,0,0,0,0,0,0,0,0,0,0,0,0,0,0,0,0,0,0
2020-01-02,0,0,0,0,0,0,0,0,0,0,0,0,0,0,0,0,0,0,0,0,0,0,0,0,0,0,0,0,0,0,0,0,0,0
2020-01-03,0,0,0,0,0,0,0,0,0,0,0,0,0,0,0,0,0,0,0,0,0,0,0,0,0,0,0,0,0,0,0,0,0,0
2020-01-04,0,0,0,0,0,0,0,0,0,0,0,0,0,0,0,0,0,0,0,0,0,0,0,0,0,0,0,0,0,0,0,0,0,0
2020-01-05,0,0,0,0,0,0,0,0,0,0,0,0,0,0,0,0,0,0,0,0,0,0,0,0,0,0,0,0,0,0,0,0,0,0
2020-01-06,0,0,0,0,0,0,0,0,0,0,0,0,0,0,0,0,0,0,0,0,0,0,0,0,0,0,0,0,0,0,0,0,0,0
2020-01-07,0,0,0,0,0,0,0,0,0,0,0,0,0,0,0,0,0,0,0,0,0,0,0,0,0,0,0,0,0,0,0,0,0,0
2020-01-08,0,0,0,0,0,0,0,0,0,0,0,0,0,0,0,0,0,0,0,0,0,0,0,0,0,0,0,0,0,0,0,0,0,0
2020-01-09,0,0,0,0,0,0,0,0,0,0,0,0,0,0,0,0,0,0,0,0,0,0,0,0,0,0,0,0,0,0,0,0,0,0
2020-01-10,0,0,0,0,0,0,0,0,0,0,0,0,0,0,0,0,0,0,0,0,0,0,0,0,0,0,0,0,0,0,0,0,0,0
2020-01-11,0,0,0,0,0,0,0,0,0,0,0,0,0,0,0,0,0,0,0,0,0,0,0,0,0,0,0,0,0,0,0,0,0,0
2020-01-12,0,0,0,0,0,0,0,0,0,0,0,0,0,0,0,0,0,0,0,0,0,0,0,0,0,0,0,0,0,0,0,0,0,0
2020-01-13,0,0,0,0,0,0,0,0,0,0,0,0,0,0,0,0,0,0,0,0,0,0,0,0,0,0,0,0,0,0,0,0,0,0
2020-01-14,0,0,0,0,0,0,0,0,0,0,0,0,0,0,0,0,0,0,0,0,0,0,0,0,0,0,0,0,0,0,0,0,0,0
2020-01-15,0,0,0,0,0,0,0,0,0,0,0,0,0,0,0,0,0,0,0,0,0,0,0,0,0,0,0,0,0,0,0,0,0,0
2020-01-16,0,0,0,0,0,0,0,0,0,0,0,0,0,0,0,0,0,0,0,0,0,0,0,0,0,0,0,0,0,0,0,0,0,0
2020-01-17,0,0,0,0,0,0,0,0,0,0,0,0,0,0,0,0,0,0,0,0,0,0,0,0,0,0,0,0,0,0,0,0,0,0
2020-01-18,0,0,0,0,0,0,0,0,0,0,0,0,0,0,0,0,0,0,0,0,0,0,0,0,0,0,0,0,0,0,0,0,0,0
2020-01-19,0,0,0,0,0,0,0,0,0,0,0,0,0,0,0,0,0,0,0,0,0,0,0,0,0,0,0,0,0,0,0,0,0,0
2020-01-20,0,0,0,0,0,0,0,0,0,0,0,0,0,0,0,0,0,0,0,0,0,0,0,0,0,0,0,0,0,0,0,0,0,0
2020-01-21,0,0,0,0,0,0,0,0,0,0,0,0,0,0,0,0,0,0,0,0,0,0,0,0,0,0,0,0,0,0,0,0,0,0
2020-01-22,0,0,0,0,0,0,0,0,0,0,0,0,0,0,0,0,0,0,0,0,0,0,0,0,0,0,0,0,0,0,0,0,0,0
2020-01-23,0,0,0,0,0,0,0,0,0,0,0,0,0,0,0,0,0,0,0,0,0,0,0,0,0,0,0,0,0,0,0,0,0,0
2020-01-24,0,0,0,0,0,0,0,0,0,0,0,0,0,0,0,0,0,0,0,0,0,0,0,0,0,0,0,0,0,0,0,0,0,0
2020-01-25,0,0,0,0,0,0,0,0,0,0,0,0,0,0,0,0,0,0,0,0,0,0,0,0,0,0,0,0,0,0,0,0,0,0
2020-01-26,0,0,0,0,0,0,0,0,0,0,0,0,0,0,0,0,0,0,0,0,0,0,0,0,0,0,0,0,0,0,0,0,0,0
2020-01-27,0,0,0,0,0,0,0,0,0,0,0,0,0,0,0,0,0,0,0,0,0,0,0,0,0,0,0,0,0,0,0,0,0,0
2020-01-28,0,0,0,0,0,0,0,0,0,0,0,0,0,0,0,0,0,0,0,0,0,0,0,0,0,0,0,0,0,0,0,0,0,0
2020-01-29,0,0,0,0,0,0,0,0,0,0,0,0,0,0,0,0,0,0,0,0,0,0,0,0,0,0,0,0,0,0,0,0,0,0
2020-01-30,0,0,0,0,0,0,0,0,0,0,0,0,0,0,0,0,0,0,0,0,0,0,0,0,0,0,0,0,0,0,0,0,0,0
2020-01-31,0,0,0,0,0,0,0,0,0,0,0,0,0,0,0,0,0,0,0,0,0,0,0,0,0,0,0,0,0,0,0,0,0,0
2020-02-01,0,0,0,0,0,0,0,0,0,0,0,0,0,0,0,0,0,0,0,0,0,0,0,0,0,0,0,0,0,0,0,0,0,0
2020-02-02,0,0,0,0,0,0,0,0,0,0,0,0,0,0,0,0,0,0,0,0,0,0,0,0,0,0,0,0,0,0,0,0,0,0
2020-02-03,0,0,0,0,0,0,0,0,0,0,0,0,0,0,0,0,0,0,0,0,0,0,0,0,0,0,0,0,0,0,0,0,0,0
2020-02-04,0,0,0,0,0,0,0,0,0,0,0,0,0,0,0,0,0,0,0,0,0,0,0,0,0,0,0,0,0,0,0,0,0,0
2020-02-05,0,0,0,0,0,0,0,0,0,0,0,0,0,0,0,0,0,0,0,0,0,0,0,0,0,0,0,0,0,0,0,0,0,0
2020-02-06,0,0,0,0,0,0,0,0,0,0,0,0,0,0,0,0,0,0,0,0,0,0,0,0,0,0,0,0,0,0,0,0,0,0
2020-02-07,0,0,0,0,0,0,0,0,0,0,0,0,0,0,0,0,0,0,0,0,0,0,0,0,0,0,0,0,0,0,0,0,0,0
2020-02-08,0,0,0,0,0,0,0,0,0,0,0,0,0,0,0,0,0,0,0,0,0,0,0,0,0,0,0,0,0,0,0,0,0,0
2020-02-09,0,0,0,0,0,0,0,0,0,0,0,0,0,0,0,0,0,0,0,0,0,0,0,0,0,0,0,0,0,0,0,0,0,0
2020-02-10,0,0,0,0,0,0,0,0,0,0,0,0,0,0,0,0,0,0,0,0,0,0,0,0,0,0,0,0,0,0,0,0,0,0
2020-02-11,0,0,0,0,0,0,0,0,0,0,0,0,0,0,0,0,0,0,0,0,0,0,0,0,0,0,0,0,0,0,0,0,0,0
2020-02-12,0,0,0,0,0,0,0,0,0,0,0,0,0,0,0,0,0,0,0,0,0,0,0,0,0,0,0,0,0,0,0,0,0,0
2020-02-13,0,0,0,0,0,0,0,0,0,0,0,0,0,0,0,0,0,0,0,0,0,0,0,0,0,0,0,0,0,0,0,0,0,0
2020-02-14,0,0,0,0,0,0,0,0,0,0,0,0,0,0,0,0,0,0,0,0,0,0,0,0,0,0,0,0,0,0,0,0,0,0
2020-02-15,0,0,0,0,0,0,0,0,0,0,0,0,0,0,0,0,0,0,0,0,0,0,0,0,0,0,0,0,0,0,0,0,0,0
2020-02-16,0,0,0,0,0,0,0,0,0,0,0,0,0,0,0,0,0,0,0,0,0,0,0,0,0,0,0,0,0,0,0,0,0,0
2020-02-17,0,0,0,0,0,0,0,0,0,0,0,0,0,0,0,0,0,0,0,0,0,0,0,0,0,0,0,0,0,0,0,0,0,0
2020-02-18,0,0,0,0,0,0,0,0,0,0,0,0,0,0,0,0,0,0,0,0,0,0,0,0,0,0,0,0,0,0,0,0,0,0
2020-02-19,0,0,0,0,0,0,0,0,0,0,0,0,0,0,0,0,0,0,0,0,0,0,0,0,0,0,0,0,0,0,0,0,0,0
2020-02-20,0,0,0,0,0,0,0,0,0,0,0,0,0,0,0,0,0,0,0,0,0,0,0,0,0,0,0,0,0,0,0,0,0,0
2020-02-21,0,0,0,0,0,0,0,0,0,0,0,0,0,0,0,0,0,0,0,0,0,0,0,0,0,0,0,0,0,0,0,0,0,0
2020-02-22,0,0,0,0,0,0,0,0,0,0,0,0,0,0,0,0,0,0,0,0,0,0,0,0,0,0,0,0,0,0,0,0,0,0
2020-02-23,0,0,0,0,0,0,0,0,0,0,0,0,0,0,0,0,0,0,0,0,0,0,0,0,0,0,0,0,0,0,0,0,0,0
2020-02-24,0,0,0,0,0,0,0,0,0,0,0,0,0,0,0,0,0,0,0,0,0,0,0,0,0,0,0,0,0,0,0,0,0,0
2020-02-25,0,0,0,0,0,0,0,0,0,0,0,0,0,0,0,0,0,0,0,0,0,0,0,0,0,0,0,0,0,0,0,0,0,0
2020-02-26,0,0,0,0,0,0,0,0,0,0,0,0,0,0,0,0,0,0,0,0,0,0,0,0,0,0,0,0,0,0,0,0,0,0
2020-02-27,0,0,0,0,0,0,0,0,0,0,0,0,0,0,0,0,0,0,0,0,0,0,0,0,0,0,0,0,0,0,0,0,0,0
2020-02-28,0,0,0,0,0,0,0,0,0,0,0,0,0,0,0,0,0,0,0,0,0,0,0,0,0,0,0,0,0,0,0,0,0,0
2020-02-29,0,0,0,0,0,0,0,0,0,0,0,0,0,0,0,0,0,0,0,0,0,0,0,0,0,0,0,0,0,0,0,0,0,0
2020-03-01,0,0,0,0,0,0,0,0,0,0,0,0,0,0,0,0,0,0,0,0,0,0,0,0,0,0,0,0,0,0,0,0,0,0
2020-03-02,0,0,0,0,0,0,0,0,0,0,0,0,0,0,0,0,0,0,0,0,0,0,0,0,0,0,0,0,0,0,0,0,0,0
2020-03-03,0,0,0,0,0,0,0,0,0,0,0,0,0,0,0,0,0,0,0,0,0,0,0,0,0,0,0,0,0,0,0,0,0,0
2020-03-04,0,0,0,0,0,0,0,0,0,0,0,0,0,0,0,0,0,0,0,0,0,0,0,0,0,0,0,0,0,0,0,0,0,0
2020-03-05,0,0,0,0,0,0,0,0,0,0,0,0,0,0,0,0,0,0,0,0,0,0,0,0,0,0,0,0,0,0,0,0,0,0
2020-03-06,0,0,0,0,0,0,0,0,0,0,0,0,0,0,0,0,0,0,0,0,0,0,0,0,0,0,0,0,0,0,0,0,0,0
2020-03-07,0,0,0,0,0,0,0,0,0,0,0,0,0,0,0,0,0,0,0,0,0,0,0,0,0,0,0,0,0,0,0,0,0,0
2020-03-08,0,0,0,0,0,0,0,0,0,0,0,0,0,0,0,0,0,0,0,0,0,0,0,0,0,0,0,0,0,0,0,0,0,0
2020-03-09,0,0,0,0,0,0,0,0,0,0,0,0,0,0,0,0,0,0,0,0,0,0,0,0,0,0,0,0,0,0,0,0,0,0
2020-03-10,0,0,0,0,0,0,0,0,0,0,0,0,0,0,0,0,0,0,0,0,0,0,0,0,0,0,0,0,0,0,0,0,0,0
2020-03-11,0,0,0,0,0,0,0,0,0,0,0,0,0,0,0,0,0,0,0,0,0,0,0,0,0,0,0,0,0,0,0,0,0,0
2020-03-12,0,0,0,0,0,0,0,0,0,0,0,0,0,0,0,0,0,0,0,0,0,0,0,0,0,0,0,0,0,0,0,0,0,0
2020-03-13,0,0,0,0,0,0,0,0,0,0,0,0,0,0,0,0,0,0,0,0,0,0,0,0,0,0,0,0,0,0,0,0,0,0
2020-03-14,0,0,0,0,0,0,0,0,0,0,0,0,0,0,0,0,0,0,0,0,0,0,0,0,0,0,0,0,0,0,0,0,0,0
2020-03-15,0,0,0,0,0,0,0,0,0,0,0,0,0,0,0,0,0,0,0,0,0,0,0,0,0,0,0,0,0,0,0,0,0,0
2020-03-16,0,0,0,0,0,0,0,0,0,0,0,0,0,0,0,0,0,0,0,0,0,0,0,0,0,0,0,0,0,0,0,0,0,0
2020-03-17,0,0,0,0,0,0,0,0,0,0,0,0,0,0,0,0,0,0,0,0,0,0,0,0,0,0,0,0,0,0,0,0,0,0
2020-03-18,0,0,0,0,0,0,0,0,0,0,0,0,0,0,0,0,0,0,0,0,0,0,0,0,0,0,0,0,0,0,0,0,0,0
2020-03-19,0,0,0,0,0,0,0,0,0,0,0,0,0,0,0,0,0,0,0,0,0,0,0,0,0,0,0,0,0,0,0,0,0,0
2020-03-20,0,0,0,0,0,0,0,0,0,0,0,0,0,0,0,0,0,0,0,0,0,0,0,0,0,0,0,0,0,0,0,0,0,0
2020-03-21,0,0,0,0,0,0,0,0,0,0,0,0,0,0,0,0,0,0,0,0,0,0,0,0,0,0,0,0,0,0,0,0,0,0
2020-03-22,0,0,0,0,0,0,0,0,0,0,0,0,0,0,0,0,0,0,0,0,0,0,0,0,0,0,0,0,0,0,0,0,0,0
2020-03-23,0,0,0,0,0,0,0,0,0,0,0,0,0,0,0,0,0,0,0,0,0,0,0,0,0,0,0,0,0,0,0,0,0,0
2020-03-24,0,0,0,0,0,0,0,0,0,0,0,0,0,0,0,0,0,0,0,0,0,0,0,0,0,0,0,0,0,0,0,0,0,0
2020-03-25,0,0,0,0,0,0,0,0,0,0,0,0,0,0,0,0,0,0,0,0,0,0,0,0,0,0,0,0,0,0,0,0,0,0
2020-03-26,0,0,0,0,0,0,0,0,0,0,0,0,0,0,0,0,0,0,0,0,0,0,0,0,0,0,0,0,0,0,0,0,0,0
2020-03-27,0,0,0,0,0,0,0,0,0,0,0,0,0,0,0,0,0,0,0,0,0,0,0,0,0,0,0,0,0,0,0,0,0,0
2020-03-28,0,0,0,0,0,0,0,0,0,0,0,0,0,0,0,0,0,0,0,0,0,0,0,0,0,0,0,0,0,0,0,0,0,0
2020-03-29,0,0,0,0,0,0,0,0,0,0,0,0,0,0,0,0,0,0,0,0,0,0,0,0,0,0,0,0,0,0,0,0,0,0
2020-03-30,0,0,0,0,0,0,0,0,0,0,0,0,0,0,0,0,0,0,0,0,0,0,0,0,0,0,0,0,0,0,0,0,0,0
2020-03-31,0,0,0,0,0,0,0,0,0,0,0,0,0,0,0,0,0,0,0,0,0,0,0,0,0,0,0,0,0,0,0,0,0,0
2020-04-01,0,0,0,0,0,0,0,0,0,0,0,0,0,0,0,0,0,0,0,0,0,0,0,0,0,0,0,0,0,0,0,0,0,0
2020-04-02,0,0,0,0,0,0,0,0,0,0,0,0,0,0,0,0,0,0,0,0,0,0,0,0,0,0,0,0,0,0,0,0,0,0
2020-04-03,0,0,0,0,0,0,0,0,0,0,0,0,0,0,0,0,0,0,0,0,0,0,0,0,0,0,0,0,0,0,0,0,0,0
2020-04-04,0,0,0,0,0,0,0,0,0,0,0,0,0,0,0,0,0,0,0,0,0,0,0,0,0,0,0,0,0,0,0,0,0,0
2020-04-05,0,0,0,0,0,0,0,0,0,0,0,0,0,0,0,0,0,0,0,0,0,0,0,0,0,0,0,0,0,0,0,0,0,0
2020-04-06,0,0,0,0,0,0,0,0,0,0,0,0,0,0,0,0,0,0,0,0,0,0,0,0,0,0,0,0,0,0,0,0,0,0
2020-04-07,0,0,0,0,0,0,0,0,0,0,0,0,0,0,0,0,0,0,0,0,0,0,0,0,0,0,0,0,0,0,0,0,0,0
2020-04-08,0,0,0,0,0,0,0,0,0,0,0,0,0,0,0,0,0,0,0,0,0,0,0,0,0,0,0,0,0,0,0,0,0,0
2020-04-09,0,0,0,0,0,0,0,0,0,0,0,0,0,0,0,0,0,0,0,0,0,0,0,0,0,0,0,0,0,0,0,0,0,0
2020-04-10,0,0,0,0,0,0,0,0,0,0,0,0,0,0,0,0,0,0,0,0,0,0,0,0,0,0,0,0,0,0,0,0,0,0
2020-04-11,0,0,0,0,0,0,0,0,0,0,0,0,0,0,0,0,0,0,0,0,0,0,0,0,0,0,0,0,0,0,0,0,0,0
2020-04-12,0,0,0,0,0,0,0,0,0,0,0,0,0,0,0,0,0,0,0,0,0,0,0,0,0,0,0,0,0,0,0,0,0,0
2020-04-13,0,0,0,0,0,0,0,0,0,0,0,0,0,0,0,0,0,0,0,0,0,0,0,0,0,0,0,0,0,0,0,0,0,0
2020-04-14,0,0,0,0,0,0,0,0,0,0,0,0,0,0,0,0,0,0,0,0,0,0,0,0,0,0,0,0,0,0,0,0,0,0
2020-04-15,0,0,0,0,0,0,0,0,0,0,0,0,0,0,0,0,0,0,0,0,0,0,0,0,0,0,0,0,0,0,0,0,0,0
2020-04-16,0,0,0,0,0,0,0,0,0,0,0,0,0,0,0,0,0,0,0,0,0,0,0,0,0,0,0,0,0,0,0,0,0,0
2020-04-17,0,0,0,0,0,0,0,0,0,0,0,0,0,0,0,0,0,0,0,0,0,0,0,0,0,0,0,0,0,0,0,0,0,0
2020-04-18,0,0,0,0,0,0,0,0,0,0,0,0,0,0,0,0,0,0,0,0,0,0,0,0,0,0,0,0,0,0,0,0,0,0
2020-04-19,0,0,0,0,0,0,0,0,0,0,0,0,0,0,0,0,0,0,0,0,0,0,0,0,0,0,0,0,0,0,0,0,0,0
2020-04-20,0,0,0,0,0,0,0,0,0,0,0,0,0,0,0,0,0,0,0,0,0,0,0,0,0,0,0,0,0,0,0,0,0,0
2020-04-21,0,0,0,0,0,0,0,0,0,0,0,0,0,0,0,0,0,0,0,0,0,0,0,0,0,0,0,0,0,0,0,0,0,0
2020-04-22,0,0,0,0,0,0,0,0,0,0,0,0,0,0,0,0,0,0,0,0,0,0,0,0,0,0,0,0,0,0,0,0,0,0
2020-04-23,0,0,0,0,0,0,0,0,0,0,0,0,0,0,0,0,0,0,0,0,0,0,0,0,0,0,0,0,0,0,0,0,0,0
2020-04-24,0,0,0,0,0,0,0,0,0,0,0,0,0,0,0,0,0,0,0,0,0,0,0,0,0,0,0,0,0,0,0,0,0,0
2020-04-25,0,0,0,0,0,0,0,0,0,0,0,0,0,0,0,0,0,0,0,0,0,0,0,0,0,0,0,0,0,0,0,0,0,0
2020-04-26,0,0,0,0,0,0,0,0,0,0,0,0,0,0,0,0,0,0,0,0,0,0,0,0,0,0,0,0,0,0,0,0,0,0
2020-04-27,0,0,0,0,0,0,0,0,0,0,0,0,0,0,0,0,0,0,0,0,0,0,0,0,0,0,0,0,0,0,0,0,0,0
2020-04-28,0,0,0,0,0,0,0,0,0,0,0,0,0,0,0,0,0,0,0,0,0,0,0,0,0,0,0,0,0,0,0,0,0,0
2020-04-29,0,0,0,0,0,0,0,0,0,0,0,0,0,0,0,0,0,0,0,0,0,0,0,0,0,0,0,0,0,0,0,0,0,0
2020-04-30,0,0,0,0,0,0,0,0,0,0,0,0,0,0,0,0,0,0,0,0,0,0,0,0,0,0,0,0,0,0,0,0,0,0
2020-05-01,0,0,0,0,0,0,0,0,0,0,0,0,0,0,0,0,0,0,0,0,0,0,0,0,0,0,0,0,0,0,0,0,0,0
2020-05-02,0,0,0,0,0,0,0,0,0,0,3,0,0,0,0,0,0,0,0,0,0,0,0,0,0,0,0,0,0,0,0,0,0,0
2020-05-03,0,0,0,0,0,0,0,0,0,0,66,0,0,0,0,0,0,0,0,0,0,0,0,0,0,0,0,15,0,0,0,0,0,0
2020-05-04,0,0,0,0,0,0,0,0,0,0,22,0,2,0,0,0,0,0,0,0,0,0,0,0,0,0,0,0,0,0,0,0,0,0
2020-05-05,0,0,0,0,0,0,0,0,0,0,0,0,0,0,0,0,0,0,0,0,0,0,0,0,0,0,0,0,0,0,0,0,0,0
2020-05-06,0,0,0,0,0,0,0,0,0,0,0,0,0,0,0,0,0,0,0,0,0,0,0,0,0,0,0,0,0,0,0,0,0,0
2020-05-07,0,0,0,0,0,0,0,0,0,0,4,0,0,0,0,0,0,0,0,0,0,0,0,0,0,0,0,0,0,0,0,0,0,0
2020-05-08,0,0,0,0,0,0,0,0,0,0,0,0,0,0,0,0,0,0,0,0,0,0,0,0,0,0,0,0,0,0,0,0,0,0
2020-05-09,0,0,0,0,0,0,0,0,0,0,0,0,0,0,0,0,0,0,0,0,0,0,0,0,0,0,0,0,0,0,0,0,0,0
2020-05-10,0,0,0,0,0,0,0,0,0,0,0,0,0,0,0,0,0,0,0,0,0,0,0,0,0,0,0,0,0,0,0,0,0,0
2020-05-11,0,0,0,0,6,0,0,0,0,0,0,0,0,0,0,0,3,0,0,0,0,0,0,0,0,0,0,0,12,3,0,0,0,0
2020-05-12,0,0,0,0,0,0,0,0,0,0,0,0,0,0,8,0,0,0,0,0,0,0,0,0,0,0,0,0,0,0,0,0,0,0
2020-05-13,0,0,0,0,0,0,0,0,0,0,0,0,0,0,0,0,0,0,5,0,0,0,0,0,0,0,0,0,0,0,0,0,0,0
2020-05-14,8,0,0,0,0,0,0,0,0,0,0,0,0,0,17,0,0,0,69,0,0,0,0,0,0,0,0,0,0,0,0,0,0,0
2020-05-15,8,0,0,0,17,0,0,0,0,0,0,0,0,0,150,0,0,0,24,0,0,0,0,34,0,0,0,0,1,2,0,0,0,0
2020-05-16,2,0,0,0,3,0,0,0,0,0,0,0,0,0,196,0,0,0,29,0,0,0,0,14,0,0,0,0,0,0,0,0,0,0
2020-05-17,10,0,0,0,0,0,0,0,0,0,0,0,0,0,214,0,0,0,10,0,0,0,0,15,0,0,0,0,0,0,0,0,0,0
2020-05-18,5,0,0,0,1,0,0,0,0,0,0,0,0,0,165,0,0,0,0,0,0,0,0,10,0,0,0,0,0,0,0,0,0,0
2020-05-19,8,0,0,0,0,0,0,0,0,0,7,0,0,0,93,0,0,0,0,0,0,0,0,6,0,0,0,0,0,0,0,0,0,0
2020-05-20,0,0,0,0,0,0,0,0,0,0,67,0,3,0,23,0,0,0,0,0,0,0,0,1,0,0,0,3,0,0,0,0,0,0
2020-05-21,0,0,0,0,0,0,0,0,0,0,134,0,1,0,0,0,0,0,0,0,0,0,0,0,0,0,0,2,0,0,0,0,0,0
2020-05-22,0,0,0,0,0,0,0,0,0,0,316,0,0,0,0,0,0,0,0,0,0,0,0,0,0,0,0,6,0,0,0,0,0,0
2020-05-23,0,0,0,0,0,0,0,0,0,0,413,0,0,0,0,0,0,0,5,0,0,0,0,0,0,0,0,29,0,0,0,0,0,0
2020-05-24,0,0,0,0,0,0,0,0,0,0,365,0,0,0,0,0,0,0,0,0,0,0,0,0,0,0,0,40,0,0,0,0,0,0
2020-05-25,0,0,0,0,0,0,0,0,0,0,237,0,0,0,0,0,0,0,0,0,0,0,0,0,0,0,0,55,0,0,0,0,0,0
2020-05-26,0,0,0,0,0,0,0,0,0,0,154,0,0,0,0,0,0,0,0,0,0,0,0,0,0,0,0,115,0,0,0,0,0,0
2020-05-27,0,0,0,0,0,0,0,0,0,0,175,0,0,0,0,0,0,0,0,0,0,0,0,0,0,0,0,158,0,0,0,0,0,0
2020-05-28,0,0,0,0,0,0,0,0,0,0,168,0,2,0,0,0,0,0,0,0,0,0,0,0,0,0,0,150,0,0,0,0,0,0
2020-05-29,0,0,0,0,0,0,0,0,0,0,208,0,1,0,0,0,0,0,0,0,0,0,0,0,0,0,0,94,0,0,0,0,0,0
2020-05-30,0,0,0,0,0,0,0,0,0,0,251,0,1,0,0,0,0,0,0,0,0,0,0,0,0,0,0,47,0,0,0,0,0,0
2020-05-31,0,0,0,0,0,0,0,0,0,0,25,0,13,0,0,0,0,0,0,0,0,0,0,0,0,0,0,0,0,0,0,0,0,0
2020-06-01,0,0,0,0,0,0,0,0,0,0,8,0,0,0,0,0,0,0,0,0,0,0,0,0,0,0,0,0,0,0,0,0,0,0
2020-06-02,0,0,0,0,0,0,0,0,0,0,12,0,0,0,0,0,0,0,0,0,0,0,0,0,0,0,0,0,0,0,0,0,0,0
2020-06-03,0,0,0,0,0,0,0,0,0,0,13,0,0,0,0,0,0,0,1,0,0,0,0,0,0,0,0,0,0,0,0,0,0,0
2020-06-04,0,0,0,0,0,0,0,0,0,0,7,0,0,0,0,0,0,0,0,0,0,0,0,0,0,0,0,0,0,0,0,0,0,0
2020-06-05,0,0,0,0,0,0,0,0,0,0,1,0,0,0,0,0,0,0,0,0,0,0,0,0,0,0,0,0,10,0,0,0,0,0
2020-06-06,0,0,0,0,0,0,0,0,0,0,25,0,0,0,0,0,0,0,0,0,0,0,0,0,0,0,0,0,59,0,0,0,0,0
2020-06-07,0,0,0,0,0,0,0,0,0,0,16,0,0,0,0,0,0,0,0,0,0,0,0,0,0,0,0,0,4,3,0,0,0,0
2020-06-08,0,0,0,0,0,0,0,0,0,0,0,0,0,0,3,0,0,0,0,0,0,1,0,0,0,0,0,0,9,0,0,0,0,0
2020-06-09,0,0,0,0,9,0,0,0,0,0,0,0,0,0,8,0,0,0,0,0,0,0,0,0,0,0,0,0,98,0,0,0,0,0
2020-06-10,0,0,0,0,3,0,0,0,0,0,0,0,0,0,24,0,0,0,0,0,0,0,0,0,0,0,0,0,98,0,0,0,0,0
2020-06-11,0,0,0,0,0,0,0,0,0,0,5,0,0,0,8,0,0,0,0,0,0,1,0,0,0,0,0,0,18,0,0,0,0,0
2020-06-12,0,0,0,0,0,0,0,0,0,0,1,0,0,0,1,0,0,0,0,0,0,0,0,0,0,0,52,0,2,0,0,0,0,0
2020-06-13,0,1,0,0,0,0,0,5,0,0,0,0,0,0,15,0,45,0,4,0,0,0,0,0,0,0,129,0,1,2,0,0,7,0
2020-06-14,0,0,0,0,4,0,0,0,0,0,0,0,0,0,95,3,9,0,13,0,0,0,0,6,0,0,0,0,5,16,0,0,0,0
2020-06-15,0,0,0,0,0,0,0,0,0,0,5,0,0,0,91,0,0,0,0,0,0,0,0,6,0,0,0,0,0,0,0,0,0,0
2020-06-16,0,0,0,0,0,0,0,0,0,0,27,0,0,0,29,0,0,0,0,0,0,0,0,0,0,0,0,0,0,0,0,0,0,0
2020-06-17,0,0,0,0,0,0,0,0,0,0,11,0,0,0,17,0,0,0,0,0,0,1,0,0,0,0,0,0,0,0,0,0,0,0
2020-06-18,0,0,0,0,0,0,0,0,0,35,7,0,0,0,60,0,0,0,3,25,0,60,0,0,0,0,0,0,0,0,0,0,0,0
2020-06-19,1,0,0,0,2,0,0,0,0,5,23,0,0,0,116,0,0,0,32,4,0,30,0,6,0,4,0,0,2,0,0,0,0,0
2020-06-20,0,0,0,0,1,0,0,0,0,0,302,0,1,0,92,0,0,0,17,0,0,0,0,0,0,4,0,1,3,0,0,0,0,0
2020-06-21,0,0,0,0,0,0,0,0,0,0,681,0,19,0,23,0,0,0,15,0,0,0,0,0,0,4,0,15,0,0,0,0,0,0
2020-06-22,0,0,0,0,0,0,0,0,0,0,1129,0,42,0,1,0,0,0,127,0,0,0,0,0,0,0,0,229,0,0,1,0,0,0
2020-06-23,0,0,0,0,0,0,0,0,0,0,1432,0,60,0,3,6,0,0,256,0,0,0,0,0,0,0,0,242,0,0,0,0,0,0
2020-06-24,6,0,0,12,0,0,0,0,0,0,969,14,802,1,19,0,0,0,178,0,0,0,2,0,7,0,0,77,5,0,26,0,0,0
2020-06-25,6,0,0,21,11,0,0,6,0,0,778,253,962,47,83,0,0,0,103,2,0,0,2,1,28,0,0,14,33,0,202,0,0,0
2020-06-26,13,0,7,8,22,0,0,60,0,3,334,151,134,0,144,21,32,0,171,76,0,46,4,16,51,0,0,0,131,79,110,0,0,0
2020-06-27,22,4,35,0,27,0,0,44,0,14,451,10,51,0,172,100,201,0,305,6,0,51,4,23,0,11,1,2,213,132,46,4,14,0
2020-06-28,17,30,47,0,64,0,9,0,0,2,1016,0,55,0,195,132,302,0,452,0,0,0,4,25,0,0,132,68,367,139,0,14,28,0
2020-06-29,19,0,38,0,168,0,0,0,0,0,1436,0,87,0,270,67,101,0,540,0,0,0,5,40,0,0,0,123,469,177,0,0,0,2
2020-06-30,36,0,12,0,210,0,0,0,0,0,1536,0,57,0,443,38,0,0,599,0,0,0,8,39,0,0,0,129,306,5,0,0,0,2
2020-07-01,53,4,60,0,157,0,0,0,0,0,1288,0,39,0,536,152,206,0,635,0,0,0,12,65,0,0,2,32,304,134,0,8,22,8
2020-07-02,66,1,51,0,229,0,0,0,0,0,935,0,52,0,498,117,165,0,670,0,0,0,12,71,0,0,0,6,537,204,0,1,10,17
2020-07-03,55,0,9,0,195,0,0,0,0,0,468,0,18,0,448,23,0,0,443,0,0,0,10,54,0,0,0,2,410,35,0,0,0,5
2020-07-04,33,0,4,0,172,0,0,0,0,0,883,0,26,0,393,15,4,0,175,0,0,0,8,22,0,0,0,123,273,8,0,0,0,0
2020-07-05,19,3,9,0,167,0,0,17,0,0,1537,0,118,0,237,40,78,0,293,0,0,0,8,8,0,0,22,358,299,53,0,0,4,0
2020-07-06,14,1,25,0,249,0,0,0,0,0,1816,0,75,0,210,90,211,0,473,0,0,0,6,8,0,0,0,434,476,70,0,2,18,0
2020-07-07,22,0,0,0,85,0,0,0,0,0,2002,0,38,0,243,0,0,0,166,0,0,0,1,0,0,0,0,333,61,0,0,0,0,0
2020-07-08,6,0,0,0,0,0,0,0,0,0,1556,0,45,0,150,0,0,0,110,0,0,0,0,0,0,0,0,81,0,0,0,0,0,0
2020-07-09,9,0,1,0,7,0,0,1,0,0,834,0,378,0,112,8,5,0,282,0,0,0,4,4,0,0,0,65,15,6,0,0,0,0
2020-07-10,15,44,23,0,41,0,19,1,0,0,1010,0,90,0,141,99,261,0,481,0,0,0,5,17,0,0,79,198,212,110,0,4,58,1
2020-07-11,22,0,34,0,58,0,0,0,0,0,1463,0,71,0,159,56,101,0,452,0,0,0,6,35,0,0,0,285,330,172,0,0,0,9
2020-07-12,26,0,1,0,70,0,0,0,0,0,1136,0,44,0,304,4,0,0,337,0,0,0,6,9,0,0,0,257,101,0,0,0,0,0
2020-07-13,13,0,0,0,1,0,0,0,0,0,1168,0,71,0,229,0,0,0,171,0,0,0,1,0,0,0,0,405,0,0,0,0,0,0
2020-07-14,4,0,0,0,0,0,0,0,0,0,864,0,35,0,58,0,0,0,90,0,0,0,0,0,0,0,0,303,0,0,0,0,0,0
2020-07-15,4,0,0,0,6,0,0,0,0,0,853,0,14,0,49,0,0,0,71,0,0,0,0,3,0,0,0,308,12,0,0,0,0,0
2020-07-16,2,0,0,0,13,0,0,0,0,0,1293,0,9,0,76,0,0,0,94,0,0,0,0,4,0,0,0,580,29,0,0,0,0,0
2020-07-17,0,0,0,0,28,0,0,0,0,0,1402,0,16,0,97,0,0,0,81,0,0,0,0,1,0,0,0,569,48,0,0,0,0,0
2020-07-18,0,0,0,0,19,0,0,0,0,0,1358,0,52,0,102,0,0,0,51,0,0,0,0,0,0,0,0,380,68,0,0,0,0,0
2020-07-19,0,0,0,0,25,0,0,0,0,0,1691,0,258,0,124,0,0,0,94,0,0,0,0,0,0,0,0,155,26,0,0,0,0,0
2020-07-20,0,0,0,0,32,0,0,0,0,0,1887,0,394,0,173,0,0,0,240,0,0,0,0,0,0,0,0,284,0,0,0,0,0,0
2020-07-21,8,0,8,0,61,0,0,0,0,0,1398,0,459,0,258,60,73,0,483,0,0,0,4,7,0,0,0,260,85,31,0,3,4,0
2020-07-22,29,0,18,0,159,0,0,0,0,0,1107,0,366,0,332,65,19,0,673,0,0,0,7,24,0,0,0,239,187,60,0,0,2,3
2020-07-23,37,0,8,0,132,0,0,0,0,0,1724,0,302,0,375,20,2,0,655,0,0,0,8,42,0,0,0,243,94,20,0,0,1,6
2020-07-24,36,0,6,0,78,0,0,0,0,0,1789,0,172,0,384,12,0,0,427,0,0,0,6,38,0,0,0,162,95,32,0,0,0,4
2020-07-25,21,0,0,0,78,0,0,0,0,0,1880,0,100,0,329,0,0,0,332,0,0,0,3,22,0,0,0,182,147,0,0,0,0,0
2020-07-26,7,0,0,0,66,0,0,0,0,0,2279,0,128,0,272,5,0,0,396,0,0,0,2,4,0,0,0,239,149,0,0,0,0,0
2020-07-27,28,1,9,0,109,0,0,7,0,0,2726,0,758,0,362,41,9,0,662,0,0,0,7,13,0,0,0,215,219,25,0,0,8,1
2020-07-28,45,51,30,0,218,6,40,56,0,0,2162,0,298,0,470,127,202,0,910,0,0,0,9,33,0,0,274,124,331,71,0,24,57,4
2020-07-29,61,10,71,0,368,0,0,0,0,0,2203,0,369,0,556,185,287,0,1133,0,0,0,13,73,0,0,2,235,595,151,0,28,29,16
2020-07-30,95,16,116,0,479,2,0,0,0,0,2553,0,1493,0,682,225,348,0,1391,0,0,0,20,112,0,0,0,243,808,260,0,31,32,34
2020-07-31,94,38,82,135,525,47,0,303,0,0,2703,0,2723,61,739,223,297,0,1512,0,9,0,17,115,44,0,0,201,628,277,0,43,27,32
2020-08-01,60,16,65,10,235,21,14,376,0,0,2382,0,792,0,596,193,68,0,1471,0,4,0,16,51,2,0,0,128,192,92,0,38,6,10
2020-08-02,75,2,37,0,76,0,0,0,0,0,1628,0,162,0,397,121,12,0,1130,0,0,0,15,30,0,0,0,36,73,14,0,2,7,1
2020-08-03,63,0,49,0,84,0,0,0,0,0,983,0,50,0,360,81,55,0,691,0,0,0,10,38,0,0,0,31,135,132,0,0,0,10
2020-08-04,49,0,9,0,105,0,0,0,0,0,1031,0,10,0,327,17,97,0,284,0,0,0,4,56,0,0,0,147,247,177,0,0,2,17
2020-08-05,0,0,0,0,70,0,0,0,0,0,1561,0,36,0,231,0,3,0,78,0,0,0,0,0,0,0,0,311,175,0,0,0,0,0
2020-08-06,0,0,0,19,123,0,0,70,0,0,2367,0,739,0,147,4,90,0,140,0,0,0,1,0,12,0,0,354,402,21,0,0,10,0
2020-08-07,3,14,3,112,255,0,13,529,0,0,2580,0,2211,45,118,52,273,0,389,0,5,0,2,0,92,0,435,275,714,72,0,7,59,0
2020-08-08,11,27,17,172,278,1,59,1298,2,0,2381,0,2365,32,133,101,310,0,643,9,13,0,6,0,134,0,702,209,687,50,0,17,70,0
2020-08-09,41,32,34,157,203,1,92,1116,2,0,2393,0,2390,3,224,132,312,0,851,0,11,0,9,2,118,0,418,113,407,78,0,18,70,0
2020-08-10,39,36,32,149,156,0,18,648,1,0,1489,0,1817,43,311,124,233,0,831,0,9,0,8,8,129,0,169,29,299,99,0,21,36,0
2020-08-11,32,2,35,119,181,7,10,808,0,0,566,0,1962,115,316,98,104,0,804,0,9,0,8,13,147,0,77,9,328,130,0,2,1,0
2020-08-12,31,10,16,102,125,6,16,658,0,0,294,0,1246,150,371,68,132,0,819,0,4,0,6,10,149,0,16,0,221,79,0,2,16,0
2020-08-13,39,10,30,47,79,0,30,259,0,0,514,0,257,0,348,111,130,0,887,0,1,0,8,11,77,0,53,17,116,80,0,6,26,0
2020-08-14,51,0,20,0,130,0,0,25,0,0,599,0,113,0,333,54,42,0,883,0,0,0,9,22,2,0,45,1,196,62,0,0,9,1
2020-08-15,43,0,5,0,54,0,0,42,0,0,456,0,160,0,337,22,4,0,760,0,0,0,6,3,0,0,3,0,41,2,0,0,0,0
2020-08-16,36,0,8,0,3,0,0,140,1,0,286,0,64,0,233,43,1,0,720,0,0,0,6,0,0,0,6,0,14,10,0,1,0,0
2020-08-17,39,0,13,0,11,0,0,35,2,0,351,0,53,0,188,57,35,0,589,0,0,0,8,3,0,0,3,9,64,57,0,0,0,0
2020-08-18,30,0,0,0,35,0,0,0,0,0,649,0,75,0,185,3,0,0,406,0,0,0,2,5,0,0,0,43,104,1,0,0,0,0
2020-08-19,15,0,0,0,11,0,0,0,0,0,1164,0,355,0,214,6,0,0,428,0,0,0,1,0,0,0,0,26,39,0,0,0,0,0
2020-08-20,11,0,0,52,9,5,0,183,0,0,1202,0,1537,0,207,14,0,0,626,0,5,0,4,0,27,0,1,10,6,0,0,0,0,0
2020-08-21,24,17,3,28,106,21,73,978,0,0,1245,0,758,0,286,51,45,0,910,0,1,0,6,3,46,0,405,41,251,21,0,6,5,0
2020-08-22,26,13,28,0,212,0,6,0,0,0,1163,0,146,0,367,120,169,0,969,0,0,0,6,15,0,0,89,35,343,57,0,19,26,0
2020-08-23,42,0,9,0,205,0,0,0,0,0,971,0,66,0,377,42,28,0,748,0,0,0,9,28,0,0,0,53,334,70,0,1,0,0
2020-08-24,49,0,6,0,152,0,0,0,0,0,1014,0,41,0,376,26,0,0,418,0,0,0,10,19,0,0,0,154,203,22,0,0,0,0
2020-08-25,16,0,0,0,38,0,0,0,0,0,1570,0,55,0,247,7,0,0,334,0,0,0,4,0,0,0,0,185,70,0,0,0,0,0
2020-08-26,13,0,0,0,21,0,0,0,0,0,1808,0,130,0,198,7,0,0,479,0,0,0,3,0,0,0,0,189,22,0,0,0,1,0
2020-08-27,14,0,1,0,91,0,0,0,0,0,1828,0,176,0,223,18,0,0,563,0,0,0,5,2,0,0,0,129,171,0,0,0,0,0
2020-08-28,28,0,4,0,113,0,0,0,0,0,882,0,30,0,293,29,0,0,596,0,0,0,6,8,0,0,0,3,106,13,0,0,0,0
2020-08-29,40,0,61,0,184,0,0,0,0,0,63,0,19,0,281,175,263,0,740,0,0,0,9,18,0,0,0,0,350,184,0,11,20,2
2020-08-30,34,0,68,0,178,0,0,0,0,0,38,0,2,0,265,139,413,0,530,0,0,0,8,26,0,0,108,0,452,230,0,0,58,3
2020-08-31,51,0,9,0,202,0,0,0,0,0,73,0,0,0,428,8,42,0,276,0,0,0,10,42,0,0,0,17,389,144,0,0,1,9
2020-09-01,7,0,0,0,195,0,0,0,0,0,74,0,0,0,394,0,0,0,67,0,0,0,1,33,0,0,0,16,304,2,0,0,0,0
2020-09-02,0,0,0,0,147,0,0,0,0,0,128,0,0,0,304,0,0,0,36,0,0,0,0,3,0,0,0,18,182,0,0,0,0,0
2020-09-03,2,0,0,0,133,0,0,0,0,0,370,0,0,0,285,0,0,0,64,0,0,0,0,1,0,0,0,168,99,0,0,0,0,0
2020-09-04,4,0,0,0,0,0,0,0,0,0,519,0,16,0,233,0,0,0,76,0,0,0,1,0,0,0,0,189,0,0,0,0,0,0
2020-09-05,1,0,0,0,0,0,0,0,0,0,550,0,2,0,88,0,0,0,82,0,0,0,0,0,0,0,0,143,0,0,0,0,0,0
2020-09-06,0,0,0,0,6,0,0,0,0,0,596,0,2,0,98,0,0,0,107,0,0,0,0,0,0,0,0,180,10,2,0,0,0,0
2020-09-07,8,0,0,0,53,0,0,0,0,0,381,0,1,0,170,1,0,0,141,0,0,0,3,2,0,0,0,183,86,21,0,0,0,0
2020-09-08,33,0,4,0,65,0,0,0,0,0,183,0,10,0,336,7,0,0,220,0,0,0,8,6,0,0,0,133,28,0,0,0,0,0
2020-09-09,32,0,2,0,35,0,0,0,0,0,169,0,7,0,319,2,0,0,257,0,0,0,6,6,0,0,0,62,12,0,0,0,0,0
2020-09-10,12,0,1,0,21,0,0,0,0,0,292,0,11,0,222,6,0,0,231,0,0,0,5,7,0,0,0,88,32,0,0,0,0,0
2020-09-11,26,0,4,0,14,0,0,0,0,0,414,0,16,0,149,11,0,0,187,0,0,0,7,6,0,0,0,96,34,0,0,0,0,0
2020-09-12,25,0,6,0,20,0,0,0,0,0,680,0,37,0,143,18,0,0,173,0,0,0,7,8,0,0,0,183,31,22,0,0,0,0
2020-09-13,31,0,8,0,30,0,0,0,0,0,803,0,112,0,191,27,5,0,288,0,0,0,8,5,0,0,0,184,27,24,0,0,0,0
2020-09-14,36,0,8,0,55,0,0,0,0,0,481,0,622,0,209,26,12,0,339,0,0,0,8,3,0,0,0,30,74,16,0,0,0,0
2020-09-15,32,0,6,49,26,0,0,18,0,0,277,0,518,0,160,18,31,0,252,0,1,0,7,4,2,0,0,1,32,27,0,0,0,0
2020-09-16,22,0,4,0,4,0,0,0,0,0,280,0,213,0,120,12,19,0,187,0,0,0,5,0,0,0,0,0,25,33,0,0,0,0
2020-09-17,20,0,5,0,2,0,0,0,0,0,154,0,292,0,62,17,2,0,217,0,0,0,6,1,0,0,0,0,7,38,0,0,0,0
2020-09-18,22,0,3,0,0,0,0,0,0,0,14,0,138,0,69,6,0,0,195,0,0,0,7,0,0,0,0,0,0,0,0,0,0,0
2020-09-19,15,0,0,0,0,0,0,0,0,0,20,0,16,0,23,0,0,0,96,0,0,0,1,0,0,0,0,0,0,0,0,0,0,0
2020-09-20,1,0,0,0,0,0,0,0,0,0,21,0,1,0,2,0,0,0,79,0,0,0,0,0,0,0,0,0,0,0,0,0,0,0
2020-09-21,1,0,0,0,0,0,0,0,0,0,18,0,0,0,2,0,0,0,58,0,0,0,0,0,0,0,0,0,0,0,0,0,0,0
2020-09-22,1,0,0,0,0,0,0,0,0,0,10,0,0,0,3,0,0,0,51,0,0,0,0,0,0,0,0,0,0,0,0,0,0,0
2020-09-23,0,0,0,0,0,0,0,0,0,0,36,0,0,0,10,0,0,0,55,0,0,0,0,0,0,0,0,0,0,0,0,0,0,0
2020-09-24,0,0,0,0,0,0,0,0,0,0,95,0,0,0,31,0,0,0,57,0,0,0,0,0,0,0,0,0,0,0,0,0,0,0
2020-09-25,1,0,0,0,0,0,0,0,0,0,19,0,0,0,41,0,0,0,81,0,0,0,0,0,0,0,0,0,0,0,0,0,0,0
2020-09-26,0,0,0,0,1,0,0,0,0,0,0,0,0,0,43,0,0,0,0,0,0,0,0,0,0,0,0,0,0,0,0,0,0,0
2020-09-27,0,0,0,0,0,0,0,0,0,0,0,0,0,0,6,0,0,0,0,0,0,0,0,0,0,0,0,0,0,0,0,0,0,0
2020-09-28,0,0,0,0,0,0,0,0,0,0,0,0,0,0,38,0,0,0,0,0,0,0,0,0,0,0,0,0,0,0,0,0,0,0
2020-09-29,0,0,0,0,0,0,0,0,0,0,8,0,0,0,24,0,0,0,0,0,0,0,0,0,0,0,0,0,0,0,0,0,0,0
2020-09-30,0,0,0,0,0,0,0,0,0,0,0,0,0,0,0,0,0,0,0,0,0,0,0,0,0,0,0,0,0,0,0,0,0,0
2020-10-01,0,0,0,0,0,0,0,0,0,0,3,0,0,0,0,0,0,0,0,0,0,0,0,0,0,0,0,0,0,0,0,0,0,0
2020-10-02,0,0,0,0,0,0,0,0,0,0,0,0,0,0,0,0,0,0,1,0,0,0,0,0,0,0,0,0,0,0,0,0,0,0
2020-10-03,4,0,1,0,0,0,0,0,0,0,0,0,0,0,15,1,0,0,73,0,0,0,0,0,0,0,0,0,0,5,0,0,0,0
2020-10-04,14,0,0,0,0,0,0,0,0,0,0,0,0,0,39,0,0,0,22,0,0,0,0,0,0,0,0,0,0,1,0,0,0,0
2020-10-05,9,0,0,0,61,0,0,0,0,0,0,0,0,0,83,0,0,0,12,0,0,0,0,0,0,0,0,0,16,0,0,0,0,0
2020-10-06,0,0,0,0,28,0,0,0,0,0,0,0,0,0,81,0,0,0,0,0,0,0,0,0,0,0,0,0,0,0,0,0,0,0
2020-10-07,0,0,0,0,0,0,0,0,0,0,4,0,0,0,73,0,0,0,0,0,0,0,0,0,0,0,0,0,0,0,0,0,0,0
2020-10-08,0,0,0,0,0,0,0,0,0,0,10,0,0,0,14,0,0,0,0,0,0,0,0,0,0,0,0,0,0,0,0,0,0,0
2020-10-09,0,0,0,0,0,0,0,0,0,0,0,0,0,0,0,0,0,0,0,0,0,0,0,0,0,0,0,0,0,0,0,0,0,0
2020-10-10,0,0,0,0,0,0,0,0,0,0,0,0,0,0,0,0,0,0,0,0,0,0,0,0,0,0,0,0,0,0,0,0,0,0
2020-10-11,0,0,0,0,0,0,0,0,0,0,0,0,0,0,0,0,0,0,0,0,0,0,0,0,0,0,0,0,0,0,0,0,0,0
2020-10-12,0,0,0,0,0,0,0,0,0,0,0,0,0,0,0,0,0,0,0,0,0,0,0,0,0,0,0,0,0,0,0,0,0,0
2020-10-13,0,0,0,0,0,0,0,0,0,0,0,0,0,0,1,0,0,0,0,0,0,0,0,0,0,0,0,0,0,0,0,0,0,0
2020-10-14,0,0,0,0,0,0,0,0,0,0,0,0,0,0,0,0,0,0,0,0,0,0,0,0,0,0,0,0,0,0,0,0,0,0
2020-10-15,0,0,0,0,0,0,0,0,0,0,0,0,0,0,0,0,0,0,0,0,0,0,0,0,0,0,0,0,0,0,0,0,0,0
2020-10-16,0,0,0,0,0,0,0,0,0,0,0,0,0,0,4,0,0,0,0,0,0,0,0,0,0,0,0,0,0,0,0,0,0,0
2020-10-17,0,0,0,0,0,0,0,0,0,0,0,0,0,0,13,0,0,0,0,0,0,0,0,0,0,0,0,0,0,0,0,0,0,0
2020-10-18,0,0,0,0,0,0,0,0,0,0,0,0,0,0,1,0,0,0,0,0,0,0,0,0,0,0,0,0,0,0,0,0,0,0
2020-10-19,0,0,0,0,0,0,0,0,0,0,0,0,0,0,0,0,0,0,0,0,0,0,0,0,0,0,0,0,0,0,0,0,0,0
2020-10-20,0,0,0,0,0,0,0,0,0,0,0,0,0,0,0,0,0,0,0,0,0,0,0,0,0,0,0,0,0,0,0,0,0,0
2020-10-21,0,0,0,0,0,0,0,0,0,0,0,0,0,0,0,0,0,0,0,0,0,0,0,0,0,0,0,0,0,0,0,0,0,0
2020-10-22,0,0,0,0,0,0,0,0,0,0,0,0,0,0,0,0,0,0,0,0,0,0,0,0,0,0,0,0,0,0,0,0,0,0
2020-10-23,0,0,0,0,0,0,0,0,0,0,0,0,0,0,0,0,0,0,0,0,0,0,0,0,0,0,0,0,0,0,0,0,0,0
2020-10-24,0,0,0,0,0,0,0,0,0,0,0,0,0,0,0,0,0,0,0,0,0,0,0,0,0,0,0,0,0,0,0,0,0,0
2020-10-25,0,0,0,0,0,0,0,0,0,0,0,0,0,0,0,0,0,0,0,0,0,0,0,0,0,0,0,0,0,0,0,0,0,0
2020-10-26,0,0,0,0,0,0,0,0,0,0,0,0,0,0,0,0,0,0,0,0,0,0,0,0,0,0,0,0,0,0,0,0,0,0
2020-10-27,0,0,0,0,0,0,0,0,0,0,0,0,0,0,0,0,0,0,0,0,0,0,0,0,0,0,0,0,0,0,0,0,0,0
2020-10-28,0,0,0,0,0,0,0,0,0,0,0,0,0,0,0,0,0,0,0,0,0,0,0,0,0,0,0,0,0,0,0,0,0,0
2020-10-29,0,0,0,0,0,0,0,0,0,0,0,0,0,0,0,0,0,0,0,0,0,0,0,0,0,0,0,0,0,0,0,0,0,0
2020-10-30,0,0,0,0,0,0,0,0,0,0,0,0,0,0,0,0,0,0,0,0,0,0,0,0,0,0,0,0,0,0,0,0,0,0
2020-10-31,0,0,0,0,0,0,0,0,0,0,0,0,0,0,0,0,0,0,0,0,0,0,0,0,0,0,0,0,0,0,0,0,0,0
2020-11-01,0,0,0,0,0,0,0,0,0,0,0,0,0,0,0,0,0,0,0,0,0,0,0,0,0,0,0,0,0,0,0,0,0,0
2020-11-02,0,0,0,0,0,0,0,0,0,0,0,0,0,0,0,0,0,0,0,0,0,0,0,0,0,0,0,0,0,0,0,0,0,0
2020-11-03,0,0,0,0,0,0,0,0,0,0,0,0,0,0,0,0,0,0,0,0,0,0,0,0,0,0,0,0,0,0,0,0,0,0
2020-11-04,0,0,0,0,0,0,0,0,0,0,0,0,0,0,0,0,0,0,0,0,0,0,0,0,0,0,0,0,0,0,0,0,0,0
2020-11-05,0,0,0,0,0,0,0,0,0,0,0,0,0,0,0,0,0,0,0,0,0,0,0,0,0,0,0,0,0,0,0,0,0,0
2020-11-06,0,0,0,0,0,0,0,0,0,0,0,0,0,0,0,0,0,0,0,0,0,0,0,0,0,0,0,0,0,0,0,0,0,0
2020-11-07,0,0,0,0,0,0,0,0,0,0,0,0,0,0,0,0,0,0,0,0,0,0,0,0,0,0,0,0,0,0,0,0,0,0
2020-11-08,0,0,0,0,0,0,0,0,0,0,0,0,0,0,0,0,0,0,0,0,0,0,0,0,0,0,0,0,0,0,0,0,0,0
2020-11-09,0,0,0,0,0,0,0,0,0,0,0,0,0,0,0,0,0,0,0,0,0,0,0,0,0,0,0,0,0,0,0,0,0,0
2020-11-10,0,0,0,0,0,0,0,0,0,0,0,0,0,0,0,0,0,0,0,0,0,0,0,0,0,0,0,0,0,0,0,0,0,0
2020-11-11,0,0,0,0,0,0,0,0,0,0,0,0,0,0,0,0,0,0,0,0,0,0,0,0,0,0,0,0,0,0,0,0,0,0
2020-11-12,0,0,0,0,0,0,0,0,0,0,0,0,0,0,0,0,0,0,0,0,0,0,0,0,0,0,0,0,0,0,0,0,0,0
2020-11-13,0,0,0,0,0,0,0,0,0,0,0,0,0,0,0,0,0,0,0,0,0,0,0,0,0,0,0,0,0,0,0,0,0,0
2020-11-14,0,0,0,0,0,0,0,0,0,0,0,0,0,0,0,0,0,0,0,0,0,0,0,0,0,0,0,0,0,0,0,0,0,0
2020-11-15,0,0,0,0,0,0,0,0,0,0,0,0,0,0,0,0,0,0,0,0,0,0,0,0,0,0,0,0,0,0,0,0,0,0
2020-11-16,0,0,0,0,0,0,0,0,0,0,0,0,0,0,0,0,0,0,0,0,0,0,0,0,0,0,0,0,0,0,0,0,0,0
2020-11-17,0,0,0,0,0,0,0,0,0,0,0,0,0,0,0,0,0,0,0,0,0,0,0,0,0,0,0,0,0,0,0,0,0,0
2020-11-18,0,0,0,0,0,0,0,0,0,0,0,0,0,0,0,0,0,0,0,0,0,0,0,0,0,0,0,0,0,0,0,0,0,0
2020-11-19,0,0,0,0,0,0,0,0,0,0,0,0,0,0,0,0,0,0,0,0,0,0,0,0,0,0,0,0,0,0,0,0,0,0
2020-11-20,0,0,0,0,0,0,0,0,0,0,0,0,0,0,0,0,0,0,0,0,0,0,0,0,0,0,0,0,0,0,0,0,0,0
2020-11-21,0,0,0,0,0,0,0,0,0,0,0,0,0,0,0,0,0,0,0,0,0,0,0,0,0,0,0,0,0,0,0,0,0,0
2020-11-22,0,0,0,0,0,0,0,0,0,0,0,0,0,0,0,0,0,0,0,0,0,0,0,0,0,0,0,0,0,0,0,0,0,0
2020-11-23,0,0,0,0,0,0,0,0,0,0,0,0,0,0,0,0,0,0,0,0,0,0,0,0,0,0,0,0,0,0,0,0,0,0
2020-11-24,0,0,0,0,0,0,0,0,0,0,0,0,0,0,0,0,0,0,0,0,0,0,0,0,0,0,0,0,0,0,0,0,0,0
2020-11-25,0,0,0,0,0,0,0,0,0,0,0,0,0,0,0,0,0,0,0,0,0,0,0,0,0,0,0,0,0,0,0,0,0,0
2020-11-26,0,0,0,0,0,0,0,0,0,0,0,0,0,0,0,0,0,0,0,0,0,0,0,0,0,0,0,0,0,0,0,0,0,0
2020-11-27,0,0,0,0,0,0,0,0,0,0,0,0,0,0,0,0,0,0,0,0,0,0,0,0,0,0,0,0,0,0,0,0,0,0
2020-11-28,0,0,0,0,0,0,0,0,0,0,0,0,0,0,0,0,0,0,0,0,0,0,0,0,0,0,0,0,0,0,0,0,0,0
2020-11-29,0,0,0,0,0,0,0,0,0,0,0,0,0,0,0,0,0,0,0,0,0,0,0,0,0,0,0,0,0,0,0,0,0,0
2020-11-30,0,0,0,0,0,0,0,0,0,0,0,0,0,0,0,0,0,0,0,0,0,0,0,0,0,0,0,0,0,0,0,0,0,0
2020-12-01,0,0,0,0,0,0,0,0,0,0,0,0,0,0,0,0,0,0,0,0,0,0,0,0,0,0,0,0,0,0,0,0,0,0
2020-12-02,0,0,0,0,0,0,0,0,0,0,0,0,0,0,0,0,0,0,0,0,0,0,0,0,0,0,0,0,0,0,0,0,0,0
2020-12-03,0,0,0,0,0,0,0,0,0,0,0,0,0,0,0,0,0,0,0,0,0,0,0,0,0,0,0,0,0,0,0,0,0,0
2020-12-04,0,0,0,0,0,0,0,0,0,0,0,0,0,0,0,0,0,0,0,0,0,0,0,0,0,0,0,0,0,0,0,0,0,0
2020-12-05,0,0,0,0,0,0,0,0,0,0,0,0,0,0,0,0,0,0,0,0,0,0,0,0,0,0,0,0,0,0,0,0,0,0
2020-12-06,0,0,0,0,0,0,0,0,0,0,0,0,0,0,0,0,0,0,0,0,0,0,0,0,0,0,0,0,0,0,0,0,0,0
2020-12-07,0,0,0,0,0,0,0,0,0,0,0,0,0,0,0,0,0,0,0,0,0,0,0,0,0,0,0,0,0,0,0,0,0,0
2020-12-08,0,0,0,0,0,0,0,0,0,0,0,0,0,0,0,0,0,0,0,0,0,0,0,0,0,0,0,0,0,0,0,0,0,0
2020-12-09,0,0,0,0,0,0,0,0,0,0,0,0,0,0,0,0,0,0,0,0,0,0,0,0,0,0,0,0,0,0,0,0,0,0
2020-12-10,0,0,0,0,0,0,0,0,0,0,0,0,0,0,0,0,0,0,0,0,0,0,0,0,0,0,0,0,0,0,0,0,0,0
2020-12-11,0,0,0,0,0,0,0,0,0,0,0,0,0,0,0,0,0,0,0,0,0,0,0,0,0,0,0,0,0,0,0,0,0,0
2020-12-12,0,0,0,0,0,0,0,0,0,0,0,0,0,0,0,0,0,0,0,0,0,0,0,0,0,0,0,0,0,0,0,0,0,0
2020-12-13,0,0,0,0,0,0,0,0,0,0,0,0,0,0,0,0,0,0,0,0,0,0,0,0,0,0,0,0,0,0,0,0,0,0
2020-12-14,0,0,0,0,0,0,0,0,0,0,0,0,0,0,0,0,0,0,0,0,0,0,0,0,0,0,0,0,0,0,0,0,0,0
2020-12-15,0,0,0,0,0,0,0,0,0,0,0,0,0,0,0,0,0,0,0,0,0,0,0,0,0,0,0,0,0,0,0,0,0,0
2020-12-16,0,0,0,0,0,0,0,0,0,0,0,0,0,0,0,0,0,0,0,0,0,0,0,0,0,0,0,0,0,0,0,0,0,0
2020-12-17,0,0,0,0,0,0,0,0,0,0,0,0,0,0,0,0,0,0,0,0,0,0,0,0,0,0,0,0,0,0,0,0,0,0
2020-12-18,0,0,0,0,0,0,0,0,0,0,0,0,0,0,0,0,0,0,0,0,0,0,0,0,0,0,0,0,0,0,0,0,0,0
2020-12-19,0,0,0,0,0,0,0,0,0,0,0,0,0,0,0,0,0,0,0,0,0,0,0,0,0,0,0,0,0,0,0,0,0,0
2020-12-20,0,0,0,0,0,0,0,0,0,0,0,0,0,0,0,0,0,0,0,0,0,0,0,0,0,0,0,0,0,0,0,0,0,0
2020-12-21,0,0,0,0,0,0,0,0,0,0,0,0,0,0,0,0,0,0,0,0,0,0,0,0,0,0,0,0,0,0,0,0,0,0
2020-12-22,0,0,0,0,0,0,0,0,0,0,0,0,0,0,0,0,0,0,0,0,0,0,0,0,0,0,0,0,0,0,0,0,0,0
2020-12-23,0,0,0,0,0,0,0,0,0,0,0,0,0,0,0,0,0,0,0,0,0,0,0,0,0,0,0,0,0,0,0,0,0,0
2020-12-24,0,0,0,0,0,0,0,0,0,0,0,0,0,0,0,0,0,0,0,0,0,0,0,0,0,0,0,0,0,0,0,0,0,0
2020-12-25,0,0,0,0,0,0,0,0,0,0,0,0,0,0,0,0,0,0,0,0,0,0,0,0,0,0,0,0,0,0,0,0,0,0
2020-12-26,0,0,0,0,0,0,0,0,0,0,0,0,0,0,0,0,0,0,0,0,0,0,0,0,0,0,0,0,0,0,0,0,0,0
2020-12-27,0,0,0,0,0,0,0,0,0,0,0,0,0,0,0,0,0,0,0,0,0,0,0,0,0,0,0,0,0,0,0,0,0,0
2020-12-28,0,0,0,0,0,0,0,0,0,0,0,0,0,0,0,0,0,0,0,0,0,0,0,0,0,0,0,0,0,0,0,0,0,0
2020-12-29,0,0,0,0,0,0,0,0,0,0,0,0,0,0,0,0,0,0,0,0,0,0,0,0,0,0,0,0,0,0,0,0,0,0
2020-12-30,0,0,0,0,0,0,0,0,0,0,0,0,0,0,0,0,0,0,0,0,0,0,0,0,0,0,0,0,0,0,0,0,0,0
2020-12-31,0,0,0,0,0,0,0,0,0,0,0,0,0,0,0,0,0,0,0,0,0,0,0,0,0,0,0,0,0,0,0,0,0,0
2021-01-01,0,0,0,0,0,0,0,0,0,0,0,0,0,0,0,0,0,0,0,0,0,0,0,0,0,0,0,0,0,0,0,0,0,0
2021-01-02,0,0,0,0,0,0,0,0,0,0,0,0,0,0,0,0,0,0,0,0,0,0,0,0,0,0,0,0,0,0,0,0,0,0
2021-01-03,0,0,0,0,0,0,0,0,0,0,0,0,0,0,0,0,0,0,0,0,0,0,0,0,0,0,0,0,0,0,0,0,0,0
2021-01-04,0,0,0,0,0,0,0,0,0,0,0,0,0,0,0,0,0,0,0,0,0,0,0,0,0,0,0,0,0,0,0,0,0,0
2021-01-05,0,0,0,0,0,0,0,0,0,0,0,0,0,0,0,0,0,0,0,0,0,0,0,0,0,0,0,0,0,0,0,0,0,0
2021-01-06,0,0,0,0,0,0,0,0,0,0,0,0,0,0,0,0,0,0,0,0,0,0,0,0,0,0,0,0,0,0,0,0,0,0
2021-01-07,0,0,0,0,0,0,0,0,0,0,0,0,0,0,0,0,0,0,0,0,0,0,0,0,0,0,0,0,0,0,0,0,0,0
2021-01-08,0,0,0,0,0,0,0,0,0,0,0,0,0,0,0,0,0,0,0,0,0,0,0,0,0,0,0,0,0,0,0,0,0,0
2021-01-09,0,0,0,0,0,0,0,0,0,0,0,0,0,0,0,0,0,0,0,0,0,0,0,0,0,0,0,0,0,0,0,0,0,0
2021-01-10,0,0,0,0,0,0,0,0,0,0,0,0,0,0,0,0,0,0,0,0,0,0,0,0,0,0,0,0,0,0,0,0,0,0
2021-01-11,0,0,0,0,0,0,0,0,0,0,0,0,0,0,0,0,0,0,0,0,0,0,0,0,0,0,0,0,0,0,0,0,0,0
2021-01-12,0,0,0,0,0,0,0,0,0,0,0,0,0,0,0,0,0,0,0,0,0,0,0,0,0,0,0,0,0,0,0,0,0,0
2021-01-13,0,0,0,0,0,0,0,0,0,0,0,0,0,0,0,0,0,0,0,0,0,0,0,0,0,0,0,0,0,0,0,0,0,0
2021-01-14,0,0,0,0,0,0,0,0,0,0,0,0,0,0,0,0,0,0,0,0,0,0,0,0,0,0,0,0,0,0,0,0,0,0
2021-01-15,0,0,0,0,0,0,0,0,0,0,0,0,0,0,0,0,0,0,0,0,0,0,0,0,0,0,0,0,0,0,0,0,0,0
2021-01-16,0,0,0,0,0,0,0,0,0,0,0,0,0,0,0,0,0,0,0,0,0,0,0,0,0,0,0,0,0,0,0,0,0,0
2021-01-17,0,0,0,0,0,0,0,0,0,0,0,0,0,0,0,0,0,0,0,0,0,0,0,0,0,0,0,0,0,0,0,0,0,0
2021-01-18,0,0,0,0,0,0,0,0,0,0,0,0,0,0,0,0,0,0,0,0,0,0,0,0,0,0,0,0,0,0,0,0,0,0
2021-01-19,0,0,0,0,0,0,0,0,0,0,0,0,0,0,0,0,0,0,0,0,0,0,0,0,0,0,0,0,0,0,0,0,0,0
2021-01-20,0,0,0,0,0,0,0,0,0,0,0,0,0,0,0,0,0,0,0,0,0,0,0,0,0,0,0,0,0,0,0,0,0,0
2021-01-21,0,0,0,0,0,0,0,0,0,0,0,0,0,0,0,0,0,0,0,0,0,0,0,0,0,0,0,0,0,0,0,0,0,0
2021-01-22,0,0,0,0,0,0,0,0,0,0,0,0,0,0,0,0,0,0,0,0,0,0,0,0,0,0,0,0,0,0,0,0,0,0
2021-01-23,0,0,0,0,0,0,0,0,0,0,0,0,0,0,0,0,0,0,0,0,0,0,0,0,0,0,0,0,0,0,0,0,0,0
2021-01-24,0,0,0,0,0,0,0,0,0,0,0,0,0,0,0,0,0,0,0,0,0,0,0,0,0,0,0,0,0,0,0,0,0,0
2021-01-25,0,0,0,0,0,0,0,0,0,0,0,0,0,0,0,0,0,0,0,0,0,0,0,0,0,0,0,0,0,0,0,0,0,0
2021-01-26,0,0,0,0,0,0,0,0,0,0,0,0,0,0,0,0,0,0,0,0,0,0,0,0,0,0,0,0,0,0,0,0,0,0
2021-01-27,0,0,0,0,0,0,0,0,0,0,0,0,0,0,0,0,0,0,0,0,0,0,0,0,0,0,0,0,0,0,0,0,0,0
2021-01-28,0,0,0,0,0,0,0,0,0,0,0,0,0,0,0,0,0,0,0,0,0,0,0,0,0,0,0,0,0,0,0,0,0,0
2021-01-29,0,0,0,0,0,0,0,0,0,0,0,0,0,0,0,0,0,0,0,0,0,0,0,0,0,0,0,0,0,0,0,0,0,0
2021-01-30,0,0,0,0,0,0,0,0,0,0,0,0,0,0,0,0,0,0,0,0,0,0,0,0,0,0,0,0,0,0,0,0,0,0
2021-01-31,0,0,0,0,0,0,0,0,0,0,0,0,0,0,0,0,0,0,0,0,0,0,0,0,0,0,0,0,0,0,0,0,0,0
2021-02-01,0,0,0,0,0,0,0,0,0,0,0,0,0,0,0,0,0,0,0,0,0,0,0,0,0,0,0,0,0,0,0,0,0,0
2021-02-02,0,0,0,0,0,0,0,0,0,0,0,0,0,0,0,0,0,0,0,0,0,0,0,0,0,0,0,0,0,0,0,0,0,0
2021-02-03,0,0,0,0,0,0,0,0,0,0,0,0,0,0,0,0,0,0,0,0,0,0,0,0,0,0,0,0,0,0,0,0,0,0
2021-02-04,0,0,0,0,0,0,0,0,0,0,0,0,0,0,0,0,0,0,0,0,0,0,0,0,0,0,0,0,0,0,0,0,0,0
2021-02-05,0,0,0,0,0,0,0,0,0,0,0,0,0,0,0,0,0,0,0,0,0,0,0,0,0,0,0,0,0,0,0,0,0,0
2021-02-06,0,0,0,0,0,0,0,0,0,0,0,0,0,0,0,0,0,0,0,0,0,0,0,0,0,0,0,0,0,0,0,0,0,0
2021-02-07,0,0,0,0,0,0,0,0,0,0,0,0,0,0,0,0,0,0,0,0,0,0,0,0,0,0,0,0,0,0,0,0,0,0
2021-02-08,0,0,0,0,0,0,0,0,0,0,0,0,0,0,0,0,0,0,0,0,0,0,0,0,0,0,0,0,0,0,0,0,0,0
2021-02-09,0,0,0,0,0,0,0,0,0,0,0,0,0,0,0,0,0,0,0,0,0,0,0,0,0,0,0,0,0,0,0,0,0,0
2021-02-10,0,0,0,0,0,0,0,0,0,0,0,0,0,0,0,0,0,0,0,0,0,0,0,0,0,0,0,0,0,0,0,0,0,0
2021-02-11,0,0,0,0,0,0,0,0,0,0,0,0,0,0,0,0,0,0,0,0,0,0,0,0,0,0,0,0,0,0,0,0,0,0
2021-02-12,0,0,0,0,0,0,0,0,0,0,0,0,0,0,0,0,0,0,0,0,0,0,0,0,0,0,0,0,0,0,0,0,0,0
2021-02-13,0,0,0,0,0,0,0,0,0,0,0,0,0,0,0,0,0,0,0,0,0,0,0,0,0,0,0,0,0,0,0,0,0,0
2021-02-14,0,0,0,0,0,0,0,0,0,0,0,0,0,0,0,0,0,0,0,0,0,0,0,0,0,0,0,0,0,0,0,0,0,0
2021-02-15,0,0,0,0,0,0,0,0,0,0,0,0,0,0,0,0,0,0,0,0,0,0,0,0,0,0,0,0,0,0,0,0,0,0
2021-02-16,0,0,0,0,0,0,0,0,0,0,0,0,0,0,0,0,0,0,0,0,0,0,0,0,0,0,0,0,0,0,0,0,0,0
2021-02-17,0,0,0,0,0,0,0,0,0,0,0,0,0,0,0,0,0,0,0,0,0,0,0,0,0,0,0,0,0,0,0,0,0,0
2021-02-18,0,0,0,0,0,0,0,0,0,0,0,0,0,0,0,0,0,0,0,0,0,0,0,0,0,0,0,0,0,0,0,0,0,0
2021-02-19,0,0,0,0,0,0,0,0,0,0,0,0,0,0,0,0,0,0,0,0,0,0,0,0,0,0,0,0,0,0,0,0,0,0
2021-02-20,0,0,0,0,0,0,0,0,0,0,0,0,0,0,0,0,0,0,0,0,0,0,0,0,0,0,0,0,0,0,0,0,0,0
2021-02-21,0,0,0,0,0,0,0,0,0,0,0,0,0,0,0,0,0,0,0,0,0,0,0,0,0,0,0,0,0,0,0,0,0,0
2021-02-22,0,0,0,0,0,0,0,0,0,0,0,0,0,0,0,0,0,0,0,0,0,0,0,0,0,0,0,0,0,0,0,0,0,0
2021-02-23,0,0,0,0,0,0,0,0,0,0,0,0,0,0,0,0,0,0,0,0,0,0,0,0,0,0,0,0,0,0,0,0,0,0
2021-02-24,0,0,0,0,0,0,0,0,0,0,0,0,0,0,0,0,0,0,0,0,0,0,0,0,0,0,0,0,0,0,0,0,0,0
2021-02-25,0,0,0,0,0,0,0,0,0,0,0,0,0,0,0,0,0,0,0,0,0,0,0,0,0,0,0,0,0,0,0,0,0,0
2021-02-26,0,0,0,0,0,0,0,0,0,0,0,0,0,0,0,0,0,0,0,0,0,0,0,0,0,0,0,0,0,0,0,0,0,0
2021-02-27,0,0,0,0,0,0,0,0,0,0,0,0,0,0,0,0,0,0,0,0,0,0,0,0,0,0,0,0,0,0,0,0,0,0
2021-02-28,0,0,0,0,0,0,0,0,0,0,0,0,0,0,0,0,0,0,0,0,0,0,0,0,0,0,0,0,0,0,0,0,0,0
2021-03-01,0,0,0,0,0,0,0,0,0,0,0,0,0,0,0,0,0,0,0,0,0,0,0,0,0,0,0,0,0,0,0,0,0,0
2021-03-02,0,0,0,0,0,0,0,0,0,0,0,0,0,0,0,0,0,0,0,0,0,0,0,0,0,0,0,0,0,0,0,0,0,0
2021-03-03,0,0,0,0,0,0,0,0,0,0,0,0,0,0,0,0,0,0,0,0,0,0,0,0,0,0,0,0,0,0,0,0,0,0
2021-03-04,0,0,0,0,0,0,0,0,0,0,0,0,0,0,0,0,0,0,0,0,0,0,0,0,0,0,0,0,0,0,0,0,0,0
2021-03-05,0,0,0,0,0,0,0,0,0,0,0,0,0,0,0,0,0,0,0,0,0,0,0,0,0,0,0,0,0,0,0,0,0,0
2021-03-06,0,0,0,0,0,0,0,0,0,0,0,0,0,0,0,0,0,0,0,0,0,0,0,0,0,0,0,0,0,0,0,0,0,0
2021-03-07,0,0,0,0,0,0,0,0,0,0,0,0,0,0,0,0,0,0,0,0,0,0,0,0,0,0,0,0,0,0,0,0,0,0
2021-03-08,0,0,0,0,0,0,0,0,0,0,0,0,0,0,0,0,0,0,0,0,0,0,0,0,0,0,0,0,0,0,0,0,0,0
2021-03-09,0,0,0,0,0,0,0,0,0,0,0,0,0,0,0,0,0,0,0,0,0,0,0,0,0,0,0,0,0,0,0,0,0,0
2021-03-10,0,0,0,0,0,0,0,0,0,0,0,0,0,0,0,0,0,0,0,0,0,0,0,0,0,0,0,0,0,0,0,0,0,0
2021-03-11,0,0,0,0,0,0,0,0,0,0,0,0,0,0,0,0,0,0,0,0,0,0,0,0,0,0,0,0,0,0,0,0,0,0
2021-03-12,0,0,0,0,0,0,0,0,0,0,0,0,0,0,0,0,0,0,0,0,0,0,0,0,0,0,0,0,0,0,0,0,0,0
2021-03-13,0,0,0,0,0,0,0,0,0,0,0,0,0,0,0,0,0,0,0,0,0,0,0,0,0,0,0,0,0,0,0,0,0,0
2021-03-14,0,0,0,0,0,0,0,0,0,0,0,0,0,0,0,0,0,0,0,0,0,0,0,0,0,0,0,0,0,0,0,0,0,0
2021-03-15,0,0,0,0,0,0,0,0,0,0,0,0,0,0,0,0,0,0,0,0,0,0,0,0,0,0,0,0,0,0,0,0,0,0
2021-03-16,0,0,0,0,0,0,0,0,0,0,0,0,0,0,0,0,0,0,0,0,0,0,0,0,0,0,0,0,0,0,0,0,0,0
2021-03-17,0,0,0,0,0,0,0,0,0,0,0,0,0,0,0,0,0,0,0,0,0,0,0,0,0,0,0,0,0,0,0,0,0,0
2021-03-18,0,0,0,0,0,0,0,0,0,0,0,0,0,0,0,0,0,0,0,0,0,0,0,0,0,0,0,0,0,0,0,0,0,0
2021-03-19,0,0,0,0,0,0,0,0,0,0,0,0,0,0,0,0,0,0,0,0,0,0,0,0,0,0,0,0,0,0,0,0,0,0
2021-03-20,0,0,0,0,0,0,0,0,0,0,0,0,0,0,0,0,0,0,0,0,0,0,0,0,0,0,0,0,0,0,0,0,0,0
2021-03-21,0,0,0,0,0,0,0,0,0,0,0,0,0,0,0,0,0,0,0,0,0,0,0,0,0,0,0,0,0,0,0,0,0,0
2021-03-22,0,0,0,0,0,0,0,0,0,0,0,0,0,0,0,0,0,0,0,0,0,0,0,0,0,0,0,0,0,0,0,0,0,0
2021-03-23,0,0,0,0,0,0,0,0,0,0,0,0,0,0,0,0,0,0,0,0,0,0,0,0,0,0,0,0,0,0,0,0,0,0
2021-03-24,0,0,0,0,0,0,0,0,0,0,0,0,0,0,0,0,0,0,0,0,0,0,0,0,0,0,0,0,0,0,0,0,0,0
2021-03-25,0,0,0,0,0,0,0,0,0,0,0,0,0,0,0,0,0,0,0,0,0,0,0,0,0,0,0,0,0,0,0,0,0,0
2021-03-26,0,0,0,0,0,0,0,0,0,0,0,0,0,0,0,0,0,0,0,0,0,0,0,0,0,0,0,0,0,0,0,0,0,0
2021-03-27,0,0,0,0,0,0,0,0,0,0,0,0,0,0,0,0,0,0,0,0,0,0,0,0,0,0,0,0,0,0,0,0,0,0
2021-03-28,0,0,0,0,0,0,0,0,0,0,0,0,0,0,0,0,0,0,0,0,0,0,0,0,0,0,0,0,0,0,0,0,0,0
2021-03-29,0,0,0,0,0,0,0,0,0,0,0,0,0,0,0,0,0,0,0,0,0,0,0,0,0,0,0,0,0,0,0,0,0,0
2021-03-30,0,0,0,0,0,0,0,0,0,0,0,0,0,0,0,0,0,0,0,0,0,0,0,0,0,0,0,0,0,0,0,0,0,0
2021-03-31,0,0,0,0,0,0,0,0,0,0,0,0,0,0,0,0,0,0,0,0,0,0,0,0,0,0,0,0,0,0,0,0,0,0
2021-04-01,0,0,0,0,0,0,0,0,0,0,0,0,0,0,0,0,0,0,0,0,0,0,0,0,0,0,0,0,0,0,0,0,0,0
2021-04-02,0,0,0,0,0,0,0,0,0,0,0,0,0,0,0,0,0,0,0,0,0,0,0,0,0,0,0,0,0,0,0,0,0,0
2021-04-03,0,0,0,0,0,0,0,0,0,0,0,0,0,0,0,0,0,0,0,0,0,0,0,0,0,0,0,0,0,0,0,0,0,0
2021-04-04,0,0,0,0,0,0,0,0,0,0,0,0,0,0,0,0,0,0,0,0,0,0,0,0,0,0,0,0,0,0,0,0,0,0
2021-04-05,0,0,0,0,0,0,0,0,0,0,0,0,0,0,0,0,0,0,0,0,0,0,0,0,0,0,0,0,0,0,0,0,0,0
2021-04-06,0,0,0,0,0,0,0,0,0,0,0,0,0,0,0,0,0,0,0,0,0,0,0,0,0,0,0,0,0,0,0,0,0,0
2021-04-07,0,0,0,0,0,0,0,0,0,0,0,0,0,0,0,0,0,0,0,0,0,0,0,0,0,0,0,0,0,0,0,0,0,0
2021-04-08,0,0,0,0,0,0,0,0,0,0,0,0,0,0,0,0,0,0,0,0,0,0,0,0,0,0,0,0,0,0,0,0,0,0
2021-04-09,0,0,0,0,0,0,0,0,0,0,0,0,0,0,0,0,0,0,0,0,0,0,0,0,0,0,0,0,0,0,0,0,0,0
2021-04-10,0,0,0,0,0,0,0,0,0,0,0,0,0,0,0,0,0,0,0,0,0,0,0,0,0,0,0,0,0,0,0,0,0,0
2021-04-11,0,0,0,0,0,0,0,0,0,0,0,0,0,0,0,0,0,0,0,0,0,0,0,0,0,0,0,0,0,0,0,0,0,0
2021-04-12,0,0,0,0,0,0,0,0,0,0,0,0,0,0,0,0,0,0,0,0,0,0,0,0,0,0,0,0,0,0,0,0,0,0
2021-04-13,0,0,0,0,0,0,0,0,0,0,0,0,0,0,0,0,0,0,0,0,0,0,0,0,0,0,0,0,0,0,0,0,0,0
2021-04-14,0,0,0,0,0,0,0,0,0,0,0,0,0,0,0,0,0,0,0,0,0,0,0,0,0,0,0,0,0,0,0,0,0,0
2021-04-15,0,0,0,0,0,0,0,0,0,0,0,0,0,0,0,0,0,0,0,0,0,0,0,0,0,0,0,0,0,0,0,0,0,0
2021-04-16,0,0,0,0,0,0,0,0,0,0,0,0,0,0,0,0,0,0,0,0,0,0,0,0,0,0,0,0,0,0,0,0,0,0
2021-04-17,0,0,0,0,0,0,0,0,0,0,0,0,0,0,0,0,0,0,0,0,0,0,0,0,0,0,0,0,0,0,0,0,0,0
2021-04-18,0,0,0,0,0,0,0,0,0,0,0,0,0,0,0,0,0,0,0,0,0,0,0,0,0,0,0,0,0,0,0,0,0,0
2021-04-19,0,0,0,0,0,0,0,0,0,0,0,0,0,0,0,0,0,0,0,0,0,0,0,0,0,0,0,0,0,0,0,0,0,0
2021-04-20,0,0,0,0,0,0,0,0,0,0,0,0,0,0,0,0,0,0,0,0,0,0,0,0,0,0,0,0,0,0,0,0,0,0
2021-04-21,0,0,0,0,0,0,0,0,0,0,0,0,0,0,0,0,0,0,0,0,0,0,0,0,0,0,0,0,0,0,0,0,0,0
2021-04-22,0,0,0,0,0,0,0,0,0,0,0,0,0,0,0,0,0,0,0,0,0,0,0,0,0,0,0,0,0,0,0,0,0,0
2021-04-23,0,0,0,0,0,0,0,0,0,0,0,0,0,0,0,0,0,0,0,0,0,0,0,0,0,0,0,0,0,0,0,0,0,0
2021-04-24,0,0,0,0,0,0,0,0,0,0,0,0,0,0,0,0,0,0,0,0,0,0,0,0,0,0,0,0,0,0,0,0,0,0
2021-04-25,0,0,0,0,0,0,0,0,0,0,0,0,0,0,0,0,0,0,0,0,0,0,0,0,0,0,0,0,0,0,0,0,0,0
2021-04-26,0,0,0,0,0,0,0,0,0,0,0,0,0,0,0,0,0,0,0,0,0,0,0,0,0,0,0,0,0,0,0,0,0,0
2021-04-27,0,0,0,0,0,0,0,0,0,0,0,0,0,0,0,0,0,0,0,0,0,0,0,0,0,0,0,0,0,0,0,0,0,0
2021-04-28,0,0,0,0,0,0,0,0,0,0,0,0,0,0,0,0,0,0,0,0,0,0,0,0,0,0,0,0,0,0,0,0,0,0
2021-04-29,0,0,0,0,0,0,0,0,0,0,0,0,0,0,1,0,0,0,0,0,0,0,0,0,0,0,0,0,0,0,0,0,0,0
2021-04-30,0,0,0,0,0,0,0,0,0,0,0,0,0,0,2,0,0,0,0,0,0,0,0,0,0,0,0,0,0,0,0,0,0,0
2021-05-01,0,0,0,0,0,0,0,0,0,0,0,0,0,0,10,0,0,0,0,0,0,0,0,0,0,0,0,0,0,0,0,0,0,0
2021-05-02,0,0,0,0,13,0,0,0,0,0,0,0,0,0,27,0,0,0,0,0,0,0,0,0,0,0,0,0,7,0,0,0,0,0
2021-05-03,0,0,0,0,0,0,0,0,0,0,0,0,0,0,21,0,0,0,0,0,0,0,0,0,0,0,0,0,0,0,0,0,0,0
2021-05-04,0,0,0,0,0,0,0,0,0,0,0,0,0,0,0,0,0,0,0,0,0,0,0,0,0,0,0,0,0,0,0,0,0,0
2021-05-05,0,0,0,0,0,0,0,0,0,0,0,0,0,0,0,0,0,0,0,0,0,0,0,0,0,0,0,0,0,0,0,0,0,0
2021-05-06,0,0,0,0,0,0,0,0,0,0,0,0,0,0,0,0,0,0,0,0,0,0,0,0,0,0,0,0,0,0,0,0,0,0
2021-05-07,0,0,0,0,0,0,0,0,0,0,0,0,0,0,0,0,0,0,0,0,0,0,0,0,0,0,0,0,0,0,0,0,0,0
2021-05-08,0,0,0,0,0,0,0,0,0,0,3,0,0,0,0,0,0,0,0,0,0,0,0,0,0,0,0,0,0,0,0,0,0,0
2021-05-09,0,0,0,0,0,0,0,0,0,0,0,0,0,0,0,0,0,0,0,0,0,0,0,0,0,0,0,0,0,0,0,0,0,0
2021-05-10,0,0,0,0,0,0,0,0,0,0,0,0,0,0,0,0,0,0,0,0,0,0,0,0,0,0,0,0,0,0,0,0,0,0
2021-05-11,0,0,0,0,0,0,0,0,0,0,0,0,0,0,0,0,0,0,0,0,0,0,0,0,0,0,0,0,0,0,0,0,0,0
2021-05-12,0,0,0,0,0,0,0,0,0,0,0,0,0,0,0,0,0,0,0,0,0,0,0,0,0,0,0,0,0,0,0,0,0,0
2021-05-13,0,0,0,0,0,0,0,0,0,0,0,0,0,0,0,0,0,0,0,0,0,0,0,0,0,0,0,0,0,0,0,0,0,0
2021-05-14,0,0,0,0,0,0,0,0,0,0,0,0,0,0,0,0,0,0,0,0,0,0,0,0,0,0,0,0,0,0,0,0,0,0
2021-05-15,0,0,0,0,0,0,0,0,0,0,0,0,0,0,0,0,0,0,0,0,0,0,0,0,0,0,0,0,0,0,0,0,0,0
2021-05-16,0,0,0,0,0,0,0,0,0,0,70,0,0,0,0,0,0,0,0,0,0,0,0,0,0,0,0,0,0,0,0,0,0,0
2021-05-17,0,0,0,0,0,0,0,0,0,0,17,0,0,0,0,0,0,0,0,0,0,0,0,0,0,0,0,0,0,0,0,0,0,0
2021-05-18,0,0,0,0,0,0,0,0,0,0,9,0,0,0,1,0,0,0,0,0,0,0,0,0,0,0,0,0,0,0,0,0,0,0
2021-05-19,0,0,0,0,0,0,0,0,0,0,41,0,0,0,0,0,0,0,0,0,0,0,0,0,0,0,0,0,0,0,0,0,0,0
2021-05-20,0,0,0,0,0,0,0,0,0,0,53,0,0,0,0,0,0,0,0,0,0,0,0,0,0,0,0,1,0,0,0,0,0,0
2021-05-21,0,0,0,0,0,0,0,0,0,0,35,0,0,0,0,0,0,0,0,0,0,0,0,0,0,0,0,0,0,0,0,0,0,0
2021-05-22,0,0,0,0,0,0,0,0,0,0,0,0,0,0,0,0,0,0,0,0,0,0,0,0,0,0,0,0,0,0,0,0,0,0
2021-05-23,0,0,0,0,0,0,0,0,0,0,0,0,0,0,0,0,0,0,0,0,0,0,0,0,0,0,0,0,0,0,0,0,0,0
2021-05-24,0,0,0,0,0,0,0,0,0,0,0,0,0,0,24,0,0,0,12,0,0,0,0,5,0,0,0,0,0,0,0,0,0,0
2021-05-25,0,0,0,0,0,0,0,0,0,0,2,0,0,0,29,0,0,0,0,0,0,0,0,7,0,0,0,0,0,0,0,0,0,0
2021-05-26,0,0,0,0,0,0,0,0,0,0,10,0,0,0,17,0,0,0,0,0,0,0,0,0,0,0,0,0,0,0,0,0,0,0
2021-05-27,0,0,0,0,0,0,0,0,0,0,0,0,0,0,4,0,0,0,0,0,0,0,0,0,0,0,0,0,0,0,0,0,0,0
2021-05-28,0,0,0,0,0,0,0,0,0,0,29,0,0,0,0,0,0,0,0,0,0,0,0,0,0,0,0,1,0,0,0,0,0,0
2021-05-29,0,0,0,0,0,0,0,0,0,0,228,0,0,0,0,0,0,0,0,0,0,0,0,0,0,0,0,13,0,0,0,0,0,0
2021-05-30,0,0,0,0,0,0,0,0,0,0,337,0,0,0,0,0,0,0,0,0,0,0,0,0,0,0,0,24,0,0,0,0,0,0
2021-05-31,0,0,0,0,0,0,0,0,0,0,145,0,0,0,0,0,0,0,0,0,0,0,0,0,0,0,0,3,0,0,0,0,0,0
2021-06-01,0,0,0,0,0,0,0,0,0,0,0,0,0,0,0,0,0,0,0,0,0,0,0,0,0,0,0,0,0,0,0,0,0,0
2021-06-02,0,0,0,0,0,0,0,0,0,0,0,0,0,0,0,0,0,0,0,0,0,0,0,0,0,0,0,0,0,0,0,0,0,0
2021-06-03,0,0,0,0,0,0,0,0,0,0,16,0,0,0,0,0,0,0,0,0,0,0,0,0,0,0,0,0,0,0,0,0,0,0
2021-06-04,0,0,0,0,0,0,0,0,0,0,9,0,0,0,0,0,0,0,28,0,0,0,0,0,0,0,0,0,0,0,0,0,0,0
2021-06-05,0,0,0,0,0,0,0,0,0,0,2,0,0,0,0,0,0,0,27,0,0,0,0,0,0,0,0,0,0,0,0,0,0,0
2021-06-06,0,0,0,0,0,0,0,0,0,0,61,0,0,0,7,0,0,0,9,0,0,0,0,0,0,0,0,6,0,0,0,0,0,0
2021-06-07,0,0,0,0,0,0,0,0,0,0,411,0,0,0,12,0,0,0,0,0,0,0,0,0,0,0,0,33,0,0,0,0,0,0
2021-06-08,0,0,0,0,0,0,0,0,0,0,635,0,7,0,2,0,4,0,0,0,0,0,0,0,0,0,0,53,0,0,0,0,0,0
2021-06-09,0,0,0,0,0,0,0,0,0,0,754,0,18,0,0,2,12,0,16,0,0,0,0,0,0,0,0,73,0,0,0,0,2,0
2021-06-10,0,0,0,0,0,0,0,0,0,0,750,0,40,0,1,1,0,0,21,0,0,0,0,0,0,0,0,59,0,0,0,0,0,0
2021-06-11,0,0,0,0,0,0,0,0,0,0,509,0,63,0,0,0,0,0,23,0,0,0,0,0,0,0,0,17,0,0,0,0,0,0
2021-06-12,0,0,0,0,0,0,0,0,0,0,383,0,118,0,0,0,6,0,82,0,0,0,0,0,0,0,0,21,0,0,0,0,0,0
2021-06-13,0,0,0,0,0,0,0,0,0,0,550,0,378,0,0,1,0,0,238,0,0,0,0,0,0,0,0,13,0,0,0,0,0,0
2021-06-14,0,0,0,0,0,0,0,0,0,0,767,0,373,0,0,0,0,0,151,0,0,0,0,0,0,0,0,24,0,0,0,0,0,0
2021-06-15,0,0,0,0,0,0,0,0,0,0,759,0,445,0,0,0,0,0,111,0,0,0,0,0,0,0,0,43,0,0,0,0,0,0
2021-06-16,0,0,0,10,1,0,0,38,0,0,376,0,831,0,7,0,23,0,142,0,0,0,0,0,3,0,0,0,3,0,0,0,1,0
2021-06-17,0,19,0,58,0,5,23,1023,2,0,18,0,378,0,11,19,98,0,219,0,2,0,0,0,81,0,166,0,1,17,0,0,17,0
2021-06-18,0,52,7,33,0,7,69,1160,6,0,13,0,277,0,33,64,237,0,276,0,1,0,0,0,29,0,466,0,30,52,78,4,45,0
2021-06-19,1,77,34,0,0,7,136,985,0,26,24,0,167,0,62,123,290,0,435,61,0,55,0,0,0,0,939,0,19,91,61,14,58,0
2021-06-20,8,110,62,0,0,0,184,399,0,126,20,146,35,0,77,183,284,0,634,229,0,210,2,2,0,0,1117,0,15,90,17,31,59,0
2021-06-21,38,87,115,0,3,0,102,121,0,243,37,454,17,0,121,253,471,0,873,291,0,329,7,20,0,0,1035,0,74,177,0,48,83,0
2021-06-22,81,40,161,0,79,0,5,0,0,166,14,548,5,0,308,275,571,0,886,273,0,258,14,61,0,0,456,0,262,337,0,40,101,20
2021-06-23,97,28,199,0,214,0,0,0,0,83,5,73,3,0,516,288,607,0,819,150,0,185,25,105,0,0,184,0,532,430,0,41,119,36
2021-06-24,140,56,222,0,394,0,7,0,0,0,203,0,3,0,644,359,788,0,900,15,0,17,27,125,0,0,272,50,833,470,0,66,203,36
2021-06-25,142,0,98,0,476,0,0,0,0,0,486,0,4,0,677,205,442,0,654,0,0,0,22,109,0,0,0,127,795,311,0,14,40,26
2021-06-26,98,0,23,0,183,0,0,0,0,0,554,0,3,0,640,59,89,0,524,0,0,0,14,74,0,0,0,25,294,66,0,1,3,10
2021-06-27,48,1,30,0,119,0,0,0,0,0,329,0,25,0,498,100,92,0,670,0,0,0,9,31,0,0,0,0,148,88,0,4,6,1
2021-06-28,58,43,81,0,124,0,3,67,0,0,149,0,22,0,495,198,350,0,962,0,0,0,12,58,0,0,3,0,199,194,0,32,45,8
2021-06-29,91,59,146,0,221,0,16,16,0,0,132,0,11,0,515,272,587,0,953,0,0,0,17,77,0,0,124,0,468,371,0,45,101,24
2021-06-30,104,0,153,0,382,0,0,0,0,0,413,0,5,0,585,232,408,0,693,0,0,0,16,99,0,0,3,0,751,470,0,13,28,38
2021-07-01,59,0,8,0,194,0,0,0,0,3,714,0,16,0,692,21,14,0,432,2,0,9,7,83,0,0,0,11,188,59,0,0,0,12
2021-07-02,22,0,4,0,29,0,0,0,0,0,1004,0,67,0,446,14,0,0,389,0,0,0,3,12,0,0,0,25,7,0,0,0,0,0
2021-07-03,8,0,4,0,2,0,0,0,0,0,954,3,35,0,230,19,0,0,440,0,0,0,3,0,0,0,0,2,0,0,20,0,0,0
2021-07-04,18,0,2,0,15,0,0,0,0,0,936,141,3,0,225,12,0,0,398,0,0,0,3,0,0,1,0,2,10,16,147,0,0,0
2021-07-05,21,0,3,0,35,0,0,0,0,0,1146,380,44,0,261,10,62,0,426,0,0,0,4,11,0,19,0,2,48,59,77,0,1,0
2021-07-06,45,44,27,0,102,0,11,3,0,15,597,129,28,0,423,93,273,0,649,0,0,0,9,33,0,7,53,0,200,150,8,4,42,3
2021-07-07,72,41,140,0,195,0,13,0,0,81,197,111,37,0,529,261,545,0,967,105,0,84,17,60,0,18,461,0,397,291,0,43,115,16
2021-07-08,118,75,228,0,132,0,26,0,0,47,297,19,18,0,571,339,768,0,985,144,0,103,37,97,0,0,324,10,456,409,0,57,226,35
2021-07-09,118,6,167,0,129,0,0,0,0,64,820,0,8,0,494,256,482,0,630,231,0,231,28,85,0,0,285,137,522,348,0,27,73,29
2021-07-10,47,0,29,0,75,0,0,0,0,238,1718,201,14,0,386,99,164,0,455,117,0,206,11,23,0,0,0,336,284,122,0,2,11,3
2021-07-11,28,0,33,0,86,0,0,0,0,16,2195,393,36,0,367,97,143,0,494,14,0,25,7,14,0,0,2,213,238,182,0,1,2,0
2021-07-12,35,0,33,0,133,0,0,0,0,13,883,20,38,0,421,92,193,0,723,198,0,113,8,36,0,0,160,0,351,203,0,2,6,6
2021-07-13,70,58,147,0,261,0,35,29,0,62,112,144,4,0,551,260,543,0,633,173,0,177,15,76,0,0,216,0,566,394,1,28,97,29
2021-07-14,100,0,117,0,300,0,1,1,1,54,361,374,0,0,654,133,562,0,272,69,0,67,19,116,0,0,817,89,801,533,101,2,98,48
2021-07-15,59,0,38,0,333,0,0,0,0,167,626,494,1,0,670,54,185,0,139,240,0,202,11,116,0,0,227,257,706,309,183,0,7,42
2021-07-16,23,8,5,0,285,0,1,12,2,71,1166,22,7,0,564,13,160,0,96,339,0,208,4,73,0,0,182,379,461,31,16,0,37,6
2021-07-17,10,0,0,0,288,0,2,1,0,5,1669,0,35,0,412,1,129,0,106,64,0,24,2,30,0,0,249,320,630,15,0,0,26,0
2021-07-18,4,0,1,0,330,0,0,0,0,0,1631,0,199,2,244,15,180,0,305,0,0,0,2,3,0,0,48,124,740,33,0,0,22,0
2021-07-19,5,2,1,0,264,0,0,0,0,0,1447,0,504,19,221,16,13,0,438,0,0,0,2,3,0,0,0,37,434,0,0,4,11,0
2021-07-20,13,0,6,0,190,0,0,0,0,0,1267,0,531,8,311,24,0,0,537,0,0,0,4,11,0,0,0,14,203,0,0,0,0,0
2021-07-21,32,0,6,0,110,0,0,0,0,0,1744,0,439,0,445,22,0,2,634,0,0,0,7,5,0,0,0,50,27,0,0,1,0,0
2021-07-22,24,0,4,0,12,0,0,0,0,0,2242,0,566,2,311,15,0,2,616,0,0,0,5,1,0,0,0,69,11,0,0,0,0,0
2021-07-23,18,0,4,0,18,0,0,0,0,0,1696,0,379,0,238,20,2,0,647,0,0,0,5,5,0,0,0,11,15,3,0,0,0,0
2021-07-24,15,5,11,0,13,0,1,6,0,0,1054,0,124,0,185,51,73,0,831,0,0,0,6,5,0,0,0,3,37,26,0,2,10,0
2021-07-25,34,9,70,0,37,0,0,24,0,0,624,0,119,0,244,167,279,0,959,0,0,0,12,24,0,0,26,0,129,139,0,21,19,1
2021-07-26,73,17,96,0,113,0,2,5,0,0,392,0,94,0,377,194,466,0,952,68,0,33,16,59,0,0,30,26,362,250,1,12,68,19
2021-07-27,110,19,148,0,373,0,9,0,0,19,818,68,74,0,612,214,506,0,892,0,0,0,27,108,0,0,31,52,753,382,0,8,76,39
2021-07-28,129,31,196,0,540,0,4,0,0,0,1202,3,54,0,743,263,608,0,1030,7,0,0,38,102,0,0,221,76,899,435,0,25,96,37
2021-07-29,161,3,141,0,628,0,0,0,0,0,1471,0,86,0,868,174,255,0,1093,0,0,0,38,135,0,0,0,63,773,345,0,9,18,44
2021-07-30,133,16,132,0,610,0,5,0,0,0,1263,0,67,0,886,211,346,0,1109,0,0,0,26,133,0,0,0,5,626,326,0,27,55,38
2021-07-31,106,4,107,0,527,0,1,0,0,0,303,0,48,0,867,195,198,0,1167,0,0,0,25,118,0,0,0,0,654,312,0,8,10,29
2021-08-01,154,0,169,0,609,0,0,0,0,0,57,0,13,0,878,178,166,0,1087,0,0,0,35,147,0,0,0,0,843,404,0,0,0,43
2021-08-02,141,0,31,0,791,0,0,0,0,0,178,0,5,0,967,37,0,0,558,0,0,0,20,151,0,0,0,0,700,117,0,0,0,41
2021-08-03,106,0,9,0,481,0,0,0,0,0,582,0,5,0,1057,27,0,0,510,0,0,0,9,104,0,0,0,35,269,43,0,0,0,12
2021-08-04,124,0,33,0,435,0,0,0,0,0,902,0,6,0,921,65,35,0,762,0,0,0,15,123,0,0,0,40,297,131,0,0,0,25
2021-08-05,99,0,9,0,607,0,0,0,0,0,1167,0,3,0,935,15,0,0,510,0,0,0,9,129,0,0,0,52,450,80,0,0,0,20
2021-08-06,33,0,2,0,112,0,0,0,0,0,1149,0,25,0,641,11,0,0,414,0,0,0,5,41,0,0,0,9,103,0,0,0,0,0
2021-08-07,30,0,9,0,75,0,0,0,0,0,619,0,19,0,451,51,23,0,664,0,0,0,7,23,0,0,0,0,64,28,0,1,1,0
2021-08-08,65,0,117,0,154,0,0,0,0,0,314,0,26,0,431,192,249,0,993,0,0,0,15,58,0,0,0,0,282,267,0,5,4,15
2021-08-09,120,0,101,0,372,0,0,0,0,0,767,0,26,0,613,121,125,0,1040,0,0,0,28,108,0,0,0,12,513,308,0,1,0,36
2021-08-10,145,1,102,0,430,0,0,0,0,0,1371,0,129,0,796,151,166,0,1292,0,0,0,28,131,0,0,0,101,428,267,0,5,5,36
2021-08-11,87,1,74,0,315,0,0,0,0,0,2187,0,339,0,660,179,206,0,1449,0,0,0,17,65,0,0,0,171,372,210,0,10,3,13
2021-08-12,92,1,65,0,289,0,0,0,0,0,2625,0,542,0,525,168,96,0,1415,0,0,0,20,51,0,0,0,185,257,114,0,15,1,7
2021-08-13,86,12,67,0,116,2,1,44,0,0,3109,0,492,0,518,209,190,0,1434,0,0,0,19,48,0,0,1,324,130,117,0,27,17,4
2021-08-14,77,59,103,0,77,5,28,32,0,0,3652,0,1033,0,335,260,380,0,1441,0,0,0,19,42,0,0,15,369,175,195,0,52,47,5
2021-08-15,66,37,161,0,113,1,26,4,0,0,3202,0,516,0,329,274,518,0,1410,0,0,0,21,45,0,0,28,287,386,294,0,35,80,11
2021-08-16,68,2,170,0,211,0,0,0,0,0,1852,0,95,0,369,262,440,0,1240,0,0,0,20,59,0,0,6,155,675,391,0,22,35,26
2021-08-17,80,0,12,0,245,0,0,0,0,0,1017,0,35,0,416,30,0,0,774,0,0,0,12,70,0,0,0,152,431,51,0,0,0,17
2021-08-18,45,0,3,0,108,0,0,0,0,0,859,0,14,0,421,12,0,0,419,0,0,0,7,13,0,0,0,90,55,0,0,0,0,0
2021-08-19,32,0,1,0,18,0,0,0,0,0,714,0,14,0,319,9,0,0,362,0,0,0,5,2,0,0,0,20,0,0,0,0,0,0
2021-08-20,27,0,3,0,17,0,0,0,0,0,922,0,24,0,272,14,0,0,398,0,0,0,5,5,0,0,0,12,9,0,0,0,0,0
2021-08-21,18,0,6,0,32,0,0,0,0,0,1202,0,48,0,226,25,0,0,494,0,0,0,6,0,0,0,0,35,43,1,0,0,0,0
2021-08-22,30,0,8,0,52,0,0,0,0,0,1466,0,97,0,265,46,32,0,619,0,0,0,7,7,0,0,0,138,86,28,0,1,0,0
2021-08-23,31,0,8,0,71,0,0,0,0,0,1401,0,41,0,267,19,13,0,463,0,0,0,7,15,0,0,0,237,157,64,0,0,0,1
2021-08-24,34,0,5,0,57,0,0,0,0,0,765,0,5,0,253,11,0,0,330,0,0,0,7,19,0,0,0,126,103,0,0,0,0,0
2021-08-25,24,0,0,0,38,0,0,0,0,0,429,0,5,0,274,0,0,0,277,0,0,0,2,8,0,0,0,47,24,0,0,0,0,0
2021-08-26,3,0,0,0,12,0,0,0,0,0,852,0,31,0,287,0,0,0,214,0,0,0,0,0,0,0,0,65,0,0,0,0,0,0
2021-08-27,5,0,0,0,37,0,0,0,0,0,1138,0,14,0,330,0,0,0,195,0,0,0,0,12,0,0,0,22,5,0,0,0,0,0
2021-08-28,11,0,0,0,37,0,0,0,0,0,624,0,1,0,273,0,0,0,136,0,0,0,0,7,0,0,0,0,5,0,0,0,0,0
2021-08-29,0,0,0,0,50,0,0,0,0,0,345,0,0,0,280,0,0,0,61,0,0,0,0,3,0,0,0,0,25,0,0,0,0,0
2021-08-30,0,0,0,0,2,0,0,0,0,0,251,0,0,0,219,0,0,0,34,0,0,0,0,0,0,0,0,0,3,0,0,0,0,0
2021-08-31,0,0,0,0,4,0,0,0,0,0,459,0,0,0,161,0,0,0,74,0,0,0,0,0,0,0,0,30,0,0,0,0,0,0
2021-09-01,1,0,0,0,0,0,0,0,0,0,99,0,0,0,148,0,0,0,99,0,0,0,0,0,0,0,0,0,0,0,0,0,0,0
2021-09-02,0,0,0,0,0,0,0,0,0,0,65,0,5,0,84,0,0,0,127,0,0,0,0,0,0,0,0,0,0,0,0,0,0,0
2021-09-03,0,0,0,0,0,0,0,0,0,0,191,0,0,0,48,0,0,0,119,0,0,0,0,0,0,0,0,9,0,0,0,0,0,0
2021-09-04,0,0,0,0,0,0,0,0,0,0,398,0,1,0,31,0,0,0,82,0,0,0,0,0,0,0,0,36,0,0,0,0,0,0
2021-09-05,0,0,0,0,0,0,0,0,0,0,819,0,39,0,30,0,0,0,77,0,0,0,0,0,0,0,0,146,0,0,0,0,0,0
2021-09-06,1,0,0,0,0,0,0,0,0,0,1254,0,285,0,21,1,0,0,64,0,0,0,0,0,0,0,0,173,0,0,0,0,0,0
2021-09-07,1,0,0,0,0,0,0,0,0,0,963,0,489,0,9,0,0,0,43,0,0,0,0,0,0,0,0,20,0,0,0,0,0,0
2021-09-08,0,0,0,0,0,0,0,0,0,0,238,0,69,0,1,0,0,0,15,0,0,0,0,0,0,0,0,0,0,0,0,0,0,0
2021-09-09,0,0,0,0,0,0,0,0,0,0,141,0,9,0,0,0,0,0,34,0,0,0,0,0,0,0,0,0,0,0,0,0,0,0
2021-09-10,0,0,0,0,0,0,0,0,0,0,175,0,0,0,0,0,0,0,24,0,0,0,0,0,0,0,0,0,0,0,0,0,0,0
2021-09-11,0,0,0,0,0,0,0,0,0,0,220,0,0,0,3,0,0,0,28,0,0,0,0,0,0,0,0,21,0,0,0,0,0,0
2021-09-12,0,0,0,0,0,0,0,0,0,0,479,0,2,0,6,0,0,0,34,0,0,0,0,0,0,0,0,27,0,0,0,0,0,0
2021-09-13,0,0,0,0,0,0,0,0,0,0,211,0,35,0,23,0,0,0,66,0,0,0,0,0,0,0,0,7,0,0,0,0,0,0
2021-09-14,0,0,0,0,0,0,0,0,0,0,107,0,36,0,43,0,0,0,76,0,0,0,0,0,0,0,0,0,0,0,0,0,0,0
2021-09-15,0,0,0,0,0,0,0,0,0,0,76,0,9,0,34,2,2,0,154,0,0,0,0,0,0,0,0,0,1,0,0,0,1,0
2021-09-16,4,0,2,0,5,0,0,0,0,0,20,0,3,0,52,18,13,0,235,0,0,0,0,1,0,0,0,0,15,31,0,0,1,0
2021-09-17,7,0,0,0,31,0,0,0,0,0,36,0,1,0,114,0,0,0,226,0,0,0,0,12,0,0,0,0,40,2,0,0,0,0
2021-09-18,4,0,0,0,0,0,0,0,0,0,42,0,0,0,204,0,0,0,188,0,0,0,0,0,0,0,0,0,0,0,0,0,0,0
2021-09-19,4,0,0,0,0,0,0,0,0,0,17,0,0,0,176,0,0,0,166,0,0,0,0,0,0,0,0,0,0,0,0,0,0,0
2021-09-20,3,0,0,0,0,0,0,0,0,0,16,0,0,0,204,0,0,0,94,0,0,0,0,0,0,0,0,0,0,0,0,0,0,0
2021-09-21,0,0,0,0,0,0,0,0,0,0,3,0,0,0,96,0,0,0,51,0,0,0,0,0,0,0,0,3,0,0,0,0,0,0
2021-09-22,0,0,0,0,0,0,0,0,0,0,2,0,0,0,15,0,0,0,32,0,0,0,0,0,0,0,0,0,0,0,0,0,0,0
2021-09-23,0,0,0,0,0,0,0,0,0,0,10,0,0,0,0,0,0,0,13,0,0,0,0,0,0,0,0,0,0,0,0,0,0,0
2021-09-24,0,0,0,0,0,0,0,0,0,0,23,0,0,0,0,0,0,0,33,0,0,0,0,0,0,0,0,0,0,0,0,0,0,0
2021-09-25,0,0,0,0,0,0,0,0,0,0,23,0,1,0,0,0,0,0,86,0,0,0,0,0,0,0,0,0,0,0,0,0,0,0
2021-09-26,0,0,0,0,0,0,0,0,0,0,13,0,2,0,3,0,0,0,106,0,0,0,0,0,0,0,0,0,0,0,0,0,0,0
2021-09-27,0,0,0,0,0,0,0,0,0,0,8,0,0,0,11,0,0,0,82,0,0,0,0,0,0,0,0,0,0,0,0,0,0,0
2021-09-28,0,0,0,0,0,0,0,0,0,0,4,0,0,0,10,0,0,0,42,0,0,0,0,0,0,0,0,0,0,0,0,0,0,0
2021-09-29,0,0,0,0,0,0,0,0,0,0,9,0,0,0,1,0,0,0,16,0,0,0,0,0,0,0,0,0,0,0,0,0,0,0
2021-09-30,0,0,0,0,0,0,0,0,0,0,21,0,0,0,0,0,0,0,6,0,0,0,0,0,0,0,0,0,0,0,0,0,0,0
2021-10-01,0,0,0,0,0,0,0,0,0,0,1,0,0,0,0,0,0,0,0,0,0,0,0,0,0,0,0,0,0,0,0,0,0,0
2021-10-02,0,0,0,0,0,0,0,0,0,0,0,0,0,0,0,0,0,0,0,0,0,0,0,0,0,0,0,0,0,0,0,0,0,0
2021-10-03,0,0,0,0,0,0,0,0,0,0,4,0,0,0,0,0,0,0,0,0,0,0,0,0,0,0,0,0,0,0,0,0,0,0
2021-10-04,0,0,0,0,0,0,0,0,0,0,0,0,0,0,0,0,0,0,14,0,0,0,0,0,0,0,0,0,0,0,0,0,0,0
2021-10-05,0,0,0,0,0,0,0,0,0,0,0,0,0,0,0,0,0,0,0,0,0,0,0,0,0,0,0,0,0,0,0,0,0,0
2021-10-06,0,0,0,0,0,0,0,0,0,0,2,0,0,0,0,0,0,0,0,0,0,0,0,0,0,0,0,0,0,0,0,0,0,0
2021-10-07,0,0,0,0,0,0,0,0,0,0,1,0,0,0,0,0,0,0,0,0,0,0,0,0,0,0,0,3,0,0,0,0,0,0
2021-10-08,0,0,0,0,0,0,0,0,0,0,0,0,0,0,0,0,0,0,0,0,0,0,0,0,0,0,0,0,0,0,0,0,0,0
2021-10-09,0,0,0,0,0,0,0,0,0,0,0,0,0,0,0,0,0,0,0,0,0,0,0,0,0,0,0,0,0,0,0,0,0,0
2021-10-10,0,0,0,0,0,0,0,0,0,0,0,0,0,0,0,0,0,0,0,0,0,0,0,0,0,0,0,0,0,0,0,0,0,0
2021-10-11,0,0,0,0,0,0,0,0,0,0,0,0,0,0,0,0,0,0,0,0,0,0,0,0,0,0,0,3,0,0,0,0,0,0
2021-10-12,0,0,0,0,0,0,0,0,0,0,0,0,0,0,0,0,0,0,0,0,0,0,0,0,0,0,0,0,0,0,0,0,0,0
2021-10-13,0,0,0,0,0,0,0,0,0,0,0,0,0,0,0,0,0,0,0,0,0,0,0,0,0,0,0,0,0,0,0,0,0,0
2021-10-14,0,0,0,0,0,0,0,0,0,0,0,0,0,0,0,0,0,0,0,0,0,0,0,0,0,0,0,0,0,0,0,0,0,0
2021-10-15,0,0,0,0,0,0,0,0,0,0,0,0,0,0,0,0,0,0,0,0,0,0,0,0,0,0,0,0,0,0,0,0,0,0
2021-10-16,0,0,0,0,0,0,0,0,0,0,0,0,0,0,0,0,0,0,0,0,0,0,0,0,0,0,0,0,0,0,0,0,0,0
2021-10-17,0,0,0,0,0,0,0,0,0,0,0,0,0,0,0,0,0,0,0,0,0,0,0,0,0,0,0,0,0,0,0,0,0,0
2021-10-18,0,0,0,0,0,0,0,0,0,0,5,0,0,0,0,0,0,0,0,0,0,0,0,0,0,0,0,0,0,0,0,0,0,0
2021-10-19,0,0,0,0,0,0,0,0,0,0,3,0,0,0,0,0,0,0,0,0,0,0,0,0,0,0,0,0,0,0,0,0,0,0
2021-10-20,0,0,0,0,0,0,0,0,0,0,0,0,0,0,0,0,0,0,0,0,0,0,0,0,0,0,0,0,0,0,0,0,0,0
2021-10-21,0,0,0,0,0,0,0,0,0,0,0,0,0,0,0,0,0,0,0,0,0,0,0,0,0,0,0,0,0,0,0,0,0,0
2021-10-22,0,0,0,0,0,0,0,0,0,0,0,0,0,0,0,0,0,0,0,0,0,0,0,0,0,0,0,0,0,0,0,0,0,0
2021-10-23,0,0,0,0,0,0,0,0,0,0,0,0,0,0,0,0,0,0,0,0,0,0,0,0,0,0,0,0,0,0,0,0,0,0
2021-10-24,0,0,0,0,0,0,0,0,0,0,0,0,0,0,0,0,0,0,0,0,0,0,0,0,0,0,0,0,0,0,0,0,0,0
2021-10-25,0,0,0,0,0,0,0,0,0,0,0,0,0,0,0,0,0,0,0,0,0,0,0,0,0,0,0,0,0,0,0,0,0,0
2021-10-26,0,0,0,0,0,0,0,0,0,0,0,0,0,0,0,0,0,0,0,0,0,0,0,0,0,0,0,0,0,0,0,0,0,0
2021-10-27,0,0,0,0,0,0,0,0,0,0,0,0,0,0,0,0,0,0,0,0,0,0,0,0,0,0,0,0,0,0,0,0,0,0
2021-10-28,0,0,0,0,0,0,0,0,0,0,0,0,0,0,0,0,0,0,0,0,0,0,0,0,0,0,0,0,0,0,0,0,0,0
2021-10-29,0,0,0,0,0,0,0,0,0,0,0,0,0,0,0,0,0,0,0,0,0,0,0,0,0,0,0,0,0,0,0,0,0,0
2021-10-30,0,0,0,0,0,0,0,0,0,0,0,0,0,0,0,0,0,0,0,0,0,0,0,0,0,0,0,0,0,0,0,0,0,0
2021-10-31,0,0,0,0,0,0,0,0,0,0,0,0,0,0,0,0,0,0,0,0,0,0,0,0,0,0,0,0,0,0,0,0,0,0
2021-11-01,0,0,0,0,0,0,0,0,0,0,0,0,0,0,0,0,0,0,0,0,0,0,0,0,0,0,0,0,0,0,0,0,0,0
2021-11-02,0,0,0,0,0,0,0,0,0,0,0,0,0,0,0,0,0,0,0,0,0,0,0,0,0,0,0,0,0,0,0,0,0,0
2021-11-03,0,0,0,0,0,0,0,0,0,0,0,0,0,0,0,0,0,0,0,0,0,0,0,0,0,0,0,0,0,0,0,0,0,0
2021-11-04,0,0,0,0,0,0,0,0,0,0,0,0,0,0,0,0,0,0,0,0,0,0,0,0,0,0,0,0,0,0,0,0,0,0
2021-11-05,0,0,0,0,0,0,0,0,0,0,0,0,0,0,0,0,0,0,0,0,0,0,0,0,0,0,0,0,0,0,0,0,0,0
2021-11-06,0,0,0,0,0,0,0,0,0,0,0,0,0,0,0,0,0,0,0,0,0,0,0,0,0,0,0,0,0,0,0,0,0,0
2021-11-07,0,0,0,0,0,0,0,0,0,0,0,0,0,0,0,0,0,0,0,0,0,0,0,0,0,0,0,0,0,0,0,0,0,0
2021-11-08,0,0,0,0,0,0,0,0,0,0,0,0,0,0,0,0,0,0,0,0,0,0,0,0,0,0,0,0,0,0,0,0,0,0
2021-11-09,0,0,0,0,0,0,0,0,0,0,0,0,0,0,0,0,0,0,0,0,0,0,0,0,0,0,0,0,0,0,0,0,0,0
2021-11-10,0,0,0,0,0,0,0,0,0,0,0,0,0,0,0,0,0,0,0,0,0,0,0,0,0,0,0,0,0,0,0,0,0,0
2021-11-11,0,0,0,0,0,0,0,0,0,0,0,0,0,0,0,0,0,0,0,0,0,0,0,0,0,0,0,0,0,0,0,0,0,0
2021-11-12,0,0,0,0,0,0,0,0,0,0,0,0,0,0,0,0,0,0,0,0,0,0,0,0,0,0,0,0,0,0,0,0,0,0
2021-11-13,0,0,0,0,0,0,0,0,0,0,0,0,0,0,0,0,0,0,0,0,0,0,0,0,0,0,0,0,0,0,0,0,0,0
2021-11-14,0,0,0,0,0,0,0,0,0,0,0,0,0,0,0,0,0,0,0,0,0,0,0,0,0,0,0,0,0,0,0,0,0,0
2021-11-15,0,0,0,0,0,0,0,0,0,0,0,0,0,0,0,0,0,0,0,0,0,0,0,0,0,0,0,0,0,0,0,0,0,0
2021-11-16,0,0,0,0,0,0,0,0,0,0,0,0,0,0,0,0,0,0,0,0,0,0,0,0,0,0,0,0,0,0,0,0,0,0
2021-11-17,0,0,0,0,0,0,0,0,0,0,0,0,0,0,0,0,0,0,0,0,0,0,0,0,0,0,0,0,0,0,0,0,0,0
2021-11-18,0,0,0,0,0,0,0,0,0,0,0,0,0,0,0,0,0,0,0,0,0,0,0,0,0,0,0,0,0,0,0,0,0,0
2021-11-19,0,0,0,0,0,0,0,0,0,0,0,0,0,0,0,0,0,0,0,0,0,0,0,0,0,0,0,0,0,0,0,0,0,0
2021-11-20,0,0,0,0,0,0,0,0,0,0,0,0,0,0,0,0,0,0,0,0,0,0,0,0,0,0,0,0,0,0,0,0,0,0
2021-11-21,0,0,0,0,0,0,0,0,0,0,0,0,0,0,0,0,0,0,0,0,0,0,0,0,0,0,0,0,0,0,0,0,0,0
2021-11-22,0,0,0,0,0,0,0,0,0,0,0,0,0,0,0,0,0,0,0,0,0,0,0,0,0,0,0,0,0,0,0,0,0,0
2021-11-23,0,0,0,0,0,0,0,0,0,0,0,0,0,0,0,0,0,0,0,0,0,0,0,0,0,0,0,0,0,0,0,0,0,0
2021-11-24,0,0,0,0,0,0,0,0,0,0,0,0,0,0,0,0,0,0,0,0,0,0,0,0,0,0,0,0,0,0,0,0,0,0
2021-11-25,0,0,0,0,0,0,0,0,0,0,0,0,0,0,0,0,0,0,0,0,0,0,0,0,0,0,0,0,0,0,0,0,0,0
2021-11-26,0,0,0,0,0,0,0,0,0,0,0,0,0,0,0,0,0,0,0,0,0,0,0,0,0,0,0,0,0,0,0,0,0,0
2021-11-27,0,0,0,0,0,0,0,0,0,0,0,0,0,0,0,0,0,0,0,0,0,0,0,0,0,0,0,0,0,0,0,0,0,0
2021-11-28,0,0,0,0,0,0,0,0,0,0,0,0,0,0,0,0,0,0,0,0,0,0,0,0,0,0,0,0,0,0,0,0,0,0
2021-11-29,0,0,0,0,0,0,0,0,0,0,0,0,0,0,0,0,0,0,0,0,0,0,0,0,0,0,0,0,0,0,0,0,0,0
2021-11-30,0,0,0,0,0,0,0,0,0,0,0,0,0,0,0,0,0,0,0,0,0,0,0,0,0,0,0,0,0,0,0,0,0,0
2021-12-01,0,0,0,0,0,0,0,0,0,0,0,0,0,0,0,0,0,0,0,0,0,0,0,0,0,0,0,0,0,0,0,0,0,0
2021-12-02,0,0,0,0,0,0,0,0,0,0,0,0,0,0,0,0,0,0,0,0,0,0,0,0,0,0,0,0,0,0,0,0,0,0
2021-12-03,0,0,0,0,0,0,0,0,0,0,0,0,0,0,0,0,0,0,0,0,0,0,0,0,0,0,0,0,0,0,0,0,0,0
2021-12-04,0,0,0,0,0,0,0,0,0,0,0,0,0,0,0,0,0,0,0,0,0,0,0,0,0,0,0,0,0,0,0,0,0,0
2021-12-05,0,0,0,0,0,0,0,0,0,0,0,0,0,0,0,0,0,0,0,0,0,0,0,0,0,0,0,0,0,0,0,0,0,0
2021-12-06,0,0,0,0,0,0,0,0,0,0,0,0,0,0,0,0,0,0,0,0,0,0,0,0,0,0,0,0,0,0,0,0,0,0
2021-12-07,0,0,0,0,0,0,0,0,0,0,0,0,0,0,0,0,0,0,0,0,0,0,0,0,0,0,0,0,0,0,0,0,0,0
2021-12-08,0,0,0,0,0,0,0,0,0,0,0,0,0,0,0,0,0,0,0,0,0,0,0,0,0,0,0,0,0,0,0,0,0,0
2021-12-09,0,0,0,0,0,0,0,0,0,0,0,0,0,0,0,0,0,0,0,0,0,0,0,0,0,0,0,0,0,0,0,0,0,0
2021-12-10,0,0,0,0,0,0,0,0,0,0,0,0,0,0,0,0,0,0,0,0,0,0,0,0,0,0,0,0,0,0,0,0,0,0
2021-12-11,0,0,0,0,0,0,0,0,0,0,0,0,0,0,0,0,0,0,0,0,0,0,0,0,0,0,0,0,0,0,0,0,0,0
2021-12-12,0,0,0,0,0,0,0,0,0,0,0,0,0,0,0,0,0,0,0,0,0,0,0,0,0,0,0,0,0,0,0,0,0,0
2021-12-13,0,0,0,0,0,0,0,0,0,0,0,0,0,0,0,0,0,0,0,0,0,0,0,0,0,0,0,0,0,0,0,0,0,0
2021-12-14,0,0,0,0,0,0,0,0,0,0,0,0,0,0,0,0,0,0,0,0,0,0,0,0,0,0,0,0,0,0,0,0,0,0
2021-12-15,0,0,0,0,0,0,0,0,0,0,0,0,0,0,0,0,0,0,0,0,0,0,0,0,0,0,0,0,0,0,0,0,0,0
2021-12-16,0,0,0,0,0,0,0,0,0,0,0,0,0,0,0,0,0,0,0,0,0,0,0,0,0,0,0,0,0,0,0,0,0,0
2021-12-17,0,0,0,0,0,0,0,0,0,0,0,0,0,0,0,0,0,0,0,0,0,0,0,0,0,0,0,0,0,0,0,0,0,0
2021-12-18,0,0,0,0,0,0,0,0,0,0,0,0,0,0,0,0,0,0,0,0,0,0,0,0,0,0,0,0,0,0,0,0,0,0
2021-12-19,0,0,0,0,0,0,0,0,0,0,0,0,0,0,0,0,0,0,0,0,0,0,0,0,0,0,0,0,0,0,0,0,0,0
2021-12-20,0,0,0,0,0,0,0,0,0,0,0,0,0,0,0,0,0,0,0,0,0,0,0,0,0,0,0,0,0,0,0,0,0,0
2021-12-21,0,0,0,0,0,0,0,0,0,0,0,0,0,0,0,0,0,0,0,0,0,0,0,0,0,0,0,0,0,0,0,0,0,0
2021-12-22,0,0,0,0,0,0,0,0,0,0,0,0,0,0,0,0,0,0,0,0,0,0,0,0,0,0,0,0,0,0,0,0,0,0
2021-12-23,0,0,0,0,0,0,0,0,0,0,0,0,0,0,0,0,0,0,0,0,0,0,0,0,0,0,0,0,0,0,0,0,0,0
2021-12-24,0,0,0,0,0,0,0,0,0,0,0,0,0,0,0,0,0,0,0,0,0,0,0,0,0,0,0,0,0,0,0,0,0,0
2021-12-25,0,0,0,0,0,0,0,0,0,0,0,0,0,0,0,0,0,0,0,0,0,0,0,0,0,0,0,0,0,0,0,0,0,0
2021-12-26,0,0,0,0,0,0,0,0,0,0,0,0,0,0,0,0,0,0,0,0,0,0,0,0,0,0,0,0,0,0,0,0,0,0
2021-12-27,0,0,0,0,0,0,0,0,0,0,0,0,0,0,0,0,0,0,0,0,0,0,0,0,0,0,0,0,0,0,0,0,0,0
2021-12-28,0,0,0,0,0,0,0,0,0,0,0,0,0,0,0,0,0,0,0,0,0,0,0,0,0,0,0,0,0,0,0,0,0,0
2021-12-29,0,0,0,0,0,0,0,0,0,0,0,0,0,0,0,0,0,0,0,0,0,0,0,0,0,0,0,0,0,0,0,0,0,0
2021-12-30,0,0,0,0,0,0,0,0,0,0,0,0,0,0,0,0,0,0,0,0,0,0,0,0,0,0,0,0,0,0,0,0,0,0
2021-12-31,0,0,0,0,0,0,0,0,0,0,0,0,0,0,0,0,0,0,0,0,0,0,0,0,0,0,0,0,0,0,0,0,0,0
